frame_number,timestamp,detected,raw_score,avg_score,latency_ms,resized
1,2026-09-23T22:51:28.509411,False,,,21.02,True
2,2026-09-23T22:51:28.569084,False,,,18.52,True
3,2026-09-23T22:51:28.611672,False,,,18.55,True
4,2026-09-23T22:51:28.642999,False,,,18.50,True
5,2026-09-23T22:51:28.673580,False,,,18.52,True
6,2026-09-23T22:51:28.706265,False,,,17.91,True
7,2026-09-23T22:51:28.736362,False,,,18.03,True
8,2026-09-23T22:51:28.767217,False,,,18.52,True
9,2026-09-23T22:51:28.795979,False,,,17.52,True
10,2026-09-23T22:51:28.830503,False,,,17.51,True
11,2026-09-23T22:51:28.861158,False,,,18.03,True
12,2026-09-23T22:51:28.895206,False,,,18.02,True
13,2026-09-23T22:51:28.923407,False,,,18.09,True
14,2026-09-23T22:51:28.959000,False,,,17.58,True
15,2026-09-23T22:51:28.986037,False,,,18.02,True
16,2026-09-23T22:51:29.039104,False,,,18.03,True
17,2026-09-23T22:51:29.079425,False,,,17.01,True
18,2026-09-23T22:51:29.111236,False,,,18.02,True
19,2026-09-23T22:51:29.143016,False,,,18.01,True
20,2026-09-23T22:51:29.173088,False,,,18.01,True
21,2026-09-23T22:51:29.205179,False,,,18.03,True
22,2026-09-23T22:51:29.236221,False,,,18.02,True
23,2026-09-23T22:51:29.267876,False,,,17.53,True
24,2026-09-23T22:51:29.298911,True,0.156,0.156,18.03,True
25,2026-09-23T22:51:29.329424,True,0.156,0.156,17.01,True
26,2026-09-23T22:51:29.363200,True,0.477,0.263,20.14,True
26,2026-09-23T22:51:29.363200,True,0.156,0.236,20.14,True
27,2026-09-23T22:51:29.391227,True,0.477,0.284,18.02,True
27,2026-09-23T22:51:29.391227,True,0.156,0.284,18.02,True
28,2026-09-23T22:51:29.438364,True,0.246,0.302,17.95,True
29,2026-09-23T22:51:29.468080,True,0.246,0.256,17.58,True
30,2026-09-23T22:51:29.503167,True,0.156,0.256,18.06,True
31,2026-09-23T22:51:29.544238,True,0.156,0.192,18.04,True
32,2026-09-23T22:51:29.577349,True,0.570,0.275,19.03,True
33,2026-09-23T22:51:29.607384,True,0.570,0.340,18.02,True
34,2026-09-23T22:51:29.637921,True,0.637,0.418,18.02,True
35,2026-09-23T22:51:29.667997,True,0.637,0.514,17.52,True
36,2026-09-23T22:51:29.701579,True,0.344,0.552,18.52,True
37,2026-09-23T22:51:29.731648,True,0.344,0.506,17.54,True
38,2026-09-23T22:51:29.775240,True,0.301,0.452,18.05,True
39,2026-09-23T22:51:29.809278,True,0.301,0.385,18.03,True
40,2026-09-23T22:51:29.841348,False,,,19.03,True
41,2026-09-23T22:51:29.871147,False,,,18.01,True
42,2026-09-23T22:51:29.903207,True,0.246,0.307,18.01,True
42,2026-09-23T22:51:29.903207,True,0.211,0.280,18.01,True
43,2026-09-23T22:51:29.935301,True,0.246,0.261,18.02,True
43,2026-09-23T22:51:29.935301,True,0.211,0.243,18.02,True
44,2026-09-23T22:51:29.967842,True,0.230,0.229,19.02,True
44,2026-09-23T22:51:29.967842,True,0.168,0.213,19.02,True
45,2026-09-23T22:51:29.997374,True,0.230,0.217,18.03,True
45,2026-09-23T22:51:29.997374,True,0.168,0.202,18.03,True
46,2026-09-23T22:51:30.030910,True,0.301,0.220,17.52,True
46,2026-09-23T22:51:30.030910,True,0.301,0.234,17.52,True
47,2026-09-23T22:51:30.060437,True,0.301,0.260,17.51,True
47,2026-09-23T22:51:30.060437,True,0.301,0.274,17.51,True
48,2026-09-23T22:51:30.095219,True,0.211,0.283,18.06,True
48,2026-09-23T22:51:30.095219,True,0.199,0.263,18.06,True
49,2026-09-23T22:51:30.136247,True,0.211,0.245,18.02,True
49,2026-09-23T22:51:30.136247,True,0.199,0.224,18.02,True
50,2026-09-23T22:51:30.175371,True,0.523,0.269,18.02,True
50,2026-09-23T22:51:30.175371,True,0.262,0.279,18.02,True
51,2026-09-23T22:51:30.215924,True,0.523,0.344,18.53,True
51,2026-09-23T22:51:30.215924,True,0.262,0.354,18.53,True
52,2026-09-23T22:51:30.247778,True,0.453,0.405,18.02,True
52,2026-09-23T22:51:30.247778,True,0.230,0.346,18.02,True
53,2026-09-23T22:51:30.279301,True,0.453,0.384,18.02,True
53,2026-09-23T22:51:30.279301,True,0.230,0.326,18.02,True
54,2026-09-23T22:51:30.310328,True,0.301,0.334,18.02,True
54,2026-09-23T22:51:30.310328,True,0.211,0.285,18.02,True
55,2026-09-23T22:51:30.341349,True,0.301,0.299,18.01,True
55,2026-09-23T22:51:30.341349,True,0.211,0.251,18.01,True
56,2026-09-23T22:51:30.370884,True,0.344,0.273,17.52,True
56,2026-09-23T22:51:30.370884,True,0.230,0.259,17.52,True
57,2026-09-23T22:51:30.403048,True,0.344,0.286,17.64,True
57,2026-09-23T22:51:30.403048,True,0.230,0.272,17.64,True
58,2026-09-23T22:51:30.433394,True,0.262,0.282,17.83,True
58,2026-09-23T22:51:30.433394,True,0.184,0.250,17.83,True
59,2026-09-23T22:51:30.464930,True,0.262,0.256,18.53,True
59,2026-09-23T22:51:30.464930,True,0.184,0.224,18.53,True
60,2026-09-23T22:51:30.510034,True,0.344,0.247,17.05,True
60,2026-09-23T22:51:30.511035,True,0.211,0.237,17.05,True
61,2026-09-23T22:51:30.541062,True,0.344,0.269,18.02,True
61,2026-09-23T22:51:30.541062,True,0.211,0.259,18.02,True
62,2026-09-23T22:51:30.573655,True,0.230,0.268,17.51,True
63,2026-09-23T22:51:30.601254,True,0.230,0.245,17.58,True
64,2026-09-23T22:51:30.639121,True,0.262,0.255,17.80,True
64,2026-09-23T22:51:30.639121,True,0.156,0.218,17.80,True
65,2026-09-23T22:51:30.679232,True,0.262,0.228,18.04,True
65,2026-09-23T22:51:30.679232,True,0.156,0.213,18.04,True
66,2026-09-23T22:51:30.710268,True,0.500,0.267,17.02,True
66,2026-09-23T22:51:30.711269,True,0.168,0.248,17.02,True
67,2026-09-23T22:51:30.742312,True,0.500,0.317,17.52,True
67,2026-09-23T22:51:30.742312,True,0.168,0.298,17.52,True
68,2026-09-23T22:51:30.774365,True,0.477,0.362,18.03,True
69,2026-09-23T22:51:30.806437,True,0.477,0.358,18.07,True
70,2026-09-23T22:51:30.839005,True,0.406,0.405,18.05,True
71,2026-09-23T22:51:30.867040,True,0.406,0.387,17.52,True
72,2026-09-23T22:51:30.911191,True,0.262,0.405,18.12,True
72,2026-09-23T22:51:30.911191,True,0.156,0.341,18.12,True
73,2026-09-23T22:51:30.945787,True,0.262,0.298,17.03,True
73,2026-09-23T22:51:30.945787,True,0.156,0.248,17.03,True
74,2026-09-23T22:51:30.976341,True,0.430,0.253,18.02,True
74,2026-09-23T22:51:30.976341,True,0.211,0.243,18.02,True
75,2026-09-23T22:51:31.005374,True,0.430,0.298,18.02,True
75,2026-09-23T22:51:31.005374,True,0.211,0.287,18.02,True
76,2026-09-23T22:51:31.038906,False,,,18.03,True
77,2026-09-23T22:51:31.069003,False,,,17.56,True
78,2026-09-23T22:51:31.103077,True,0.230,0.302,18.01,True
79,2026-09-23T22:51:31.132044,True,0.230,0.263,17.87,True
80,2026-09-23T22:51:31.166175,True,0.344,0.289,17.56,True
80,2026-09-23T22:51:31.166175,True,0.156,0.234,17.56,True
81,2026-09-23T22:51:31.196250,True,0.344,0.261,18.02,True
81,2026-09-23T22:51:31.196250,True,0.156,0.246,18.02,True
82,2026-09-23T22:51:31.245644,True,0.320,0.264,16.82,True
82,2026-09-23T22:51:31.245644,True,0.246,0.245,16.82,True
83,2026-09-23T22:51:31.289199,True,0.320,0.277,18.02,True
83,2026-09-23T22:51:31.289199,True,0.246,0.258,18.02,True
84,2026-09-23T22:51:31.322946,True,0.453,0.317,18.52,True
84,2026-09-23T22:51:31.322946,True,0.363,0.326,18.52,True
85,2026-09-23T22:51:31.350456,True,0.453,0.367,17.50,True
85,2026-09-23T22:51:31.350456,True,0.363,0.376,17.50,True
86,2026-09-23T22:51:31.381688,True,0.301,0.387,16.71,True
86,2026-09-23T22:51:31.381688,True,0.281,0.352,16.71,True
86,2026-09-23T22:51:31.381688,True,0.184,0.316,16.71,True
87,2026-09-23T22:51:31.412210,True,0.301,0.286,17.01,True
87,2026-09-23T22:51:31.412210,True,0.281,0.270,17.01,True
87,2026-09-23T22:51:31.412210,True,0.184,0.246,17.01,True
88,2026-09-23T22:51:31.444901,True,0.262,0.242,18.03,True
88,2026-09-23T22:51:31.444901,True,0.199,0.245,18.03,True
89,2026-09-23T22:51:31.475964,True,0.262,0.237,17.52,True
89,2026-09-23T22:51:31.475964,True,0.199,0.221,17.52,True
90,2026-09-23T22:51:31.508022,True,0.230,0.230,17.51,True
90,2026-09-23T22:51:31.508022,True,0.184,0.215,17.51,True
91,2026-09-23T22:51:31.543056,True,0.230,0.221,18.02,True
91,2026-09-23T22:51:31.543056,True,0.184,0.205,18.02,True
92,2026-09-23T22:51:31.571181,True,0.281,0.222,18.05,True
92,2026-09-23T22:51:31.571181,True,0.168,0.209,18.05,True
93,2026-09-23T22:51:31.604286,True,0.281,0.229,17.02,True
93,2026-09-23T22:51:31.604286,True,0.168,0.216,17.02,True
94,2026-09-23T22:51:31.647346,True,0.430,0.266,16.52,True
95,2026-09-23T22:51:31.683433,True,0.430,0.295,18.53,True
96,2026-09-23T22:51:31.711468,True,0.320,0.326,17.01,True
97,2026-09-23T22:51:31.743662,True,0.320,0.334,17.51,True
98,2026-09-23T22:51:31.775295,False,,,18.12,True
99,2026-09-23T22:51:31.804364,False,,,17.05,True
100,2026-09-23T22:51:31.841398,True,0.406,0.381,18.02,True
100,2026-09-23T22:51:31.841398,True,0.156,0.327,18.02,True
100,2026-09-23T22:51:31.841398,True,0.156,0.272,18.02,True
101,2026-09-23T22:51:31.880515,True,0.406,0.289,17.51,True
101,2026-09-23T22:51:31.880515,True,0.156,0.256,17.51,True
101,2026-09-23T22:51:31.880515,True,0.156,0.206,17.51,True
102,2026-09-23T22:51:31.912189,True,0.168,0.209,18.04,True
102,2026-09-23T22:51:31.912189,True,0.168,0.211,18.04,True
103,2026-09-23T22:51:31.944236,True,0.168,0.163,18.02,True
103,2026-09-23T22:51:31.944236,True,0.168,0.166,18.02,True
104,2026-09-23T22:51:31.983283,True,0.168,0.168,17.02,True
105,2026-09-23T22:51:32.022991,True,0.168,0.168,18.01,True
106,2026-09-23T22:51:32.053352,False,,,18.02,True
107,2026-09-23T22:51:32.085395,False,,,18.52,True
108,2026-09-23T22:51:32.116101,False,,,17.55,True
109,2026-09-23T22:51:32.148159,True,0.211,0.177,17.53,True
109,2026-09-23T22:51:32.148159,True,0.156,0.174,17.53,True
110,2026-09-23T22:51:32.178185,True,0.184,0.177,17.52,True
111,2026-09-23T22:51:32.210222,True,0.184,0.180,18.02,True
112,2026-09-23T22:51:32.242286,True,0.453,0.237,18.02,True
112,2026-09-23T22:51:32.242286,True,0.184,0.232,18.02,True
113,2026-09-23T22:51:32.271882,True,0.453,0.291,16.52,True
113,2026-09-23T22:51:32.273384,True,0.184,0.291,16.52,True
114,2026-09-23T22:51:32.303416,True,0.477,0.350,18.01,True
115,2026-09-23T22:51:32.333422,True,0.477,0.355,17.48,True
116,2026-09-23T22:51:32.381502,True,0.523,0.423,17.53,True
117,2026-09-23T22:51:32.412034,True,0.523,0.437,18.01,True
118,2026-09-23T22:51:32.446196,True,0.523,0.505,18.02,True
119,2026-09-23T22:51:32.474337,True,0.523,0.514,18.01,True
120,2026-09-23T22:51:32.507433,True,0.523,0.523,18.08,True
121,2026-09-23T22:51:32.541003,True,0.363,0.491,18.06,True
122,2026-09-23T22:51:32.575108,True,0.680,0.523,18.03,True
122,2026-09-23T22:51:32.575108,True,0.246,0.467,18.03,True
123,2026-09-23T22:51:32.616195,True,0.680,0.498,18.55,True
123,2026-09-23T22:51:32.616195,True,0.246,0.443,18.55,True
124,2026-09-23T22:51:32.647225,True,0.613,0.493,18.03,True
124,2026-09-23T22:51:32.647225,True,0.211,0.399,18.03,True
124,2026-09-23T22:51:32.647225,True,0.184,0.387,18.03,True
125,2026-09-23T22:51:32.678303,True,0.613,0.373,18.06,True
125,2026-09-23T22:51:32.678303,True,0.211,0.366,18.06,True
125,2026-09-23T22:51:32.678303,True,0.184,0.280,18.06,True
126,2026-09-23T22:51:32.719907,True,0.547,0.348,18.53,True
126,2026-09-23T22:51:32.719907,True,0.301,0.371,18.53,True
127,2026-09-23T22:51:32.758017,True,0.547,0.358,18.59,True
127,2026-09-23T22:51:32.758017,True,0.301,0.376,18.59,True
128,2026-09-23T22:51:32.791562,True,0.594,0.458,18.03,True
128,2026-09-23T22:51:32.791562,True,0.199,0.388,18.03,True
129,2026-09-23T22:51:32.836123,True,0.594,0.447,18.02,True
129,2026-09-23T22:51:32.836123,True,0.199,0.377,18.02,True
130,2026-09-23T22:51:32.866182,True,0.594,0.436,17.52,True
130,2026-09-23T22:51:32.866182,True,0.199,0.357,17.52,True
131,2026-09-23T22:51:32.896260,True,0.453,0.408,18.03,True
132,2026-09-23T22:51:32.926519,True,0.453,0.380,18.07,True
133,2026-09-23T22:51:32.959377,True,0.301,0.400,18.02,True
133,2026-09-23T22:51:32.959377,True,0.211,0.323,18.02,True
133,2026-09-23T22:51:32.959377,True,0.184,0.320,18.02,True
133,2026-09-23T22:51:32.959377,True,0.168,0.263,18.02,True
133,2026-09-23T22:51:32.959377,True,0.168,0.206,18.02,True
134,2026-09-23T22:51:32.991401,True,0.594,0.265,18.02,True
135,2026-09-23T22:51:33.023700,True,0.594,0.341,18.51,True
136,2026-09-23T22:51:33.053050,True,0.453,0.395,18.94,True
137,2026-09-23T22:51:33.083368,True,0.453,0.452,18.02,True
138,2026-09-23T22:51:33.118218,True,0.406,0.500,17.56,True
138,2026-09-23T22:51:33.118218,True,0.156,0.412,17.56,True
139,2026-09-23T22:51:33.160257,True,0.406,0.375,18.02,True
139,2026-09-23T22:51:33.160257,True,0.156,0.316,18.02,True
140,2026-09-23T22:51:33.191289,False,,,17.97,True
141,2026-09-23T22:51:33.224368,False,,,18.01,True
142,2026-09-23T22:51:33.257405,False,,,18.02,True
143,2026-09-23T22:51:33.285441,False,,,18.52,True
144,2026-09-23T22:51:33.317021,False,,,17.57,True
145,2026-09-23T22:51:33.348205,True,0.406,0.306,17.53,True
146,2026-09-23T22:51:33.378430,True,0.387,0.302,17.76,True
147,2026-09-23T22:51:33.410302,True,0.387,0.348,18.10,True
148,2026-09-23T22:51:33.458155,True,0.320,0.331,18.11,True
149,2026-09-23T22:51:33.490279,True,0.320,0.364,18.06,True
150,2026-09-23T22:51:33.518812,True,0.262,0.335,18.02,True
150,2026-09-23T22:51:33.518812,True,0.184,0.295,18.02,True
151,2026-09-23T22:51:33.548545,True,0.262,0.270,17.72,True
151,2026-09-23T22:51:33.548545,True,0.184,0.242,17.72,True
152,2026-09-23T22:51:33.579577,True,0.262,0.230,18.53,True
152,2026-09-23T22:51:33.579577,True,0.184,0.215,18.53,True
153,2026-09-23T22:51:33.639225,True,0.406,0.259,18.07,True
154,2026-09-23T22:51:33.674354,True,0.406,0.288,18.02,True
155,2026-09-23T22:51:33.707359,True,0.719,0.395,17.99,True
156,2026-09-23T22:51:33.736388,True,0.719,0.487,18.53,True
157,2026-09-23T22:51:33.767957,True,0.637,0.577,17.53,True
158,2026-09-23T22:51:33.799587,True,0.719,0.640,17.55,True
158,2026-09-23T22:51:33.800586,True,0.184,0.595,17.55,True
158,2026-09-23T22:51:33.800586,True,0.168,0.485,17.55,True
158,2026-09-23T22:51:33.800586,True,0.156,0.373,17.55,True
159,2026-09-23T22:51:33.831632,True,0.719,0.389,17.52,True
159,2026-09-23T22:51:33.831632,True,0.184,0.282,17.52,True
159,2026-09-23T22:51:33.831632,True,0.168,0.279,17.52,True
159,2026-09-23T22:51:33.831632,True,0.156,0.277,17.52,True
160,2026-09-23T22:51:33.861328,True,0.594,0.364,18.19,True
160,2026-09-23T22:51:33.861328,True,0.199,0.260,18.19,True
161,2026-09-23T22:51:33.891348,True,0.594,0.342,18.01,True
161,2026-09-23T22:51:33.891348,True,0.199,0.348,18.01,True
162,2026-09-23T22:51:33.923965,True,0.523,0.422,18.06,True
163,2026-09-23T22:51:33.952984,True,0.523,0.408,18.01,True
164,2026-09-23T22:51:33.985412,True,0.523,0.473,18.53,True
165,2026-09-23T22:51:34.015962,True,0.500,0.454,17.53,True
166,2026-09-23T22:51:34.048006,True,0.500,0.514,17.52,True
167,2026-09-23T22:51:34.079633,True,0.453,0.500,17.56,True
167,2026-09-23T22:51:34.079633,True,0.184,0.432,17.56,True
168,2026-09-23T22:51:34.113208,True,0.453,0.418,18.06,True
168,2026-09-23T22:51:34.113208,True,0.184,0.355,18.06,True
169,2026-09-23T22:51:34.141395,True,0.211,0.297,18.07,True
169,2026-09-23T22:51:34.141395,True,0.184,0.243,18.07,True
170,2026-09-23T22:51:34.175015,True,0.344,0.275,18.06,True
171,2026-09-23T22:51:34.203084,True,0.344,0.253,18.06,True
172,2026-09-23T22:51:34.257196,True,0.344,0.285,18.02,True
173,2026-09-23T22:51:34.295381,True,0.344,0.312,17.03,True
174,2026-09-23T22:51:34.328984,True,0.344,0.344,17.53,True
175,2026-09-23T22:51:34.360409,True,0.430,0.361,17.41,True
176,2026-09-23T22:51:34.391435,True,0.430,0.378,18.02,True
177,2026-09-23T22:51:34.421787,True,0.320,0.373,17.03,True
178,2026-09-23T22:51:34.457356,True,0.320,0.369,18.05,True
179,2026-09-23T22:51:34.491379,True,0.523,0.405,18.02,True
180,2026-09-23T22:51:34.533119,True,0.523,0.423,18.01,True
181,2026-09-23T22:51:34.564047,True,0.230,0.384,17.85,True
181,2026-09-23T22:51:34.564047,True,0.199,0.359,17.85,True
182,2026-09-23T22:51:34.594527,True,0.262,0.348,17.52,True
182,2026-09-23T22:51:34.594527,True,0.156,0.274,17.52,True
183,2026-09-23T22:51:34.624256,True,0.262,0.222,18.14,True
183,2026-09-23T22:51:34.624256,True,0.156,0.207,18.14,True
184,2026-09-23T22:51:34.659291,False,,,18.02,True
185,2026-09-23T22:51:34.691386,False,,,18.02,True
186,2026-09-23T22:51:34.718281,False,,,17.56,True
187,2026-09-23T22:51:34.753391,False,,,18.09,True
188,2026-09-23T22:51:34.795224,False,,,18.06,True
189,2026-09-23T22:51:34.826852,False,,,17.58,True
190,2026-09-23T22:51:34.858116,False,,,17.75,True
191,2026-09-23T22:51:34.890185,False,,,18.02,True
192,2026-09-23T22:51:34.924373,False,,,18.10,True
193,2026-09-23T22:51:34.973027,False,,,17.05,True
194,2026-09-23T22:51:35.003052,False,,,18.01,True
195,2026-09-23T22:51:35.033251,False,,,18.12,True
196,2026-09-23T22:51:35.064149,False,,,16.81,True
197,2026-09-23T22:51:35.094309,False,,,18.02,True
198,2026-09-23T22:51:35.128398,False,,,20.01,True
199,2026-09-23T22:51:35.157239,False,,,17.83,True
200,2026-09-23T22:51:35.190998,False,,,18.02,True
201,2026-09-23T22:51:35.219094,False,,,17.57,True
202,2026-09-23T22:51:35.253137,False,,,18.01,True
203,2026-09-23T22:51:35.280862,False,,,17.53,True
204,2026-09-23T22:51:35.313951,False,,,17.57,True
205,2026-09-23T22:51:35.344558,True,0.168,0.201,18.52,True
206,2026-09-23T22:51:35.392407,False,,,18.01,True
207,2026-09-23T22:51:35.425215,False,,,17.74,True
208,2026-09-23T22:51:35.468397,False,,,18.61,True
209,2026-09-23T22:51:35.500289,True,0.199,0.188,18.66,True
210,2026-09-23T22:51:35.531899,True,0.199,0.197,18.02,True
211,2026-09-23T22:51:35.562928,False,,,18.52,True
212,2026-09-23T22:51:35.594055,False,,,18.10,True
213,2026-09-23T22:51:35.625944,True,0.184,0.181,18.37,True
213,2026-09-23T22:51:35.625944,True,0.184,0.187,18.37,True
213,2026-09-23T22:51:35.625944,True,0.184,0.190,18.37,True
214,2026-09-23T22:51:35.658547,True,0.184,0.187,18.52,True
214,2026-09-23T22:51:35.658547,True,0.184,0.184,18.52,True
214,2026-09-23T22:51:35.658547,True,0.184,0.184,18.52,True
215,2026-09-23T22:51:35.703182,True,0.570,0.261,18.02,True
215,2026-09-23T22:51:35.703182,True,0.246,0.273,18.02,True
215,2026-09-23T22:51:35.703182,True,0.156,0.268,18.02,True
216,2026-09-23T22:51:35.731713,True,0.570,0.345,17.01,True
216,2026-09-23T22:51:35.731713,True,0.246,0.358,17.01,True
216,2026-09-23T22:51:35.733217,True,0.156,0.275,17.01,True
217,2026-09-23T22:51:35.764807,True,0.637,0.353,17.58,True
217,2026-09-23T22:51:35.764807,True,0.199,0.362,17.58,True
217,2026-09-23T22:51:35.764807,True,0.156,0.279,17.58,True
218,2026-09-23T22:51:35.795334,True,0.523,0.334,18.02,True
218,2026-09-23T22:51:35.795334,True,0.199,0.343,18.02,True
218,2026-09-23T22:51:35.795334,True,0.156,0.247,18.02,True
219,2026-09-23T22:51:35.826064,True,0.523,0.312,18.11,True
219,2026-09-23T22:51:35.826064,True,0.199,0.320,18.11,True
219,2026-09-23T22:51:35.826064,True,0.156,0.247,18.11,True
220,2026-09-23T22:51:35.859114,True,0.523,0.312,18.04,True
220,2026-09-23T22:51:35.859114,True,0.199,0.320,18.04,True
220,2026-09-23T22:51:35.859114,True,0.156,0.247,18.04,True
221,2026-09-23T22:51:35.892224,True,0.613,0.330,18.02,True
221,2026-09-23T22:51:35.892224,True,0.246,0.348,18.02,True
222,2026-09-23T22:51:35.924368,True,0.613,0.366,18.52,True
222,2026-09-23T22:51:35.924368,True,0.246,0.375,18.52,True
223,2026-09-23T22:51:35.965022,True,0.477,0.439,17.63,True
223,2026-09-23T22:51:35.966022,True,0.320,0.380,17.63,True
224,2026-09-23T22:51:35.996130,True,0.477,0.427,18.06,True
224,2026-09-23T22:51:35.996130,True,0.320,0.368,18.06,True
225,2026-09-23T22:51:36.027222,True,0.613,0.441,18.06,True
225,2026-09-23T22:51:36.027222,True,0.168,0.380,18.06,True
226,2026-09-23T22:51:36.059265,True,0.613,0.438,18.02,True
226,2026-09-23T22:51:36.059265,True,0.168,0.377,18.02,True
227,2026-09-23T22:51:36.093058,True,0.613,0.435,18.12,True
227,2026-09-23T22:51:36.093058,True,0.387,0.390,18.12,True
228,2026-09-23T22:51:36.135411,True,0.613,0.479,17.26,True
228,2026-09-23T22:51:36.135411,True,0.387,0.434,17.26,True
229,2026-09-23T22:51:36.166053,True,0.699,0.540,18.13,True
229,2026-09-23T22:51:36.166053,True,0.301,0.477,18.13,True
230,2026-09-23T22:51:36.197578,True,0.699,0.540,18.52,True
230,2026-09-23T22:51:36.197578,True,0.301,0.477,18.52,True
231,2026-09-23T22:51:36.227111,True,0.570,0.514,17.52,True
231,2026-09-23T22:51:36.227111,True,0.262,0.427,17.52,True
232,2026-09-23T22:51:36.258146,True,0.570,0.480,17.52,True
232,2026-09-23T22:51:36.258146,True,0.262,0.393,17.52,True
233,2026-09-23T22:51:36.288338,True,0.523,0.438,18.03,True
233,2026-09-23T22:51:36.288338,True,0.184,0.360,18.03,True
234,2026-09-23T22:51:36.325173,True,0.523,0.412,18.52,True
234,2026-09-23T22:51:36.325173,True,0.184,0.335,18.52,True
235,2026-09-23T22:51:36.366590,True,0.406,0.364,18.31,True
235,2026-09-23T22:51:36.366590,True,0.184,0.296,18.31,True
236,2026-09-23T22:51:36.397615,True,0.406,0.341,18.52,True
236,2026-09-23T22:51:36.397615,True,0.184,0.273,18.52,True
237,2026-09-23T22:51:36.428902,True,0.523,0.341,18.72,True
237,2026-09-23T22:51:36.429429,True,0.262,0.312,18.72,True
238,2026-09-23T22:51:36.462075,True,0.523,0.380,18.01,True
238,2026-09-23T22:51:36.462075,True,0.262,0.351,18.01,True
239,2026-09-23T22:51:36.491130,True,0.613,0.437,18.03,True
239,2026-09-23T22:51:36.491130,True,0.211,0.374,18.03,True
240,2026-09-23T22:51:36.524280,True,0.613,0.445,18.07,True
240,2026-09-23T22:51:36.524280,True,0.211,0.382,18.07,True
241,2026-09-23T22:51:36.566864,True,0.453,0.420,18.51,True
241,2026-09-23T22:51:36.566864,True,0.246,0.347,18.51,True
242,2026-09-23T22:51:36.597609,True,0.453,0.395,18.24,True
242,2026-09-23T22:51:36.597609,True,0.246,0.322,18.24,True
243,2026-09-23T22:51:36.629092,True,0.320,0.344,17.59,True
243,2026-09-23T22:51:36.629092,True,0.156,0.284,17.59,True
244,2026-09-23T22:51:36.659430,True,0.320,0.299,17.32,True
244,2026-09-23T22:51:36.659430,True,0.156,0.240,17.32,True
245,2026-09-23T22:51:36.692010,True,0.430,0.277,18.01,True
245,2026-09-23T22:51:36.692010,True,0.301,0.273,18.01,True
246,2026-09-23T22:51:36.729190,True,0.430,0.327,18.09,True
246,2026-09-23T22:51:36.729190,True,0.301,0.323,18.09,True
247,2026-09-23T22:51:36.768766,True,0.500,0.392,18.02,True
247,2026-09-23T22:51:36.768766,True,0.406,0.388,18.02,True
248,2026-09-23T22:51:36.801298,True,0.500,0.427,18.02,True
248,2026-09-23T22:51:36.801298,True,0.406,0.423,18.02,True
249,2026-09-23T22:51:36.831917,True,0.594,0.481,18.52,True
249,2026-09-23T22:51:36.831917,True,0.281,0.438,18.52,True
250,2026-09-23T22:51:36.862013,True,0.594,0.475,18.01,True
250,2026-09-23T22:51:36.862013,True,0.281,0.431,18.01,True
251,2026-09-23T22:51:36.892065,True,0.430,0.436,18.01,True
251,2026-09-23T22:51:36.892065,True,0.168,0.351,18.01,True
252,2026-09-23T22:51:36.924135,True,0.430,0.380,17.52,True
252,2026-09-23T22:51:36.924135,True,0.168,0.295,17.52,True
253,2026-09-23T22:51:36.964240,True,0.637,0.366,18.07,True
253,2026-09-23T22:51:36.964240,True,0.168,0.314,18.07,True
254,2026-09-23T22:51:37.007532,True,0.637,0.408,18.47,True
254,2026-09-23T22:51:37.007532,True,0.168,0.355,18.47,True
255,2026-09-23T22:51:37.048167,True,0.523,0.427,17.53,True
255,2026-09-23T22:51:37.048167,True,0.199,0.339,17.53,True
256,2026-09-23T22:51:37.080609,True,0.523,0.410,17.57,True
256,2026-09-23T22:51:37.080609,True,0.199,0.323,17.57,True
257,2026-09-23T22:51:37.111659,True,0.613,0.412,17.52,True
257,2026-09-23T22:51:37.111659,True,0.344,0.376,17.52,True
258,2026-09-23T22:51:37.143272,True,0.613,0.459,18.51,True
258,2026-09-23T22:51:37.143272,True,0.344,0.423,18.51,True
259,2026-09-23T22:51:37.175306,True,0.547,0.492,18.01,True
259,2026-09-23T22:51:37.175306,True,0.156,0.401,18.01,True
260,2026-09-23T22:51:37.206886,True,0.547,0.441,17.57,True
260,2026-09-23T22:51:37.206886,True,0.156,0.350,17.57,True
261,2026-09-23T22:51:37.240933,True,0.699,0.421,17.52,True
261,2026-09-23T22:51:37.240933,True,0.320,0.376,17.52,True
262,2026-09-23T22:51:37.269032,True,0.699,0.484,17.53,True
262,2026-09-23T22:51:37.269032,True,0.320,0.439,17.53,True
263,2026-09-23T22:51:37.301065,True,0.570,0.522,18.02,True
263,2026-09-23T22:51:37.301065,True,0.230,0.428,18.02,True
264,2026-09-23T22:51:37.331757,True,0.570,0.478,17.61,True
264,2026-09-23T22:51:37.331757,True,0.230,0.384,17.61,True
265,2026-09-23T22:51:37.363865,True,0.613,0.443,18.59,True
265,2026-09-23T22:51:37.363865,True,0.211,0.371,18.59,True
266,2026-09-23T22:51:37.395394,True,0.613,0.448,18.02,True
266,2026-09-23T22:51:37.395394,True,0.211,0.376,18.02,True
267,2026-09-23T22:51:37.425112,True,0.594,0.448,18.10,True
267,2026-09-23T22:51:37.425112,True,0.387,0.403,18.10,True
268,2026-09-23T22:51:37.459415,True,0.594,0.480,17.52,True
268,2026-09-23T22:51:37.459415,True,0.387,0.434,17.52,True
269,2026-09-23T22:51:37.489999,True,0.363,0.465,18.08,True
269,2026-09-23T22:51:37.489999,True,0.211,0.388,18.08,True
270,2026-09-23T22:51:37.519538,True,0.363,0.384,18.02,True
270,2026-09-23T22:51:37.519538,True,0.211,0.307,18.02,True
271,2026-09-23T22:51:37.553071,True,0.430,0.316,18.01,True
271,2026-09-23T22:51:37.553071,True,0.230,0.289,18.01,True
271,2026-09-23T22:51:37.553071,True,0.168,0.280,18.01,True
272,2026-09-23T22:51:37.581814,True,0.430,0.294,17.52,True
272,2026-09-23T22:51:37.581814,True,0.230,0.298,17.52,True
272,2026-09-23T22:51:37.581814,True,0.168,0.245,17.52,True
273,2026-09-23T22:51:37.611858,True,0.301,0.259,17.52,True
274,2026-09-23T22:51:37.643409,True,0.301,0.286,18.02,True
275,2026-09-23T22:51:37.674597,True,0.430,0.286,17.47,True
275,2026-09-23T22:51:37.674597,True,0.184,0.277,17.47,True
276,2026-09-23T22:51:37.706682,True,0.430,0.329,17.53,True
276,2026-09-23T22:51:37.706682,True,0.184,0.305,17.53,True
277,2026-09-23T22:51:37.735220,True,0.387,0.323,18.02,True
277,2026-09-23T22:51:37.735220,True,0.320,0.301,18.02,True
278,2026-09-23T22:51:37.765848,True,0.387,0.341,17.57,True
278,2026-09-23T22:51:37.765848,True,0.320,0.320,17.57,True
279,2026-09-23T22:51:37.797490,True,0.262,0.335,18.14,True
279,2026-09-23T22:51:37.797490,True,0.262,0.310,18.14,True
280,2026-09-23T22:51:37.828112,True,0.262,0.298,17.52,True
280,2026-09-23T22:51:37.828112,True,0.262,0.273,17.52,True
281,2026-09-23T22:51:37.860156,True,0.477,0.305,18.03,True
281,2026-09-23T22:51:37.860156,True,0.344,0.321,18.03,True
281,2026-09-23T22:51:37.860156,True,0.156,0.300,18.03,True
282,2026-09-23T22:51:37.891437,True,0.477,0.343,18.23,True
282,2026-09-23T22:51:37.891437,True,0.344,0.359,18.23,True
282,2026-09-23T22:51:37.891437,True,0.156,0.295,18.23,True
283,2026-09-23T22:51:37.935170,True,0.344,0.295,18.04,True
283,2026-09-23T22:51:37.935170,True,0.168,0.298,18.04,True
284,2026-09-23T22:51:37.967974,True,0.344,0.271,17.53,True
284,2026-09-23T22:51:37.967974,True,0.168,0.236,17.53,True
285,2026-09-23T22:51:38.000554,True,0.453,0.295,17.52,True
286,2026-09-23T22:51:38.033169,True,0.453,0.317,18.04,True
287,2026-09-23T22:51:38.064242,True,0.453,0.374,18.02,True
288,2026-09-23T22:51:38.095020,True,0.453,0.396,18.02,True
289,2026-09-23T22:51:38.126169,True,0.363,0.435,17.63,True
289,2026-09-23T22:51:38.126169,True,0.184,0.381,17.63,True
290,2026-09-23T22:51:38.157247,True,0.363,0.363,18.06,True
290,2026-09-23T22:51:38.157247,True,0.184,0.309,18.06,True
291,2026-09-23T22:51:38.193285,False,,,18.02,True
292,2026-09-23T22:51:38.235341,False,,,18.52,True
293,2026-09-23T22:51:38.274430,True,0.281,0.275,18.00,True
294,2026-09-23T22:51:38.312968,True,0.281,0.259,18.02,True
295,2026-09-23T22:51:38.344577,False,,,18.52,True
296,2026-09-23T22:51:38.375122,False,,,18.03,True
297,2026-09-23T22:51:38.407077,True,0.168,0.255,17.94,True
298,2026-09-23T22:51:38.436247,True,0.168,0.216,18.15,True
299,2026-09-23T22:51:38.465902,False,,,17.53,True
300,2026-09-23T22:51:38.497435,False,,,18.03,True
301,2026-09-23T22:51:38.530627,False,,,17.58,True
302,2026-09-23T22:51:38.560147,False,,,18.07,True
303,2026-09-23T22:51:38.594195,False,,,19.52,True
304,2026-09-23T22:51:38.641141,False,,,18.02,True
305,2026-09-23T22:51:38.682165,True,0.523,0.284,17.88,True
305,2026-09-23T22:51:38.682165,True,0.199,0.268,17.88,True
306,2026-09-23T22:51:38.713005,True,0.523,0.316,17.83,True
306,2026-09-23T22:51:38.713005,True,0.199,0.323,17.83,True
307,2026-09-23T22:51:38.744276,True,0.594,0.408,18.02,True
307,2026-09-23T22:51:38.744276,True,0.184,0.340,18.02,True
308,2026-09-23T22:51:38.775314,True,0.594,0.419,18.02,True
308,2026-09-23T22:51:38.775314,True,0.184,0.351,18.02,True
309,2026-09-23T22:51:38.807137,True,0.547,0.420,17.81,True
309,2026-09-23T22:51:38.807137,True,0.156,0.333,17.81,True
310,2026-09-23T22:51:38.840327,True,0.547,0.405,18.07,True
310,2026-09-23T22:51:38.840327,True,0.156,0.318,18.07,True
311,2026-09-23T22:51:38.868452,True,0.199,0.321,18.03,True
312,2026-09-23T22:51:38.900980,True,0.199,0.252,18.02,True
313,2026-09-23T22:51:38.931842,True,0.656,0.352,17.57,True
313,2026-09-23T22:51:38.931842,True,0.168,0.276,17.57,True
314,2026-09-23T22:51:38.962413,True,0.656,0.376,18.02,True
314,2026-09-23T22:51:38.962413,True,0.168,0.370,18.02,True
315,2026-09-23T22:51:38.996251,True,0.613,0.452,18.02,True
315,2026-09-23T22:51:38.996251,True,0.156,0.352,18.02,True
316,2026-09-23T22:51:39.025346,True,0.613,0.441,17.53,True
316,2026-09-23T22:51:39.025346,True,0.156,0.341,17.53,True
317,2026-09-23T22:51:39.073141,True,0.430,0.394,17.05,True
318,2026-09-23T22:51:39.103230,True,0.430,0.357,18.02,True
319,2026-09-23T22:51:39.135348,True,0.523,0.430,18.02,True
319,2026-09-23T22:51:39.135348,True,0.168,0.341,18.02,True
320,2026-09-23T22:51:39.164935,True,0.523,0.415,17.58,True
320,2026-09-23T22:51:39.164935,True,0.168,0.362,17.58,True
321,2026-09-23T22:51:39.199504,True,0.637,0.404,18.55,True
321,2026-09-23T22:51:39.199504,True,0.199,0.339,18.55,True
321,2026-09-23T22:51:39.199504,True,0.168,0.339,18.55,True
322,2026-09-23T22:51:39.227034,True,0.637,0.362,17.52,True
322,2026-09-23T22:51:39.227034,True,0.199,0.368,17.52,True
322,2026-09-23T22:51:39.227034,True,0.168,0.274,17.52,True
323,2026-09-23T22:51:39.263104,True,0.547,0.344,17.63,True
323,2026-09-23T22:51:39.263104,True,0.230,0.356,17.63,True
323,2026-09-23T22:51:39.263104,True,0.168,0.263,17.63,True
324,2026-09-23T22:51:39.303229,True,0.547,0.332,18.02,True
324,2026-09-23T22:51:39.303229,True,0.230,0.345,18.02,True
324,2026-09-23T22:51:39.303229,True,0.168,0.269,18.02,True
325,2026-09-23T22:51:39.335015,True,0.637,0.350,17.71,True
326,2026-09-23T22:51:39.365100,True,0.637,0.444,17.56,True
327,2026-09-23T22:51:39.408773,True,0.453,0.425,17.58,True
327,2026-09-23T22:51:39.408773,True,0.230,0.425,17.58,True
327,2026-09-23T22:51:39.408773,True,0.156,0.423,17.58,True
328,2026-09-23T22:51:39.443011,True,0.453,0.386,18.17,True
328,2026-09-23T22:51:39.443011,True,0.230,0.305,18.17,True
328,2026-09-23T22:51:39.443011,True,0.156,0.245,18.17,True
329,2026-09-23T22:51:39.474553,True,0.430,0.285,17.51,True
329,2026-09-23T22:51:39.474553,True,0.168,0.287,17.51,True
330,2026-09-23T22:51:39.507644,True,0.430,0.283,18.54,True
330,2026-09-23T22:51:39.507644,True,0.168,0.270,18.54,True
331,2026-09-23T22:51:39.535089,True,0.363,0.312,17.89,True
331,2026-09-23T22:51:39.535089,True,0.262,0.278,17.89,True
331,2026-09-23T22:51:39.535089,True,0.168,0.278,17.89,True
332,2026-09-23T22:51:39.565126,True,0.363,0.265,17.52,True
332,2026-09-23T22:51:39.565126,True,0.262,0.284,17.52,True
332,2026-09-23T22:51:39.566129,True,0.168,0.245,17.52,True
333,2026-09-23T22:51:39.599244,True,0.344,0.261,18.60,True
333,2026-09-23T22:51:39.599244,True,0.246,0.277,18.60,True
333,2026-09-23T22:51:39.599244,True,0.199,0.244,18.60,True
334,2026-09-23T22:51:39.627887,True,0.344,0.260,18.13,True
334,2026-09-23T22:51:39.627887,True,0.246,0.276,18.13,True
334,2026-09-23T22:51:39.627887,True,0.199,0.247,18.13,True
335,2026-09-23T22:51:39.662112,True,0.523,0.302,17.53,True
335,2026-09-23T22:51:39.662112,True,0.156,0.294,17.53,True
336,2026-09-23T22:51:39.707733,True,0.523,0.330,18.52,True
336,2026-09-23T22:51:39.707733,True,0.156,0.312,18.52,True
337,2026-09-23T22:51:39.737305,False,,,20.03,True
338,2026-09-23T22:51:39.766724,False,,,18.02,True
339,2026-09-23T22:51:39.811883,True,0.363,0.345,17.52,True
340,2026-09-23T22:51:39.845430,True,0.363,0.312,18.03,True
341,2026-09-23T22:51:39.877143,True,0.477,0.377,18.15,True
342,2026-09-23T22:51:39.906359,True,0.477,0.367,17.20,True
343,2026-09-23T22:51:39.941158,True,0.613,0.459,18.06,True
344,2026-09-23T22:51:39.981853,True,0.613,0.509,18.02,True
345,2026-09-23T22:51:40.011603,True,0.500,0.536,17.23,True
346,2026-09-23T22:51:40.045182,True,0.500,0.541,18.06,True
347,2026-09-23T22:51:40.075248,True,0.656,0.577,18.05,True
347,2026-09-23T22:51:40.075248,True,0.168,0.487,18.05,True
348,2026-09-23T22:51:40.107280,True,0.656,0.496,18.02,True
348,2026-09-23T22:51:40.107280,True,0.168,0.430,18.02,True
349,2026-09-23T22:51:40.142374,True,0.594,0.448,18.02,True
350,2026-09-23T22:51:40.185081,True,0.594,0.436,18.06,True
351,2026-09-23T22:51:40.215448,True,0.613,0.525,17.84,True
352,2026-09-23T22:51:40.245003,True,0.613,0.516,18.05,True
353,2026-09-23T22:51:40.277037,True,0.570,0.597,18.02,True
353,2026-09-23T22:51:40.277037,True,0.156,0.509,18.02,True
354,2026-09-23T22:51:40.307099,True,0.570,0.505,18.05,True
354,2026-09-23T22:51:40.307099,True,0.156,0.413,18.05,True
355,2026-09-23T22:51:40.341167,True,0.523,0.395,18.04,True
355,2026-09-23T22:51:40.341167,True,0.230,0.327,18.04,True
356,2026-09-23T22:51:40.374452,True,0.523,0.401,18.16,True
356,2026-09-23T22:51:40.374452,True,0.230,0.333,18.16,True
357,2026-09-23T22:51:40.402982,True,0.570,0.416,18.52,True
357,2026-09-23T22:51:40.402982,True,0.230,0.357,18.52,True
357,2026-09-23T22:51:40.402982,True,0.156,0.342,18.52,True
358,2026-09-23T22:51:40.435158,True,0.570,0.352,18.02,True
358,2026-09-23T22:51:40.435158,True,0.230,0.352,18.02,True
358,2026-09-23T22:51:40.435158,True,0.156,0.269,18.02,True
359,2026-09-23T22:51:40.465955,True,0.637,0.350,17.57,True
359,2026-09-23T22:51:40.465955,True,0.156,0.350,17.57,True
360,2026-09-23T22:51:40.496008,True,0.637,0.363,18.03,True
360,2026-09-23T22:51:40.496008,True,0.156,0.348,18.03,True
361,2026-09-23T22:51:40.542267,True,0.680,0.453,18.02,True
361,2026-09-23T22:51:40.542267,True,0.199,0.366,18.02,True
362,2026-09-23T22:51:40.575306,True,0.680,0.470,18.02,True
362,2026-09-23T22:51:40.575306,True,0.199,0.383,18.02,True
363,2026-09-23T22:51:40.608572,True,0.613,0.474,17.25,True
363,2026-09-23T22:51:40.608572,True,0.406,0.420,17.25,True
364,2026-09-23T22:51:40.641147,True,0.613,0.502,17.51,True
364,2026-09-23T22:51:40.641147,True,0.406,0.448,17.51,True
365,2026-09-23T22:51:40.683398,True,0.699,0.548,17.01,True
365,2026-09-23T22:51:40.683398,True,0.344,0.494,17.01,True
365,2026-09-23T22:51:40.683398,True,0.246,0.462,17.01,True
366,2026-09-23T22:51:40.715281,True,0.699,0.479,17.88,True
366,2026-09-23T22:51:40.715281,True,0.344,0.466,17.88,True
366,2026-09-23T22:51:40.715281,True,0.246,0.376,17.88,True
367,2026-09-23T22:51:40.746337,True,0.656,0.438,18.03,True
368,2026-09-23T22:51:40.776446,True,0.656,0.520,18.03,True
369,2026-09-23T22:51:40.821839,True,0.523,0.485,17.52,True
369,2026-09-23T22:51:40.821839,True,0.246,0.466,17.52,True
369,2026-09-23T22:51:40.821839,True,0.246,0.466,17.52,True
369,2026-09-23T22:51:40.821839,True,0.230,0.380,17.52,True
370,2026-09-23T22:51:40.855378,True,0.523,0.354,18.02,True
370,2026-09-23T22:51:40.855378,True,0.246,0.298,18.02,True
370,2026-09-23T22:51:40.855378,True,0.246,0.298,18.02,True
370,2026-09-23T22:51:40.855378,True,0.230,0.295,18.02,True
371,2026-09-23T22:51:40.887048,True,0.594,0.368,20.15,True
371,2026-09-23T22:51:40.887048,True,0.262,0.316,20.15,True
371,2026-09-23T22:51:40.887048,True,0.211,0.309,20.15,True
371,2026-09-23T22:51:40.887048,True,0.184,0.296,20.15,True
372,2026-09-23T22:51:40.914578,True,0.594,0.369,18.02,True
372,2026-09-23T22:51:40.914578,True,0.262,0.302,18.02,True
372,2026-09-23T22:51:40.914578,True,0.211,0.292,18.02,True
372,2026-09-23T22:51:40.914578,True,0.184,0.287,18.02,True
373,2026-09-23T22:51:40.946601,True,0.570,0.364,17.51,True
373,2026-09-23T22:51:40.946601,True,0.301,0.305,17.51,True
373,2026-09-23T22:51:40.946601,True,0.230,0.299,17.51,True
373,2026-09-23T22:51:40.946601,True,0.184,0.294,17.51,True
373,2026-09-23T22:51:40.946601,True,0.156,0.288,17.51,True
374,2026-09-23T22:51:40.979389,True,0.570,0.288,18.03,True
374,2026-09-23T22:51:40.979389,True,0.301,0.288,18.03,True
374,2026-09-23T22:51:40.979389,True,0.230,0.288,18.03,True
374,2026-09-23T22:51:40.979389,True,0.184,0.288,18.03,True
374,2026-09-23T22:51:40.979389,True,0.156,0.288,18.03,True
375,2026-09-23T22:51:41.010425,True,0.637,0.302,18.02,True
375,2026-09-23T22:51:41.010425,True,0.301,0.302,18.02,True
375,2026-09-23T22:51:41.010425,True,0.281,0.312,18.02,True
375,2026-09-23T22:51:41.010425,True,0.281,0.331,18.02,True
375,2026-09-23T22:51:41.010425,True,0.262,0.352,18.02,True
376,2026-09-23T22:51:41.041228,True,0.637,0.352,18.08,True
376,2026-09-23T22:51:41.041228,True,0.301,0.352,18.08,True
376,2026-09-23T22:51:41.041228,True,0.281,0.352,18.08,True
376,2026-09-23T22:51:41.041228,True,0.281,0.352,18.08,True
376,2026-09-23T22:51:41.041228,True,0.262,0.352,18.08,True
377,2026-09-23T22:51:41.074512,True,0.637,0.352,18.24,True
377,2026-09-23T22:51:41.074512,True,0.344,0.361,18.24,True
377,2026-09-23T22:51:41.074512,True,0.211,0.347,18.24,True
377,2026-09-23T22:51:41.074512,True,0.211,0.333,18.24,True
377,2026-09-23T22:51:41.074512,True,0.184,0.317,18.24,True
378,2026-09-23T22:51:41.107096,True,0.637,0.317,18.02,True
378,2026-09-23T22:51:41.107096,True,0.344,0.317,18.02,True
378,2026-09-23T22:51:41.107096,True,0.211,0.317,18.02,True
378,2026-09-23T22:51:41.107096,True,0.211,0.317,18.02,True
378,2026-09-23T22:51:41.107096,True,0.184,0.317,18.02,True
379,2026-09-23T22:51:41.134463,True,0.637,0.317,17.33,True
379,2026-09-23T22:51:41.134463,True,0.320,0.312,17.33,True
379,2026-09-23T22:51:41.134463,True,0.184,0.307,17.33,True
380,2026-09-23T22:51:41.165000,True,0.637,0.392,17.52,True
380,2026-09-23T22:51:41.166000,True,0.320,0.420,17.52,True
380,2026-09-23T22:51:41.166000,True,0.184,0.329,17.52,True
381,2026-09-23T22:51:41.198582,True,0.637,0.392,17.06,True
381,2026-09-23T22:51:41.198582,True,0.406,0.437,17.06,True
381,2026-09-23T22:51:41.198582,True,0.230,0.355,17.06,True
381,2026-09-23T22:51:41.198582,True,0.211,0.334,17.06,True
381,2026-09-23T22:51:41.198582,True,0.168,0.330,17.06,True
382,2026-09-23T22:51:41.227107,True,0.637,0.330,18.02,True
382,2026-09-23T22:51:41.227107,True,0.406,0.330,18.02,True
382,2026-09-23T22:51:41.227107,True,0.230,0.330,18.02,True
382,2026-09-23T22:51:41.227107,True,0.211,0.330,18.02,True
382,2026-09-23T22:51:41.227107,True,0.168,0.330,18.02,True
383,2026-09-23T22:51:41.279186,True,0.656,0.334,18.04,True
383,2026-09-23T22:51:41.279186,True,0.430,0.339,18.04,True
383,2026-09-23T22:51:41.279186,True,0.156,0.324,18.04,True
383,2026-09-23T22:51:41.279186,True,0.156,0.313,18.04,True
384,2026-09-23T22:51:41.324326,True,0.656,0.411,18.02,True
384,2026-09-23T22:51:41.324326,True,0.430,0.366,18.02,True
384,2026-09-23T22:51:41.324326,True,0.156,0.311,18.02,True
384,2026-09-23T22:51:41.324326,True,0.156,0.311,18.02,True
385,2026-09-23T22:51:41.353404,True,0.656,0.411,18.06,True
385,2026-09-23T22:51:41.353404,True,0.430,0.366,18.06,True
385,2026-09-23T22:51:41.353404,True,0.168,0.313,18.06,True
385,2026-09-23T22:51:41.353404,True,0.156,0.313,18.06,True
386,2026-09-23T22:51:41.384284,True,0.656,0.413,18.37,True
386,2026-09-23T22:51:41.384284,True,0.430,0.368,18.37,True
386,2026-09-23T22:51:41.384284,True,0.168,0.316,18.37,True
386,2026-09-23T22:51:41.384284,True,0.156,0.313,18.37,True
387,2026-09-23T22:51:41.415852,True,0.656,0.413,17.56,True
387,2026-09-23T22:51:41.415852,True,0.320,0.346,17.56,True
387,2026-09-23T22:51:41.415852,True,0.246,0.309,17.56,True
387,2026-09-23T22:51:41.415852,True,0.168,0.309,17.56,True
388,2026-09-23T22:51:41.447375,True,0.656,0.409,18.01,True
388,2026-09-23T22:51:41.447375,True,0.320,0.342,18.01,True
388,2026-09-23T22:51:41.447375,True,0.246,0.327,18.01,True
388,2026-09-23T22:51:41.447375,True,0.168,0.312,18.01,True
389,2026-09-23T22:51:41.477035,True,0.656,0.409,18.02,True
389,2026-09-23T22:51:41.477035,True,0.262,0.330,18.02,True
389,2026-09-23T22:51:41.477035,True,0.246,0.316,18.02,True
390,2026-09-23T22:51:41.507095,True,0.656,0.398,18.05,True
390,2026-09-23T22:51:41.507095,True,0.262,0.416,18.05,True
390,2026-09-23T22:51:41.507095,True,0.246,0.334,18.05,True
391,2026-09-23T22:51:41.540228,True,0.637,0.409,18.02,True
391,2026-09-23T22:51:41.540228,True,0.320,0.424,18.02,True
391,2026-09-23T22:51:41.540228,True,0.199,0.333,18.02,True
391,2026-09-23T22:51:41.540228,True,0.156,0.312,18.02,True
392,2026-09-23T22:51:41.573351,True,0.637,0.390,17.05,True
392,2026-09-23T22:51:41.574520,True,0.320,0.327,17.05,True
392,2026-09-23T22:51:41.574520,True,0.199,0.302,17.05,True
392,2026-09-23T22:51:41.574520,True,0.156,0.294,17.05,True
393,2026-09-23T22:51:41.615148,True,0.656,0.394,17.56,True
393,2026-09-23T22:51:41.615148,True,0.320,0.330,17.56,True
393,2026-09-23T22:51:41.615148,True,0.230,0.312,17.56,True
393,2026-09-23T22:51:41.615148,True,0.168,0.306,17.56,True
394,2026-09-23T22:51:41.649292,True,0.656,0.406,17.58,True
394,2026-09-23T22:51:41.649292,True,0.320,0.339,17.58,True
394,2026-09-23T22:51:41.649292,True,0.230,0.321,17.58,True
394,2026-09-23T22:51:41.649292,True,0.168,0.309,17.58,True
395,2026-09-23T22:51:41.679369,True,0.656,0.406,17.02,True
395,2026-09-23T22:51:41.679369,True,0.246,0.324,17.02,True
395,2026-09-23T22:51:41.679369,True,0.199,0.300,17.02,True
396,2026-09-23T22:51:41.709396,True,0.656,0.385,17.01,True
396,2026-09-23T22:51:41.709396,True,0.246,0.401,17.01,True
396,2026-09-23T22:51:41.710396,True,0.199,0.309,17.01,True
397,2026-09-23T22:51:41.743209,True,0.656,0.391,17.79,True
397,2026-09-23T22:51:41.743209,True,0.246,0.401,17.79,True
397,2026-09-23T22:51:41.743209,True,0.199,0.309,17.79,True
398,2026-09-23T22:51:41.775037,True,0.637,0.388,18.02,True
398,2026-09-23T22:51:41.775037,True,0.281,0.404,18.02,True
398,2026-09-23T22:51:41.775037,True,0.246,0.322,18.02,True
399,2026-09-23T22:51:41.809106,True,0.656,0.404,18.06,True
399,2026-09-23T22:51:41.809106,True,0.211,0.406,18.06,True
399,2026-09-23T22:51:41.809106,True,0.211,0.321,18.06,True
399,2026-09-23T22:51:41.809106,True,0.211,0.307,18.06,True
399,2026-09-23T22:51:41.809106,True,0.168,0.291,18.06,True
399,2026-09-23T22:51:41.809106,True,0.156,0.191,18.06,True
400,2026-09-23T22:51:41.851886,True,0.656,0.280,18.52,True
400,2026-09-23T22:51:41.851886,True,0.211,0.280,18.52,True
400,2026-09-23T22:51:41.851886,True,0.211,0.280,18.52,True
400,2026-09-23T22:51:41.851886,True,0.211,0.289,18.52,True
400,2026-09-23T22:51:41.851886,True,0.168,0.291,18.52,True
400,2026-09-23T22:51:41.851886,True,0.156,0.191,18.52,True
401,2026-09-23T22:51:41.891809,True,0.680,0.285,17.37,True
401,2026-09-23T22:51:41.891809,True,0.281,0.299,17.37,True
401,2026-09-23T22:51:41.891809,True,0.199,0.297,17.37,True
401,2026-09-23T22:51:41.891809,True,0.199,0.303,17.37,True
401,2026-09-23T22:51:41.891809,True,0.184,0.309,17.37,True
402,2026-09-23T22:51:41.926313,True,0.680,0.309,17.58,True
402,2026-09-23T22:51:41.926313,True,0.281,0.309,17.58,True
402,2026-09-23T22:51:41.926313,True,0.199,0.309,17.58,True
402,2026-09-23T22:51:41.926313,True,0.199,0.309,17.58,True
402,2026-09-23T22:51:41.926313,True,0.184,0.309,17.58,True
403,2026-09-23T22:51:41.964550,True,0.613,0.295,18.20,True
403,2026-09-23T22:51:41.964550,True,0.301,0.299,18.20,True
403,2026-09-23T22:51:41.964550,True,0.184,0.296,18.20,True
403,2026-09-23T22:51:41.964550,True,0.168,0.290,18.20,True
403,2026-09-23T22:51:41.964550,True,0.168,0.287,18.20,True
404,2026-09-23T22:51:42.008295,True,0.613,0.287,19.22,True
404,2026-09-23T22:51:42.008295,True,0.301,0.287,19.22,True
404,2026-09-23T22:51:42.008295,True,0.184,0.287,19.22,True
404,2026-09-23T22:51:42.008295,True,0.168,0.287,19.22,True
404,2026-09-23T22:51:42.008295,True,0.168,0.287,19.22,True
405,2026-09-23T22:51:42.051508,True,0.613,0.287,18.09,True
405,2026-09-23T22:51:42.051508,True,0.301,0.287,18.09,True
405,2026-09-23T22:51:42.051508,True,0.246,0.299,18.09,True
405,2026-09-23T22:51:42.051508,True,0.211,0.308,18.09,True
406,2026-09-23T22:51:42.080557,True,0.637,0.402,17.54,True
406,2026-09-23T22:51:42.080557,True,0.281,0.335,17.54,True
406,2026-09-23T22:51:42.080557,True,0.262,0.327,17.54,True
406,2026-09-23T22:51:42.080557,True,0.211,0.320,17.54,True
406,2026-09-23T22:51:42.080557,True,0.211,0.320,17.54,True
406,2026-09-23T22:51:42.080557,True,0.156,0.224,17.54,True
407,2026-09-23T22:51:42.142220,True,0.656,0.299,18.01,True
407,2026-09-23T22:51:42.142220,True,0.246,0.296,18.01,True
407,2026-09-23T22:51:42.142220,True,0.230,0.300,18.01,True
407,2026-09-23T22:51:42.142220,True,0.168,0.291,18.01,True
407,2026-09-23T22:51:42.142220,True,0.168,0.294,18.01,True
408,2026-09-23T22:51:42.208432,True,0.570,0.277,17.11,True
408,2026-09-23T22:51:42.209431,True,0.281,0.284,17.11,True
408,2026-09-23T22:51:42.209431,True,0.262,0.290,17.11,True
408,2026-09-23T22:51:42.209431,True,0.168,0.290,17.11,True
409,2026-09-23T22:51:42.240996,True,0.570,0.370,18.05,True
409,2026-09-23T22:51:42.240996,True,0.281,0.312,18.05,True
409,2026-09-23T22:51:42.240996,True,0.262,0.309,18.05,True
409,2026-09-23T22:51:42.240996,True,0.168,0.290,18.05,True
410,2026-09-23T22:51:42.275136,True,0.594,0.375,18.02,True
410,2026-09-23T22:51:42.275136,True,0.211,0.303,18.02,True
410,2026-09-23T22:51:42.275136,True,0.211,0.289,18.02,True
411,2026-09-23T22:51:42.316899,True,0.594,0.355,18.53,True
411,2026-09-23T22:51:42.316899,True,0.211,0.364,18.53,True
411,2026-09-23T22:51:42.316899,True,0.211,0.287,18.53,True
412,2026-09-23T22:51:42.351933,True,0.613,0.368,18.52,True
412,2026-09-23T22:51:42.351933,True,0.199,0.366,18.52,True
413,2026-09-23T22:51:42.394477,True,0.613,0.370,17.51,True
413,2026-09-23T22:51:42.394477,True,0.199,0.367,17.51,True
414,2026-09-23T22:51:42.425152,True,0.637,0.452,18.11,True
414,2026-09-23T22:51:42.425152,True,0.281,0.386,18.11,True
414,2026-09-23T22:51:42.425152,True,0.230,0.392,18.11,True
414,2026-09-23T22:51:42.425152,True,0.184,0.306,18.11,True
415,2026-09-23T22:51:42.457423,True,0.637,0.394,18.11,True
415,2026-09-23T22:51:42.457423,True,0.281,0.323,18.11,True
415,2026-09-23T22:51:42.457423,True,0.230,0.312,18.11,True
415,2026-09-23T22:51:42.457423,True,0.184,0.303,18.11,True
416,2026-09-23T22:51:42.484985,True,0.637,0.394,17.52,True
416,2026-09-23T22:51:42.484985,True,0.281,0.323,17.52,True
416,2026-09-23T22:51:42.484985,True,0.230,0.312,17.52,True
416,2026-09-23T22:51:42.484985,True,0.184,0.303,17.52,True
417,2026-09-23T22:51:42.517910,True,0.680,0.402,17.53,True
417,2026-09-23T22:51:42.518910,True,0.168,0.309,17.53,True
417,2026-09-23T22:51:42.518910,True,0.156,0.284,17.53,True
417,2026-09-23T22:51:42.518910,True,0.156,0.269,17.53,True
418,2026-09-23T22:51:42.548591,True,0.680,0.368,17.67,True
418,2026-09-23T22:51:42.548591,True,0.168,0.266,17.67,True
418,2026-09-23T22:51:42.548591,True,0.156,0.263,17.67,True
418,2026-09-23T22:51:42.548591,True,0.156,0.263,17.67,True
419,2026-09-23T22:51:42.580666,True,0.594,0.351,17.57,True
419,2026-09-23T22:51:42.580666,True,0.246,0.264,17.57,True
419,2026-09-23T22:51:42.581669,True,0.230,0.277,17.57,True
419,2026-09-23T22:51:42.581669,True,0.156,0.277,17.57,True
420,2026-09-23T22:51:42.612257,True,0.281,0.302,18.06,True
421,2026-09-23T22:51:42.642227,True,0.281,0.239,17.60,True
422,2026-09-23T22:51:42.676426,True,0.320,0.254,18.03,True
422,2026-09-23T22:51:42.676426,True,0.281,0.264,18.03,True
423,2026-09-23T22:51:42.707419,True,0.320,0.297,17.52,True
423,2026-09-23T22:51:42.707419,True,0.281,0.297,17.52,True
424,2026-09-23T22:51:42.750785,True,0.246,0.290,17.52,True
424,2026-09-23T22:51:42.750785,True,0.199,0.266,17.52,True
425,2026-09-23T22:51:42.781848,True,0.246,0.259,17.53,True
425,2026-09-23T22:51:42.781848,True,0.199,0.234,17.53,True
426,2026-09-23T22:51:42.815153,True,0.262,0.230,17.78,True
426,2026-09-23T22:51:42.815153,True,0.230,0.227,17.78,True
426,2026-09-23T22:51:42.815153,True,0.230,0.234,17.78,True
426,2026-09-23T22:51:42.815153,True,0.199,0.224,17.78,True
426,2026-09-23T22:51:42.815153,True,0.168,0.218,17.78,True
427,2026-09-23T22:51:42.846237,True,0.262,0.218,17.58,True
427,2026-09-23T22:51:42.846237,True,0.230,0.218,17.58,True
427,2026-09-23T22:51:42.846237,True,0.230,0.218,17.58,True
427,2026-09-23T22:51:42.846237,True,0.199,0.218,17.58,True
427,2026-09-23T22:51:42.846237,True,0.168,0.218,17.58,True
428,2026-09-23T22:51:42.878396,True,0.262,0.218,18.05,True
428,2026-09-23T22:51:42.878396,True,0.230,0.218,18.05,True
428,2026-09-23T22:51:42.878396,True,0.230,0.218,18.05,True
428,2026-09-23T22:51:42.878396,True,0.199,0.218,18.05,True
428,2026-09-23T22:51:42.878396,True,0.168,0.218,18.05,True
429,2026-09-23T22:51:42.911504,True,0.430,0.252,18.09,True
429,2026-09-23T22:51:42.911504,True,0.246,0.255,18.09,True
430,2026-09-23T22:51:42.941047,True,0.430,0.295,17.68,True
430,2026-09-23T22:51:42.941047,True,0.246,0.304,17.68,True
431,2026-09-23T22:51:42.975133,True,0.430,0.356,18.02,True
432,2026-09-23T22:51:43.015848,True,0.453,0.361,17.57,True
432,2026-09-23T22:51:43.015848,True,0.168,0.345,17.57,True
433,2026-09-23T22:51:43.047385,True,0.453,0.350,18.03,True
433,2026-09-23T22:51:43.047385,True,0.168,0.334,18.03,True
434,2026-09-23T22:51:43.085990,True,0.320,0.312,17.52,True
434,2026-09-23T22:51:43.085990,True,0.262,0.274,17.52,True
434,2026-09-23T22:51:43.085990,True,0.199,0.280,17.52,True
434,2026-09-23T22:51:43.085990,True,0.168,0.223,17.52,True
435,2026-09-23T22:51:43.127120,True,0.320,0.254,18.10,True
435,2026-09-23T22:51:43.127120,True,0.262,0.242,18.10,True
435,2026-09-23T22:51:43.127120,True,0.199,0.230,18.10,True
435,2026-09-23T22:51:43.127120,True,0.168,0.223,18.10,True
436,2026-09-23T22:51:43.159162,True,0.211,0.232,18.03,True
436,2026-09-23T22:51:43.159162,True,0.184,0.205,18.03,True
436,2026-09-23T22:51:43.159162,True,0.168,0.186,18.03,True
437,2026-09-23T22:51:43.192417,True,0.211,0.188,20.07,True
437,2026-09-23T22:51:43.192417,True,0.184,0.191,20.07,True
437,2026-09-23T22:51:43.192417,True,0.168,0.183,20.07,True
438,2026-09-23T22:51:43.235069,True,0.211,0.188,18.06,True
438,2026-09-23T22:51:43.235069,True,0.184,0.191,18.06,True
438,2026-09-23T22:51:43.235069,True,0.168,0.183,18.06,True
439,2026-09-23T22:51:43.265106,True,0.168,0.180,17.52,True
440,2026-09-23T22:51:43.294694,True,0.168,0.180,17.52,True
441,2026-09-23T22:51:43.325823,True,0.262,0.190,17.57,True
441,2026-09-23T22:51:43.325823,True,0.246,0.202,17.57,True
442,2026-09-23T22:51:43.358083,True,0.262,0.221,18.03,True
442,2026-09-23T22:51:43.358083,True,0.246,0.237,18.03,True
443,2026-09-23T22:51:43.386126,True,0.523,0.308,17.51,True
444,2026-09-23T22:51:43.416800,True,0.500,0.355,18.52,True
445,2026-09-23T22:51:43.447507,True,0.500,0.406,17.70,True
446,2026-09-23T22:51:43.486714,True,0.656,0.485,17.52,True
447,2026-09-23T22:51:43.525290,True,0.656,0.567,18.02,True
448,2026-09-23T22:51:43.557102,True,0.594,0.581,17.79,True
449,2026-09-23T22:51:43.590960,True,0.594,0.600,18.01,True
450,2026-09-23T22:51:43.633279,True,0.594,0.619,18.16,True
451,2026-09-23T22:51:43.664035,True,0.344,0.556,17.69,True
452,2026-09-23T22:51:43.694418,True,0.344,0.494,18.02,True
453,2026-09-23T22:51:43.727035,True,0.523,0.480,18.04,True
454,2026-09-23T22:51:43.757113,True,0.523,0.466,18.07,True
455,2026-09-23T22:51:43.791249,True,0.453,0.438,18.02,True
456,2026-09-23T22:51:43.818788,True,0.523,0.473,18.03,True
457,2026-09-23T22:51:43.850828,True,0.523,0.509,17.52,True
458,2026-09-23T22:51:43.888867,True,0.547,0.514,17.51,True
459,2026-09-23T22:51:43.929530,True,0.547,0.519,18.51,True
460,2026-09-23T22:51:43.963065,True,0.547,0.537,18.02,True
461,2026-09-23T22:51:43.993394,True,0.594,0.552,18.02,True
462,2026-09-23T22:51:44.024519,True,0.594,0.566,17.51,True
463,2026-09-23T22:51:44.051510,True,0.570,0.570,17.18,True
464,2026-09-23T22:51:44.085074,True,0.570,0.575,17.53,True
465,2026-09-23T22:51:44.115140,True,0.699,0.605,17.56,True
466,2026-09-23T22:51:44.146101,True,0.699,0.627,17.52,True
467,2026-09-23T22:51:44.177189,True,0.738,0.655,18.07,True
468,2026-09-23T22:51:44.225358,True,0.680,0.677,18.10,True
469,2026-09-23T22:51:44.257392,True,0.680,0.699,18.02,True
470,2026-09-23T22:51:44.290411,True,0.656,0.691,18.00,True
471,2026-09-23T22:51:44.331562,True,0.656,0.682,17.54,True
472,2026-09-23T22:51:44.364107,True,0.656,0.666,18.02,True
473,2026-09-23T22:51:44.396228,True,0.570,0.644,18.02,True
474,2026-09-23T22:51:44.426345,True,0.570,0.622,18.03,True
475,2026-09-23T22:51:44.456236,True,0.738,0.638,18.28,True
476,2026-09-23T22:51:44.491335,True,0.738,0.655,18.02,True
477,2026-09-23T22:51:44.523391,True,0.656,0.655,18.02,True
478,2026-09-23T22:51:44.553419,True,0.656,0.672,18.01,True
479,2026-09-23T22:51:44.584452,True,0.594,0.677,18.02,True
480,2026-09-23T22:51:44.624528,True,0.680,0.665,17.55,True
481,2026-09-23T22:51:44.662236,True,0.680,0.653,18.02,True
482,2026-09-23T22:51:44.694106,True,0.570,0.636,17.57,True
483,2026-09-23T22:51:44.725131,True,0.570,0.619,18.01,True
484,2026-09-23T22:51:44.757181,True,0.570,0.614,18.04,True
485,2026-09-23T22:51:44.793271,True,0.430,0.564,18.02,True
485,2026-09-23T22:51:44.793271,True,0.168,0.462,18.02,True
486,2026-09-23T22:51:44.834414,True,0.430,0.434,17.53,True
486,2026-09-23T22:51:44.834414,True,0.168,0.353,17.53,True
487,2026-09-23T22:51:44.866002,True,0.523,0.344,17.56,True
488,2026-09-23T22:51:44.896060,True,0.523,0.362,17.05,True
489,2026-09-23T22:51:44.931600,True,0.477,0.424,18.52,True
489,2026-09-23T22:51:44.931600,True,0.168,0.372,18.52,True
489,2026-09-23T22:51:44.931600,True,0.156,0.370,18.52,True
490,2026-09-23T22:51:44.966158,True,0.477,0.360,18.52,True
490,2026-09-23T22:51:44.966158,True,0.168,0.289,18.52,True
490,2026-09-23T22:51:44.966158,True,0.156,0.225,18.52,True
491,2026-09-23T22:51:45.014283,True,0.500,0.291,18.05,True
491,2026-09-23T22:51:45.014283,True,0.211,0.302,18.05,True
492,2026-09-23T22:51:45.053378,True,0.262,0.259,18.02,True
493,2026-09-23T22:51:45.085170,True,0.262,0.278,17.53,True
494,2026-09-23T22:51:45.114760,True,0.262,0.299,17.57,True
495,2026-09-23T22:51:45.147292,True,0.156,0.230,17.02,True
496,2026-09-23T22:51:45.178406,True,0.156,0.220,18.02,True
497,2026-09-23T22:51:45.209191,False,,,17.77,True
498,2026-09-23T22:51:45.242263,False,,,18.02,True
499,2026-09-23T22:51:45.273348,False,,,18.07,True
500,2026-09-23T22:51:45.303378,False,,,18.01,True
501,2026-09-23T22:51:45.333402,False,,,17.52,True
502,2026-09-23T22:51:45.364295,False,,,17.75,True
503,2026-09-23T22:51:45.394703,False,,,17.52,True
504,2026-09-23T22:51:45.425334,True,0.199,0.207,18.11,True
505,2026-09-23T22:51:45.456055,True,0.199,0.195,17.52,True
506,2026-09-23T22:51:45.489125,True,0.199,0.182,17.52,True
507,2026-09-23T22:51:45.517902,True,0.246,0.200,17.54,True
507,2026-09-23T22:51:45.518900,True,0.156,0.200,17.54,True
508,2026-09-23T22:51:45.550935,True,0.246,0.209,17.52,True
508,2026-09-23T22:51:45.550935,True,0.156,0.201,17.52,True
509,2026-09-23T22:51:45.580498,True,0.301,0.221,17.53,True
509,2026-09-23T22:51:45.580498,True,0.184,0.209,17.53,True
509,2026-09-23T22:51:45.580498,True,0.168,0.211,17.53,True
510,2026-09-23T22:51:45.614038,True,0.301,0.222,18.01,True
510,2026-09-23T22:51:45.614038,True,0.184,0.227,18.01,True
510,2026-09-23T22:51:45.614038,True,0.168,0.201,18.01,True
511,2026-09-23T22:51:45.642099,True,0.301,0.224,18.01,True
511,2026-09-23T22:51:45.642099,True,0.211,0.233,18.01,True
512,2026-09-23T22:51:45.675150,True,0.301,0.233,18.06,True
512,2026-09-23T22:51:45.675150,True,0.211,0.238,18.06,True
513,2026-09-23T22:51:45.707684,True,0.344,0.273,17.52,True
513,2026-09-23T22:51:45.707684,True,0.230,0.259,17.52,True
514,2026-09-23T22:51:45.741145,True,0.344,0.286,18.02,True
514,2026-09-23T22:51:45.741145,True,0.230,0.272,18.02,True
515,2026-09-23T22:51:45.784316,True,0.184,0.266,18.03,True
515,2026-09-23T22:51:45.784316,True,0.168,0.231,18.03,True
516,2026-09-23T22:51:45.815957,True,0.184,0.222,17.53,True
516,2026-09-23T22:51:45.815957,True,0.168,0.187,17.53,True
517,2026-09-23T22:51:45.845641,True,0.301,0.201,17.52,True
517,2026-09-23T22:51:45.845641,True,0.230,0.210,17.52,True
518,2026-09-23T22:51:45.878031,True,0.301,0.237,17.84,True
518,2026-09-23T22:51:45.878031,True,0.230,0.246,17.84,True
519,2026-09-23T22:51:45.909064,True,0.262,0.265,18.02,True
520,2026-09-23T22:51:45.941191,True,0.262,0.257,18.07,True
521,2026-09-23T22:51:45.971840,True,0.230,0.257,17.54,True
522,2026-09-23T22:51:46.001875,True,0.230,0.243,16.51,True
523,2026-09-23T22:51:46.033405,True,0.246,0.246,17.52,True
523,2026-09-23T22:51:46.033405,True,0.168,0.227,17.52,True
523,2026-09-23T22:51:46.033405,True,0.168,0.209,17.52,True
524,2026-09-23T22:51:46.064993,True,0.246,0.212,17.58,True
524,2026-09-23T22:51:46.064993,True,0.168,0.199,17.58,True
524,2026-09-23T22:51:46.064993,True,0.168,0.184,17.58,True
525,2026-09-23T22:51:46.095119,True,0.363,0.223,17.08,True
526,2026-09-23T22:51:46.126645,True,0.363,0.262,17.52,True
527,2026-09-23T22:51:46.158286,True,0.211,0.255,17.07,True
528,2026-09-23T22:51:46.192376,True,0.211,0.263,17.02,True
529,2026-09-23T22:51:46.224619,False,,,17.51,True
530,2026-09-23T22:51:46.255700,False,,,17.06,True
531,2026-09-23T22:51:46.289292,True,0.184,0.266,17.52,True
532,2026-09-23T22:51:46.330827,True,0.184,0.230,16.02,True
533,2026-09-23T22:51:46.361356,True,0.246,0.207,17.01,True
534,2026-09-23T22:51:46.391240,True,0.246,0.214,17.02,True
535,2026-09-23T22:51:46.430484,True,0.184,0.209,17.51,True
536,2026-09-23T22:51:46.468164,True,0.184,0.209,16.98,True
537,2026-09-23T22:51:46.500862,True,0.184,0.209,17.52,True
538,2026-09-23T22:51:46.530882,True,0.184,0.196,17.51,True
539,2026-09-23T22:51:46.561422,False,,,17.02,True
540,2026-09-23T22:51:46.594352,False,,,17.52,True
541,2026-09-23T22:51:46.624634,False,,,17.54,True
542,2026-09-23T22:51:46.657171,False,,,17.52,True
543,2026-09-23T22:51:46.692227,False,,,17.01,True
544,2026-09-23T22:51:46.734282,False,,,17.02,True
545,2026-09-23T22:51:46.765931,True,0.230,0.193,17.53,True
546,2026-09-23T22:51:46.797605,True,0.230,0.202,17.64,True
547,2026-09-23T22:51:46.830643,False,,,16.53,True
548,2026-09-23T22:51:46.860830,False,,,17.59,True
549,2026-09-23T22:51:46.894420,False,,,17.02,True
550,2026-09-23T22:51:46.922371,False,,,16.95,True
551,2026-09-23T22:51:46.971701,False,,,16.56,True
552,2026-09-23T22:51:47.014294,False,,,17.07,True
553,2026-09-23T22:51:47.046182,False,,,17.69,True
554,2026-09-23T22:51:47.074313,False,,,17.02,True
555,2026-09-23T22:51:47.108118,False,,,16.78,True
556,2026-09-23T22:51:47.139217,False,,,17.08,True
557,2026-09-23T22:51:47.167980,False,,,17.52,True
558,2026-09-23T22:51:47.201043,False,,,18.02,True
559,2026-09-23T22:51:47.230696,False,,,17.64,True
560,2026-09-23T22:51:47.260380,False,,,17.17,True
561,2026-09-23T22:51:47.294230,False,,,17.52,True
562,2026-09-23T22:51:47.323422,False,,,17.02,True
563,2026-09-23T22:51:47.357998,False,,,16.52,True
564,2026-09-23T22:51:47.400655,False,,,17.53,True
565,2026-09-23T22:51:47.431913,True,0.168,0.199,17.73,True
566,2026-09-23T22:51:47.459444,True,0.168,0.196,16.87,True
567,2026-09-23T22:51:47.493620,False,,,17.52,True
568,2026-09-23T22:51:47.525344,False,,,18.16,True
569,2026-09-23T22:51:47.565943,False,,,16.57,True
570,2026-09-23T22:51:47.601398,False,,,17.01,True
571,2026-09-23T22:51:47.631917,False,,,17.01,True
572,2026-09-23T22:51:47.663542,False,,,17.11,True
573,2026-09-23T22:51:47.695219,False,,,17.06,True
574,2026-09-23T22:51:47.727355,False,,,17.02,True
575,2026-09-23T22:51:47.758412,False,,,17.04,True
576,2026-09-23T22:51:47.792959,False,,,17.52,True
577,2026-09-23T22:51:47.824384,False,,,17.41,True
578,2026-09-23T22:51:47.857421,False,,,17.02,True
579,2026-09-23T22:51:47.901999,False,,,17.01,True
580,2026-09-23T22:51:47.932926,False,,,18.01,True
581,2026-09-23T22:51:47.975263,False,,,17.31,True
582,2026-09-23T22:51:48.012295,False,,,17.01,True
583,2026-09-23T22:51:48.042328,False,,,17.02,True
584,2026-09-23T22:51:48.076125,False,,,17.02,True
585,2026-09-23T22:51:48.117838,False,,,17.03,True
586,2026-09-23T22:51:48.148521,False,,,17.67,True
587,2026-09-23T22:51:48.179430,True,0.168,0.193,17.40,True
588,2026-09-23T22:51:48.210442,True,0.168,0.180,17.19,True
589,2026-09-23T22:51:48.242072,False,,,18.01,True
590,2026-09-23T22:51:48.274155,False,,,17.02,True
591,2026-09-23T22:51:48.306230,False,,,17.06,True
592,2026-09-23T22:51:48.335268,False,,,17.02,True
593,2026-09-23T22:51:48.368097,False,,,17.53,True
594,2026-09-23T22:51:48.397755,False,,,17.03,True
595,2026-09-23T22:51:48.429293,False,,,16.03,True
596,2026-09-23T22:51:48.461360,False,,,17.02,True
597,2026-09-23T22:51:48.494446,False,,,17.57,True
598,2026-09-23T22:51:48.521939,False,,,16.52,True
599,2026-09-23T22:51:48.558352,False,,,17.02,True
600,2026-09-23T22:51:48.599156,False,,,17.52,True
601,2026-09-23T22:51:48.630494,False,,,17.32,True
602,2026-09-23T22:51:48.660238,False,,,17.10,True
603,2026-09-23T22:51:48.703354,False,,,16.51,True
604,2026-09-23T22:51:48.740382,False,,,17.01,True
605,2026-09-23T22:51:48.774073,False,,,17.02,True
606,2026-09-23T22:51:48.801597,False,,,16.51,True
607,2026-09-23T22:51:48.831737,False,,,17.59,True
608,2026-09-23T22:51:48.863852,False,,,16.60,True
609,2026-09-23T22:51:48.896518,False,,,17.13,True
610,2026-09-23T22:51:48.926071,False,,,17.01,True
611,2026-09-23T22:51:48.960520,False,,,17.44,True
612,2026-09-23T22:51:49.002308,False,,,17.13,True
613,2026-09-23T22:51:49.040078,False,,,16.52,True
614,2026-09-23T22:51:49.079298,False,,,17.21,True
615,2026-09-23T22:51:49.110897,False,,,17.58,True
616,2026-09-23T22:51:49.148254,False,,,17.58,True
617,2026-09-23T22:51:49.193358,False,,,16.57,True
618,2026-09-23T22:51:49.235097,False,,,17.07,True
619,2026-09-23T22:51:49.265137,False,,,17.52,True
620,2026-09-23T22:51:49.295223,False,,,17.02,True
621,2026-09-23T22:51:49.327431,False,,,17.01,True
622,2026-09-23T22:51:49.359293,False,,,17.52,True
623,2026-09-23T22:51:49.391029,False,,,17.60,True
624,2026-09-23T22:51:49.424172,False,,,17.12,True
625,2026-09-23T22:51:49.451605,False,,,16.91,True
626,2026-09-23T22:51:49.484183,False,,,17.02,True
627,2026-09-23T22:51:49.515275,False,,,17.04,True
628,2026-09-23T22:51:49.546188,False,,,17.68,True
629,2026-09-23T22:51:49.578389,False,,,17.71,True
630,2026-09-23T22:51:49.611013,False,,,16.61,True
631,2026-09-23T22:51:49.641125,False,,,17.01,True
632,2026-09-23T22:51:49.673305,False,,,17.06,True
633,2026-09-23T22:51:49.706337,False,,,17.02,True
634,2026-09-23T22:51:49.734361,False,,,17.52,True
635,2026-09-23T22:51:49.774615,False,,,17.63,True
636,2026-09-23T22:51:49.813244,False,,,17.02,True
637,2026-09-23T22:51:49.849892,False,,,18.02,True
638,2026-09-23T22:51:49.893645,False,,,17.52,True
639,2026-09-23T22:51:49.926197,False,,,17.53,True
640,2026-09-23T22:51:49.956231,False,,,17.02,True
641,2026-09-23T22:51:49.989277,False,,,17.52,True
642,2026-09-23T22:51:50.018653,False,,,17.27,True
643,2026-09-23T22:51:50.050183,False,,,17.02,True
644,2026-09-23T22:51:50.079240,False,,,17.04,True
645,2026-09-23T22:51:50.109347,False,,,17.09,True
646,2026-09-23T22:51:50.141390,False,,,17.02,True
647,2026-09-23T22:51:50.178371,True,0.168,0.168,17.40,True
648,2026-09-23T22:51:50.218633,True,0.168,0.168,17.53,True
649,2026-09-23T22:51:50.248169,False,,,17.53,True
650,2026-09-23T22:51:50.277270,False,,,17.08,True
651,2026-09-23T22:51:50.311910,False,,,18.62,True
652,2026-09-23T22:51:50.341219,False,,,17.02,True
653,2026-09-23T22:51:50.374345,True,0.199,0.174,17.29,True
654,2026-09-23T22:51:50.406708,True,0.199,0.180,17.35,True
655,2026-09-23T22:51:50.434276,False,,,17.02,True
656,2026-09-23T22:51:50.466076,False,,,17.52,True
657,2026-09-23T22:51:50.509980,True,0.211,0.189,16.82,True
658,2026-09-23T22:51:50.543052,True,0.211,0.198,17.01,True
659,2026-09-23T22:51:50.577139,False,,,18.03,True
660,2026-09-23T22:51:50.607288,False,,,18.13,True
661,2026-09-23T22:51:50.640347,False,,,16.98,True
662,2026-09-23T22:51:50.667164,False,,,16.56,True
663,2026-09-23T22:51:50.701723,False,,,16.52,True
664,2026-09-23T22:51:50.744410,False,,,17.02,True
665,2026-09-23T22:51:50.776047,False,,,17.07,True
666,2026-09-23T22:51:50.806094,False,,,17.03,True
667,2026-09-23T22:51:50.839135,False,,,17.02,True
668,2026-09-23T22:51:50.867911,False,,,17.56,True
669,2026-09-23T22:51:50.910639,False,,,17.62,True
670,2026-09-23T22:51:50.947944,False,,,17.02,True
671,2026-09-23T22:51:50.978156,False,,,16.70,True
672,2026-09-23T22:51:51.009421,False,,,17.25,True
673,2026-09-23T22:51:51.042963,False,,,17.01,True
674,2026-09-23T22:51:51.074055,False,,,16.64,True
675,2026-09-23T22:51:51.102077,True,0.230,0.210,17.01,True
676,2026-09-23T22:51:51.131839,True,0.230,0.216,17.52,True
677,2026-09-23T22:51:51.166895,False,,,17.03,True
678,2026-09-23T22:51:51.195290,False,,,16.62,True
679,2026-09-23T22:51:51.247470,False,,,16.24,True
680,2026-09-23T22:51:51.291041,False,,,18.02,True
681,2026-09-23T22:51:51.319072,False,,,17.52,True
682,2026-09-23T22:51:51.352282,False,,,17.17,True
683,2026-09-23T22:51:51.380911,False,,,16.55,True
684,2026-09-23T22:51:51.415087,False,,,17.59,True
685,2026-09-23T22:51:51.448224,True,0.168,0.210,20.07,True
686,2026-09-23T22:51:51.477303,True,0.168,0.202,17.03,True
687,2026-09-23T22:51:51.508358,False,,,17.03,True
688,2026-09-23T22:51:51.540397,False,,,17.02,True
689,2026-09-23T22:51:51.574006,False,,,17.05,True
690,2026-09-23T22:51:51.601559,False,,,16.54,True
691,2026-09-23T22:51:51.645213,False,,,17.02,True
692,2026-09-23T22:51:51.677380,False,,,17.04,True
693,2026-09-23T22:51:51.710414,False,,,17.01,True
694,2026-09-23T22:51:51.741218,False,,,17.02,True
695,2026-09-23T22:51:51.774407,False,,,17.18,True
696,2026-09-23T22:51:51.802941,False,,,17.52,True
697,2026-09-23T22:51:51.843543,True,0.246,0.209,17.51,True
697,2026-09-23T22:51:51.843543,True,0.230,0.209,17.51,True
697,2026-09-23T22:51:51.843543,True,0.211,0.205,17.51,True
698,2026-09-23T22:51:51.881618,True,0.246,0.220,17.54,True
698,2026-09-23T22:51:51.881618,True,0.230,0.233,17.54,True
698,2026-09-23T22:51:51.881618,True,0.211,0.226,17.54,True
699,2026-09-23T22:51:51.914661,True,0.199,0.220,17.03,True
700,2026-09-23T22:51:51.948710,True,0.199,0.217,18.04,True
701,2026-09-23T22:51:51.981838,False,,,17.54,True
702,2026-09-23T22:51:52.024391,False,,,17.01,True
703,2026-09-23T22:51:52.057427,False,,,18.02,True
704,2026-09-23T22:51:52.085970,False,,,17.03,True
705,2026-09-23T22:51:52.115061,False,,,17.55,True
706,2026-09-23T22:51:52.147678,True,0.168,0.202,17.07,True
707,2026-09-23T22:51:52.178239,False,,,17.05,True
708,2026-09-23T22:51:52.209277,False,,,17.02,True
709,2026-09-23T22:51:52.242244,True,0.363,0.228,17.51,True
710,2026-09-23T22:51:52.274088,True,0.363,0.259,17.01,True
711,2026-09-23T22:51:52.302998,False,,,17.89,True
712,2026-09-23T22:51:52.333046,False,,,17.01,True
713,2026-09-23T22:51:52.381551,False,,,17.52,True
714,2026-09-23T22:51:52.409110,False,,,17.05,True
715,2026-09-23T22:51:52.446130,False,,,17.28,True
716,2026-09-23T22:51:52.488224,False,,,18.03,True
717,2026-09-23T22:51:52.518252,False,,,17.52,True
718,2026-09-23T22:51:52.547780,False,,,17.02,True
719,2026-09-23T22:51:52.578367,False,,,17.07,True
720,2026-09-23T22:51:52.610057,False,,,16.68,True
721,2026-09-23T22:51:52.641186,True,0.430,0.305,17.01,True
722,2026-09-23T22:51:52.672257,True,0.430,0.351,17.01,True
723,2026-09-23T22:51:52.718171,True,0.262,0.370,17.52,True
724,2026-09-23T22:51:52.749271,True,0.262,0.349,17.55,True
725,2026-09-23T22:51:52.781511,False,,,17.02,True
726,2026-09-23T22:51:52.811146,False,,,17.02,True
727,2026-09-23T22:51:52.848315,False,,,17.64,True
728,2026-09-23T22:51:52.875868,False,,,17.53,True
729,2026-09-23T22:51:52.907221,False,,,17.09,True
730,2026-09-23T22:51:52.936260,False,,,17.52,True
731,2026-09-23T22:51:52.976108,False,,,17.07,True
732,2026-09-23T22:51:53.014291,False,,,17.13,True
733,2026-09-23T22:51:53.048561,False,,,17.25,True
734,2026-09-23T22:51:53.090186,False,,,17.54,True
735,2026-09-23T22:51:53.123302,False,,,17.05,True
736,2026-09-23T22:51:53.156369,False,,,17.05,True
737,2026-09-23T22:51:53.187397,False,,,17.52,True
738,2026-09-23T22:51:53.216605,False,,,17.20,True
739,2026-09-23T22:51:53.246152,False,,,17.04,True
740,2026-09-23T22:51:53.278963,False,,,17.73,True
741,2026-09-23T22:51:53.309495,False,,,17.52,True
742,2026-09-23T22:51:53.341053,False,,,18.03,True
743,2026-09-23T22:51:53.373660,False,,,16.55,True
744,2026-09-23T22:51:53.406073,False,,,16.83,True
745,2026-09-23T22:51:53.440947,False,,,17.85,True
746,2026-09-23T22:51:53.480620,False,,,16.53,True
747,2026-09-23T22:51:53.518751,False,,,17.52,True
748,2026-09-23T22:51:53.559300,False,,,17.02,True
749,2026-09-23T22:51:53.590368,False,,,17.44,True
750,2026-09-23T22:51:53.623065,False,,,18.01,True
751,2026-09-23T22:51:53.652125,False,,,17.01,True
752,2026-09-23T22:51:53.683416,False,,,17.04,True
753,2026-09-23T22:51:53.714960,False,,,17.53,True
754,2026-09-23T22:51:53.747544,False,,,17.04,True
755,2026-09-23T22:51:53.776576,False,,,17.52,True
756,2026-09-23T22:51:53.808070,False,,,17.52,True
757,2026-09-23T22:51:53.854972,False,,,16.66,True
758,2026-09-23T22:51:53.885297,False,,,17.16,True
759,2026-09-23T22:51:53.917978,True,0.168,0.310,17.52,True
760,2026-09-23T22:51:53.963573,True,0.168,0.258,17.52,True
761,2026-09-23T22:51:53.991365,True,0.168,0.205,17.01,True
762,2026-09-23T22:51:54.021947,False,,,16.52,True
763,2026-09-23T22:51:54.056420,False,,,17.16,True
764,2026-09-23T22:51:54.100715,True,0.281,0.209,17.53,True
765,2026-09-23T22:51:54.129287,True,0.281,0.213,17.06,True
766,2026-09-23T22:51:54.161959,True,0.281,0.236,16.65,True
767,2026-09-23T22:51:54.193530,True,0.281,0.259,17.51,True
768,2026-09-23T22:51:54.224445,True,0.281,0.281,17.29,True
769,2026-09-23T22:51:54.257492,True,0.406,0.306,17.52,True
769,2026-09-23T22:51:54.257492,True,0.156,0.281,17.52,True
770,2026-09-23T22:51:54.291220,True,0.406,0.306,17.02,True
770,2026-09-23T22:51:54.291220,True,0.156,0.281,17.02,True
771,2026-09-23T22:51:54.322093,True,0.320,0.289,17.05,True
771,2026-09-23T22:51:54.322093,True,0.301,0.268,17.05,True
772,2026-09-23T22:51:54.350290,True,0.320,0.301,17.12,True
772,2026-09-23T22:51:54.350290,True,0.301,0.280,17.12,True
773,2026-09-23T22:51:54.381937,True,0.320,0.312,17.52,True
773,2026-09-23T22:51:54.381937,True,0.301,0.309,17.52,True
774,2026-09-23T22:51:54.410424,True,0.363,0.321,17.12,True
774,2026-09-23T22:51:54.410424,True,0.301,0.317,17.12,True
775,2026-09-23T22:51:54.444017,True,0.363,0.330,17.20,True
775,2026-09-23T22:51:54.444017,True,0.301,0.326,17.20,True
776,2026-09-23T22:51:54.474637,True,0.199,0.305,17.51,True
777,2026-09-23T22:51:54.506206,True,0.199,0.273,16.88,True
778,2026-09-23T22:51:54.535240,True,0.500,0.312,17.52,True
779,2026-09-23T22:51:54.590322,True,0.523,0.345,16.92,True
780,2026-09-23T22:51:54.628387,True,0.523,0.389,17.03,True
781,2026-09-23T22:51:54.660034,True,0.453,0.440,17.63,True
782,2026-09-23T22:51:54.690094,True,0.453,0.491,17.04,True
783,2026-09-23T22:51:54.722168,True,0.453,0.481,17.01,True
784,2026-09-23T22:51:54.751598,True,0.246,0.426,17.01,True
785,2026-09-23T22:51:54.785144,True,0.246,0.370,17.02,True
786,2026-09-23T22:51:54.815785,True,0.230,0.326,17.55,True
787,2026-09-23T22:51:54.846319,True,0.230,0.281,17.03,True
788,2026-09-23T22:51:54.877879,True,0.211,0.233,17.04,True
789,2026-09-23T22:51:54.911158,True,0.211,0.226,17.01,True
790,2026-09-23T22:51:54.939327,False,,,17.02,True
791,2026-09-23T22:51:54.992429,True,0.199,0.216,17.01,True
792,2026-09-23T22:51:55.033351,True,0.199,0.210,17.22,True
793,2026-09-23T22:51:55.064060,True,0.199,0.204,17.68,True
794,2026-09-23T22:51:55.094348,True,0.199,0.202,19.73,True
795,2026-09-23T22:51:55.124502,True,0.199,0.199,17.61,True
796,2026-09-23T22:51:55.156995,True,0.199,0.199,17.52,True
797,2026-09-23T22:51:55.185075,True,0.199,0.199,17.06,True
798,2026-09-23T22:51:55.215111,True,0.199,0.199,17.51,True
799,2026-09-23T22:51:55.248179,True,0.199,0.199,17.58,True
800,2026-09-23T22:51:55.278406,True,0.246,0.209,17.07,True
801,2026-09-23T22:51:55.308163,True,0.246,0.218,16.74,True
802,2026-09-23T22:51:55.338697,False,,,17.52,True
803,2026-09-23T22:51:55.390299,True,0.184,0.215,16.57,True
804,2026-09-23T22:51:55.430909,True,0.184,0.212,17.01,True
805,2026-09-23T22:51:55.462067,True,0.184,0.209,17.01,True
806,2026-09-23T22:51:55.493262,False,,,17.51,True
807,2026-09-23T22:51:55.525345,False,,,17.02,True
808,2026-09-23T22:51:55.556381,True,0.168,0.193,17.02,True
809,2026-09-23T22:51:55.590407,True,0.168,0.177,17.02,True
810,2026-09-23T22:51:55.619443,True,0.500,0.241,18.02,True
811,2026-09-23T22:51:55.650545,True,0.500,0.304,16.59,True
812,2026-09-23T22:51:55.681078,True,0.230,0.313,17.01,True
813,2026-09-23T22:51:55.711623,True,0.230,0.326,16.53,True
814,2026-09-23T22:51:55.742166,True,0.453,0.383,17.51,True
815,2026-09-23T22:51:55.791248,True,0.613,0.405,17.84,True
816,2026-09-23T22:51:55.823299,True,0.613,0.428,17.51,True
817,2026-09-23T22:51:55.856340,True,0.613,0.505,17.02,True
818,2026-09-23T22:51:55.898711,True,0.637,0.586,17.84,True
818,2026-09-23T22:51:55.898711,True,0.211,0.537,17.84,True
819,2026-09-23T22:51:55.930785,True,0.637,0.542,17.63,True
819,2026-09-23T22:51:55.930785,True,0.211,0.462,17.63,True
820,2026-09-23T22:51:55.970816,True,0.613,0.462,17.51,True
820,2026-09-23T22:51:55.970816,True,0.246,0.384,17.51,True
821,2026-09-23T22:51:56.006633,True,0.613,0.464,17.30,True
821,2026-09-23T22:51:56.006633,True,0.246,0.386,17.30,True
822,2026-09-23T22:51:56.040286,True,0.344,0.412,17.05,True
823,2026-09-23T22:51:56.083346,True,0.344,0.359,16.52,True
824,2026-09-23T22:51:56.113438,True,0.230,0.355,17.59,True
825,2026-09-23T22:51:56.145225,True,0.230,0.279,17.30,True
826,2026-09-23T22:51:56.174295,False,,,17.06,True
827,2026-09-23T22:51:56.206851,False,,,17.54,True
828,2026-09-23T22:51:56.240400,True,0.184,0.266,17.02,True
829,2026-09-23T22:51:56.268114,True,0.184,0.234,17.52,True
830,2026-09-23T22:51:56.300930,False,,,17.52,True
831,2026-09-23T22:51:56.330679,False,,,16.46,True
832,2026-09-23T22:51:56.361300,True,0.211,0.208,18.02,True
833,2026-09-23T22:51:56.390351,True,0.211,0.204,17.02,True
834,2026-09-23T22:51:56.423453,False,,,17.52,True
835,2026-09-23T22:51:56.450929,False,,,16.92,True
836,2026-09-23T22:51:56.484272,False,,,17.02,True
837,2026-09-23T22:51:56.511913,False,,,17.61,True
838,2026-09-23T22:51:56.545216,False,,,17.02,True
839,2026-09-23T22:51:56.575363,False,,,17.02,True
840,2026-09-23T22:51:56.608914,False,,,17.54,True
841,2026-09-23T22:51:56.641022,False,,,18.03,True
842,2026-09-23T22:51:56.669069,False,,,17.52,True
843,2026-09-23T22:51:56.701016,False,,,17.60,True
844,2026-09-23T22:51:56.731601,False,,,17.55,True
845,2026-09-23T22:51:56.763138,False,,,17.01,True
846,2026-09-23T22:51:56.798770,False,,,18.03,True
847,2026-09-23T22:51:56.826018,False,,,16.56,True
848,2026-09-23T22:51:56.861059,True,0.211,0.200,17.01,True
849,2026-09-23T22:51:56.907834,True,0.211,0.205,16.57,True
850,2026-09-23T22:51:56.950898,True,0.211,0.211,17.51,True
851,2026-09-23T22:51:56.980922,True,0.211,0.211,16.02,True
852,2026-09-23T22:51:57.012391,True,0.230,0.215,17.03,True
853,2026-09-23T22:51:57.042423,True,0.230,0.219,17.01,True
854,2026-09-23T22:51:57.079323,True,0.168,0.210,17.41,True
855,2026-09-23T22:51:57.127118,True,0.168,0.202,17.52,True
856,2026-09-23T22:51:57.164677,True,0.199,0.199,17.53,True
857,2026-09-23T22:51:57.198151,True,0.199,0.193,17.46,True
858,2026-09-23T22:51:57.227187,False,,,16.52,True
859,2026-09-23T22:51:57.258359,False,,,17.16,True
860,2026-09-23T22:51:57.289400,True,0.230,0.193,17.53,True
861,2026-09-23T22:51:57.322225,True,0.230,0.205,17.01,True
862,2026-09-23T22:51:57.350328,False,,,17.09,True
863,2026-09-23T22:51:57.380863,False,,,17.01,True
864,2026-09-23T22:51:57.409911,True,0.246,0.221,17.54,True
865,2026-09-23T22:51:57.442155,True,0.246,0.230,17.41,True
866,2026-09-23T22:51:57.475411,True,0.184,0.227,17.03,True
867,2026-09-23T22:51:57.506719,True,0.184,0.218,17.30,True
868,2026-09-23T22:51:57.541270,True,0.246,0.221,18.02,True
869,2026-09-23T22:51:57.567810,True,0.246,0.221,17.02,True
870,2026-09-23T22:51:57.600484,True,0.246,0.221,17.16,True
871,2026-09-23T22:51:57.631938,True,0.246,0.234,17.01,True
872,2026-09-23T22:51:57.665120,False,,,16.82,True
873,2026-09-23T22:51:57.696225,False,,,16.60,True
874,2026-09-23T22:51:57.726257,False,,,17.02,True
875,2026-09-23T22:51:57.756292,False,,,17.02,True
876,2026-09-23T22:51:57.792322,False,,,17.02,True
877,2026-09-23T22:51:57.831941,False,,,16.01,True
878,2026-09-23T22:51:57.865039,False,,,16.56,True
879,2026-09-23T22:51:57.895078,False,,,17.02,True
880,2026-09-23T22:51:57.934708,True,0.168,0.230,17.52,True
881,2026-09-23T22:51:57.974320,True,0.168,0.215,17.02,True
882,2026-09-23T22:51:58.006853,False,,,17.52,True
883,2026-09-23T22:51:58.040408,False,,,17.02,True
884,2026-09-23T22:51:58.068729,False,,,17.53,True
885,2026-09-23T22:51:58.101768,False,,,18.52,True
886,2026-09-23T22:51:58.131803,False,,,17.01,True
887,2026-09-23T22:51:58.161442,False,,,17.11,True
888,2026-09-23T22:51:58.193493,True,0.230,0.212,17.52,True
889,2026-09-23T22:51:58.224227,True,0.230,0.209,17.52,True
890,2026-09-23T22:51:58.256263,True,0.363,0.232,17.02,True
891,2026-09-23T22:51:58.286364,True,0.363,0.271,17.03,True
892,2026-09-23T22:51:58.334233,True,0.301,0.298,17.06,True
893,2026-09-23T22:51:58.363288,True,0.301,0.312,17.05,True
894,2026-09-23T22:51:58.397822,True,0.301,0.326,17.02,True
895,2026-09-23T22:51:58.426369,True,0.301,0.313,17.53,True
896,2026-09-23T22:51:58.462417,True,0.168,0.274,17.01,True
897,2026-09-23T22:51:58.501956,True,0.168,0.248,17.52,True
898,2026-09-23T22:51:58.531839,False,,,17.01,True
899,2026-09-23T22:51:58.564844,False,,,17.53,True
900,2026-09-23T22:51:58.594371,False,,,17.02,True
901,2026-09-23T22:51:58.624499,False,,,16.58,True
902,2026-09-23T22:51:58.672231,False,,,17.05,True
903,2026-09-23T22:51:58.704267,False,,,17.02,True
904,2026-09-23T22:51:58.735271,False,,,17.53,True
905,2026-09-23T22:51:58.764942,False,,,17.63,True
906,2026-09-23T22:51:58.798467,False,,,17.66,True
907,2026-09-23T22:51:58.826081,False,,,17.60,True
908,2026-09-23T22:51:58.861272,False,,,17.08,True
909,2026-09-23T22:51:58.890021,False,,,17.01,True
910,2026-09-23T22:51:58.926098,False,,,17.54,True
911,2026-09-23T22:51:58.967122,False,,,17.05,True
912,2026-09-23T22:51:58.997160,False,,,16.53,True
913,2026-09-23T22:51:59.029470,False,,,16.52,True
914,2026-09-23T22:51:59.071794,False,,,17.51,True
915,2026-09-23T22:51:59.108867,False,,,17.55,True
916,2026-09-23T22:51:59.143406,True,0.156,0.219,17.01,True
917,2026-09-23T22:51:59.171939,True,0.156,0.190,16.52,True
918,2026-09-23T22:51:59.207150,False,,,17.52,True
919,2026-09-23T22:51:59.247805,False,,,16.52,True
920,2026-09-23T22:51:59.278348,True,0.301,0.190,17.03,True
921,2026-09-23T22:51:59.309493,True,0.301,0.216,17.13,True
922,2026-09-23T22:51:59.342024,True,0.246,0.232,17.01,True
923,2026-09-23T22:51:59.372063,True,0.246,0.250,17.01,True
924,2026-09-23T22:51:59.408710,True,0.184,0.255,17.53,True
925,2026-09-23T22:51:59.450596,True,0.184,0.232,17.58,True
926,2026-09-23T22:51:59.480949,True,0.184,0.209,17.85,True
927,2026-09-23T22:51:59.511555,True,0.184,0.196,16.28,True
928,2026-09-23T22:51:59.543141,False,,,16.01,True
929,2026-09-23T22:51:59.574110,False,,,17.52,True
930,2026-09-23T22:51:59.606455,False,,,17.33,True
931,2026-09-23T22:51:59.640179,False,,,17.07,True
932,2026-09-23T22:51:59.683701,False,,,17.51,True
933,2026-09-23T22:51:59.711708,False,,,16.50,True
934,2026-09-23T22:51:59.744295,False,,,17.07,True
935,2026-09-23T22:51:59.774859,False,,,17.56,True
936,2026-09-23T22:51:59.806319,False,,,16.09,True
937,2026-09-23T22:51:59.840365,False,,,17.02,True
938,2026-09-23T22:51:59.872132,False,,,17.05,True
939,2026-09-23T22:51:59.900609,False,,,19.04,True
940,2026-09-23T22:51:59.933371,False,,,17.02,True
941,2026-09-23T22:51:59.976408,False,,,17.01,True
942,2026-09-23T22:52:00.008941,False,,,17.52,True
943,2026-09-23T22:52:00.039401,False,,,17.02,True
944,2026-09-23T22:52:00.072266,False,,,16.55,True
945,2026-09-23T22:52:00.101411,False,,,17.15,True
946,2026-09-23T22:52:00.143232,False,,,17.51,True
947,2026-09-23T22:52:00.178322,False,,,17.02,True
948,2026-09-23T22:52:00.209572,False,,,17.24,True
949,2026-09-23T22:52:00.241605,False,,,16.96,True
950,2026-09-23T22:52:00.274705,False,,,17.57,True
951,2026-09-23T22:52:00.304232,False,,,17.52,True
952,2026-09-23T22:52:00.334408,False,,,17.52,True
953,2026-09-23T22:52:00.363427,False,,,17.52,True
954,2026-09-23T22:52:00.398064,False,,,17.52,True
955,2026-09-23T22:52:00.425161,False,,,17.08,True
956,2026-09-23T22:52:00.461089,False,,,16.84,True
957,2026-09-23T22:52:00.506628,False,,,16.52,True
958,2026-09-23T22:52:00.550765,False,,,16.57,True
959,2026-09-23T22:52:00.583296,False,,,16.01,True
960,2026-09-23T22:52:00.611815,False,,,16.51,True
961,2026-09-23T22:52:00.645355,False,,,18.02,True
962,2026-09-23T22:52:00.674975,False,,,16.51,True
963,2026-09-23T22:52:00.708255,False,,,17.26,True
964,2026-09-23T22:52:00.740703,False,,,17.02,True
965,2026-09-23T22:52:00.771725,False,,,16.51,True
966,2026-09-23T22:52:00.801795,False,,,16.55,True
967,2026-09-23T22:52:00.831835,False,,,17.01,True
968,2026-09-23T22:52:00.878372,False,,,17.03,True
969,2026-09-23T22:52:00.910912,False,,,17.52,True
970,2026-09-23T22:52:00.939972,False,,,17.52,True
971,2026-09-23T22:52:00.981612,False,,,17.55,True
972,2026-09-23T22:52:01.021885,False,,,17.52,True
973,2026-09-23T22:52:01.055434,False,,,20.03,True
974,2026-09-23T22:52:01.083426,False,,,17.18,True
975,2026-09-23T22:52:01.114016,False,,,17.57,True
976,2026-09-23T22:52:01.145354,False,,,17.09,True
977,2026-09-23T22:52:01.176424,False,,,18.03,True
978,2026-09-23T22:52:01.206453,False,,,17.02,True
979,2026-09-23T22:52:01.240207,False,,,17.16,True
980,2026-09-23T22:52:01.279238,False,,,18.02,True
981,2026-09-23T22:52:01.314828,False,,,17.55,True
982,2026-09-23T22:52:01.344353,False,,,17.02,True
983,2026-09-23T22:52:01.377182,False,,,18.06,True
984,2026-09-23T22:52:01.407226,False,,,18.03,True
985,2026-09-23T22:52:01.442299,False,,,19.19,True
986,2026-09-23T22:52:01.467511,False,,,17.64,True
987,2026-09-23T22:52:01.503055,False,,,18.02,True
988,2026-09-23T22:52:01.536344,False,,,19.53,True
989,2026-09-23T22:52:01.564931,False,,,17.58,True
990,2026-09-23T22:52:01.615928,False,,,18.61,True
991,2026-09-23T22:52:01.656045,False,,,17.60,True
992,2026-09-23T22:52:01.688117,False,,,18.05,True
993,2026-09-23T22:52:01.717099,False,,,18.04,True
994,2026-09-23T22:52:01.751715,False,,,18.56,True
995,2026-09-23T22:52:01.780824,False,,,17.60,True
996,2026-09-23T22:52:01.813363,False,,,18.02,True
997,2026-09-23T22:52:01.845446,False,,,18.02,True
998,2026-09-23T22:52:01.875594,False,,,18.14,True
999,2026-09-23T22:52:01.906175,False,,,18.06,True
1000,2026-09-23T22:52:01.936267,False,,,18.03,True
1001,2026-09-23T22:52:01.968932,False,,,18.02,True
1002,2026-09-23T22:52:02.014207,False,,,17.90,True
1003,2026-09-23T22:52:02.046240,False,,,18.02,True
1004,2026-09-23T22:52:02.079051,False,,,18.07,True
1005,2026-09-23T22:52:02.107081,False,,,18.02,True
1006,2026-09-23T22:52:02.138065,False,,,17.52,True
1007,2026-09-23T22:52:02.172168,False,,,19.05,True
1008,2026-09-23T22:52:02.211844,False,,,21.53,True
1009,2026-09-23T22:52:02.254013,False,,,20.63,True
1010,2026-09-23T22:52:02.296287,False,,,17.72,True
1011,2026-09-23T22:52:02.326155,False,,,17.52,True
1012,2026-09-23T22:52:02.357407,False,,,18.24,True
1013,2026-09-23T22:52:02.388427,False,,,18.52,True
1014,2026-09-23T22:52:02.419142,True,0.199,0.187,18.65,True
1015,2026-09-23T22:52:02.451510,True,0.199,0.190,18.11,True
1016,2026-09-23T22:52:02.481044,True,0.199,0.193,18.03,True
1017,2026-09-23T22:52:02.511523,True,0.184,0.193,17.57,True
1018,2026-09-23T22:52:02.542274,True,0.184,0.193,18.63,True
1019,2026-09-23T22:52:02.570804,False,,,17.52,True
1020,2026-09-23T22:52:02.607340,False,,,18.02,True
1021,2026-09-23T22:52:02.650764,False,,,17.39,True
1022,2026-09-23T22:52:02.681817,False,,,17.52,True
1023,2026-09-23T22:52:02.711865,False,,,17.52,True
1024,2026-09-23T22:52:02.751919,True,0.246,0.202,18.52,True
1025,2026-09-23T22:52:02.790362,True,0.246,0.212,18.43,True
1026,2026-09-23T22:52:02.823142,False,,,18.03,True
1027,2026-09-23T22:52:02.859690,False,,,23.50,True
1028,2026-09-23T22:52:02.900735,False,,,17.52,True
1029,2026-09-23T22:52:02.933390,False,,,17.01,True
1030,2026-09-23T22:52:02.963412,False,,,18.01,True
1031,2026-09-23T22:52:02.995959,True,0.211,0.214,18.52,True
1031,2026-09-23T22:52:02.995959,True,0.184,0.214,18.52,True
1032,2026-09-23T22:52:03.026997,True,0.199,0.217,18.02,True
1032,2026-09-23T22:52:03.026997,True,0.199,0.208,18.02,True
1033,2026-09-23T22:52:03.059179,True,0.199,0.198,18.17,True
1033,2026-09-23T22:52:03.059179,True,0.199,0.196,18.17,True
1034,2026-09-23T22:52:03.090426,True,0.199,0.199,18.31,True
1035,2026-09-23T22:52:03.120540,True,0.199,0.199,17.52,True
1036,2026-09-23T22:52:03.153527,False,,,18.47,True
1037,2026-09-23T22:52:03.183156,False,,,18.02,True
1038,2026-09-23T22:52:03.214896,False,,,17.71,True
1039,2026-09-23T22:52:03.245427,False,,,18.03,True
1040,2026-09-23T22:52:03.273080,False,,,18.06,True
1041,2026-09-23T22:52:03.307181,True,0.387,0.237,18.02,True
1041,2026-09-23T22:52:03.307181,True,0.281,0.253,18.02,True
1042,2026-09-23T22:52:03.341031,True,0.387,0.291,18.02,True
1042,2026-09-23T22:52:03.341031,True,0.281,0.307,18.02,True
1043,2026-09-23T22:52:03.372101,True,0.301,0.327,19.51,True
1044,2026-09-23T22:52:03.408720,True,0.168,0.284,19.50,True
1045,2026-09-23T22:52:03.449452,True,0.168,0.261,18.93,True
1046,2026-09-23T22:52:03.486270,True,0.184,0.220,18.19,True
1047,2026-09-23T22:52:03.525380,True,0.184,0.201,18.03,True
1048,2026-09-23T22:52:03.557029,False,,,17.64,True
1049,2026-09-23T22:52:03.590142,False,,,18.04,True
1050,2026-09-23T22:52:03.618984,False,,,18.54,True
1051,2026-09-23T22:52:03.651029,False,,,18.02,True
1052,2026-09-23T22:52:03.680588,False,,,18.55,True
1053,2026-09-23T22:52:03.709954,False,,,17.63,True
1054,2026-09-23T22:52:03.739236,False,,,18.26,True
1055,2026-09-23T22:52:03.771797,False,,,17.51,True
1056,2026-09-23T22:52:03.807382,False,,,18.07,True
1057,2026-09-23T22:52:03.835427,False,,,18.52,True
1058,2026-09-23T22:52:03.886426,False,,,18.33,True
1059,2026-09-23T22:52:03.928983,False,,,18.52,True
1060,2026-09-23T22:52:03.960519,False,,,17.52,True
1061,2026-09-23T22:52:03.989196,False,,,18.07,True
1062,2026-09-23T22:52:04.021722,False,,,18.51,True
1063,2026-09-23T22:52:04.051757,False,,,18.52,True
1064,2026-09-23T22:52:04.081811,False,,,17.52,True
1065,2026-09-23T22:52:04.112957,False,,,18.63,True
1066,2026-09-23T22:52:04.147526,False,,,20.54,True
1067,2026-09-23T22:52:04.189375,False,,,18.03,True
1068,2026-09-23T22:52:04.223139,False,,,17.71,True
1069,2026-09-23T22:52:04.254020,False,,,18.59,True
1070,2026-09-23T22:52:04.287233,True,0.430,0.227,19.15,True
1071,2026-09-23T22:52:04.316899,True,0.430,0.279,18.53,True
1072,2026-09-23T22:52:04.347937,True,0.430,0.331,18.53,True
1073,2026-09-23T22:52:04.378015,True,0.262,0.347,18.27,True
1074,2026-09-23T22:52:04.409605,True,0.262,0.362,18.57,True
1075,2026-09-23T22:52:04.439154,False,,,17.52,True
1076,2026-09-23T22:52:04.471957,False,,,17.52,True
1077,2026-09-23T22:52:04.504018,False,,,19.02,True
1078,2026-09-23T22:52:04.534066,False,,,19.53,True
1079,2026-09-23T22:52:04.566160,False,,,18.52,True
1080,2026-09-23T22:52:04.623161,False,,,17.88,True
1081,2026-09-23T22:52:04.659212,False,,,18.03,True
1082,2026-09-23T22:52:04.690438,False,,,19.03,True
1083,2026-09-23T22:52:04.723228,False,,,18.01,True
1084,2026-09-23T22:52:04.766848,False,,,18.53,True
1085,2026-09-23T22:52:04.797883,False,,,18.53,True
1086,2026-09-23T22:52:04.828428,False,,,18.53,True
1087,2026-09-23T22:52:04.860226,False,,,18.07,True
1088,2026-09-23T22:52:04.893244,False,,,18.02,True
1089,2026-09-23T22:52:04.927458,False,,,19.05,True
1090,2026-09-23T22:52:04.984047,False,,,19.05,True
1091,2026-09-23T22:52:05.014163,False,,,18.03,True
1092,2026-09-23T22:52:05.041191,False,,,17.89,True
1093,2026-09-23T22:52:05.076320,False,,,18.10,True
1094,2026-09-23T22:52:05.106960,False,,,17.62,True
1095,2026-09-23T22:52:05.138391,False,,,17.52,True
1096,2026-09-23T22:52:05.170927,False,,,17.52,True
1097,2026-09-23T22:52:05.203278,True,0.262,0.329,18.02,True
1098,2026-09-23T22:52:05.232342,True,0.262,0.295,17.01,True
1099,2026-09-23T22:52:05.264915,False,,,17.53,True
1100,2026-09-23T22:52:05.293298,False,,,17.87,True
1101,2026-09-23T22:52:05.325399,False,,,17.01,True
1102,2026-09-23T22:52:05.359444,False,,,18.02,True
1103,2026-09-23T22:52:05.388036,False,,,17.08,True
1104,2026-09-23T22:52:05.422145,False,,,17.06,True
1105,2026-09-23T22:52:05.451113,False,,,17.92,True
1106,2026-09-23T22:52:05.481725,False,,,17.45,True
1107,2026-09-23T22:52:05.514817,False,,,17.56,True
1108,2026-09-23T22:52:05.544350,False,,,17.02,True
1109,2026-09-23T22:52:05.576380,False,,,17.01,True
1110,2026-09-23T22:52:05.607413,False,,,17.02,True
1111,2026-09-23T22:52:05.636451,False,,,17.52,True
1112,2026-09-23T22:52:05.668981,False,,,18.52,True
1113,2026-09-23T22:52:05.697229,False,,,16.59,True
1114,2026-09-23T22:52:05.727466,False,,,17.03,True
1115,2026-09-23T22:52:05.759002,False,,,17.52,True
1116,2026-09-23T22:52:05.789071,False,,,17.04,True
1117,2026-09-23T22:52:05.822218,False,,,17.07,True
1118,2026-09-23T22:52:05.852068,False,,,17.01,True
1119,2026-09-23T22:52:05.886395,False,,,17.53,True
1120,2026-09-23T22:52:05.912242,False,,,17.02,True
1121,2026-09-23T22:52:05.950247,False,,,17.01,True
1122,2026-09-23T22:52:05.990354,False,,,17.02,True
1123,2026-09-23T22:52:06.020903,True,0.230,0.255,17.52,True
1123,2026-09-23T22:52:06.020903,True,0.168,0.237,17.52,True
1124,2026-09-23T22:52:06.052436,True,0.230,0.230,17.01,True
1124,2026-09-23T22:52:06.052436,True,0.168,0.212,17.01,True
1125,2026-09-23T22:52:06.094515,True,0.246,0.209,17.52,True
1125,2026-09-23T22:52:06.094515,True,0.230,0.209,17.52,True
1125,2026-09-23T22:52:06.094515,True,0.168,0.209,17.52,True
1126,2026-09-23T22:52:06.130589,True,0.246,0.212,17.54,True
1126,2026-09-23T22:52:06.130589,True,0.230,0.224,17.54,True
1126,2026-09-23T22:52:06.130589,True,0.168,0.209,17.54,True
1127,2026-09-23T22:52:06.161021,True,0.246,0.212,16.87,True
1127,2026-09-23T22:52:06.161021,True,0.184,0.215,16.87,True
1128,2026-09-23T22:52:06.192068,True,0.246,0.215,17.01,True
1128,2026-09-23T22:52:06.192068,True,0.184,0.205,17.01,True
1129,2026-09-23T22:52:06.223410,True,0.246,0.221,17.01,True
1130,2026-09-23T22:52:06.254445,True,0.246,0.221,17.02,True
1131,2026-09-23T22:52:06.286136,True,0.199,0.224,17.17,True
1132,2026-09-23T22:52:06.316842,True,0.199,0.215,17.53,True
1133,2026-09-23T22:52:06.350876,True,0.184,0.215,17.52,True
1134,2026-09-23T22:52:06.378410,True,0.184,0.202,17.03,True
1135,2026-09-23T22:52:06.429276,True,0.246,0.202,16.31,True
1135,2026-09-23T22:52:06.430779,True,0.199,0.202,16.31,True
1136,2026-09-23T22:52:06.472246,True,0.246,0.212,17.27,True
1136,2026-09-23T22:52:06.472246,True,0.199,0.215,17.27,True
1137,2026-09-23T22:52:06.503282,False,,,17.02,True
1138,2026-09-23T22:52:06.534327,False,,,17.52,True
1139,2026-09-23T22:52:06.565853,False,,,17.03,True
1140,2026-09-23T22:52:06.596539,False,,,17.18,True
1141,2026-09-23T22:52:06.626670,False,,,17.56,True
1142,2026-09-23T22:52:06.657129,False,,,17.52,True
1143,2026-09-23T22:52:06.687424,True,0.211,0.220,17.03,True
1144,2026-09-23T22:52:06.721088,True,0.211,0.213,17.05,True
1145,2026-09-23T22:52:06.750168,True,0.184,0.210,17.07,True
1146,2026-09-23T22:52:06.783240,True,0.184,0.198,17.52,True
1147,2026-09-23T22:52:06.831894,True,0.184,0.195,18.59,True
1148,2026-09-23T22:52:06.861430,True,0.184,0.189,16.53,True
1149,2026-09-23T22:52:06.894244,True,0.246,0.196,16.80,True
1149,2026-09-23T22:52:06.894244,True,0.184,0.196,16.80,True
1150,2026-09-23T22:52:06.924464,True,0.246,0.209,17.02,True
1150,2026-09-23T22:52:06.924464,True,0.184,0.209,17.02,True
1151,2026-09-23T22:52:06.959002,True,0.211,0.214,17.52,True
1152,2026-09-23T22:52:06.987308,True,0.211,0.207,17.03,True
1153,2026-09-23T22:52:07.021587,True,0.262,0.223,16.51,True
1154,2026-09-23T22:52:07.050269,True,0.262,0.226,17.17,True
1155,2026-09-23T22:52:07.085237,True,0.168,0.223,17.14,True
1156,2026-09-23T22:52:07.125464,True,0.168,0.214,17.03,True
1157,2026-09-23T22:52:07.158000,False,,,17.78,True
1158,2026-09-23T22:52:07.189120,False,,,17.06,True
1159,2026-09-23T22:52:07.230882,True,0.246,0.221,17.53,True
1159,2026-09-23T22:52:07.230882,True,0.246,0.218,17.53,True
1160,2026-09-23T22:52:07.268015,True,0.246,0.215,17.52,True
1160,2026-09-23T22:52:07.268015,True,0.246,0.230,17.52,True
1161,2026-09-23T22:52:07.300605,True,0.363,0.270,17.52,True
1162,2026-09-23T22:52:07.329406,True,0.363,0.293,16.30,True
1163,2026-09-23T22:52:07.361439,True,0.281,0.300,17.01,True
1163,2026-09-23T22:52:07.361439,True,0.156,0.282,17.01,True
1163,2026-09-23T22:52:07.361439,True,0.156,0.264,17.01,True
1164,2026-09-23T22:52:07.392307,True,0.281,0.248,17.35,True
1164,2026-09-23T22:52:07.392307,True,0.156,0.206,17.35,True
1164,2026-09-23T22:52:07.392307,True,0.156,0.181,17.35,True
1165,2026-09-23T22:52:07.424432,True,0.320,0.214,17.00,True
1166,2026-09-23T22:52:07.455687,True,0.320,0.247,17.77,True
1167,2026-09-23T22:52:07.486282,True,0.387,0.268,17.08,True
1168,2026-09-23T22:52:07.515905,True,0.387,0.314,17.56,True
1169,2026-09-23T22:52:07.566016,True,0.363,0.355,17.51,True
1169,2026-09-23T22:52:07.566016,True,0.246,0.341,17.51,True
1170,2026-09-23T22:52:07.593591,True,0.363,0.349,17.07,True
1170,2026-09-23T22:52:07.593591,True,0.246,0.321,17.07,True
1171,2026-09-23T22:52:07.629360,True,0.406,0.325,16.16,True
1172,2026-09-23T22:52:07.672104,True,0.406,0.334,17.01,True
1173,2026-09-23T22:52:07.704041,True,0.453,0.375,17.57,True
1174,2026-09-23T22:52:07.734084,True,0.453,0.393,17.02,True
1175,2026-09-23T22:52:07.765131,True,0.477,0.439,17.52,True
1175,2026-09-23T22:52:07.765131,True,0.156,0.389,17.52,True
1176,2026-09-23T22:52:07.796233,True,0.477,0.403,18.03,True
1176,2026-09-23T22:52:07.796233,True,0.156,0.344,18.03,True
1177,2026-09-23T22:52:07.828268,True,0.406,0.334,17.02,True
1177,2026-09-23T22:52:07.828268,True,0.168,0.273,17.02,True
1178,2026-09-23T22:52:07.859476,True,0.406,0.323,17.19,True
1178,2026-09-23T22:52:07.859476,True,0.168,0.261,17.19,True
1179,2026-09-23T22:52:07.890372,True,0.406,0.311,17.23,True
1179,2026-09-23T22:52:07.890372,True,0.246,0.279,17.23,True
1180,2026-09-23T22:52:07.920047,True,0.406,0.327,17.08,True
1180,2026-09-23T22:52:07.920047,True,0.246,0.295,17.08,True
1181,2026-09-23T22:52:07.968036,True,0.430,0.347,18.58,True
1182,2026-09-23T22:52:07.998280,True,0.430,0.352,17.53,True
1183,2026-09-23T22:52:08.029113,True,0.453,0.393,16.08,True
1184,2026-09-23T22:52:08.059643,True,0.453,0.402,17.52,True
1185,2026-09-23T22:52:08.094171,True,0.406,0.434,17.02,True
1185,2026-09-23T22:52:08.094171,True,0.211,0.391,17.02,True
1186,2026-09-23T22:52:08.138227,True,0.406,0.386,16.52,True
1186,2026-09-23T22:52:08.139228,True,0.211,0.338,16.52,True
1187,2026-09-23T22:52:08.166726,True,0.363,0.320,16.99,True
1187,2026-09-23T22:52:08.166726,True,0.168,0.272,16.99,True
1187,2026-09-23T22:52:08.166726,True,0.156,0.261,16.99,True
1188,2026-09-23T22:52:08.198245,True,0.363,0.252,17.54,True
1188,2026-09-23T22:52:08.198245,True,0.168,0.244,17.54,True
1188,2026-09-23T22:52:08.198245,True,0.156,0.202,17.54,True
1189,2026-09-23T22:52:08.229267,True,0.406,0.250,17.02,True
1189,2026-09-23T22:52:08.229267,True,0.320,0.283,17.02,True
1190,2026-09-23T22:52:08.261457,True,0.406,0.291,17.17,True
1190,2026-09-23T22:52:08.261457,True,0.320,0.322,17.17,True
1191,2026-09-23T22:52:08.302249,True,0.406,0.372,17.04,True
1191,2026-09-23T22:52:08.302249,True,0.363,0.363,17.04,True
1192,2026-09-23T22:52:08.340398,True,0.406,0.380,17.29,True
1192,2026-09-23T22:52:08.340398,True,0.363,0.372,17.29,True
1193,2026-09-23T22:52:08.370934,True,0.281,0.364,17.52,True
1193,2026-09-23T22:52:08.370934,True,0.246,0.332,17.52,True
1194,2026-09-23T22:52:08.405016,True,0.281,0.316,17.06,True
1194,2026-09-23T22:52:08.405016,True,0.246,0.284,17.06,True
1195,2026-09-23T22:52:08.435086,True,0.246,0.260,17.04,True
1195,2026-09-23T22:52:08.435086,True,0.211,0.246,17.04,True
1196,2026-09-23T22:52:08.465673,True,0.246,0.246,18.52,True
1196,2026-09-23T22:52:08.465673,True,0.211,0.232,18.52,True
1197,2026-09-23T22:52:08.496202,True,0.262,0.235,17.02,True
1198,2026-09-23T22:52:08.528241,True,0.262,0.238,17.53,True
1199,2026-09-23T22:52:08.559280,True,0.199,0.236,18.02,True
1200,2026-09-23T22:52:08.589300,True,0.199,0.227,17.52,True
1201,2026-09-23T22:52:08.622178,True,0.168,0.218,17.01,True
1201,2026-09-23T22:52:08.622178,True,0.156,0.197,17.01,True
1202,2026-09-23T22:52:08.651770,True,0.168,0.178,16.51,True
1202,2026-09-23T22:52:08.651770,True,0.156,0.170,16.51,True
1203,2026-09-23T22:52:08.702195,False,,,17.02,True
1204,2026-09-23T22:52:08.731764,False,,,17.52,True
1205,2026-09-23T22:52:08.764847,True,0.156,0.161,17.02,True
1206,2026-09-23T22:52:08.806699,True,0.156,0.159,17.33,True
1207,2026-09-23T22:52:08.838236,True,0.246,0.177,17.52,True
1208,2026-09-23T22:52:08.867394,True,0.246,0.192,17.65,True
1209,2026-09-23T22:52:08.898430,True,0.320,0.225,17.52,True
1209,2026-09-23T22:52:08.898430,True,0.168,0.227,17.52,True
1210,2026-09-23T22:52:08.929286,True,0.320,0.260,17.25,True
1210,2026-09-23T22:52:08.929286,True,0.168,0.245,17.25,True
1211,2026-09-23T22:52:08.959315,True,0.199,0.235,17.02,True
1212,2026-09-23T22:52:08.988355,True,0.199,0.211,17.52,True
1213,2026-09-23T22:52:09.039998,True,0.184,0.214,17.02,True
1213,2026-09-23T22:52:09.039998,True,0.184,0.187,17.02,True
1214,2026-09-23T22:52:09.068720,True,0.184,0.190,17.69,True
1214,2026-09-23T22:52:09.068720,True,0.184,0.187,17.69,True
1215,2026-09-23T22:52:09.106265,True,0.211,0.189,17.02,True
1216,2026-09-23T22:52:09.146541,True,0.211,0.195,17.52,True
1217,2026-09-23T22:52:09.177091,True,0.246,0.207,17.53,True
1217,2026-09-23T22:52:09.177091,True,0.156,0.202,17.53,True
1218,2026-09-23T22:52:09.209139,True,0.246,0.214,18.03,True
1218,2026-09-23T22:52:09.209139,True,0.156,0.203,18.03,True
1219,2026-09-23T22:52:09.240663,False,,,17.01,True
1220,2026-09-23T22:52:09.272187,False,,,17.01,True
1221,2026-09-23T22:52:09.300335,False,,,17.07,True
1222,2026-09-23T22:52:09.330878,False,,,17.01,True
1223,2026-09-23T22:52:09.362408,False,,,17.01,True
1224,2026-09-23T22:52:09.394458,False,,,17.02,True
1225,2026-09-23T22:52:09.439022,False,,,17.52,True
1226,2026-09-23T22:52:09.473160,False,,,18.48,True
1227,2026-09-23T22:52:09.503697,True,0.211,0.203,18.52,True
1228,2026-09-23T22:52:09.535315,True,0.211,0.196,18.03,True
1229,2026-09-23T22:52:09.567900,True,0.453,0.255,17.57,True
1230,2026-09-23T22:52:09.597426,True,0.453,0.297,18.02,True
1231,2026-09-23T22:52:09.631001,True,0.168,0.299,18.04,True
1232,2026-09-23T22:52:09.662078,True,0.168,0.291,19.04,True
1233,2026-09-23T22:52:09.695831,True,0.301,0.309,18.52,True
1233,2026-09-23T22:52:09.695831,True,0.199,0.258,18.52,True
1234,2026-09-23T22:52:09.739028,True,0.301,0.227,18.08,True
1234,2026-09-23T22:52:09.739028,True,0.199,0.234,18.08,True
1235,2026-09-23T22:52:09.775160,False,,,18.05,True
1236,2026-09-23T22:52:09.817733,False,,,18.02,True
1237,2026-09-23T22:52:09.848797,False,,,18.06,True
1238,2026-09-23T22:52:09.879327,False,,,17.02,True
1239,2026-09-23T22:52:09.911411,False,,,18.07,True
1240,2026-09-23T22:52:09.943083,False,,,18.58,True
1241,2026-09-23T22:52:09.974586,False,,,17.56,True
1242,2026-09-23T22:52:10.005001,False,,,17.52,True
1243,2026-09-23T22:52:10.036284,False,,,18.26,True
1244,2026-09-23T22:52:10.067037,False,,,18.52,True
1245,2026-09-23T22:52:10.096142,False,,,17.60,True
1246,2026-09-23T22:52:10.129677,False,,,17.52,True
1247,2026-09-23T22:52:10.175587,False,,,18.57,True
1248,2026-09-23T22:52:10.207224,False,,,18.04,True
1249,2026-09-23T22:52:10.239212,False,,,17.52,True
1250,2026-09-23T22:52:10.268933,False,,,18.58,True
1251,2026-09-23T22:52:10.310506,False,,,26.05,True
1252,2026-09-23T22:52:10.348515,False,,,20.33,True
1253,2026-09-23T22:52:10.377041,False,,,18.02,True
1254,2026-09-23T22:52:10.407699,False,,,17.65,True
1255,2026-09-23T22:52:10.439211,False,,,17.52,True
1256,2026-09-23T22:52:10.468424,False,,,17.52,True
1257,2026-09-23T22:52:10.511266,False,,,18.02,True
1258,2026-09-23T22:52:10.547338,False,,,18.03,True
1259,2026-09-23T22:52:10.579147,True,0.184,0.237,17.52,True
1260,2026-09-23T22:52:10.611254,True,0.184,0.213,19.09,True
1261,2026-09-23T22:52:10.641370,False,,,19.06,True
1262,2026-09-23T22:52:10.671962,False,,,17.52,True
1263,2026-09-23T22:52:10.703568,False,,,18.52,True
1264,2026-09-23T22:52:10.734172,False,,,19.02,True
1265,2026-09-23T22:52:10.766777,False,,,18.52,True
1266,2026-09-23T22:52:10.795313,False,,,18.02,True
1267,2026-09-23T22:52:10.831825,False,,,18.80,True
1268,2026-09-23T22:52:10.873345,False,,,18.08,True
1269,2026-09-23T22:52:10.912053,False,,,18.67,True
1270,2026-09-23T22:52:10.951175,False,,,18.02,True
1271,2026-09-23T22:52:10.981756,False,,,17.53,True
1272,2026-09-23T22:52:11.015864,False,,,17.53,True
1273,2026-09-23T22:52:11.043393,False,,,18.02,True
1274,2026-09-23T22:52:11.074212,False,,,18.18,True
1275,2026-09-23T22:52:11.107211,False,,,17.98,True
1276,2026-09-23T22:52:11.137243,False,,,18.02,True
1277,2026-09-23T22:52:11.168055,False,,,17.52,True
1278,2026-09-23T22:52:11.200673,False,,,17.53,True
1279,2026-09-23T22:52:11.247227,False,,,18.52,True
1280,2026-09-23T22:52:11.278397,False,,,18.03,True
1281,2026-09-23T22:52:11.312023,False,,,18.61,True
1282,2026-09-23T22:52:11.354661,False,,,17.56,True
1283,2026-09-23T22:52:11.385043,False,,,17.52,True
1284,2026-09-23T22:52:11.416335,False,,,18.76,True
1285,2026-09-23T22:52:11.448581,False,,,17.68,True
1286,2026-09-23T22:52:11.475032,False,,,17.52,True
1287,2026-09-23T22:52:11.508097,False,,,17.05,True
1288,2026-09-23T22:52:11.540247,False,,,18.09,True
1289,2026-09-23T22:52:11.570828,False,,,17.54,True
1290,2026-09-23T22:52:11.601868,False,,,16.51,True
1291,2026-09-23T22:52:11.645910,False,,,16.52,True
1292,2026-09-23T22:52:11.680949,False,,,17.53,True
1293,2026-09-23T22:52:11.712984,False,,,18.01,True
1294,2026-09-23T22:52:11.743079,False,,,17.01,True
1295,2026-09-23T22:52:11.774294,False,,,17.02,True
1296,2026-09-23T22:52:11.806337,False,,,17.02,True
1297,2026-09-23T22:52:11.838367,False,,,17.52,True
1298,2026-09-23T22:52:11.873277,False,,,18.01,True
1299,2026-09-23T22:52:11.941063,False,,,43.26,True
1300,2026-09-23T22:52:12.076597,False,,,62.58,True
1301,2026-09-23T22:52:12.205018,False,,,51.64,True
1302,2026-09-23T22:52:12.321320,False,,,44.17,True
1303,2026-09-23T22:52:12.436427,True,0.262,0.226,49.18,True
1304,2026-09-23T22:52:12.525102,True,0.184,0.202,45.14,True
1305,2026-09-23T22:52:12.651560,True,0.184,0.199,62.14,True
1306,2026-09-23T22:52:12.777192,False,,,48.53,True
1307,2026-09-23T22:52:12.898711,False,,,47.52,True
1308,2026-09-23T22:52:13.021844,False,,,47.29,True
1309,2026-09-23T22:52:13.143172,False,,,61.65,True
1310,2026-09-23T22:52:13.263241,True,0.168,0.196,42.09,True
1311,2026-09-23T22:52:13.389191,False,,,46.77,True
1312,2026-09-23T22:52:13.520285,False,,,53.25,True
1313,2026-09-23T22:52:13.642335,False,,,51.15,True
1314,2026-09-23T22:52:13.769793,False,,,50.79,True
1315,2026-09-23T22:52:13.904263,False,,,74.71,True
1316,2026-09-23T22:52:14.028989,False,,,49.80,True
1317,2026-09-23T22:52:14.169628,False,,,64.35,True
1318,2026-09-23T22:52:14.294222,False,,,47.84,True
1319,2026-09-23T22:52:14.429624,False,,,63.48,True
1320,2026-09-23T22:52:14.560958,False,,,55.57,True
1321,2026-09-23T22:52:14.665842,False,,,36.19,True
1322,2026-09-23T22:52:14.828144,False,,,67.62,True
1323,2026-09-23T22:52:14.953258,False,,,57.87,True
1324,2026-09-23T22:52:15.067261,False,,,48.11,True
1325,2026-09-23T22:52:15.191255,False,,,50.16,True
1326,2026-09-23T22:52:15.343375,False,,,50.12,True
1327,2026-09-23T22:52:15.473356,False,,,51.26,True
1328,2026-09-23T22:52:15.635070,False,,,87.85,True
1329,2026-09-23T22:52:15.757327,False,,,54.00,True
1330,2026-09-23T22:52:15.880660,False,,,53.27,True
1331,2026-09-23T22:52:16.000567,False,,,48.88,True
1332,2026-09-23T22:52:16.141124,False,,,50.13,True
1333,2026-09-23T22:52:16.251629,False,,,54.43,True
1334,2026-09-23T22:52:16.371144,False,,,49.63,True
1335,2026-09-23T22:52:16.501928,False,,,54.46,True
1336,2026-09-23T22:52:16.621229,False,,,49.38,True
1337,2026-09-23T22:52:16.754022,False,,,59.88,True
1338,2026-09-23T22:52:16.897322,False,,,77.39,True
1339,2026-09-23T22:52:17.028167,False,,,54.11,True
1340,2026-09-23T22:52:17.145195,False,,,60.91,True
1341,2026-09-23T22:52:17.274194,False,,,49.08,True
1342,2026-09-23T22:52:17.396487,False,,,47.10,True
1343,2026-09-23T22:52:17.556963,False,,,66.72,True
1344,2026-09-23T22:52:17.683373,True,0.211,0.202,52.64,True
1345,2026-09-23T22:52:17.828253,False,,,72.80,True
1346,2026-09-23T22:52:17.950516,False,,,54.25,True
1347,2026-09-23T22:52:18.090143,False,,,55.03,True
1348,2026-09-23T22:52:18.202216,False,,,42.19,True
1349,2026-09-23T22:52:18.336251,False,,,49.85,True
1350,2026-09-23T22:52:18.468454,False,,,59.30,True
1351,2026-09-23T22:52:18.623556,False,,,58.16,True
1352,2026-09-23T22:52:18.731536,False,,,57.57,True
1353,2026-09-23T22:52:18.854266,False,,,57.08,True
1354,2026-09-23T22:52:18.941171,False,,,22.52,True
1355,2026-09-23T22:52:19.066516,False,,,53.51,True
1356,2026-09-23T22:52:19.199262,False,,,62.21,True
1357,2026-09-23T22:52:19.354034,False,,,61.79,True
1358,2026-09-23T22:52:19.500622,False,,,68.97,True
1359,2026-09-23T22:52:19.607074,False,,,51.07,True
1360,2026-09-23T22:52:19.738333,False,,,44.05,True
1361,2026-09-23T22:52:19.858389,False,,,53.29,True
1362,2026-09-23T22:52:19.979924,False,,,50.22,True
1363,2026-09-23T22:52:20.136207,False,,,81.17,True
1364,2026-09-23T22:52:20.281737,False,,,69.50,True
1365,2026-09-23T22:52:20.419994,False,,,52.89,True
1366,2026-09-23T22:52:20.541172,False,,,50.11,True
1367,2026-09-23T22:52:20.676914,False,,,47.23,True
1368,2026-09-23T22:52:20.833032,False,,,63.82,True
1369,2026-09-23T22:52:20.961416,False,,,49.75,True
1370,2026-09-23T22:52:21.091111,False,,,55.94,True
1371,2026-09-23T22:52:21.218191,False,,,58.83,True
1372,2026-09-23T22:52:21.371840,False,,,59.81,True
1373,2026-09-23T22:52:21.501534,False,,,50.30,True
1374,2026-09-23T22:52:21.624198,False,,,49.13,True
1375,2026-09-23T22:52:21.776346,False,,,60.61,True
1376,2026-09-23T22:52:21.871521,False,,,31.22,True
1377,2026-09-23T22:52:22.015248,False,,,50.17,True
1378,2026-09-23T22:52:22.150690,False,,,45.59,True
1379,2026-09-23T22:52:22.290412,False,,,47.28,True
1380,2026-09-23T22:52:22.415870,False,,,46.84,True
1381,2026-09-23T22:52:22.558106,False,,,48.11,True
1382,2026-09-23T22:52:22.680521,False,,,47.42,True
1383,2026-09-23T22:52:22.790452,False,,,49.28,True
1384,2026-09-23T22:52:22.913152,False,,,47.25,True
1385,2026-09-23T22:52:23.021123,False,,,48.86,True
1386,2026-09-23T22:52:23.148693,False,,,53.43,True
1387,2026-09-23T22:52:23.265736,False,,,46.55,True
1388,2026-09-23T22:52:23.390504,False,,,46.27,True
1389,2026-09-23T22:52:23.516412,False,,,46.49,True
1390,2026-09-23T22:52:23.641116,False,,,47.82,True
1391,2026-09-23T22:52:23.762032,False,,,44.89,True
1392,2026-09-23T22:52:23.889119,False,,,46.76,True
1393,2026-09-23T22:52:24.025334,False,,,45.73,True
1394,2026-09-23T22:52:24.146383,False,,,44.58,True
1395,2026-09-23T22:52:24.273391,False,,,47.15,True
1396,2026-09-23T22:52:24.400521,False,,,49.06,True
1397,2026-09-23T22:52:24.520919,False,,,45.54,True
1398,2026-09-23T22:52:24.647316,False,,,47.62,True
1399,2026-09-23T22:52:24.769728,False,,,45.46,True
1400,2026-09-23T22:52:24.894218,False,,,45.58,True
1401,2026-09-23T22:52:24.998383,False,,,39.94,True
1402,2026-09-23T22:52:25.075213,False,,,22.70,True
1403,2026-09-23T22:52:25.174169,False,,,44.60,True
1404,2026-09-23T22:52:25.303027,False,,,63.72,True
1405,2026-09-23T22:52:25.444329,False,,,51.22,True
1406,2026-09-23T22:52:25.571142,False,,,52.17,True
1407,2026-09-23T22:52:25.687842,False,,,44.57,True
1408,2026-09-23T22:52:25.830472,False,,,46.10,True
1409,2026-09-23T22:52:25.967933,False,,,57.06,True
1410,2026-09-23T22:52:26.076666,False,,,22.52,True
1411,2026-09-23T22:52:26.200480,False,,,54.26,True
1412,2026-09-23T22:52:26.348526,False,,,77.32,True
1413,2026-09-23T22:52:26.501521,False,,,57.84,True
1414,2026-09-23T22:52:26.629599,False,,,62.66,True
1415,2026-09-23T22:52:26.740149,False,,,51.95,True
1416,2026-09-23T22:52:26.839143,False,,,27.90,True
1417,2026-09-23T22:52:26.966833,False,,,45.52,True
1418,2026-09-23T22:52:27.118934,False,,,59.32,True
1419,2026-09-23T22:52:27.248769,False,,,64.67,True
1420,2026-09-23T22:52:27.379271,False,,,51.90,True
1421,2026-09-23T22:52:27.486436,False,,,35.90,True
1422,2026-09-23T22:52:27.613032,False,,,54.62,True
1423,2026-09-23T22:52:27.724109,False,,,53.02,True
1424,2026-09-23T22:52:27.843115,False,,,49.72,True
1425,2026-09-23T22:52:27.968947,False,,,48.73,True
1426,2026-09-23T22:52:28.108325,False,,,51.11,True
1427,2026-09-23T22:52:28.231554,False,,,48.08,True
1428,2026-09-23T22:52:28.351827,False,,,45.07,True
1429,2026-09-23T22:52:28.480687,False,,,48.80,True
1430,2026-09-23T22:52:28.579414,False,,,54.23,True
1431,2026-09-23T22:52:28.734048,False,,,71.64,True
1432,2026-09-23T22:52:28.828794,False,,,25.57,True
1433,2026-09-23T22:52:28.949544,False,,,52.11,True
1434,2026-09-23T22:52:29.077000,False,,,54.78,True
1435,2026-09-23T22:52:29.194108,False,,,49.86,True
1436,2026-09-23T22:52:29.325526,False,,,56.66,True
1437,2026-09-23T22:52:29.455159,False,,,62.73,True
1438,2026-09-23T22:52:29.548489,False,,,17.53,True
1439,2026-09-23T22:52:29.578151,False,,,17.15,True
1440,2026-09-23T22:52:29.610380,False,,,17.69,True
1441,2026-09-23T22:52:29.650426,False,,,17.01,True
1442,2026-09-23T22:52:29.682242,False,,,17.29,True
1443,2026-09-23T22:52:29.713280,True,0.168,0.183,17.01,True
1444,2026-09-23T22:52:29.746341,True,0.168,0.180,17.02,True
1445,2026-09-23T22:52:29.779374,False,,,18.02,True
1446,2026-09-23T22:52:29.827444,False,,,18.02,True
1447,2026-09-23T22:52:29.869878,False,,,18.53,True
1448,2026-09-23T22:52:29.901589,False,,,17.70,True
1449,2026-09-23T22:52:29.930750,False,,,17.64,True
1450,2026-09-23T22:52:29.964330,False,,,17.01,True
1451,2026-09-23T22:52:29.994431,False,,,18.09,True
1452,2026-09-23T22:52:30.030494,False,,,24.03,True
1453,2026-09-23T22:52:30.141439,False,,,44.98,True
1454,2026-09-23T22:52:30.265640,False,,,50.03,True
1455,2026-09-23T22:52:30.385109,False,,,46.70,True
1456,2026-09-23T22:52:30.416675,False,,,18.02,True
1457,2026-09-23T22:52:30.456711,False,,,17.52,True
1458,2026-09-23T22:52:30.511331,False,,,18.01,True
1459,2026-09-23T22:52:30.550879,False,,,17.52,True
1460,2026-09-23T22:52:30.580928,False,,,17.54,True
1461,2026-09-23T22:52:30.615294,False,,,17.01,True
1462,2026-09-23T22:52:30.660436,False,,,18.31,True
