frame_number,timestamp,detected,raw_score,avg_score,latency_ms,resized,num_detections,scenario,detect_size
1,2026-09-23T23:10:18.152133,False,,,17.53,False,0,transition,640x480
2,2026-09-23T23:10:18.243734,False,,,18.02,False,0,transition,640x480
3,2026-09-23T23:10:18.283658,False,,,17.52,False,0,transition,640x480
4,2026-09-23T23:10:18.314195,False,,,17.02,False,0,transition,640x480
5,2026-09-23T23:10:18.346024,False,,,16.32,False,0,transition,640x480
6,2026-09-23T23:10:18.374558,False,,,17.52,False,0,transition,640x480
7,2026-09-23T23:10:18.404663,False,,,17.52,False,0,transition,640x480
8,2026-09-23T23:10:18.436227,False,,,18.06,False,0,transition,640x480
9,2026-09-23T23:10:18.465893,False,,,17.52,False,0,transition,640x480
10,2026-09-23T23:10:18.496446,False,,,17.05,False,0,transition,640x480
11,2026-09-23T23:10:18.524802,False,,,16.73,False,0,transition,640x480
12,2026-09-23T23:10:18.558561,False,,,17.30,False,0,transition,640x480
13,2026-09-23T23:10:18.588593,False,,,17.52,False,0,transition,640x480
14,2026-09-23T23:10:18.618269,False,,,18.06,False,0,transition,640x480
15,2026-09-23T23:10:18.648835,False,,,17.55,False,0,transition,640x480
16,2026-09-23T23:10:18.682364,False,,,17.01,False,0,transition,640x480
17,2026-09-23T23:10:18.709602,False,,,16.73,False,0,transition,640x480
18,2026-09-23T23:10:18.747141,False,,,17.53,False,0,transition,640x480
19,2026-09-23T23:10:18.784716,False,,,17.59,False,0,transition,640x480
20,2026-09-23T23:10:18.817772,False,,,18.52,False,0,transition,640x480
21,2026-09-23T23:10:18.846309,False,,,16.53,False,0,transition,640x480
22,2026-09-23T23:10:18.875905,False,,,17.02,False,0,transition,640x480
23,2026-09-23T23:10:18.906963,False,,,17.05,False,0,transition,640x480
24,2026-09-23T23:10:18.939928,False,,,17.81,False,0,transition,640x480
25,2026-09-23T23:10:18.968774,False,,,17.28,False,0,transition,640x480
26,2026-09-23T23:10:19.018942,False,,,17.52,False,0,transition,640x480
27,2026-09-23T23:10:19.060982,False,,,17.02,False,0,transition,640x480
28,2026-09-23T23:10:19.092517,False,,,17.01,False,0,transition,640x480
29,2026-09-23T23:10:19.124523,False,,,17.53,False,0,transition,640x480
30,2026-09-23T23:10:19.155197,False,,,17.04,False,0,transition,640x480
31,2026-09-23T23:10:19.186738,False,,,17.52,False,0,transition,640x480
32,2026-09-23T23:10:19.216913,False,,,17.52,False,0,transition,640x480
33,2026-09-23T23:10:19.247778,False,,,17.04,False,0,transition,640x480
34,2026-09-23T23:10:19.279364,False,,,17.51,False,0,transition,640x480
35,2026-09-23T23:10:19.308627,False,,,16.52,False,0,transition,640x480
36,2026-09-23T23:10:19.340649,False,,,17.01,False,0,transition,640x480
37,2026-09-23T23:10:19.372186,False,,,17.51,False,0,transition,640x480
38,2026-09-23T23:10:19.418245,False,,,17.03,False,0,transition,640x480
39,2026-09-23T23:10:19.447271,False,,,17.52,False,0,transition,640x480
40,2026-09-23T23:10:19.482043,False,,,16.20,False,0,transition,640x480
41,2026-09-23T23:10:19.524644,False,,,17.53,False,0,transition,640x480
42,2026-09-23T23:10:19.553803,False,,,17.01,False,0,transition,640x480
43,2026-09-23T23:10:19.586495,False,,,17.52,False,0,transition,640x480
44,2026-09-23T23:10:19.618413,False,,,17.01,False,0,transition,640x480
45,2026-09-23T23:10:19.649463,False,,,17.53,False,0,transition,640x480
46,2026-09-23T23:10:19.679489,False,,,17.52,False,0,transition,640x480
47,2026-09-23T23:10:19.709898,False,,,17.40,False,0,transition,640x480
48,2026-09-23T23:10:19.755461,False,,,17.53,False,0,transition,640x480
49,2026-09-23T23:10:19.788488,False,,,17.52,False,0,transition,640x480
50,2026-09-23T23:10:19.821143,False,,,17.51,False,0,transition,640x480
51,2026-09-23T23:10:19.849793,False,,,17.66,False,0,transition,640x480
52,2026-09-23T23:10:19.882244,False,,,17.01,False,0,transition,640x480
53,2026-09-23T23:10:19.910765,False,,,18.02,False,0,transition,640x480
54,2026-09-23T23:10:19.947315,False,,,16.54,False,0,transition,640x480
55,2026-09-23T23:10:19.975366,False,,,17.51,False,0,transition,640x480
56,2026-09-23T23:10:20.010905,False,,,17.02,False,0,transition,640x480
57,2026-09-23T23:10:20.053502,False,,,17.59,False,0,transition,640x480
58,2026-09-23T23:10:20.084527,False,,,17.52,False,0,transition,640x480
59,2026-09-23T23:10:20.114837,False,,,17.52,False,0,transition,640x480
60,2026-09-23T23:10:20.155390,False,,,17.53,False,0,transition,640x480
61,2026-09-23T23:10:20.190914,False,,,17.02,False,0,transition,640x480
62,2026-09-23T23:10:20.223823,False,,,17.57,False,0,transition,640x480
63,2026-09-23T23:10:20.253488,False,,,17.65,False,0,transition,640x480
64,2026-09-23T23:10:20.284523,False,,,17.52,False,0,transition,640x480
65,2026-09-23T23:10:20.315060,False,,,17.53,False,0,transition,640x480
66,2026-09-23T23:10:20.347102,False,,,17.53,False,0,transition,640x480
67,2026-09-23T23:10:20.376630,False,,,17.02,False,0,transition,640x480
68,2026-09-23T23:10:20.411163,False,,,17.02,False,0,transition,640x480
69,2026-09-23T23:10:20.438772,False,,,17.53,False,0,transition,640x480
70,2026-09-23T23:10:20.490522,False,,,17.02,False,0,transition,640x480
71,2026-09-23T23:10:20.527907,False,,,17.95,False,0,transition,640x480
72,2026-09-23T23:10:20.561019,False,,,18.10,False,0,transition,640x480
73,2026-09-23T23:10:20.590548,False,,,17.01,False,0,transition,640x480
74,2026-09-23T23:10:20.622826,False,,,17.05,False,0,transition,640x480
75,2026-09-23T23:10:20.655833,False,,,17.25,False,0,transition,640x480
76,2026-09-23T23:10:20.684853,True,0.168,0.168,17.52,False,1,transition,640x480
77,2026-09-23T23:10:20.715379,True,0.168,0.168,18.01,False,1,transition,640x480
78,2026-09-23T23:10:20.747401,False,,,17.52,False,0,transition,640x480
79,2026-09-23T23:10:20.775547,False,,,17.01,False,0,transition,640x480
80,2026-09-23T23:10:20.810599,False,,,17.04,False,0,transition,640x480
81,2026-09-23T23:10:20.837806,False,,,17.69,False,0,transition,640x480
82,2026-09-23T23:10:20.893702,False,,,17.02,False,0,transition,640x480
83,2026-09-23T23:10:20.928748,False,,,17.02,False,0,transition,640x480
84,2026-09-23T23:10:20.959771,False,,,17.01,False,0,transition,640x480
85,2026-09-23T23:10:20.989793,False,,,17.02,False,0,transition,640x480
86,2026-09-23T23:10:21.020825,False,,,17.01,False,0,transition,640x480
87,2026-09-23T23:10:21.048971,False,,,17.03,False,0,transition,640x480
88,2026-09-23T23:10:21.081994,False,,,17.01,False,0,transition,640x480
89,2026-09-23T23:10:21.111708,False,,,17.02,False,0,transition,640x480
90,2026-09-23T23:10:21.147246,False,,,17.53,False,0,transition,640x480
91,2026-09-23T23:10:21.174779,False,,,17.02,False,0,transition,640x480
92,2026-09-23T23:10:21.227480,False,,,16.69,False,0,transition,640x480
93,2026-09-23T23:10:21.268058,False,,,17.56,False,0,transition,640x480
94,2026-09-23T23:10:21.299226,False,,,17.52,False,0,transition,640x480
95,2026-09-23T23:10:21.328748,False,,,17.01,False,0,transition,640x480
96,2026-09-23T23:10:21.359820,False,,,17.02,False,0,transition,640x480
97,2026-09-23T23:10:21.392845,False,,,19.02,False,0,transition,640x480
98,2026-09-23T23:10:21.422369,False,,,16.51,False,0,transition,640x480
99,2026-09-23T23:10:21.452416,False,,,16.51,False,0,transition,640x480
100,2026-09-23T23:10:21.482403,False,,,17.58,False,0,transition,640x480
101,2026-09-23T23:10:21.514857,False,,,17.44,False,0,transition,640x480
102,2026-09-23T23:10:21.547329,False,,,18.03,False,0,transition,640x480
103,2026-09-23T23:10:21.574842,False,,,17.00,False,0,transition,640x480
104,2026-09-23T23:10:21.627634,False,,,18.02,False,0,transition,640x480
105,2026-09-23T23:10:21.666248,False,,,17.02,False,0,transition,640x480
106,2026-09-23T23:10:21.697278,False,,,17.52,False,0,transition,640x480
107,2026-09-23T23:10:21.728804,False,,,17.02,False,0,transition,640x480
108,2026-09-23T23:10:21.758781,False,,,16.97,False,0,transition,640x480
109,2026-09-23T23:10:21.787706,False,,,16.53,False,0,transition,640x480
110,2026-09-23T23:10:21.820310,False,,,16.51,False,0,transition,640x480
111,2026-09-23T23:10:21.848664,False,,,16.76,False,0,transition,640x480
112,2026-09-23T23:10:21.881951,False,,,17.01,False,0,transition,640x480
113,2026-09-23T23:10:21.908979,False,,,16.52,False,0,transition,640x480
114,2026-09-23T23:10:21.947197,False,,,17.70,False,0,transition,640x480
115,2026-09-23T23:10:21.988820,False,,,17.02,False,0,transition,640x480
116,2026-09-23T23:10:22.026937,True,0.262,0.199,17.04,False,4,transition,640x480
117,2026-09-23T23:10:22.068011,True,0.262,0.215,17.02,False,4,transition,640x480
118,2026-09-23T23:10:22.097121,True,0.262,0.224,17.60,False,4,transition,640x480
119,2026-09-23T23:10:22.126651,False,,,17.02,False,0,transition,640x480
120,2026-09-23T23:10:22.158787,False,,,17.12,False,0,transition,640x480
121,2026-09-23T23:10:22.190532,False,,,17.02,False,0,transition,640x480
122,2026-09-23T23:10:22.219076,True,0.281,0.247,17.53,False,1,transition,640x480
123,2026-09-23T23:10:22.249173,True,0.281,0.270,17.09,False,1,transition,640x480
124,2026-09-23T23:10:22.282204,True,0.199,0.257,17.02,False,1,transition,640x480
125,2026-09-23T23:10:22.310735,True,0.199,0.245,17.02,False,1,transition,640x480
126,2026-09-23T23:10:22.362776,True,0.281,0.248,17.02,False,2,transition,640x480
127,2026-09-23T23:10:22.404815,True,0.281,0.248,17.02,False,2,transition,640x480
128,2026-09-23T23:10:22.434448,True,0.230,0.238,17.51,False,1,transition,640x480
129,2026-09-23T23:10:22.466409,True,0.230,0.245,17.01,False,1,transition,640x480
130,2026-09-23T23:10:22.497417,True,0.230,0.251,17.50,False,1,transition,640x480
131,2026-09-23T23:10:22.525685,False,,,16.71,False,0,transition,640x480
132,2026-09-23T23:10:22.558723,False,,,17.03,False,0,transition,640x480
133,2026-09-23T23:10:22.589749,False,,,17.53,False,0,transition,640x480
134,2026-09-23T23:10:22.622797,False,,,17.01,False,0,transition,640x480
135,2026-09-23T23:10:22.665796,False,,,17.52,False,0,transition,640x480
136,2026-09-23T23:10:22.695831,False,,,18.02,False,0,transition,640x480
137,2026-09-23T23:10:22.724855,False,,,17.01,False,0,transition,640x480
138,2026-09-23T23:10:22.761670,False,,,16.72,False,0,transition,640x480
139,2026-09-23T23:10:22.802313,False,,,17.61,False,0,transition,640x480
140,2026-09-23T23:10:22.831333,False,,,17.01,False,0,transition,640x480
141,2026-09-23T23:10:22.862868,False,,,17.02,False,0,transition,640x480
142,2026-09-23T23:10:22.893943,False,,,17.56,False,0,transition,640x480
143,2026-09-23T23:10:22.924560,False,,,17.06,False,0,transition,640x480
144,2026-09-23T23:10:22.954491,False,,,16.92,False,0,transition,640x480
145,2026-09-23T23:10:22.990519,False,,,17.02,False,0,transition,640x480
146,2026-09-23T23:10:23.031056,False,,,17.01,False,0,transition,640x480
147,2026-09-23T23:10:23.076752,False,,,17.02,False,0,transition,640x480
148,2026-09-23T23:10:23.108770,False,,,17.02,False,0,transition,640x480
149,2026-09-23T23:10:23.140792,False,,,17.02,False,0,transition,640x480
150,2026-09-23T23:10:23.171965,False,,,16.50,False,0,transition,640x480
151,2026-09-23T23:10:23.204778,False,,,17.31,False,0,transition,640x480
152,2026-09-23T23:10:23.233796,False,,,17.51,False,0,transition,640x480
153,2026-09-23T23:10:23.265838,False,,,17.02,False,0,transition,640x480
154,2026-09-23T23:10:23.294866,False,,,18.02,False,0,transition,640x480
155,2026-09-23T23:10:23.324891,False,,,17.01,False,0,transition,640x480
156,2026-09-23T23:10:23.356671,False,,,17.01,False,0,transition,640x480
157,2026-09-23T23:10:23.390692,False,,,17.01,False,0,transition,640x480
158,2026-09-23T23:10:23.432055,False,,,17.01,False,0,transition,640x480
159,2026-09-23T23:10:23.461887,False,,,17.19,False,0,transition,640x480
160,2026-09-23T23:10:23.499191,False,,,17.53,False,0,transition,640x480
161,2026-09-23T23:10:23.540732,False,,,17.02,False,0,transition,640x480
162,2026-09-23T23:10:23.572415,False,,,16.50,False,0,transition,640x480
163,2026-09-23T23:10:23.605955,False,,,17.02,False,0,transition,640x480
164,2026-09-23T23:10:23.634487,False,,,17.51,False,0,transition,640x480
165,2026-09-23T23:10:23.665024,False,,,17.52,False,0,transition,640x480
166,2026-09-23T23:10:23.695550,False,,,17.02,False,0,transition,640x480
167,2026-09-23T23:10:23.727591,False,,,17.03,False,0,transition,640x480
168,2026-09-23T23:10:23.758632,False,,,17.02,False,0,transition,640x480
169,2026-09-23T23:10:23.790189,False,,,16.54,False,0,transition,640x480
170,2026-09-23T23:10:23.834731,False,,,17.52,False,0,transition,640x480
171,2026-09-23T23:10:23.866912,False,,,17.02,False,0,transition,640x480
172,2026-09-23T23:10:23.909856,False,,,17.24,False,0,transition,640x480
173,2026-09-23T23:10:23.940930,False,,,17.03,False,0,transition,640x480
174,2026-09-23T23:10:23.971968,False,,,16.51,False,0,transition,640x480
175,2026-09-23T23:10:24.002497,False,,,17.01,False,0,transition,640x480
176,2026-09-23T23:10:24.032072,False,,,17.00,False,0,transition,640x480
177,2026-09-23T23:10:24.062604,False,,,16.52,False,0,transition,640x480
178,2026-09-23T23:10:24.095130,False,,,17.51,False,0,transition,640x480
179,2026-09-23T23:10:24.124794,False,,,17.01,False,0,transition,640x480
180,2026-09-23T23:10:24.157003,False,,,17.52,False,0,transition,640x480
181,2026-09-23T23:10:24.188539,False,,,17.51,False,0,transition,640x480
182,2026-09-23T23:10:24.234725,False,,,17.51,False,0,transition,640x480
183,2026-09-23T23:10:24.264272,False,,,17.03,False,0,transition,640x480
184,2026-09-23T23:10:24.298308,False,,,17.02,False,0,transition,640x480
185,2026-09-23T23:10:24.341908,False,,,18.08,False,0,transition,640x480
186,2026-09-23T23:10:24.373942,False,,,18.01,False,0,transition,640x480
187,2026-09-23T23:10:24.401521,False,,,17.01,False,0,transition,640x480
188,2026-09-23T23:10:24.432655,False,,,17.61,False,0,transition,640x480
189,2026-09-23T23:10:24.462179,False,,,16.01,False,0,transition,640x480
190,2026-09-23T23:10:24.494714,False,,,17.02,False,0,transition,640x480
191,2026-09-23T23:10:24.524491,False,,,17.25,False,0,transition,640x480
192,2026-09-23T23:10:24.554550,False,,,17.01,False,0,transition,640x480
193,2026-09-23T23:10:24.588571,False,,,17.51,False,0,transition,640x480
194,2026-09-23T23:10:24.634632,False,,,17.52,False,0,transition,640x480
195,2026-09-23T23:10:24.664966,False,,,17.52,False,0,transition,640x480
196,2026-09-23T23:10:24.694989,False,,,17.51,False,0,transition,640x480
197,2026-09-23T23:10:24.726520,False,,,17.52,False,0,transition,640x480
198,2026-09-23T23:10:24.757031,False,,,17.52,False,0,transition,640x480
199,2026-09-23T23:10:24.793648,False,,,17.02,False,0,transition,640x480
200,2026-09-23T23:10:24.834719,False,,,17.52,False,0,transition,640x480
201,2026-09-23T23:10:24.872084,True,0.168,0.228,17.51,False,1,transition,640x480
202,2026-09-23T23:10:24.911141,True,0.168,0.205,17.54,False,1,transition,640x480
203,2026-09-23T23:10:24.942691,False,,,17.01,False,0,transition,640x480
204,2026-09-23T23:10:24.973564,False,,,17.01,False,0,transition,640x480
205,2026-09-23T23:10:25.005088,False,,,17.52,False,0,transition,640x480
206,2026-09-23T23:10:25.034280,False,,,17.17,False,0,transition,640x480
207,2026-09-23T23:10:25.065815,False,,,16.52,False,0,transition,640x480
208,2026-09-23T23:10:25.097344,False,,,17.52,False,0,transition,640x480
209,2026-09-23T23:10:25.126387,False,,,17.01,False,0,transition,640x480
210,2026-09-23T23:10:25.157510,False,,,16.52,False,0,transition,640x480
211,2026-09-23T23:10:25.192532,False,,,17.01,False,0,transition,640x480
212,2026-09-23T23:10:25.222789,False,,,17.01,False,0,transition,640x480
213,2026-09-23T23:10:25.251302,False,,,16.52,False,0,transition,640x480
214,2026-09-23T23:10:25.281341,False,,,17.53,False,0,transition,640x480
215,2026-09-23T23:10:25.310887,False,,,17.03,False,0,transition,640x480
216,2026-09-23T23:10:25.341893,False,,,17.00,False,0,transition,640x480
217,2026-09-23T23:10:25.377677,False,,,17.01,False,0,transition,640x480
218,2026-09-23T23:10:25.418256,False,,,17.03,False,0,transition,640x480
219,2026-09-23T23:10:25.449275,False,,,17.02,False,0,transition,640x480
220,2026-09-23T23:10:25.479210,False,,,16.93,False,0,transition,640x480
221,2026-09-23T23:10:25.509713,False,,,16.95,False,0,transition,640x480
222,2026-09-23T23:10:25.539948,False,,,17.52,False,0,transition,640x480
223,2026-09-23T23:10:25.574477,False,,,17.01,False,0,transition,640x480
224,2026-09-23T23:10:25.617023,False,,,17.53,False,0,transition,640x480
225,2026-09-23T23:10:25.646032,False,,,16.50,False,0,transition,640x480
226,2026-09-23T23:10:25.677587,False,,,17.01,False,0,transition,640x480
227,2026-09-23T23:10:25.712150,False,,,17.53,False,0,transition,640x480
228,2026-09-23T23:10:25.740688,False,,,17.02,False,0,transition,640x480
229,2026-09-23T23:10:25.777916,False,,,18.10,False,0,transition,640x480
230,2026-09-23T23:10:25.817090,False,,,17.53,False,0,transition,640x480
231,2026-09-23T23:10:25.849411,False,,,17.79,False,0,transition,640x480
232,2026-09-23T23:10:25.880435,False,,,17.52,False,0,transition,640x480
233,2026-09-23T23:10:25.912371,False,,,17.53,False,0,transition,640x480
234,2026-09-23T23:10:25.943513,False,,,17.63,False,0,transition,640x480
235,2026-09-23T23:10:25.976536,False,,,17.01,False,0,transition,640x480
236,2026-09-23T23:10:26.009662,False,,,20.11,False,0,transition,640x480
237,2026-09-23T23:10:26.050700,False,,,17.02,False,0,transition,640x480
238,2026-09-23T23:10:26.081239,False,,,17.53,False,0,transition,640x480
239,2026-09-23T23:10:26.112280,False,,,17.52,False,0,transition,640x480
240,2026-09-23T23:10:26.161416,False,,,17.53,False,0,transition,640x480
241,2026-09-23T23:10:26.189943,False,,,17.02,False,0,transition,640x480
242,2026-09-23T23:10:26.221988,False,,,17.02,False,0,transition,640x480
243,2026-09-23T23:10:26.255007,False,,,17.52,False,0,transition,640x480
244,2026-09-23T23:10:26.284546,False,,,17.52,False,0,transition,640x480
245,2026-09-23T23:10:26.315180,False,,,17.63,False,0,transition,640x480
246,2026-09-23T23:10:26.345202,False,,,17.52,False,0,transition,640x480
247,2026-09-23T23:10:26.375728,False,,,17.02,False,0,transition,640x480
248,2026-09-23T23:10:26.407295,False,,,17.53,False,0,transition,640x480
249,2026-09-23T23:10:26.442813,False,,,17.01,False,0,transition,640x480
250,2026-09-23T23:10:26.484085,False,,,17.25,False,0,transition,640x480
251,2026-09-23T23:10:26.514129,False,,,17.03,False,0,transition,640x480
252,2026-09-23T23:10:26.545785,False,,,16.85,False,0,transition,640x480
253,2026-09-23T23:10:26.574812,False,,,17.01,False,0,transition,640x480
254,2026-09-23T23:10:26.607080,False,,,17.38,False,0,transition,640x480
255,2026-09-23T23:10:26.638666,False,,,17.52,False,0,transition,640x480
256,2026-09-23T23:10:26.671061,False,,,17.53,False,0,transition,640x480
257,2026-09-23T23:10:26.699598,False,,,17.53,False,0,transition,640x480
258,2026-09-23T23:10:26.728733,False,,,18.03,False,0,transition,640x480
259,2026-09-23T23:10:26.761839,False,,,16.68,False,0,transition,640x480
260,2026-09-23T23:10:26.790861,False,,,17.01,False,0,transition,640x480
261,2026-09-23T23:10:26.847127,False,,,17.52,False,0,transition,640x480
262,2026-09-23T23:10:26.882171,False,,,17.01,False,0,clean,640x480
263,2026-09-23T23:10:26.914904,False,,,17.52,False,0,clean,640x480
264,2026-09-23T23:10:26.945935,False,,,17.52,False,0,clean,640x480
265,2026-09-23T23:10:26.975611,False,,,17.52,False,0,clean,640x480
266,2026-09-23T23:10:27.005720,False,,,17.02,False,0,clean,640x480
267,2026-09-23T23:10:27.039747,False,,,17.52,False,0,clean,640x480
268,2026-09-23T23:10:27.071001,False,,,17.51,False,0,clean,640x480
269,2026-09-23T23:10:27.099268,False,,,17.54,False,0,clean,640x480
270,2026-09-23T23:10:27.129790,False,,,17.01,False,0,clean,640x480
271,2026-09-23T23:10:27.182325,False,,,17.01,False,0,clean,640x480
272,2026-09-23T23:10:27.222865,False,,,17.01,False,0,clean,640x480
273,2026-09-23T23:10:27.255872,False,,,17.26,False,0,clean,640x480
274,2026-09-23T23:10:27.288898,False,,,18.02,False,0,clean,640x480
275,2026-09-23T23:10:27.317047,False,,,17.54,False,0,clean,640x480
276,2026-09-23T23:10:27.348592,False,,,17.53,False,0,clean,640x480
277,2026-09-23T23:10:27.378454,False,,,17.60,False,0,clean,640x480
278,2026-09-23T23:10:27.409991,False,,,17.52,False,0,clean,640x480
279,2026-09-23T23:10:27.442523,False,,,17.01,False,0,clean,640x480
280,2026-09-23T23:10:27.472335,False,,,17.33,False,0,clean,640x480
281,2026-09-23T23:10:27.504854,False,,,17.02,False,0,clean,640x480
282,2026-09-23T23:10:27.532738,False,,,16.88,False,0,clean,640x480
283,2026-09-23T23:10:27.579503,False,,,17.53,False,0,clean,640x480
284,2026-09-23T23:10:27.609530,False,,,17.03,False,0,clean,640x480
285,2026-09-23T23:10:27.642550,False,,,17.01,False,0,clean,640x480
286,2026-09-23T23:10:27.672311,False,,,16.50,False,0,clean,640x480
287,2026-09-23T23:10:27.707906,False,,,17.02,False,0,clean,640x480
288,2026-09-23T23:10:27.747305,False,,,17.62,False,0,clean,640x480
289,2026-09-23T23:10:27.777829,False,,,18.01,False,0,clean,640x480
290,2026-09-23T23:10:27.809866,False,,,18.03,False,0,clean,640x480
291,2026-09-23T23:10:27.841887,False,,,17.01,False,0,clean,640x480
292,2026-09-23T23:10:27.872243,False,,,17.52,False,0,clean,640x480
293,2026-09-23T23:10:27.914919,False,,,17.51,False,0,clean,640x480
294,2026-09-23T23:10:27.946447,False,,,17.02,False,0,clean,640x480
295,2026-09-23T23:10:27.978473,False,,,17.01,False,0,clean,640x480
296,2026-09-23T23:10:28.009724,False,,,17.26,False,0,clean,640x480
297,2026-09-23T23:10:28.042760,False,,,17.01,False,0,clean,640x480
298,2026-09-23T23:10:28.072786,False,,,17.01,False,0,clean,640x480
299,2026-09-23T23:10:28.107028,False,,,17.52,False,0,clean,640x480
300,2026-09-23T23:10:28.147197,False,,,17.65,False,0,clean,640x480
301,2026-09-23T23:10:28.179734,False,,,18.03,False,0,clean,640x480
302,2026-09-23T23:10:28.209776,False,,,17.03,False,0,clean,640x480
303,2026-09-23T23:10:28.240802,False,,,17.02,False,0,clean,640x480
304,2026-09-23T23:10:28.272858,False,,,17.01,False,0,clean,640x480
305,2026-09-23T23:10:28.315257,False,,,17.67,False,0,clean,640x480
306,2026-09-23T23:10:28.347292,False,,,17.53,False,0,clean,640x480
307,2026-09-23T23:10:28.378823,False,,,17.02,False,0,clean,640x480
308,2026-09-23T23:10:28.409338,False,,,17.52,False,0,clean,640x480
309,2026-09-23T23:10:28.441899,False,,,17.01,False,0,clean,640x480
310,2026-09-23T23:10:28.472266,False,,,17.50,False,0,clean,640x480
311,2026-09-23T23:10:28.509514,False,,,20.02,False,0,clean,640x480
312,2026-09-23T23:10:28.547108,False,,,16.53,False,0,clean,640x480
313,2026-09-23T23:10:28.578903,False,,,17.01,False,0,clean,640x480
314,2026-09-23T23:10:28.609920,False,,,17.02,False,0,clean,640x480
315,2026-09-23T23:10:28.651618,False,,,17.02,False,0,clean,640x480
316,2026-09-23T23:10:28.690656,False,,,17.00,False,0,clean,640x480
317,2026-09-23T23:10:28.732194,False,,,17.01,False,0,clean,640x480
318,2026-09-23T23:10:28.765232,False,,,18.02,False,0,clean,640x480
319,2026-09-23T23:10:28.795808,False,,,18.07,False,0,clean,640x480
320,2026-09-23T23:10:28.827824,False,,,18.00,False,0,clean,640x480
321,2026-09-23T23:10:28.858986,False,,,17.16,False,0,clean,640x480
322,2026-09-23T23:10:28.889519,False,,,17.52,False,0,clean,640x480
323,2026-09-23T23:10:28.922231,False,,,17.54,False,0,clean,640x480
324,2026-09-23T23:10:28.951365,False,,,17.57,False,0,clean,640x480
325,2026-09-23T23:10:28.981411,False,,,17.54,False,0,clean,640x480
326,2026-09-23T23:10:29.011951,False,,,17.02,False,0,clean,640x480
327,2026-09-23T23:10:29.050479,False,,,17.02,False,0,clean,640x480
328,2026-09-23T23:10:29.090624,False,,,17.02,False,0,clean,640x480
329,2026-09-23T23:10:29.121290,False,,,17.51,False,0,clean,640x480
330,2026-09-23T23:10:29.152338,False,,,17.51,False,0,clean,640x480
331,2026-09-23T23:10:29.182351,False,,,17.01,False,0,clean,640x480
332,2026-09-23T23:10:29.212579,False,,,17.01,False,0,clean,640x480
333,2026-09-23T23:10:29.244894,False,,,17.30,False,0,clean,640x480
334,2026-09-23T23:10:29.275498,False,,,17.59,False,0,clean,640x480
335,2026-09-23T23:10:29.306621,False,,,17.11,False,0,clean,640x480
336,2026-09-23T23:10:29.338655,False,,,16.53,False,0,clean,640x480
337,2026-09-23T23:10:29.388710,False,,,16.53,False,0,clean,640x480
338,2026-09-23T23:10:29.430460,False,,,17.56,False,0,clean,640x480
339,2026-09-23T23:10:29.464242,False,,,17.04,False,0,clean,640x480
340,2026-09-23T23:10:29.490504,False,,,16.74,False,0,clean,640x480
341,2026-09-23T23:10:29.523958,False,,,17.07,False,0,clean,640x480
342,2026-09-23T23:10:29.555488,False,,,17.52,False,0,clean,640x480
343,2026-09-23T23:10:29.588522,False,,,17.53,False,0,clean,640x480
344,2026-09-23T23:10:29.617076,False,,,17.53,False,0,clean,640x480
345,2026-09-23T23:10:29.647106,False,,,17.52,False,0,clean,640x480
346,2026-09-23T23:10:29.678932,False,,,17.02,False,0,clean,640x480
347,2026-09-23T23:10:29.711977,False,,,18.53,False,0,clean,640x480
348,2026-09-23T23:10:29.742512,False,,,17.02,False,0,clean,640x480
349,2026-09-23T23:10:29.792779,False,,,17.01,False,0,clean,640x480
350,2026-09-23T23:10:29.834521,False,,,17.52,False,0,clean,640x480
351,2026-09-23T23:10:29.866785,False,,,17.52,False,0,clean,640x480
352,2026-09-23T23:10:29.894869,False,,,17.07,False,0,clean,640x480
353,2026-09-23T23:10:29.925556,False,,,17.05,False,0,clean,640x480
354,2026-09-23T23:10:29.976592,False,,,17.01,False,0,clean,640x480
355,2026-09-23T23:10:30.019073,False,,,17.53,False,0,clean,640x480
356,2026-09-23T23:10:30.049188,False,,,17.12,False,0,clean,640x480
357,2026-09-23T23:10:30.078710,False,,,17.01,False,0,clean,640x480
358,2026-09-23T23:10:30.109737,False,,,17.02,False,0,clean,640x480
359,2026-09-23T23:10:30.142591,False,,,16.84,False,0,clean,640x480
360,2026-09-23T23:10:30.172240,False,,,17.51,False,0,clean,640x480
361,2026-09-23T23:10:30.202285,False,,,17.52,False,0,clean,640x480
362,2026-09-23T23:10:30.232307,False,,,17.51,False,0,clean,640x480
363,2026-09-23T23:10:30.261838,False,,,17.02,False,0,clean,640x480
364,2026-09-23T23:10:30.292867,False,,,17.01,False,0,clean,640x480
365,2026-09-23T23:10:30.324897,False,,,17.01,False,0,clean,640x480
366,2026-09-23T23:10:30.356807,False,,,17.02,False,0,clean,640x480
367,2026-09-23T23:10:30.388839,False,,,17.53,False,0,clean,640x480
368,2026-09-23T23:10:30.417009,False,,,17.54,False,0,clean,640x480
369,2026-09-23T23:10:30.449286,False,,,17.28,False,0,clean,640x480
370,2026-09-23T23:10:30.478829,False,,,17.03,False,0,clean,640x480
371,2026-09-23T23:10:30.525271,False,,,17.39,False,0,clean,640x480
372,2026-09-23T23:10:30.556475,False,,,17.52,False,0,clean,640x480
373,2026-09-23T23:10:30.589503,False,,,17.52,False,0,clean,640x480
374,2026-09-23T23:10:30.617129,False,,,17.58,False,0,clean,640x480
375,2026-09-23T23:10:30.650655,False,,,17.02,False,0,clean,640x480
376,2026-09-23T23:10:30.678638,False,,,17.52,False,0,clean,640x480
377,2026-09-23T23:10:30.714183,False,,,17.01,False,0,clean,640x480
378,2026-09-23T23:10:30.756813,False,,,17.02,False,0,clean,640x480
379,2026-09-23T23:10:30.788545,False,,,17.52,False,0,clean,640x480
380,2026-09-23T23:10:30.818156,False,,,17.53,False,0,clean,640x480
381,2026-09-23T23:10:30.858695,False,,,17.02,False,0,clean,640x480
382,2026-09-23T23:10:30.894722,False,,,17.02,False,0,clean,640x480
383,2026-09-23T23:10:30.924758,False,,,17.02,False,0,clean,640x480
384,2026-09-23T23:10:30.956825,False,,,17.02,False,0,clean,640x480
385,2026-09-23T23:10:30.987855,False,,,17.02,False,0,clean,640x480
386,2026-09-23T23:10:31.018360,False,,,17.52,False,0,clean,640x480
387,2026-09-23T23:10:31.050457,False,,,17.02,False,0,clean,640x480
388,2026-09-23T23:10:31.079629,False,,,17.02,False,0,clean,640x480
389,2026-09-23T23:10:31.114171,False,,,17.01,False,0,clean,640x480
390,2026-09-23T23:10:31.142673,False,,,16.99,False,0,clean,640x480
391,2026-09-23T23:10:31.178547,False,,,17.01,False,0,clean,640x480
392,2026-09-23T23:10:31.218087,False,,,17.52,False,0,clean,640x480
393,2026-09-23T23:10:31.259800,False,,,17.66,False,0,transition,640x480
394,2026-09-23T23:10:31.296947,False,,,17.57,False,0,transition,640x480
395,2026-09-23T23:10:31.326490,False,,,17.53,False,0,transition,640x480
396,2026-09-23T23:10:31.357018,False,,,17.52,False,0,transition,640x480
397,2026-09-23T23:10:31.389742,False,,,17.53,False,0,transition,640x480
398,2026-09-23T23:10:31.418773,False,,,17.52,False,0,transition,640x480
399,2026-09-23T23:10:31.450643,False,,,16.76,False,0,transition,640x480
400,2026-09-23T23:10:31.479030,False,,,16.58,False,0,transition,640x480
401,2026-09-23T23:10:31.514946,False,,,17.40,False,0,transition,640x480
402,2026-09-23T23:10:31.555248,False,,,17.52,False,0,transition,640x480
403,2026-09-23T23:10:31.590788,False,,,17.02,False,0,transition,640x480
404,2026-09-23T23:10:31.631952,False,,,17.05,False,0,transition,640x480
405,2026-09-23T23:10:31.664257,False,,,16.79,False,0,transition,640x480
406,2026-09-23T23:10:31.694780,False,,,17.02,False,0,transition,640x480
407,2026-09-23T23:10:31.724807,False,,,17.01,False,0,transition,640x480
408,2026-09-23T23:10:31.756836,False,,,17.02,False,0,transition,640x480
409,2026-09-23T23:10:31.787867,False,,,17.02,False,0,transition,640x480
410,2026-09-23T23:10:31.816948,False,,,17.52,False,0,transition,640x480
411,2026-09-23T23:10:31.850961,False,,,17.52,False,0,transition,640x480
412,2026-09-23T23:10:31.878992,False,,,17.52,False,0,transition,640x480
413,2026-09-23T23:10:31.915079,False,,,17.57,False,0,transition,640x480
414,2026-09-23T23:10:31.962899,False,,,18.81,False,0,transition,640x480
415,2026-09-23T23:10:32.006156,True,0.156,0.191,17.60,False,1,transition,640x480
416,2026-09-23T23:10:32.034694,True,0.156,0.176,17.52,False,1,transition,640x480
417,2026-09-23T23:10:32.066801,True,0.230,0.176,17.51,False,1,transition,640x480
418,2026-09-23T23:10:32.095837,True,0.230,0.188,17.52,False,1,transition,640x480
419,2026-09-23T23:10:32.126865,True,0.230,0.201,17.02,False,1,transition,640x480
420,2026-09-23T23:10:32.157089,False,,,17.22,False,0,transition,640x480
421,2026-09-23T23:10:32.188809,False,,,17.63,False,0,transition,640x480
422,2026-09-23T23:10:32.222343,False,,,16.52,False,0,transition,640x480
423,2026-09-23T23:10:32.266880,False,,,17.52,False,0,transition,640x480
424,2026-09-23T23:10:32.294925,False,,,17.52,False,0,transition,640x480
425,2026-09-23T23:10:32.327780,False,,,17.53,False,0,transition,640x480
426,2026-09-23T23:10:32.358474,False,,,17.02,False,0,transition,640x480
427,2026-09-23T23:10:32.395171,False,,,16.67,False,0,transition,640x480
428,2026-09-23T23:10:32.432211,False,,,17.01,False,0,transition,640x480
429,2026-09-23T23:10:32.462808,False,,,17.01,False,0,transition,640x480
430,2026-09-23T23:10:32.491832,False,,,17.52,False,0,transition,640x480
431,2026-09-23T23:10:32.524933,False,,,16.69,False,0,transition,640x480
432,2026-09-23T23:10:32.560769,False,,,17.52,False,0,transition,640x480
433,2026-09-23T23:10:32.603817,False,,,17.02,False,0,transition,640x480
434,2026-09-23T23:10:32.632333,False,,,17.01,False,0,transition,640x480
435,2026-09-23T23:10:32.662856,False,,,17.01,False,0,transition,640x480
436,2026-09-23T23:10:32.694958,False,,,17.58,False,0,transition,640x480
437,2026-09-23T23:10:32.731005,False,,,17.51,False,0,transition,640x480
438,2026-09-23T23:10:32.773729,False,,,18.01,False,0,transition,640x480
439,2026-09-23T23:10:32.807784,False,,,17.03,False,0,transition,640x480
440,2026-09-23T23:10:32.849474,False,,,17.52,False,0,transition,640x480
441,2026-09-23T23:10:32.881049,False,,,17.57,False,0,transition,640x480
442,2026-09-23T23:10:32.912188,False,,,17.53,False,0,transition,640x480
443,2026-09-23T23:10:32.947459,False,,,17.75,False,0,transition,640x480
444,2026-09-23T23:10:32.988815,False,,,17.53,False,0,transition,640x480
445,2026-09-23T23:10:33.022843,False,,,17.01,False,0,transition,640x480
446,2026-09-23T23:10:33.064370,False,,,17.01,False,0,transition,640x480
447,2026-09-23T23:10:33.094909,False,,,17.02,False,0,transition,640x480
448,2026-09-23T23:10:33.126952,False,,,17.03,False,0,transition,640x480
449,2026-09-23T23:10:33.157771,False,,,16.94,False,0,transition,640x480
450,2026-09-23T23:10:33.191820,False,,,17.01,False,0,transition,640x480
451,2026-09-23T23:10:33.232389,False,,,16.51,False,0,transition,640x480
452,2026-09-23T23:10:33.262914,False,,,17.01,False,0,transition,640x480
453,2026-09-23T23:10:33.324559,False,,,17.02,False,0,transition,640x480
454,2026-09-23T23:10:33.358650,False,,,17.08,False,0,transition,640x480
455,2026-09-23T23:10:33.389187,False,,,17.03,False,0,transition,640x480
456,2026-09-23T23:10:33.466401,False,,,16.94,False,0,transition,640x480
457,2026-09-23T23:10:33.494709,False,,,17.52,False,0,transition,640x480
458,2026-09-23T23:10:33.530916,False,,,17.19,False,0,transition,640x480
459,2026-09-23T23:10:33.571244,False,,,17.09,False,0,transition,640x480
460,2026-09-23T23:10:33.606089,False,,,17.32,False,0,transition,640x480
461,2026-09-23T23:10:33.634625,False,,,17.52,False,0,transition,640x480
462,2026-09-23T23:10:33.667242,False,,,17.02,False,0,transition,640x480
463,2026-09-23T23:10:33.695784,False,,,16.52,False,0,transition,640x480
464,2026-09-23T23:10:33.727909,False,,,18.11,False,0,transition,640x480
465,2026-09-23T23:10:33.759033,False,,,17.11,False,0,transition,640x480
466,2026-09-23T23:10:33.792913,False,,,17.36,False,0,transition,640x480
467,2026-09-23T23:10:33.821942,False,,,17.01,False,0,transition,640x480
468,2026-09-23T23:10:33.866248,False,,,16.73,False,0,transition,640x480
469,2026-09-23T23:10:33.898363,False,,,17.59,False,0,transition,640x480
470,2026-09-23T23:10:33.930953,False,,,17.04,False,0,transition,640x480
471,2026-09-23T23:10:33.970010,False,,,18.53,False,0,transition,640x480
472,2026-09-23T23:10:34.007600,False,,,17.06,False,0,transition,640x480
473,2026-09-23T23:10:34.039627,False,,,17.52,False,0,transition,640x480
474,2026-09-23T23:10:34.067239,False,,,17.03,False,0,transition,640x480
475,2026-09-23T23:10:34.099275,False,,,16.52,False,0,transition,640x480
476,2026-09-23T23:10:34.128795,False,,,17.01,False,0,transition,640x480
477,2026-09-23T23:10:34.158823,False,,,17.02,False,0,transition,640x480
478,2026-09-23T23:10:34.188784,False,,,17.53,False,0,transition,640x480
479,2026-09-23T23:10:34.221877,False,,,17.01,False,0,transition,640x480
480,2026-09-23T23:10:34.269413,False,,,19.01,False,0,transition,640x480
481,2026-09-23T23:10:34.298455,False,,,17.53,False,0,transition,640x480
482,2026-09-23T23:10:34.329679,False,,,17.01,False,0,transition,640x480
483,2026-09-23T23:10:34.361209,False,,,17.52,False,0,transition,640x480
484,2026-09-23T23:10:34.402281,False,,,16.52,False,0,transition,640x480
485,2026-09-23T23:10:34.438488,False,,,17.52,False,0,transition,640x480
486,2026-09-23T23:10:34.469023,False,,,17.53,False,0,transition,640x480
487,2026-09-23T23:10:34.499400,False,,,17.61,False,0,transition,640x480
488,2026-09-23T23:10:34.530465,False,,,17.55,False,0,transition,640x480
489,2026-09-23T23:10:34.561077,False,,,17.52,False,0,transition,640x480
490,2026-09-23T23:10:34.592635,False,,,17.04,False,0,transition,640x480
491,2026-09-23T23:10:34.623794,False,,,17.01,False,0,transition,640x480
492,2026-09-23T23:10:34.666844,False,,,17.52,False,0,transition,640x480
493,2026-09-23T23:10:34.698136,False,,,17.59,False,0,transition,640x480
494,2026-09-23T23:10:34.729656,False,,,17.01,False,0,transition,640x480
495,2026-09-23T23:10:34.762687,False,,,16.51,False,0,transition,640x480
496,2026-09-23T23:10:34.792714,False,,,17.02,False,0,transition,640x480
497,2026-09-23T23:10:34.822253,False,,,16.52,False,0,transition,640x480
498,2026-09-23T23:10:34.854792,False,,,17.02,False,0,transition,640x480
499,2026-09-23T23:10:34.881930,False,,,17.02,False,0,transition,640x480
500,2026-09-23T23:10:34.914965,False,,,17.52,False,0,transition,640x480
501,2026-09-23T23:10:34.944642,True,0.168,0.203,17.17,False,1,transition,640x480
502,2026-09-23T23:10:34.977172,True,0.168,0.205,17.51,False,1,transition,640x480
503,2026-09-23T23:10:35.007694,False,,,16.98,False,0,transition,640x480
504,2026-09-23T23:10:35.039725,False,,,17.52,False,0,transition,640x480
505,2026-09-23T23:10:35.067872,False,,,17.51,False,0,transition,640x480
506,2026-09-23T23:10:35.098455,False,,,17.57,False,0,transition,640x480
507,2026-09-23T23:10:35.130488,False,,,17.03,False,0,transition,640x480
508,2026-09-23T23:10:35.161761,False,,,17.01,False,0,transition,640x480
509,2026-09-23T23:10:35.194832,False,,,17.56,False,0,transition,640x480
510,2026-09-23T23:10:35.238864,False,,,17.52,False,0,transition,640x480
511,2026-09-23T23:10:35.266990,False,,,17.53,False,0,transition,640x480
512,2026-09-23T23:10:35.295760,False,,,16.87,False,0,transition,640x480
513,2026-09-23T23:10:35.344807,False,,,17.02,False,0,transition,640x480
514,2026-09-23T23:10:35.377337,False,,,17.52,False,0,transition,640x480
515,2026-09-23T23:10:35.409878,False,,,17.03,False,0,transition,640x480
516,2026-09-23T23:10:35.451421,False,,,17.52,False,0,transition,640x480
517,2026-09-23T23:10:35.482169,False,,,17.18,False,0,transition,640x480
518,2026-09-23T23:10:35.514241,False,,,17.02,False,0,transition,640x480
519,2026-09-23T23:10:35.544739,False,,,17.17,False,0,transition,640x480
520,2026-09-23T23:10:35.574770,False,,,17.02,False,0,transition,640x480
521,2026-09-23T23:10:35.605815,False,,,17.02,False,0,transition,640x480
522,2026-09-23T23:10:35.638832,False,,,17.52,False,0,transition,640x480
523,2026-09-23T23:10:35.675037,False,,,17.19,False,0,transition,640x480
524,2026-09-23T23:10:35.710568,False,,,17.02,False,0,transition,640x480
525,2026-09-23T23:10:35.740589,False,,,17.01,False,0,transition,640x480
526,2026-09-23T23:10:35.772893,False,,,17.01,False,0,transition,640x480
527,2026-09-23T23:10:35.803928,False,,,17.01,False,0,transition,640x480
528,2026-09-23T23:10:35.832451,False,,,17.51,False,0,transition,640x480
529,2026-09-23T23:10:35.867036,False,,,17.52,False,0,transition,640x480
530,2026-09-23T23:10:35.893560,False,,,18.02,False,0,transition,640x480
531,2026-09-23T23:10:35.932164,False,,,18.01,False,0,transition,640x480
532,2026-09-23T23:10:35.976705,False,,,17.02,False,0,transition,640x480
533,2026-09-23T23:10:36.016845,False,,,17.52,False,0,transition,640x480
534,2026-09-23T23:10:36.047587,False,,,17.74,False,0,transition,640x480
535,2026-09-23T23:10:36.078138,False,,,17.52,False,0,transition,640x480
536,2026-09-23T23:10:36.108734,False,,,17.01,False,0,transition,640x480
537,2026-09-23T23:10:36.140750,False,,,17.01,False,0,transition,640x480
538,2026-09-23T23:10:36.169281,False,,,18.02,False,0,transition,640x480
539,2026-09-23T23:10:36.202343,False,,,17.52,False,0,transition,640x480
540,2026-09-23T23:10:36.244870,False,,,17.02,False,0,transition,640x480
541,2026-09-23T23:10:36.274952,False,,,17.02,False,0,transition,640x480
542,2026-09-23T23:10:36.308493,False,,,17.02,False,0,transition,640x480
543,2026-09-23T23:10:36.340588,False,,,17.02,False,0,transition,640x480
544,2026-09-23T23:10:36.369104,False,,,17.53,False,0,transition,640x480
545,2026-09-23T23:10:36.398739,False,,,17.02,False,0,transition,640x480
546,2026-09-23T23:10:36.429771,False,,,17.03,False,0,transition,640x480
547,2026-09-23T23:10:36.474819,False,,,17.02,False,0,transition,640x480
548,2026-09-23T23:10:36.506620,False,,,17.52,False,0,transition,640x480
549,2026-09-23T23:10:36.540166,False,,,18.04,False,0,transition,640x480
550,2026-09-23T23:10:36.568205,False,,,17.02,False,0,transition,640x480
551,2026-09-23T23:10:36.605752,False,,,17.52,False,0,transition,640x480
552,2026-09-23T23:10:36.644860,False,,,17.10,False,0,transition,640x480
553,2026-09-23T23:10:36.676884,False,,,17.01,False,0,transition,640x480
554,2026-09-23T23:10:36.706210,False,,,17.48,False,0,transition,640x480
555,2026-09-23T23:10:36.738814,False,,,17.52,False,0,transition,640x480
556,2026-09-23T23:10:36.768847,False,,,17.52,False,0,transition,640x480
557,2026-09-23T23:10:36.810610,False,,,17.02,False,0,transition,640x480
558,2026-09-23T23:10:36.845778,False,,,18.16,False,0,transition,640x480
559,2026-09-23T23:10:36.874792,False,,,17.00,False,0,transition,640x480
560,2026-09-23T23:10:36.904898,False,,,17.19,False,0,transition,640x480
561,2026-09-23T23:10:36.939454,False,,,17.55,False,0,transition,640x480
562,2026-09-23T23:10:36.975546,False,,,17.01,False,0,transition,640x480
563,2026-09-23T23:10:37.014174,True,0.199,0.199,17.02,False,1,transition,640x480
564,2026-09-23T23:10:37.045127,True,0.199,0.193,17.45,False,1,transition,640x480
565,2026-09-23T23:10:37.074657,True,0.230,0.193,17.01,False,1,transition,640x480
566,2026-09-23T23:10:37.109817,True,0.230,0.205,17.12,False,1,transition,640x480
567,2026-09-23T23:10:37.150589,True,0.363,0.245,17.02,False,1,transition,640x480
568,2026-09-23T23:10:37.182638,True,0.363,0.277,17.53,False,1,transition,640x480
569,2026-09-23T23:10:37.211772,True,0.430,0.323,17.02,False,1,transition,640x480
570,2026-09-23T23:10:37.243804,True,0.430,0.363,18.02,False,1,transition,640x480
571,2026-09-23T23:10:37.276837,True,0.430,0.403,17.02,False,1,transition,640x480
572,2026-09-23T23:10:37.306755,True,0.430,0.416,17.90,False,1,transition,640x480
573,2026-09-23T23:10:37.340917,False,,,17.14,False,0,transition,640x480
574,2026-09-23T23:10:37.383575,False,,,17.52,False,0,transition,640x480
575,2026-09-23T23:10:37.414783,True,0.320,0.408,17.52,False,1,transition,640x480
576,2026-09-23T23:10:37.444805,True,0.320,0.386,18.01,False,1,transition,640x480
577,2026-09-23T23:10:37.474632,False,,,16.82,False,0,transition,640x480
578,2026-09-23T23:10:37.505662,False,,,18.02,False,0,transition,640x480
579,2026-09-23T23:10:37.545892,True,0.230,0.346,16.22,False,1,transition,640x480
580,2026-09-23T23:10:37.579419,True,0.230,0.306,16.51,False,1,transition,640x480
581,2026-09-23T23:10:37.611320,False,,,17.39,False,0,transition,640x480
582,2026-09-23T23:10:37.642836,False,,,17.01,False,0,transition,640x480
583,2026-09-23T23:10:37.674738,True,0.246,0.270,16.88,False,1,transition,640x480
584,2026-09-23T23:10:37.706865,True,0.246,0.255,17.02,False,1,transition,640x480
585,2026-09-23T23:10:37.740930,True,0.262,0.243,19.03,False,1,transition,640x480
586,2026-09-23T23:10:37.782224,True,0.262,0.249,17.01,False,1,transition,640x480
587,2026-09-23T23:10:37.814261,True,0.281,0.259,17.02,False,1,transition,640x480
588,2026-09-23T23:10:37.842311,True,0.281,0.266,16.54,False,1,transition,640x480
589,2026-09-23T23:10:37.878853,True,0.184,0.254,17.02,False,2,transition,640x480
590,2026-09-23T23:10:37.906875,True,0.184,0.238,17.02,False,2,transition,640x480
591,2026-09-23T23:10:37.946049,True,0.453,0.277,16.50,False,3,transition,640x480
592,2026-09-23T23:10:37.986586,True,0.453,0.311,17.50,False,3,transition,640x480
593,2026-09-23T23:10:38.016111,True,0.453,0.345,17.01,False,2,transition,640x480
594,2026-09-23T23:10:38.045132,True,0.453,0.399,17.51,False,2,transition,640x480
595,2026-09-23T23:10:38.075655,True,0.453,0.453,17.52,False,2,transition,640x480
596,2026-09-23T23:10:38.106782,True,0.453,0.453,17.02,False,2,transition,640x480
597,2026-09-23T23:10:38.138817,True,0.477,0.458,17.03,False,2,transition,640x480
598,2026-09-23T23:10:38.167942,True,0.477,0.463,17.52,False,2,transition,640x480
599,2026-09-23T23:10:38.205988,True,0.453,0.463,17.52,False,2,transition,640x480
600,2026-09-23T23:10:38.247532,True,0.453,0.463,18.03,False,2,transition,640x480
601,2026-09-23T23:10:38.282142,True,0.406,0.453,17.01,False,2,transition,640x480
602,2026-09-23T23:10:38.324842,True,0.406,0.439,17.01,False,2,transition,640x480
603,2026-09-23T23:10:38.355878,True,0.453,0.434,17.03,False,2,transition,640x480
604,2026-09-23T23:10:38.382022,True,0.453,0.434,17.01,False,2,transition,640x480
605,2026-09-23T23:10:38.414134,True,0.453,0.434,17.02,False,2,transition,640x480
606,2026-09-23T23:10:38.445214,True,0.453,0.444,17.57,False,2,transition,640x480
607,2026-09-23T23:10:38.475786,True,0.363,0.435,18.02,False,2,transition,640x480
608,2026-09-23T23:10:38.509002,True,0.363,0.417,17.52,False,2,transition,640x480
609,2026-09-23T23:10:38.551862,True,0.547,0.436,17.31,False,2,transition,640x480
610,2026-09-23T23:10:38.582389,True,0.547,0.455,17.52,False,2,transition,640x480
611,2026-09-23T23:10:38.607938,True,0.387,0.441,17.04,False,2,open_palm_over_face,640x480
612,2026-09-23T23:10:38.642467,True,0.387,0.446,17.01,False,2,open_palm_over_face,640x480
613,2026-09-23T23:10:38.682004,True,0.387,0.451,17.01,False,3,open_palm_over_face,640x480
614,2026-09-23T23:10:38.724732,True,0.387,0.419,17.02,False,3,open_palm_over_face,640x480
615,2026-09-23T23:10:38.765004,True,0.363,0.382,17.66,False,2,open_palm_over_face,640x480
616,2026-09-23T23:10:38.797579,True,0.363,0.377,18.07,False,2,open_palm_over_face,640x480
617,2026-09-23T23:10:38.827785,True,0.281,0.356,17.53,False,1,open_palm_over_face,640x480
618,2026-09-23T23:10:38.858482,True,0.281,0.335,17.54,False,1,open_palm_over_face,640x480
619,2026-09-23T23:10:38.889513,True,0.184,0.295,17.53,False,1,open_palm_over_face,640x480
620,2026-09-23T23:10:38.925553,True,0.184,0.259,17.02,False,1,open_palm_over_face,640x480
621,2026-09-23T23:10:38.978809,False,,,17.02,False,0,open_palm_over_face,640x480
622,2026-09-23T23:10:39.010844,False,,,17.02,False,0,open_palm_over_face,640x480
623,2026-09-23T23:10:39.040869,False,,,17.02,False,0,open_palm_over_face,640x480
624,2026-09-23T23:10:39.072114,False,,,17.50,False,0,open_palm_over_face,640x480
625,2026-09-23T23:10:39.106141,False,,,18.51,False,0,open_palm_over_face,640x480
626,2026-09-23T23:10:39.132171,False,,,17.01,False,0,open_palm_over_face,640x480
627,2026-09-23T23:10:39.164833,False,,,17.52,False,0,open_palm_over_face,640x480
628,2026-09-23T23:10:39.194865,False,,,18.02,False,0,open_palm_over_face,640x480
629,2026-09-23T23:10:39.227896,False,,,18.02,False,0,open_palm_over_face,640x480
630,2026-09-23T23:10:39.256802,False,,,17.10,False,0,open_palm_over_face,640x480
631,2026-09-23T23:10:39.288834,False,,,17.02,False,0,open_palm_over_face,640x480
632,2026-09-23T23:10:39.315907,False,,,17.08,False,0,open_palm_over_face,640x480
633,2026-09-23T23:10:39.346444,False,,,17.52,False,0,open_palm_over_face,640x480
634,2026-09-23T23:10:39.377471,False,,,18.01,False,0,open_palm_over_face,640x480
635,2026-09-23T23:10:39.419158,False,,,18.03,False,0,open_palm_over_face,640x480
636,2026-09-23T23:10:39.456475,False,,,17.54,False,0,open_palm_over_face,640x480
637,2026-09-23T23:10:39.488554,False,,,17.52,False,0,open_palm_over_face,640x480
638,2026-09-23T23:10:39.516816,False,,,17.52,False,0,open_palm_over_face,640x480
639,2026-09-23T23:10:39.560615,False,,,17.14,False,0,open_palm_over_face,640x480
640,2026-09-23T23:10:39.592853,False,,,17.23,False,0,open_palm_over_face,640x480
641,2026-09-23T23:10:39.628621,False,,,17.59,False,0,open_palm_over_face,640x480
642,2026-09-23T23:10:39.668108,False,,,17.52,False,0,open_palm_over_face,640x480
643,2026-09-23T23:10:39.699625,True,0.387,0.263,17.52,False,1,open_palm_over_face,640x480
644,2026-09-23T23:10:39.728655,True,0.387,0.284,17.52,False,1,open_palm_over_face,640x480
645,2026-09-23T23:10:39.759710,True,0.156,0.259,17.04,False,1,open_palm_over_face,640x480
646,2026-09-23T23:10:39.790941,True,0.156,0.254,17.22,False,1,open_palm_over_face,640x480
647,2026-09-23T23:10:39.822010,True,0.199,0.257,17.51,False,1,open_palm_over_face,640x480
648,2026-09-23T23:10:39.852295,True,0.199,0.220,17.73,False,1,open_palm_over_face,640x480
649,2026-09-23T23:10:39.882318,True,0.363,0.215,16.51,False,2,open_palm_over_face,640x480
650,2026-09-23T23:10:39.912467,True,0.363,0.256,17.53,False,2,open_palm_over_face,640x480
651,2026-09-23T23:10:39.950515,True,0.168,0.259,17.02,False,1,open_palm_over_face,640x480
652,2026-09-23T23:10:39.988627,True,0.168,0.252,17.52,False,1,open_palm_over_face,640x480
653,2026-09-23T23:10:40.021173,True,0.301,0.273,17.52,False,1,open_palm_over_face,640x480
654,2026-09-23T23:10:40.048568,True,0.301,0.260,16.76,False,1,open_palm_over_face,640x480
655,2026-09-23T23:10:40.080677,True,0.344,0.256,17.02,False,3,open_palm_over_face,640x480
656,2026-09-23T23:10:40.109625,True,0.344,0.291,17.14,False,3,open_palm_over_face,640x480
657,2026-09-23T23:10:40.155252,True,0.430,0.344,17.49,False,2,open_palm_over_face,640x480
658,2026-09-23T23:10:40.188790,True,0.430,0.370,17.52,False,2,open_palm_over_face,640x480
659,2026-09-23T23:10:40.218312,True,0.262,0.362,17.01,False,2,open_palm_over_face,640x480
660,2026-09-23T23:10:40.251908,True,0.262,0.345,17.29,False,2,open_palm_over_face,640x480
661,2026-09-23T23:10:40.293947,True,0.301,0.337,17.52,False,2,open_palm_over_face,640x480
662,2026-09-23T23:10:40.328479,True,0.301,0.311,17.52,False,2,open_palm_over_face,640x480
663,2026-09-23T23:10:40.362140,True,0.387,0.302,17.16,False,2,open_palm_over_face,640x480
664,2026-09-23T23:10:40.406681,True,0.387,0.327,17.02,False,2,open_palm_over_face,640x480
665,2026-09-23T23:10:40.451242,True,0.406,0.356,17.54,False,2,open_palm_over_face,640x480
666,2026-09-23T23:10:40.494886,True,0.406,0.377,17.12,False,2,open_palm_over_face,640x480
667,2026-09-23T23:10:40.524900,True,0.281,0.373,17.00,False,2,open_palm_over_face,640x480
668,2026-09-23T23:10:40.555994,True,0.281,0.352,17.52,False,2,open_palm_over_face,640x480
669,2026-09-23T23:10:40.602243,True,0.211,0.317,17.53,False,1,open_palm_over_face,640x480
670,2026-09-23T23:10:40.634773,True,0.211,0.278,17.52,False,1,open_palm_over_face,640x480
671,2026-09-23T23:10:40.664797,True,0.211,0.239,17.51,False,2,open_palm_over_face,640x480
672,2026-09-23T23:10:40.695323,True,0.211,0.225,17.52,False,2,open_palm_over_face,640x480
673,2026-09-23T23:10:40.724845,True,0.246,0.218,17.51,False,1,open_palm_over_face,640x480
674,2026-09-23T23:10:40.754492,True,0.246,0.225,17.03,False,1,open_palm_over_face,640x480
675,2026-09-23T23:10:40.785520,True,0.281,0.239,17.52,False,1,open_palm_over_face,640x480
676,2026-09-23T23:10:40.816165,True,0.281,0.253,17.02,False,1,open_palm_over_face,640x480
677,2026-09-23T23:10:40.847736,True,0.301,0.271,18.07,False,2,open_palm_over_face,640x480
678,2026-09-23T23:10:40.880437,True,0.301,0.282,17.52,False,2,open_palm_over_face,640x480
679,2026-09-23T23:10:40.911670,True,0.301,0.293,17.01,False,2,open_palm_over_face,640x480
680,2026-09-23T23:10:40.940743,True,0.301,0.297,17.02,False,2,open_palm_over_face,640x480
681,2026-09-23T23:10:40.978285,True,0.262,0.293,17.51,False,2,open_palm_over_face,640x480
682,2026-09-23T23:10:41.018827,True,0.262,0.285,17.52,False,2,open_palm_over_face,640x480
683,2026-09-23T23:10:41.045892,True,0.363,0.298,17.02,False,2,open_palm_over_face,640x480
684,2026-09-23T23:10:41.077929,True,0.363,0.310,18.01,False,2,open_palm_over_face,640x480
685,2026-09-23T23:10:41.109560,True,0.344,0.319,17.06,False,1,open_palm_over_face,640x480
686,2026-09-23T23:10:41.140594,True,0.344,0.335,17.02,False,1,open_palm_over_face,640x480
687,2026-09-23T23:10:41.172117,True,0.281,0.339,16.51,False,2,open_palm_over_face,640x480
688,2026-09-23T23:10:41.201435,True,0.281,0.323,17.80,False,2,open_palm_over_face,640x480
689,2026-09-23T23:10:41.232341,True,0.230,0.296,16.51,False,2,open_palm_over_face,640x480
690,2026-09-23T23:10:41.262474,True,0.230,0.273,17.52,False,2,open_palm_over_face,640x480
691,2026-09-23T23:10:41.295002,True,0.262,0.257,17.51,False,2,open_palm_over_face,640x480
692,2026-09-23T23:10:41.324536,True,0.262,0.253,17.01,False,2,open_palm_over_face,640x480
693,2026-09-23T23:10:41.356721,True,0.281,0.253,17.54,False,3,open_palm_over_face,640x480
694,2026-09-23T23:10:41.385753,True,0.281,0.263,17.53,False,3,open_palm_over_face,640x480
695,2026-09-23T23:10:41.418360,True,0.262,0.270,17.01,False,1,open_palm_over_face,640x480
696,2026-09-23T23:10:41.447392,True,0.262,0.270,17.53,False,1,open_palm_over_face,640x480
697,2026-09-23T23:10:41.484535,True,0.281,0.273,17.82,False,2,open_palm_over_face,640x480
698,2026-09-23T23:10:41.526799,True,0.281,0.273,18.08,False,2,open_palm_over_face,640x480
699,2026-09-23T23:10:41.555705,True,0.246,0.266,17.30,False,2,open_palm_over_face,640x480
700,2026-09-23T23:10:41.583728,True,0.246,0.263,17.51,False,2,open_palm_over_face,640x480
701,2026-09-23T23:10:41.626780,True,0.344,0.280,17.03,False,2,open_palm_over_face,640x480
702,2026-09-23T23:10:41.660478,True,0.344,0.292,17.68,False,2,open_palm_over_face,640x480
703,2026-09-23T23:10:41.692514,True,0.344,0.305,19.03,False,2,open_palm_over_face,640x480
704,2026-09-23T23:10:41.725742,True,0.344,0.324,17.60,False,2,open_palm_over_face,640x480
705,2026-09-23T23:10:41.754766,True,0.344,0.344,17.02,False,2,open_palm_over_face,640x480
706,2026-09-23T23:10:41.784784,True,0.344,0.344,17.52,False,2,open_palm_over_face,640x480
707,2026-09-23T23:10:41.818820,True,0.301,0.335,17.52,False,2,open_palm_over_face,640x480
708,2026-09-23T23:10:41.859324,True,0.301,0.327,16.66,False,2,open_palm_over_face,640x480
709,2026-09-23T23:10:41.889968,True,0.344,0.327,17.14,False,2,open_palm_over_face,640x480
710,2026-09-23T23:10:41.921964,True,0.344,0.327,17.01,False,2,open_palm_over_face,640x480
711,2026-09-23T23:10:41.950819,True,0.301,0.318,17.34,False,2,open_palm_over_face,640x480
712,2026-09-23T23:10:41.982164,True,0.301,0.318,17.01,False,2,open_palm_over_face,640x480
713,2026-09-23T23:10:42.026512,True,0.301,0.318,17.01,False,2,open_palm_over_face,640x480
714,2026-09-23T23:10:42.054545,True,0.301,0.309,17.03,False,2,transition,640x480
715,2026-09-23T23:10:42.090567,True,0.301,0.301,17.02,False,2,transition,640x480
716,2026-09-23T23:10:42.122124,True,0.301,0.301,16.51,False,2,transition,640x480
717,2026-09-23T23:10:42.154664,True,0.301,0.301,17.02,False,2,transition,640x480
718,2026-09-23T23:10:42.183748,True,0.246,0.290,17.58,False,2,transition,640x480
719,2026-09-23T23:10:42.218344,True,0.387,0.307,17.02,False,2,transition,640x480
720,2026-09-23T23:10:42.260537,True,0.387,0.324,17.69,False,2,transition,640x480
721,2026-09-23T23:10:42.290556,False,,,17.01,False,0,transition,640x480
722,2026-09-23T23:10:42.322236,False,,,16.51,False,0,transition,640x480
723,2026-09-23T23:10:42.362829,True,0.168,0.298,17.73,False,1,transition,640x480
724,2026-09-23T23:10:42.399458,True,0.168,0.271,17.53,False,1,transition,640x480
725,2026-09-23T23:10:42.430494,False,,,17.03,False,0,transition,640x480
726,2026-09-23T23:10:42.461596,False,,,16.67,False,0,transition,640x480
727,2026-09-23T23:10:42.492601,False,,,17.00,False,0,transition,640x480
728,2026-09-23T23:10:42.524839,False,,,17.01,False,0,transition,640x480
729,2026-09-23T23:10:42.558469,False,,,17.03,False,0,transition,640x480
730,2026-09-23T23:10:42.598351,False,,,17.36,False,0,transition,640x480
731,2026-09-23T23:10:42.628879,False,,,17.01,False,0,transition,640x480
732,2026-09-23T23:10:42.659412,False,,,17.52,False,0,transition,640x480
733,2026-09-23T23:10:42.691936,False,,,17.51,False,0,transition,640x480
734,2026-09-23T23:10:42.723818,False,,,17.51,False,0,transition,640x480
735,2026-09-23T23:10:42.762528,False,,,17.52,False,0,transition,640x480
736,2026-09-23T23:10:42.801049,False,,,17.51,False,0,transition,640x480
737,2026-09-23T23:10:42.831074,False,,,17.52,False,0,transition,640x480
738,2026-09-23T23:10:42.862616,False,,,17.52,False,0,transition,640x480
739,2026-09-23T23:10:42.892636,False,,,17.01,False,0,transition,640x480
740,2026-09-23T23:10:42.924683,False,,,17.03,False,0,transition,640x480
741,2026-09-23T23:10:42.967233,False,,,17.52,False,0,transition,640x480
742,2026-09-23T23:10:43.001349,False,,,16.61,False,0,transition,640x480
743,2026-09-23T23:10:43.030784,False,,,16.93,False,0,transition,640x480
744,2026-09-23T23:10:43.061546,False,,,17.53,False,0,transition,640x480
745,2026-09-23T23:10:43.099582,False,,,17.52,False,0,transition,640x480
746,2026-09-23T23:10:43.138683,False,,,17.52,False,0,transition,640x480
747,2026-09-23T23:10:43.167988,False,,,17.52,False,0,transition,640x480
748,2026-09-23T23:10:43.199511,False,,,17.52,False,0,transition,640x480
749,2026-09-23T23:10:43.229676,False,,,17.02,False,0,transition,640x480
750,2026-09-23T23:10:43.260840,False,,,17.15,False,0,transition,640x480
751,2026-09-23T23:10:43.291866,False,,,17.01,False,0,transition,640x480
752,2026-09-23T23:10:43.322123,False,,,17.51,False,0,transition,640x480
753,2026-09-23T23:10:43.354725,False,,,17.11,False,0,transition,640x480
754,2026-09-23T23:10:43.382251,False,,,17.01,False,0,transition,640x480
755,2026-09-23T23:10:43.418927,False,,,17.66,False,0,transition,640x480
756,2026-09-23T23:10:43.459804,False,,,16.60,False,0,transition,640x480
757,2026-09-23T23:10:43.498217,False,,,17.02,False,0,transition,640x480
758,2026-09-23T23:10:43.535761,False,,,17.53,False,0,transition,640x480
759,2026-09-23T23:10:43.566912,False,,,17.57,False,0,transition,640x480
760,2026-09-23T23:10:43.597490,False,,,17.02,False,0,transition,640x480
761,2026-09-23T23:10:43.630458,False,,,17.61,False,0,transition,640x480
762,2026-09-23T23:10:43.661601,True,0.199,0.262,17.14,False,1,transition,640x480
763,2026-09-23T23:10:43.702197,True,0.199,0.224,18.69,False,1,transition,640x480
764,2026-09-23T23:10:43.739731,False,,,17.52,False,0,transition,640x480
765,2026-09-23T23:10:43.770234,False,,,16.52,False,0,transition,640x480
766,2026-09-23T23:10:43.801383,False,,,16.64,False,0,transition,640x480
767,2026-09-23T23:10:43.834845,False,,,17.44,False,0,transition,640x480
768,2026-09-23T23:10:43.862904,False,,,18.02,False,0,transition,640x480
769,2026-09-23T23:10:43.899487,False,,,17.52,False,0,transition,640x480
770,2026-09-23T23:10:43.940680,False,,,17.02,False,0,transition,640x480
771,2026-09-23T23:10:43.976717,False,,,17.02,False,0,transition,640x480
772,2026-09-23T23:10:44.016853,False,,,17.52,False,0,transition,640x480
773,2026-09-23T23:10:44.047362,False,,,17.50,False,0,transition,640x480
774,2026-09-23T23:10:44.079912,False,,,17.02,False,0,transition,640x480
775,2026-09-23T23:10:44.108929,False,,,17.03,False,0,transition,640x480
776,2026-09-23T23:10:44.141738,False,,,17.52,False,0,transition,640x480
777,2026-09-23T23:10:44.172273,False,,,16.50,False,0,transition,640x480
778,2026-09-23T23:10:44.201599,False,,,17.70,False,0,transition,640x480
779,2026-09-23T23:10:44.234353,False,,,17.21,False,0,transition,640x480
780,2026-09-23T23:10:44.263444,False,,,17.58,False,0,transition,640x480
781,2026-09-23T23:10:44.300483,False,,,17.02,False,0,transition,640x480
782,2026-09-23T23:10:44.343522,False,,,17.01,False,0,transition,640x480
783,2026-09-23T23:10:44.373574,False,,,18.01,False,0,transition,640x480
784,2026-09-23T23:10:44.403607,False,,,18.01,False,0,transition,640x480
785,2026-09-23T23:10:44.431172,False,,,17.01,False,0,transition,640x480
786,2026-09-23T23:10:44.462340,False,,,17.52,False,0,transition,640x480
787,2026-09-23T23:10:44.493868,False,,,18.01,False,0,transition,640x480
788,2026-09-23T23:10:44.524824,False,,,16.94,False,0,transition,640x480
789,2026-09-23T23:10:44.555938,False,,,17.59,False,0,transition,640x480
790,2026-09-23T23:10:44.588534,False,,,17.58,False,0,transition,640x480
791,2026-09-23T23:10:44.634647,False,,,17.52,False,0,transition,640x480
792,2026-09-23T23:10:44.664971,False,,,17.80,False,0,transition,640x480
793,2026-09-23T23:10:44.699000,False,,,17.02,False,0,transition,640x480
794,2026-09-23T23:10:44.727524,False,,,18.02,False,0,transition,640x480
795,2026-09-23T23:10:44.758688,False,,,17.16,False,0,transition,640x480
796,2026-09-23T23:10:44.790745,False,,,17.05,False,0,transition,640x480
797,2026-09-23T23:10:44.822901,False,,,17.01,False,0,transition,640x480
798,2026-09-23T23:10:44.853453,False,,,18.03,False,0,transition,640x480
799,2026-09-23T23:10:44.881991,False,,,17.01,False,0,transition,640x480
800,2026-09-23T23:10:44.914932,False,,,17.62,False,0,transition,640x480
801,2026-09-23T23:10:44.946468,False,,,17.52,False,0,transition,640x480
802,2026-09-23T23:10:44.978519,False,,,18.00,False,0,transition,640x480
803,2026-09-23T23:10:45.034844,False,,,17.52,False,0,transition,640x480
804,2026-09-23T23:10:45.067910,False,,,17.05,False,0,transition,640x480
805,2026-09-23T23:10:45.099527,False,,,17.52,False,0,transition,640x480
806,2026-09-23T23:10:45.129556,False,,,17.02,False,0,transition,640x480
807,2026-09-23T23:10:45.162185,False,,,17.51,False,0,transition,640x480
808,2026-09-23T23:10:45.190707,False,,,17.01,False,0,transition,640x480
809,2026-09-23T23:10:45.224793,False,,,17.06,False,0,transition,640x480
810,2026-09-23T23:10:45.254817,False,,,17.03,False,0,transition,640x480
811,2026-09-23T23:10:45.283858,False,,,17.03,False,0,transition,640x480
812,2026-09-23T23:10:45.315050,False,,,17.53,False,0,transition,640x480
813,2026-09-23T23:10:45.344963,False,,,17.41,False,0,transition,640x480
814,2026-09-23T23:10:45.377747,False,,,17.52,False,0,transition,640x480
815,2026-09-23T23:10:45.406866,False,,,17.12,False,0,transition,640x480
816,2026-09-23T23:10:45.438603,False,,,17.52,False,0,transition,640x480
817,2026-09-23T23:10:45.466990,False,,,17.59,False,0,transition,640x480
818,2026-09-23T23:10:45.498362,False,,,17.52,False,0,transition,640x480
819,2026-09-23T23:10:45.530444,False,,,17.57,False,0,transition,640x480
820,2026-09-23T23:10:45.562220,False,,,17.37,False,0,transition,640x480
821,2026-09-23T23:10:45.589763,False,,,17.53,False,0,transition,640x480
822,2026-09-23T23:10:45.627807,False,,,18.02,False,0,transition,640x480
823,2026-09-23T23:10:45.667954,False,,,17.12,False,0,transition,640x480
824,2026-09-23T23:10:45.706592,False,,,17.12,False,0,transition,640x480
825,2026-09-23T23:10:45.744948,False,,,17.34,False,0,transition,640x480
826,2026-09-23T23:10:45.777876,False,,,17.52,False,0,transition,640x480
827,2026-09-23T23:10:45.804507,False,,,17.02,False,0,transition,640x480
828,2026-09-23T23:10:45.839533,False,,,17.52,False,0,transition,640x480
829,2026-09-23T23:10:45.868168,False,,,17.05,False,0,transition,640x480
830,2026-09-23T23:10:45.899279,False,,,17.52,False,0,transition,640x480
831,2026-09-23T23:10:45.931371,False,,,18.52,False,0,transition,640x480
832,2026-09-23T23:10:45.965006,False,,,17.62,False,0,transition,640x480
833,2026-09-23T23:10:46.006975,False,,,18.02,False,0,transition,640x480
834,2026-09-23T23:10:46.038600,False,,,17.52,False,0,transition,640x480
835,2026-09-23T23:10:46.069026,False,,,17.56,False,0,transition,640x480
836,2026-09-23T23:10:46.109517,False,,,16.88,False,0,transition,640x480
837,2026-09-23T23:10:46.145046,False,,,17.52,False,0,transition,640x480
838,2026-09-23T23:10:46.175621,False,,,17.01,False,0,transition,640x480
839,2026-09-23T23:10:46.206671,False,,,17.52,False,0,transition,640x480
840,2026-09-23T23:10:46.239698,False,,,17.52,False,0,transition,640x480
841,2026-09-23T23:10:46.269793,False,,,17.02,False,0,transition,640x480
842,2026-09-23T23:10:46.299169,False,,,17.15,False,0,transition,640x480
843,2026-09-23T23:10:46.328692,False,,,17.01,False,0,transition,640x480
844,2026-09-23T23:10:46.362240,False,,,17.52,False,0,transition,640x480
845,2026-09-23T23:10:46.390768,False,,,17.01,False,0,transition,640x480
846,2026-09-23T23:10:46.442870,False,,,17.01,False,0,transition,640x480
847,2026-09-23T23:10:46.483498,False,,,17.52,False,0,transition,640x480
848,2026-09-23T23:10:46.513801,False,,,17.30,False,0,transition,640x480
849,2026-09-23T23:10:46.543890,False,,,17.07,False,0,transition,640x480
850,2026-09-23T23:10:46.574925,False,,,17.51,False,0,transition,640x480
851,2026-09-23T23:10:46.608639,False,,,17.03,False,0,transition,640x480
852,2026-09-23T23:10:46.639659,False,,,17.51,False,0,transition,640x480
853,2026-09-23T23:10:46.666930,False,,,17.52,False,0,transition,640x480
854,2026-09-23T23:10:46.699968,False,,,17.52,False,0,transition,640x480
855,2026-09-23T23:10:46.729488,False,,,17.01,False,0,transition,640x480
856,2026-09-23T23:10:46.769135,False,,,17.38,False,0,transition,640x480
857,2026-09-23T23:10:46.807168,False,,,17.52,False,0,transition,640x480
858,2026-09-23T23:10:46.842701,False,,,17.01,False,0,transition,640x480
859,2026-09-23T23:10:46.880739,False,,,16.51,False,0,transition,640x480
860,2026-09-23T23:10:46.913452,False,,,17.60,False,0,transition,640x480
861,2026-09-23T23:10:46.945022,False,,,17.55,False,0,transition,640x480
862,2026-09-23T23:10:46.975616,False,,,17.01,False,0,transition,640x480
863,2026-09-23T23:10:47.006651,False,,,17.02,False,0,transition,640x480
864,2026-09-23T23:10:47.035680,False,,,17.52,False,0,transition,640x480
865,2026-09-23T23:10:47.066240,False,,,17.03,False,0,transition,640x480
866,2026-09-23T23:10:47.099559,False,,,17.52,False,0,transition,640x480
867,2026-09-23T23:10:47.127702,False,,,17.01,False,0,transition,640x480
868,2026-09-23T23:10:47.179545,False,,,17.53,False,0,transition,640x480
869,2026-09-23T23:10:47.222082,False,,,17.50,False,0,transition,640x480
870,2026-09-23T23:10:47.252228,False,,,17.52,False,0,transition,640x480
871,2026-09-23T23:10:47.281777,False,,,17.01,False,0,transition,640x480
872,2026-09-23T23:10:47.312800,False,,,17.01,False,0,transition,640x480
873,2026-09-23T23:10:47.343826,False,,,16.69,False,0,transition,640x480
874,2026-09-23T23:10:47.375362,False,,,17.51,False,0,transition,640x480
875,2026-09-23T23:10:47.405892,False,,,17.52,False,0,transition,640x480
876,2026-09-23T23:10:47.434928,False,,,17.52,False,0,transition,640x480
877,2026-09-23T23:10:47.466974,False,,,17.54,False,0,transition,640x480
878,2026-09-23T23:10:47.498330,True,0.344,0.216,17.53,False,1,transition,640x480
879,2026-09-23T23:10:47.528879,True,0.344,0.251,17.04,False,1,transition,640x480
880,2026-09-23T23:10:47.579491,True,0.430,0.303,17.52,False,1,transition,640x480
881,2026-09-23T23:10:47.622768,True,0.430,0.349,17.01,False,1,transition,640x480
882,2026-09-23T23:10:47.651290,False,,,17.52,False,0,transition,640x480
883,2026-09-23T23:10:47.680885,False,,,17.01,False,0,transition,640x480
884,2026-09-23T23:10:47.710836,True,0.320,0.373,17.07,False,1,transition,640x480
885,2026-09-23T23:10:47.741866,True,0.320,0.369,17.02,False,1,transition,640x480
886,2026-09-23T23:10:47.775631,False,,,17.58,False,0,transition,640x480
887,2026-09-23T23:10:47.815088,False,,,17.53,False,0,transition,640x480
888,2026-09-23T23:10:47.849395,True,0.156,0.331,17.52,False,1,transition,640x480
889,2026-09-23T23:10:47.880522,True,0.156,0.277,17.03,False,1,transition,640x480
890,2026-09-23T23:10:47.914777,False,,,17.29,False,0,transition,640x480
891,2026-09-23T23:10:47.942793,False,,,17.01,False,0,transition,640x480
892,2026-09-23T23:10:47.978886,False,,,17.02,False,0,transition,640x480
893,2026-09-23T23:10:48.023446,False,,,17.51,False,0,transition,640x480
894,2026-09-23T23:10:48.055914,False,,,17.44,False,0,transition,640x480
895,2026-09-23T23:10:48.084077,False,,,17.16,False,0,transition,640x480
896,2026-09-23T23:10:48.115164,False,,,17.58,False,0,transition,640x480
897,2026-09-23T23:10:48.145183,False,,,17.51,False,0,transition,640x480
898,2026-09-23T23:10:48.175466,False,,,17.54,False,0,transition,640x480
899,2026-09-23T23:10:48.207006,False,,,17.53,False,0,transition,640x480
900,2026-09-23T23:10:48.239849,False,,,17.52,False,0,transition,640x480
901,2026-09-23T23:10:48.268873,False,,,17.51,False,0,transition,640x480
902,2026-09-23T23:10:48.316980,False,,,19.59,False,0,transition,640x480
903,2026-09-23T23:10:48.344534,False,,,17.52,False,0,transition,640x480
904,2026-09-23T23:10:48.378565,False,,,17.02,False,0,transition,640x480
905,2026-09-23T23:10:48.411098,False,,,17.52,False,0,transition,640x480
906,2026-09-23T23:10:48.446223,False,,,17.02,False,0,transition,640x480
907,2026-09-23T23:10:48.485771,False,,,17.52,False,0,transition,640x480
908,2026-09-23T23:10:48.516801,False,,,17.52,False,0,transition,640x480
909,2026-09-23T23:10:48.545858,False,,,17.54,False,0,transition,640x480
910,2026-09-23T23:10:48.576899,False,,,17.02,False,0,transition,640x480
911,2026-09-23T23:10:48.608620,False,,,17.15,False,0,transition,640x480
912,2026-09-23T23:10:48.652206,False,,,17.51,False,0,transition,640x480
913,2026-09-23T23:10:48.684735,False,,,17.52,False,0,transition,640x480
914,2026-09-23T23:10:48.714268,False,,,17.02,False,0,transition,640x480
915,2026-09-23T23:10:48.744812,False,,,17.02,False,0,transition,640x480
916,2026-09-23T23:10:48.778848,False,,,17.02,False,0,transition,640x480
917,2026-09-23T23:10:48.808867,False,,,17.02,False,0,transition,640x480
918,2026-09-23T23:10:48.841701,False,,,16.63,False,0,transition,640x480
919,2026-09-23T23:10:48.872879,False,,,17.01,False,0,transition,640x480
920,2026-09-23T23:10:48.914933,False,,,17.52,False,0,transition,640x480
921,2026-09-23T23:10:48.946512,False,,,17.52,False,0,transition,640x480
922,2026-09-23T23:10:48.975759,False,,,17.02,False,0,transition,640x480
923,2026-09-23T23:10:49.007939,False,,,17.02,False,0,transition,640x480
924,2026-09-23T23:10:49.051499,False,,,17.02,False,0,transition,640x480
925,2026-09-23T23:10:49.085296,False,,,17.15,False,0,transition,640x480
926,2026-09-23T23:10:49.116827,True,0.230,0.237,17.52,False,1,transition,640x480
927,2026-09-23T23:10:49.145866,True,0.230,0.219,17.02,False,1,transition,640x480
928,2026-09-23T23:10:49.179392,True,0.320,0.219,17.51,False,1,transition,640x480
929,2026-09-23T23:10:49.208597,True,0.320,0.252,17.52,False,1,transition,640x480
930,2026-09-23T23:10:49.242134,True,0.320,0.284,17.02,False,1,transition,640x480
931,2026-09-23T23:10:49.272159,True,0.320,0.302,16.51,False,1,transition,640x480
932,2026-09-23T23:10:49.307913,True,0.246,0.305,17.02,False,2,transition,640x480
933,2026-09-23T23:10:49.348049,True,0.246,0.291,17.60,False,2,transition,640x480
934,2026-09-23T23:10:49.388587,True,0.230,0.273,17.52,False,1,transition,640x480
935,2026-09-23T23:10:49.415112,True,0.230,0.255,18.02,False,1,head_turn_headphones_on,640x480
936,2026-09-23T23:10:49.458323,True,0.363,0.263,17.53,False,1,head_turn_headphones_on,640x480
937,2026-09-23T23:10:49.488883,True,0.363,0.287,17.02,False,1,head_turn_headphones_on,640x480
938,2026-09-23T23:10:49.521787,True,0.281,0.294,17.01,False,1,head_turn_headphones_on,640x480
939,2026-09-23T23:10:49.552362,True,0.281,0.304,17.53,False,1,head_turn_headphones_on,640x480
940,2026-09-23T23:10:49.582397,True,0.184,0.295,17.01,False,1,head_turn_headphones_on,640x480
941,2026-09-23T23:10:49.614937,True,0.184,0.259,17.52,False,1,head_turn_headphones_on,640x480
942,2026-09-23T23:10:49.644982,True,0.211,0.228,17.52,False,1,head_turn_headphones_on,640x480
943,2026-09-23T23:10:49.676533,True,0.211,0.214,17.53,False,1,head_turn_headphones_on,640x480
944,2026-09-23T23:10:49.708620,True,0.168,0.191,17.07,False,1,head_turn_headphones_on,640x480
945,2026-09-23T23:10:49.742718,True,0.168,0.188,17.09,False,1,head_turn_headphones_on,640x480
946,2026-09-23T23:10:49.788786,True,0.168,0.185,17.53,False,1,head_turn_headphones_on,640x480
947,2026-09-23T23:10:49.829361,True,0.168,0.177,17.51,False,1,head_turn_headphones_on,640x480
948,2026-09-23T23:10:49.859897,False,,,17.02,False,0,head_turn_headphones_on,640x480
949,2026-09-23T23:10:49.890924,False,,,17.02,False,0,head_turn_headphones_on,640x480
950,2026-09-23T23:10:49.922013,False,,,17.01,False,0,head_turn_headphones_on,640x480
951,2026-09-23T23:10:49.970169,False,,,16.51,False,0,head_turn_headphones_on,640x480
952,2026-09-23T23:10:49.999543,False,,,17.37,False,0,head_turn_headphones_on,640x480
953,2026-09-23T23:10:50.029084,False,,,16.52,False,0,head_turn_headphones_on,640x480
954,2026-09-23T23:10:50.060689,True,0.184,0.171,17.07,False,1,head_turn_headphones_on,640x480
955,2026-09-23T23:10:50.093716,True,0.184,0.174,18.02,False,1,head_turn_headphones_on,640x480
956,2026-09-23T23:10:50.126313,True,0.168,0.174,17.58,False,1,head_turn_headphones_on,640x480
957,2026-09-23T23:10:50.155848,True,0.168,0.174,17.02,False,1,head_turn_headphones_on,640x480
958,2026-09-23T23:10:50.188735,True,0.281,0.197,17.39,False,2,head_turn_headphones_on,640x480
959,2026-09-23T23:10:50.229398,True,0.281,0.216,16.52,False,2,head_turn_headphones_on,640x480
960,2026-09-23T23:10:50.261931,True,0.301,0.240,18.02,False,2,head_turn_headphones_on,640x480
961,2026-09-23T23:10:50.293453,True,0.301,0.266,17.52,False,2,head_turn_headphones_on,640x480
962,2026-09-23T23:10:50.324499,True,0.320,0.297,17.01,False,2,head_turn_headphones_on,640x480
963,2026-09-23T23:10:50.352414,True,0.320,0.305,16.60,False,2,head_turn_headphones_on,640x480
964,2026-09-23T23:10:50.387954,True,0.301,0.309,17.03,False,2,head_turn_headphones_on,640x480
965,2026-09-23T23:10:50.416982,True,0.301,0.309,18.02,False,2,head_turn_headphones_on,640x480
966,2026-09-23T23:10:50.448799,True,0.281,0.305,17.25,False,2,head_turn_headphones_on,640x480
967,2026-09-23T23:10:50.479903,True,0.281,0.297,17.02,False,2,head_turn_headphones_on,640x480
968,2026-09-23T23:10:50.523755,True,0.199,0.273,18.01,False,1,head_turn_headphones_on,640x480
969,2026-09-23T23:10:50.555809,True,0.199,0.252,17.03,False,1,head_turn_headphones_on,640x480
970,2026-09-23T23:10:50.588537,True,0.184,0.229,17.53,False,2,head_turn_headphones_on,640x480
971,2026-09-23T23:10:50.620107,True,0.184,0.209,18.01,False,2,head_turn_headphones_on,640x480
972,2026-09-23T23:10:50.661843,False,,,17.01,False,0,head_turn_headphones_on,640x480
973,2026-09-23T23:10:50.692437,False,,,17.56,False,0,head_turn_headphones_on,640x480
974,2026-09-23T23:10:50.725485,True,0.230,0.199,17.52,False,2,head_turn_headphones_on,640x480
975,2026-09-23T23:10:50.754760,True,0.230,0.205,17.02,False,2,head_turn_headphones_on,640x480
976,2026-09-23T23:10:50.784790,True,0.199,0.205,17.02,False,2,head_turn_headphones_on,640x480
977,2026-09-23T23:10:50.814818,True,0.199,0.209,17.52,False,2,head_turn_headphones_on,640x480
978,2026-09-23T23:10:50.845856,True,0.184,0.209,17.52,False,1,head_turn_headphones_on,640x480
979,2026-09-23T23:10:50.884951,True,0.184,0.199,18.03,False,1,head_turn_headphones_on,640x480
980,2026-09-23T23:10:50.928322,True,0.168,0.187,17.58,False,1,head_turn_headphones_on,640x480
981,2026-09-23T23:10:50.981173,True,0.168,0.180,17.52,False,1,head_turn_headphones_on,640x480
982,2026-09-23T23:10:51.017075,True,0.156,0.172,17.53,False,1,head_turn_headphones_on,640x480
983,2026-09-23T23:10:51.046570,True,0.156,0.166,16.96,False,1,head_turn_headphones_on,640x480
984,2026-09-23T23:10:51.076597,True,0.262,0.182,17.02,False,2,head_turn_headphones_on,640x480
985,2026-09-23T23:10:51.108699,True,0.262,0.201,17.09,False,2,head_turn_headphones_on,640x480
986,2026-09-23T23:10:51.142314,True,0.262,0.220,16.60,False,2,head_turn_headphones_on,640x480
987,2026-09-23T23:10:51.185918,True,0.262,0.241,18.07,False,2,head_turn_headphones_on,640x480
988,2026-09-23T23:10:51.217897,True,0.344,0.278,17.57,False,2,head_turn_headphones_on,640x480
989,2026-09-23T23:10:51.245533,True,0.344,0.295,17.52,False,2,head_turn_headphones_on,640x480
990,2026-09-23T23:10:51.276551,True,0.211,0.284,17.02,False,2,head_turn_headphones_on,640x480
991,2026-09-23T23:10:51.305865,True,0.211,0.274,17.06,False,2,head_turn_headphones_on,640x480
992,2026-09-23T23:10:51.337900,True,0.281,0.278,17.03,False,2,head_turn_headphones_on,640x480
993,2026-09-23T23:10:51.368931,True,0.281,0.266,17.52,False,2,head_turn_headphones_on,640x480
994,2026-09-23T23:10:51.401289,True,0.281,0.253,17.02,False,2,head_turn_headphones_on,640x480
995,2026-09-23T23:10:51.432719,True,0.199,0.251,17.52,False,2,head_turn_headphones_on,640x480
996,2026-09-23T23:10:51.462754,True,0.156,0.240,17.51,False,1,head_turn_headphones_on,640x480
997,2026-09-23T23:10:51.491577,True,0.156,0.215,17.02,False,1,head_turn_headphones_on,640x480
998,2026-09-23T23:10:51.524676,True,0.211,0.201,17.01,False,1,head_turn_headphones_on,640x480
999,2026-09-23T23:10:51.555337,True,0.211,0.187,17.52,False,1,head_turn_headphones_on,640x480
1000,2026-09-23T23:10:51.589870,False,,,18.02,False,0,head_turn_headphones_on,640x480
1001,2026-09-23T23:10:51.618905,False,,,17.52,False,0,head_turn_headphones_on,640x480
1002,2026-09-23T23:10:51.658693,False,,,17.03,False,0,head_turn_headphones_on,640x480
1003,2026-09-23T23:10:51.695222,False,,,17.52,False,0,head_turn_headphones_on,640x480
1004,2026-09-23T23:10:51.724743,False,,,17.52,False,0,head_turn_headphones_on,640x480
1005,2026-09-23T23:10:51.754880,False,,,17.06,False,0,head_turn_headphones_on,640x480
1006,2026-09-23T23:10:51.788910,False,,,17.53,False,0,head_turn_headphones_on,640x480
1007,2026-09-23T23:10:51.819028,False,,,17.52,False,0,head_turn_headphones_on,640x480
1008,2026-09-23T23:10:51.851567,False,,,17.01,False,0,head_turn_headphones_on,640x480
1009,2026-09-23T23:10:51.895871,False,,,18.14,False,0,head_turn_headphones_on,640x480
1010,2026-09-23T23:10:51.928319,True,0.168,0.180,18.44,False,1,head_turn_headphones_on,640x480
1011,2026-09-23T23:10:51.956850,True,0.168,0.183,17.02,False,1,head_turn_headphones_on,640x480
1012,2026-09-23T23:10:51.995577,True,0.184,0.188,16.72,False,1,head_turn_headphones_on,640x480
1013,2026-09-23T23:10:52.033598,True,0.184,0.183,16.52,False,1,head_turn_headphones_on,640x480
1014,2026-09-23T23:10:52.059155,True,0.301,0.201,17.52,False,2,transition,640x480
1015,2026-09-23T23:10:52.095190,True,0.301,0.227,17.52,False,2,transition,640x480
1016,2026-09-23T23:10:52.124726,True,0.301,0.254,17.01,False,2,transition,640x480
1017,2026-09-23T23:10:52.155798,True,0.301,0.277,17.01,False,2,transition,640x480
1018,2026-09-23T23:10:52.188926,True,0.301,0.301,17.12,False,2,transition,640x480
1019,2026-09-23T23:10:52.216908,True,0.281,0.297,17.46,False,2,transition,640x480
1020,2026-09-23T23:10:52.249375,True,0.246,0.286,17.21,False,2,transition,640x480
1021,2026-09-23T23:10:52.278902,True,0.246,0.275,17.02,False,2,transition,640x480
1022,2026-09-23T23:10:52.317825,True,0.246,0.264,17.52,False,1,transition,640x480
1023,2026-09-23T23:10:52.355864,True,0.246,0.253,17.52,False,1,transition,640x480
1024,2026-09-23T23:10:52.394901,True,0.430,0.283,17.52,False,1,transition,640x480
1025,2026-09-23T23:10:52.432942,True,0.430,0.320,16.52,False,1,transition,640x480
1026,2026-09-23T23:10:52.464824,True,0.453,0.361,17.01,False,2,transition,640x480
1027,2026-09-23T23:10:52.498354,True,0.453,0.402,17.52,False,2,transition,640x480
1028,2026-09-23T23:10:52.527385,True,0.453,0.444,17.52,False,2,transition,640x480
1029,2026-09-23T23:10:52.556774,True,0.211,0.400,17.37,False,1,transition,640x480
1030,2026-09-23T23:10:52.587854,True,0.211,0.356,17.04,False,1,transition,640x480
1031,2026-09-23T23:10:52.617884,False,,,17.01,False,0,transition,640x480
1032,2026-09-23T23:10:52.650464,True,0.156,0.297,17.52,False,1,transition,640x480
1033,2026-09-23T23:10:52.677632,True,0.156,0.237,17.01,False,1,transition,640x480
1034,2026-09-23T23:10:52.730702,False,,,17.02,False,0,transition,640x480
1035,2026-09-23T23:10:52.772244,False,,,16.51,False,0,transition,640x480
1036,2026-09-23T23:10:52.805777,False,,,18.03,False,0,transition,640x480
1037,2026-09-23T23:10:52.833513,False,,,17.73,False,0,transition,640x480
1038,2026-09-23T23:10:52.862716,False,,,18.01,False,0,transition,640x480
1039,2026-09-23T23:10:52.897755,False,,,20.02,False,0,transition,640x480
1040,2026-09-23T23:10:52.925318,False,,,17.55,False,0,transition,640x480
1041,2026-09-23T23:10:52.955859,False,,,18.02,False,0,transition,640x480
1042,2026-09-23T23:10:52.988947,False,,,17.08,False,0,transition,640x480
1043,2026-09-23T23:10:53.030505,False,,,17.03,False,0,transition,640x480
1044,2026-09-23T23:10:53.062535,False,,,17.01,False,0,transition,640x480
1045,2026-09-23T23:10:53.094564,False,,,17.02,False,0,transition,640x480
1046,2026-09-23T23:10:53.131604,False,,,18.03,False,0,transition,640x480
1047,2026-09-23T23:10:53.172402,False,,,16.51,False,0,transition,640x480
1048,2026-09-23T23:10:53.206972,False,,,18.02,False,0,transition,640x480
1049,2026-09-23T23:10:53.238520,False,,,17.53,False,0,transition,640x480
1050,2026-09-23T23:10:53.267150,False,,,18.02,False,0,transition,640x480
1051,2026-09-23T23:10:53.296059,False,,,16.40,False,0,transition,640x480
1052,2026-09-23T23:10:53.326605,False,,,16.53,False,0,transition,640x480
1053,2026-09-23T23:10:53.358530,False,,,17.52,False,0,transition,640x480
1054,2026-09-23T23:10:53.389562,False,,,17.53,False,0,transition,640x480
1055,2026-09-23T23:10:53.422885,False,,,17.01,False,0,transition,640x480
1056,2026-09-23T23:10:53.466957,False,,,17.52,False,0,transition,640x480
1057,2026-09-23T23:10:53.495778,False,,,17.05,False,0,transition,640x480
1058,2026-09-23T23:10:53.531836,False,,,18.05,False,0,transition,640x480
1059,2026-09-23T23:10:53.572151,False,,,17.50,False,0,transition,640x480
1060,2026-09-23T23:10:53.604678,False,,,17.02,False,0,transition,640x480
1061,2026-09-23T23:10:53.631699,False,,,16.52,False,0,transition,640x480
1062,2026-09-23T23:10:53.665064,False,,,17.53,False,0,transition,640x480
1063,2026-09-23T23:10:53.694587,False,,,17.01,False,0,transition,640x480
1064,2026-09-23T23:10:53.726821,False,,,17.00,False,0,transition,640x480
1065,2026-09-23T23:10:53.756546,False,,,16.71,False,0,transition,640x480
1066,2026-09-23T23:10:53.788577,False,,,17.53,False,0,transition,640x480
1067,2026-09-23T23:10:53.818203,False,,,17.02,False,0,transition,640x480
1068,2026-09-23T23:10:53.866799,False,,,17.52,False,0,transition,640x480
1069,2026-09-23T23:10:53.893815,False,,,17.01,False,0,transition,640x480
1070,2026-09-23T23:10:53.931861,False,,,18.02,False,0,transition,640x480
1071,2026-09-23T23:10:53.977583,False,,,17.02,False,0,transition,640x480
1072,2026-09-23T23:10:54.016216,False,,,17.02,False,0,transition,640x480
1073,2026-09-23T23:10:54.047845,False,,,17.11,False,0,transition,640x480
1074,2026-09-23T23:10:54.078584,False,,,17.52,False,0,transition,640x480
1075,2026-09-23T23:10:54.108646,False,,,17.53,False,0,transition,640x480
1076,2026-09-23T23:10:54.141171,False,,,16.52,False,0,transition,640x480
1077,2026-09-23T23:10:54.172194,False,,,16.50,False,0,transition,640x480
1078,2026-09-23T23:10:54.204734,False,,,17.02,False,0,transition,640x480
1079,2026-09-23T23:10:54.248293,False,,,17.52,False,0,transition,640x480
1080,2026-09-23T23:10:54.277866,False,,,18.07,False,0,transition,640x480
1081,2026-09-23T23:10:54.308904,False,,,17.03,False,0,transition,640x480
1082,2026-09-23T23:10:54.341938,False,,,17.02,False,0,transition,640x480
1083,2026-09-23T23:10:54.373902,False,,,16.51,False,0,transition,640x480
1084,2026-09-23T23:10:54.402456,False,,,17.52,False,0,transition,640x480
1085,2026-09-23T23:10:54.432493,False,,,17.52,False,0,transition,640x480
1086,2026-09-23T23:10:54.464894,False,,,17.38,False,0,transition,640x480
1087,2026-09-23T23:10:54.496423,False,,,16.52,False,0,transition,640x480
1088,2026-09-23T23:10:54.525875,False,,,17.02,False,0,transition,640x480
1089,2026-09-23T23:10:54.556929,False,,,17.53,False,0,transition,640x480
1090,2026-09-23T23:10:54.589738,False,,,17.30,False,0,transition,640x480
1091,2026-09-23T23:10:54.620768,False,,,17.01,False,0,transition,640x480
1092,2026-09-23T23:10:54.667339,False,,,18.02,False,0,transition,640x480
1093,2026-09-23T23:10:54.694864,False,,,17.02,False,0,transition,640x480
1094,2026-09-23T23:10:54.724891,False,,,17.01,False,0,transition,640x480
1095,2026-09-23T23:10:54.759945,False,,,18.03,False,0,transition,640x480
1096,2026-09-23T23:10:54.790478,False,,,17.02,False,0,transition,640x480
1097,2026-09-23T23:10:54.821905,False,,,17.01,False,0,transition,640x480
1098,2026-09-23T23:10:54.848640,False,,,16.70,False,0,transition,640x480
1099,2026-09-23T23:10:54.882181,False,,,16.01,False,0,transition,640x480
1100,2026-09-23T23:10:54.917927,False,,,17.70,False,0,transition,640x480
1101,2026-09-23T23:10:54.964985,False,,,17.52,False,0,transition,640x480
1102,2026-09-23T23:10:55.005828,False,,,17.02,False,0,transition,640x480
1103,2026-09-23T23:10:55.042866,False,,,17.02,False,0,transition,640x480
1104,2026-09-23T23:10:55.082397,False,,,16.01,False,0,transition,640x480
1105,2026-09-23T23:10:55.116938,False,,,17.52,False,0,transition,640x480
1106,2026-09-23T23:10:55.148083,False,,,17.63,False,0,transition,640x480
1107,2026-09-23T23:10:55.178611,False,,,17.02,False,0,transition,640x480
1108,2026-09-23T23:10:55.210137,False,,,17.52,False,0,transition,640x480
1109,2026-09-23T23:10:55.242698,False,,,17.04,False,0,transition,640x480
1110,2026-09-23T23:10:55.272065,False,,,17.51,False,0,transition,640x480
1111,2026-09-23T23:10:55.302660,False,,,18.02,False,0,transition,640x480
1112,2026-09-23T23:10:55.332573,False,,,17.52,False,0,transition,640x480
1113,2026-09-23T23:10:55.361645,False,,,17.01,False,0,transition,640x480
1114,2026-09-23T23:10:55.394675,False,,,17.02,False,0,transition,640x480
1115,2026-09-23T23:10:55.424700,False,,,17.01,False,0,transition,640x480
1116,2026-09-23T23:10:55.456733,False,,,17.52,False,0,transition,640x480
1117,2026-09-23T23:10:55.487853,False,,,17.03,False,0,transition,640x480
1118,2026-09-23T23:10:55.520878,False,,,17.01,False,0,transition,640x480
1119,2026-09-23T23:10:55.548206,False,,,17.48,False,0,transition,640x480
1120,2026-09-23T23:10:55.579721,False,,,17.01,False,0,transition,640x480
1121,2026-09-23T23:10:55.610757,False,,,17.02,False,0,transition,640x480
1122,2026-09-23T23:10:55.640783,False,,,17.02,False,0,transition,640x480
1123,2026-09-23T23:10:55.674811,False,,,17.01,False,0,transition,640x480
1124,2026-09-23T23:10:55.704835,False,,,17.02,False,0,transition,640x480
1125,2026-09-23T23:10:55.742900,False,,,17.02,False,0,transition,640x480
1126,2026-09-23T23:10:55.778927,False,,,17.01,False,0,transition,640x480
1127,2026-09-23T23:10:55.810767,False,,,17.02,False,0,transition,640x480
1128,2026-09-23T23:10:55.840797,False,,,17.02,False,0,transition,640x480
1129,2026-09-23T23:10:55.872823,False,,,17.01,False,0,transition,640x480
1130,2026-09-23T23:10:55.902394,False,,,17.51,False,0,transition,640x480
1131,2026-09-23T23:10:55.932439,False,,,16.52,False,0,transition,640x480
1132,2026-09-23T23:10:55.967005,False,,,17.55,False,0,transition,640x480
1133,2026-09-23T23:10:55.994530,False,,,17.02,False,0,transition,640x480
1134,2026-09-23T23:10:56.026552,False,,,17.01,False,0,transition,640x480
1135,2026-09-23T23:10:56.078602,False,,,17.02,False,0,transition,640x480
1136,2026-09-23T23:10:56.116152,False,,,17.03,False,0,transition,640x480
1137,2026-09-23T23:10:56.145691,False,,,16.53,False,0,transition,640x480
1138,2026-09-23T23:10:56.178724,False,,,17.02,False,0,transition,640x480
1139,2026-09-23T23:10:56.209919,False,,,17.19,False,0,transition,640x480
1140,2026-09-23T23:10:56.240972,False,,,17.04,False,0,transition,640x480
1141,2026-09-23T23:10:56.270999,False,,,17.51,False,0,transition,640x480
1142,2026-09-23T23:10:56.305035,False,,,17.52,False,0,transition,640x480
1143,2026-09-23T23:10:56.336582,False,,,19.53,False,0,transition,640x480
1144,2026-09-23T23:10:56.366229,False,,,16.64,False,0,transition,640x480
1145,2026-09-23T23:10:56.394758,False,,,17.02,False,0,transition,640x480
1146,2026-09-23T23:10:56.426794,False,,,17.02,False,0,transition,640x480
1147,2026-09-23T23:10:56.478743,False,,,17.59,False,0,transition,640x480
1148,2026-09-23T23:10:56.518792,False,,,17.52,False,0,transition,640x480
1149,2026-09-23T23:10:56.547542,False,,,16.63,False,0,transition,640x480
1150,2026-09-23T23:10:56.579586,False,,,17.01,False,0,transition,640x480
1151,2026-09-23T23:10:56.611676,False,,,17.02,False,0,transition,640x480
1152,2026-09-23T23:10:56.642202,False,,,16.52,False,0,transition,640x480
1153,2026-09-23T23:10:56.674799,False,,,17.08,False,0,transition,640x480
1154,2026-09-23T23:10:56.704828,False,,,17.02,False,0,transition,640x480
1155,2026-09-23T23:10:56.735861,False,,,17.02,False,0,transition,640x480
1156,2026-09-23T23:10:56.764891,False,,,17.52,False,0,transition,640x480
1157,2026-09-23T23:10:56.811040,False,,,17.52,False,0,transition,640x480
1158,2026-09-23T23:10:56.840572,False,,,17.02,False,0,transition,640x480
1159,2026-09-23T23:10:56.874771,False,,,17.01,False,0,transition,640x480
1160,2026-09-23T23:10:56.916826,False,,,17.53,False,0,transition,640x480
1161,2026-09-23T23:10:56.947345,False,,,17.51,False,0,transition,640x480
1162,2026-09-23T23:10:56.977875,False,,,18.02,False,0,transition,640x480
1163,2026-09-23T23:10:57.008421,False,,,16.54,False,0,transition,640x480
1164,2026-09-23T23:10:57.041953,False,,,17.01,False,0,transition,640x480
1165,2026-09-23T23:10:57.074481,False,,,17.01,False,0,transition,640x480
1166,2026-09-23T23:10:57.104502,False,,,17.02,False,0,transition,640x480
1167,2026-09-23T23:10:57.133647,False,,,16.64,False,0,transition,640x480
1168,2026-09-23T23:10:57.164767,False,,,17.52,False,0,transition,640x480
1169,2026-09-23T23:10:57.211322,False,,,17.52,False,0,transition,640x480
1170,2026-09-23T23:10:57.241871,False,,,17.01,False,0,transition,640x480
1171,2026-09-23T23:10:57.274713,False,,,17.01,False,0,transition,640x480
1172,2026-09-23T23:10:57.316839,False,,,17.52,False,0,transition,640x480
1173,2026-09-23T23:10:57.348432,False,,,17.02,False,0,transition,640x480
1174,2026-09-23T23:10:57.377965,False,,,17.02,False,0,transition,640x480
1175,2026-09-23T23:10:57.407727,False,,,17.02,False,0,transition,640x480
1176,2026-09-23T23:10:57.440751,False,,,17.02,False,0,transition,640x480
1177,2026-09-23T23:10:57.468283,True,0.344,0.216,17.02,False,1,transition,640x480
1178,2026-09-23T23:10:57.501612,True,0.344,0.242,19.52,False,1,transition,640x480
1179,2026-09-23T23:10:57.546337,False,,,16.56,False,0,transition,640x480
1180,2026-09-23T23:10:57.574609,False,,,17.01,False,0,transition,640x480
1181,2026-09-23T23:10:57.611257,False,,,16.54,False,0,transition,640x480
1182,2026-09-23T23:10:57.652441,False,,,17.63,False,0,transition,640x480
1183,2026-09-23T23:10:57.682471,False,,,17.52,False,0,transition,640x480
1184,2026-09-23T23:10:57.712379,False,,,17.60,False,0,transition,640x480
1185,2026-09-23T23:10:57.743907,False,,,17.02,False,0,transition,640x480
1186,2026-09-23T23:10:57.774536,False,,,16.61,False,0,transition,640x480
1187,2026-09-23T23:10:57.808576,False,,,17.03,False,0,transition,640x480
1188,2026-09-23T23:10:57.840603,False,,,17.02,False,0,transition,640x480
1189,2026-09-23T23:10:57.882350,False,,,17.00,False,0,transition,640x480
1190,2026-09-23T23:10:57.915865,False,,,17.04,False,0,transition,640x480
1191,2026-09-23T23:10:57.947403,False,,,17.53,False,0,transition,640x480
1192,2026-09-23T23:10:57.974916,False,,,17.00,False,0,transition,640x480
1193,2026-09-23T23:10:58.011004,False,,,17.07,False,0,transition,640x480
1194,2026-09-23T23:10:58.059067,False,,,17.52,False,0,transition,640x480
1195,2026-09-23T23:10:58.099215,False,,,17.52,False,0,transition,640x480
1196,2026-09-23T23:10:58.129750,False,,,16.52,False,0,transition,640x480
1197,2026-09-23T23:10:58.160833,False,,,17.07,False,0,transition,640x480
1198,2026-09-23T23:10:58.192856,False,,,17.01,False,0,transition,640x480
1199,2026-09-23T23:10:58.224629,False,,,16.52,False,0,transition,640x480
1200,2026-09-23T23:10:58.259164,False,,,17.52,False,0,transition,640x480
1201,2026-09-23T23:10:58.288704,False,,,17.52,False,0,transition,640x480
1202,2026-09-23T23:10:58.321245,False,,,17.53,False,0,transition,640x480
1203,2026-09-23T23:10:58.349349,False,,,17.10,False,0,transition,640x480
1204,2026-09-23T23:10:58.378892,False,,,17.04,False,0,transition,640x480
1205,2026-09-23T23:10:58.410957,False,,,17.05,False,0,transition,640x480
1206,2026-09-23T23:10:58.442488,False,,,17.01,False,0,transition,640x480
1207,2026-09-23T23:10:58.474558,False,,,17.01,False,0,transition,640x480
1208,2026-09-23T23:10:58.516227,False,,,17.53,False,0,transition,640x480
1209,2026-09-23T23:10:58.547379,False,,,17.65,False,0,transition,640x480
1210,2026-09-23T23:10:58.576653,False,,,17.53,False,0,transition,640x480
1211,2026-09-23T23:10:58.609158,False,,,17.50,False,0,transition,640x480
1212,2026-09-23T23:10:58.640737,False,,,19.52,False,0,transition,640x480
1213,2026-09-23T23:10:58.682476,False,,,17.53,False,0,transition,640x480
1214,2026-09-23T23:10:58.714817,False,,,17.61,False,0,transition,640x480
1215,2026-09-23T23:10:58.745934,False,,,17.10,False,0,transition,640x480
1216,2026-09-23T23:10:58.777649,False,,,17.53,False,0,transition,640x480
1217,2026-09-23T23:10:58.811212,False,,,17.55,False,0,transition,640x480
1218,2026-09-23T23:10:58.854749,False,,,17.02,False,0,transition,640x480
1219,2026-09-23T23:10:58.882267,False,,,17.01,False,0,transition,640x480
1220,2026-09-23T23:10:58.916163,False,,,17.54,False,0,transition,640x480
1221,2026-09-23T23:10:58.945185,False,,,17.52,False,0,transition,640x480
1222,2026-09-23T23:10:58.973780,False,,,17.01,False,0,transition,640x480
1223,2026-09-23T23:10:59.017826,False,,,17.02,False,0,transition,640x480
1224,2026-09-23T23:10:59.051351,False,,,16.52,False,0,transition,640x480
1225,2026-09-23T23:10:59.082375,False,,,17.01,False,0,transition,640x480
1226,2026-09-23T23:10:59.115020,False,,,17.53,False,0,transition,640x480
1227,2026-09-23T23:10:59.158661,False,,,17.12,False,0,transition,640x480
1228,2026-09-23T23:10:59.189764,False,,,16.60,False,0,transition,640x480
1229,2026-09-23T23:10:59.222795,False,,,17.01,False,0,transition,640x480
1230,2026-09-23T23:10:59.251344,False,,,16.55,False,0,transition,640x480
1231,2026-09-23T23:10:59.281371,False,,,17.51,False,0,transition,640x480
1232,2026-09-23T23:10:59.311409,False,,,17.52,False,0,transition,640x480
1233,2026-09-23T23:10:59.340803,False,,,16.57,False,0,transition,640x480
1234,2026-09-23T23:10:59.372833,False,,,17.01,False,0,transition,640x480
1235,2026-09-23T23:10:59.422183,False,,,17.02,False,0,transition,640x480
1236,2026-09-23T23:10:59.464218,False,,,17.01,False,0,transition,640x480
1237,2026-09-23T23:10:59.496020,False,,,16.53,False,0,transition,640x480
1238,2026-09-23T23:10:59.527638,False,,,17.52,False,0,transition,640x480
1239,2026-09-23T23:10:59.560628,False,,,16.74,False,0,transition,640x480
1240,2026-09-23T23:10:59.602180,False,,,17.52,False,0,transition,640x480
1241,2026-09-23T23:10:59.632221,False,,,17.01,False,0,transition,640x480
1242,2026-09-23T23:10:59.661860,False,,,17.02,False,0,transition,640x480
1243,2026-09-23T23:10:59.693884,False,,,17.01,False,0,transition,640x480
1244,2026-09-23T23:10:59.725919,False,,,17.52,False,0,transition,640x480
1245,2026-09-23T23:10:59.759423,False,,,17.49,False,0,transition,640x480
1246,2026-09-23T23:10:59.789389,False,,,17.46,False,0,transition,640x480
1247,2026-09-23T23:10:59.825427,False,,,19.52,False,0,transition,640x480
1248,2026-09-23T23:10:59.866397,False,,,17.02,False,0,transition,640x480
1249,2026-09-23T23:10:59.897415,False,,,17.51,False,0,transition,640x480
1250,2026-09-23T23:10:59.928977,False,,,18.03,False,0,transition,640x480
1251,2026-09-23T23:10:59.964054,False,,,17.50,False,0,transition,640x480
1252,2026-09-23T23:10:59.992572,False,,,17.01,False,0,transition,640x480
1253,2026-09-23T23:11:00.025711,True,0.320,0.264,18.05,False,1,transition,640x480
1254,2026-09-23T23:11:00.057882,True,0.320,0.297,17.15,False,1,transition,640x480
1255,2026-09-23T23:11:00.085913,True,0.363,0.338,17.02,False,1,transition,640x480
1256,2026-09-23T23:11:00.116950,True,0.363,0.342,17.52,False,1,transition,640x480
1257,2026-09-23T23:11:00.155891,True,0.246,0.323,17.53,False,1,transition,640x480
1258,2026-09-23T23:11:00.194710,True,0.246,0.308,17.73,False,1,transition,640x480
1259,2026-09-23T23:11:00.226755,False,,,17.53,False,0,transition,640x480
1260,2026-09-23T23:11:00.258784,False,,,17.02,False,0,transition,640x480
1261,2026-09-23T23:11:00.290869,True,0.301,0.304,17.08,False,2,transition,640x480
1262,2026-09-23T23:11:00.319266,True,0.301,0.291,17.04,False,2,transition,640x480
1263,2026-09-23T23:11:00.349483,True,0.320,0.283,17.63,False,2,transition,640x480
1264,2026-09-23T23:11:00.381062,True,0.320,0.298,17.52,False,2,transition,640x480
1265,2026-09-23T23:11:00.414141,True,0.320,0.312,17.04,False,2,transition,640x480
1266,2026-09-23T23:11:00.442142,True,0.320,0.316,16.49,False,2,transition,640x480
1267,2026-09-23T23:11:00.474670,True,0.387,0.334,17.01,False,1,transition,640x480
1268,2026-09-23T23:11:00.505165,True,0.387,0.347,17.52,False,1,transition,640x480
1269,2026-09-23T23:11:00.556499,True,0.246,0.332,17.54,False,2,transition,640x480
1270,2026-09-23T23:11:00.599617,True,0.246,0.317,18.03,False,2,transition,640x480
1271,2026-09-23T23:11:00.627524,True,0.230,0.299,17.53,False,3,transition,640x480
1272,2026-09-23T23:11:00.659559,True,0.230,0.268,17.02,False,3,transition,640x480
1273,2026-09-23T23:11:00.692582,True,0.320,0.255,17.01,False,3,transition,640x480
1274,2026-09-23T23:11:00.722101,True,0.320,0.270,17.52,False,3,transition,640x480
1275,2026-09-23T23:11:00.759138,True,0.262,0.273,17.52,False,1,transition,640x480
1276,2026-09-23T23:11:00.799273,True,0.262,0.279,17.52,False,1,transition,640x480
1277,2026-09-23T23:11:00.828302,True,0.281,0.289,17.02,False,1,transition,640x480
1278,2026-09-23T23:11:00.859729,True,0.281,0.281,16.92,False,1,transition,640x480
1279,2026-09-23T23:11:00.892748,False,,,17.01,False,0,transition,640x480
1280,2026-09-23T23:11:00.933739,False,,,17.51,False,0,transition,640x480
1281,2026-09-23T23:11:00.966908,True,0.230,0.263,19.66,False,1,transition,640x480
1282,2026-09-23T23:11:00.994935,True,0.230,0.257,17.52,False,1,transition,640x480
1283,2026-09-23T23:11:01.026489,True,0.430,0.291,17.01,False,2,transition,640x480
1284,2026-09-23T23:11:01.057684,True,0.430,0.320,16.73,False,2,transition,640x480
1285,2026-09-23T23:11:01.087704,False,,,16.52,False,0,transition,640x480
1286,2026-09-23T23:11:01.118807,False,,,17.53,False,0,transition,640x480
1287,2026-09-23T23:11:01.149075,True,0.184,0.301,17.17,False,1,transition,640x480
1288,2026-09-23T23:11:01.180601,True,0.184,0.291,17.02,False,1,transition,640x480
1289,2026-09-23T23:11:01.212164,True,0.301,0.305,16.52,False,2,transition,640x480
1290,2026-09-23T23:11:01.242695,True,0.301,0.280,17.01,False,2,transition,640x480
1291,2026-09-23T23:11:01.290583,False,,,17.01,False,0,transition,640x480
1292,2026-09-23T23:11:01.317156,False,,,17.73,False,0,transition,640x480
1293,2026-09-23T23:11:01.360773,False,,,17.28,False,0,transition,640x480
1294,2026-09-23T23:11:01.394818,False,,,17.02,False,0,transition,640x480
1295,2026-09-23T23:11:01.424855,False,,,17.02,False,0,transition,640x480
1296,2026-09-23T23:11:01.458893,False,,,17.02,False,0,transition,640x480
1297,2026-09-23T23:11:01.501249,False,,,17.52,False,0,transition,640x480
1298,2026-09-23T23:11:01.532282,False,,,16.51,False,0,transition,640x480
1299,2026-09-23T23:11:01.561976,False,,,17.16,False,0,transition,640x480
1300,2026-09-23T23:11:01.593515,False,,,18.02,False,0,transition,640x480
1301,2026-09-23T23:11:01.626690,True,0.156,0.225,16.58,False,1,transition,640x480
1302,2026-09-23T23:11:01.658853,True,0.156,0.220,17.17,False,1,transition,640x480
1303,2026-09-23T23:11:01.699484,False,,,17.52,False,0,transition,640x480
1304,2026-09-23T23:11:01.730527,False,,,17.02,False,0,transition,640x480
1305,2026-09-23T23:11:01.760935,False,,,17.08,False,0,transition,640x480
1306,2026-09-23T23:11:01.791967,False,,,17.01,False,0,transition,640x480
1307,2026-09-23T23:11:01.824582,False,,,17.10,False,0,transition,640x480
1308,2026-09-23T23:11:01.856897,False,,,17.30,False,0,transition,640x480
1309,2026-09-23T23:11:01.883917,False,,,17.01,False,0,transition,640x480
1310,2026-09-23T23:11:01.917057,False,,,17.57,False,0,transition,640x480
1311,2026-09-23T23:11:01.949180,False,,,17.52,False,0,transition,640x480
1312,2026-09-23T23:11:01.979706,False,,,17.02,False,0,transition,640x480
1313,2026-09-23T23:11:02.028697,False,,,17.52,False,0,transition,640x480
1314,2026-09-23T23:11:02.055811,False,,,17.08,False,0,transition,640x480
1315,2026-09-23T23:11:02.090833,False,,,17.01,False,0,transition,640x480
1316,2026-09-23T23:11:02.121032,False,,,19.56,False,0,transition,640x480
1317,2026-09-23T23:11:02.148225,False,,,17.18,False,0,transition,640x480
1318,2026-09-23T23:11:02.178754,False,,,17.02,False,0,transition,640x480
1319,2026-09-23T23:11:02.218804,False,,,17.53,False,0,transition,640x480
1320,2026-09-23T23:11:02.255970,False,,,17.02,False,0,transition,640x480
1321,2026-09-23T23:11:02.288504,False,,,17.52,False,0,transition,640x480
1322,2026-09-23T23:11:02.318143,False,,,17.04,False,0,transition,640x480
1323,2026-09-23T23:11:02.362527,False,,,17.01,False,0,transition,640x480
1324,2026-09-23T23:11:02.395060,False,,,17.52,False,0,transition,640x480
1325,2026-09-23T23:11:02.426683,False,,,17.53,False,0,transition,640x480
1326,2026-09-23T23:11:02.458711,False,,,17.02,False,0,transition,640x480
1327,2026-09-23T23:11:02.489733,False,,,17.52,False,0,transition,640x480
1328,2026-09-23T23:11:02.518770,False,,,17.53,False,0,transition,640x480
1329,2026-09-23T23:11:02.547957,False,,,17.16,False,0,transition,640x480
1330,2026-09-23T23:11:02.576424,False,,,17.51,False,0,transition,640x480
1331,2026-09-23T23:11:02.618989,False,,,17.52,False,0,transition,640x480
1332,2026-09-23T23:11:02.659011,False,,,17.52,False,0,transition,640x480
1333,2026-09-23T23:11:02.701406,False,,,16.72,False,0,transition,640x480
1334,2026-09-23T23:11:02.734936,False,,,17.01,False,0,transition,640x480
1335,2026-09-23T23:11:02.762366,False,,,16.42,False,0,transition,640x480
1336,2026-09-23T23:11:02.794902,False,,,17.02,False,0,transition,640x480
1337,2026-09-23T23:11:02.826937,False,,,17.52,False,0,transition,640x480
1338,2026-09-23T23:11:02.856966,False,,,17.02,False,0,transition,640x480
1339,2026-09-23T23:11:02.890580,False,,,17.02,False,0,transition,640x480
1340,2026-09-23T23:11:02.919145,False,,,17.55,False,0,transition,640x480
1341,2026-09-23T23:11:02.949192,False,,,17.04,False,0,transition,640x480
1342,2026-09-23T23:11:02.986739,False,,,17.52,False,0,transition,640x480
1343,2026-09-23T23:11:03.024797,False,,,17.01,False,0,transition,640x480
1344,2026-09-23T23:11:03.056803,False,,,17.02,False,0,transition,640x480
1345,2026-09-23T23:11:03.099331,False,,,17.02,False,0,transition,640x480
1346,2026-09-23T23:11:03.131987,False,,,17.00,False,0,transition,640x480
1347,2026-09-23T23:11:03.161607,False,,,17.01,False,0,transition,640x480
1348,2026-09-23T23:11:03.193630,False,,,18.01,False,0,transition,640x480
1349,2026-09-23T23:11:03.226714,False,,,17.07,False,0,transition,640x480
1350,2026-09-23T23:11:03.254823,False,,,17.02,False,0,transition,640x480
1351,2026-09-23T23:11:03.285807,False,,,17.87,False,0,transition,640x480
1352,2026-09-23T23:11:03.316228,False,,,16.88,False,0,transition,640x480
1353,2026-09-23T23:11:03.347228,False,,,17.50,False,0,transition,640x480
1354,2026-09-23T23:11:03.376908,False,,,17.02,False,0,transition,640x480
1355,2026-09-23T23:11:03.418947,False,,,17.52,False,0,transition,640x480
1356,2026-09-23T23:11:03.459482,False,,,17.52,False,0,transition,640x480
1357,2026-09-23T23:11:03.498346,False,,,17.53,False,0,transition,640x480
1358,2026-09-23T23:11:03.531927,False,,,17.01,False,0,transition,640x480
1359,2026-09-23T23:11:03.562596,False,,,17.10,False,0,transition,640x480
1360,2026-09-23T23:11:03.595125,False,,,17.52,False,0,transition,640x480
1361,2026-09-23T23:11:03.624671,False,,,17.03,False,0,transition,640x480
1362,2026-09-23T23:11:03.657179,False,,,17.51,False,0,transition,640x480
1363,2026-09-23T23:11:03.690766,False,,,17.00,False,0,transition,640x480
1364,2026-09-23T23:11:03.718798,False,,,17.52,False,0,transition,640x480
1365,2026-09-23T23:11:03.748997,False,,,17.10,False,0,transition,640x480
1366,2026-09-23T23:11:03.779522,False,,,17.02,False,0,transition,640x480
1367,2026-09-23T23:11:03.833826,False,,,16.75,False,0,transition,640x480
1368,2026-09-23T23:11:03.872175,False,,,16.51,False,0,transition,640x480
1369,2026-09-23T23:11:03.904699,False,,,17.02,False,0,transition,640x480
1370,2026-09-23T23:11:03.933731,False,,,17.51,False,0,transition,640x480
1371,2026-09-23T23:11:03.964768,False,,,17.52,False,0,transition,640x480
1372,2026-09-23T23:11:03.994807,False,,,17.02,False,0,transition,640x480
1373,2026-09-23T23:11:04.025872,False,,,18.05,False,0,transition,640x480
1374,2026-09-23T23:11:04.056675,False,,,17.06,False,0,transition,640x480
1375,2026-09-23T23:11:04.088690,False,,,17.51,False,0,transition,640x480
1376,2026-09-23T23:11:04.116231,False,,,17.53,False,0,transition,640x480
1377,2026-09-23T23:11:04.147243,False,,,16.00,False,0,transition,640x480
1378,2026-09-23T23:11:04.179159,False,,,17.40,False,0,transition,640x480
1379,2026-09-23T23:11:04.235941,False,,,17.02,False,0,transition,640x480
1380,2026-09-23T23:11:04.277858,False,,,17.62,False,0,transition,640x480
1381,2026-09-23T23:11:04.318974,False,,,17.59,False,0,transition,640x480
1382,2026-09-23T23:11:04.349487,False,,,17.52,False,0,transition,640x480
1383,2026-09-23T23:11:04.379551,False,,,17.02,False,0,transition,640x480
1384,2026-09-23T23:11:04.411080,False,,,17.52,False,0,transition,640x480
1385,2026-09-23T23:11:04.442368,False,,,17.01,False,0,transition,640x480
1386,2026-09-23T23:11:04.474909,False,,,17.01,False,0,transition,640x480
1387,2026-09-23T23:11:04.504602,False,,,17.04,False,0,transition,640x480
1388,2026-09-23T23:11:04.542628,False,,,16.99,False,0,transition,640x480
1389,2026-09-23T23:11:04.580517,False,,,17.02,False,0,transition,640x480
1390,2026-09-23T23:11:04.612207,False,,,17.06,False,0,transition,640x480
1391,2026-09-23T23:11:04.644776,False,,,17.04,False,0,transition,640x480
1392,2026-09-23T23:11:04.675843,False,,,18.06,False,0,transition,640x480
1393,2026-09-23T23:11:04.706789,False,,,17.23,False,0,transition,640x480
1394,2026-09-23T23:11:04.738816,False,,,17.01,False,0,transition,640x480
1395,2026-09-23T23:11:04.765883,False,,,16.51,False,0,transition,640x480
1396,2026-09-23T23:11:04.795931,False,,,17.01,False,0,transition,640x480
1397,2026-09-23T23:11:04.826958,False,,,17.01,False,0,transition,640x480
1398,2026-09-23T23:11:04.857681,False,,,17.02,False,0,transition,640x480
1399,2026-09-23T23:11:04.890706,False,,,17.02,False,0,transition,640x480
1400,2026-09-23T23:11:04.918052,False,,,17.38,False,0,transition,640x480
1401,2026-09-23T23:11:04.947173,False,,,17.61,False,0,transition,640x480
1402,2026-09-23T23:11:04.979700,False,,,17.02,False,0,transition,640x480
1403,2026-09-23T23:11:05.034825,False,,,17.02,False,0,transition,640x480
1404,2026-09-23T23:11:05.072856,False,,,17.01,False,0,transition,640x480
1405,2026-09-23T23:11:05.100873,False,,,17.02,False,0,transition,640x480
1406,2026-09-23T23:11:05.133842,False,,,17.02,False,0,transition,640x480
1407,2026-09-23T23:11:05.175674,False,,,16.52,False,0,transition,640x480
1408,2026-09-23T23:11:05.207052,False,,,17.38,False,0,transition,640x480
1409,2026-09-23T23:11:05.242926,False,,,17.01,False,0,transition,640x480
1410,2026-09-23T23:11:05.271964,False,,,17.02,False,0,transition,640x480
1411,2026-09-23T23:11:05.301344,False,,,17.58,False,0,transition,640x480
1412,2026-09-23T23:11:05.334903,False,,,17.04,False,0,transition,640x480
1413,2026-09-23T23:11:05.376933,False,,,17.01,False,0,transition,640x480
1414,2026-09-23T23:11:05.408967,False,,,17.03,False,0,transition,640x480
1415,2026-09-23T23:11:05.442774,False,,,17.26,False,0,transition,640x480
1416,2026-09-23T23:11:05.473806,False,,,16.51,False,0,transition,640x480
1417,2026-09-23T23:11:05.500112,False,,,16.53,False,0,transition,640x480
1418,2026-09-23T23:11:05.533499,False,,,16.01,False,0,transition,640x480
1419,2026-09-23T23:11:05.561727,False,,,17.08,False,0,transition,640x480
1420,2026-09-23T23:11:05.592750,False,,,17.01,False,0,transition,640x480
1421,2026-09-23T23:11:05.627446,False,,,17.52,False,0,transition,640x480
1422,2026-09-23T23:11:05.656485,False,,,17.52,False,0,transition,640x480
1423,2026-09-23T23:11:05.689512,False,,,17.51,False,0,transition,640x480
1424,2026-09-23T23:11:05.718957,False,,,17.42,False,0,transition,640x480
1425,2026-09-23T23:11:05.749450,False,,,16.98,False,0,transition,640x480
1426,2026-09-23T23:11:05.778955,False,,,16.51,False,0,transition,640x480
1427,2026-09-23T23:11:05.811523,False,,,17.01,False,0,transition,640x480
1428,2026-09-23T23:11:05.840755,False,,,16.99,False,0,transition,640x480
1429,2026-09-23T23:11:05.870840,False,,,17.01,False,0,transition,640x480
1430,2026-09-23T23:11:05.904875,False,,,17.02,False,0,transition,640x480
1431,2026-09-23T23:11:05.932149,False,,,16.35,False,0,transition,640x480
1432,2026-09-23T23:11:05.966267,False,,,17.02,False,0,transition,640x480
1433,2026-09-23T23:11:05.995252,False,,,17.48,False,0,transition,640x480
1434,2026-09-23T23:11:06.025757,False,,,17.03,False,0,transition,640x480
1435,2026-09-23T23:11:06.056784,False,,,17.02,False,0,transition,640x480
1436,2026-09-23T23:11:06.108898,False,,,17.18,False,0,transition,640x480
1437,2026-09-23T23:11:06.149400,False,,,17.27,False,0,transition,640x480
1438,2026-09-23T23:11:06.180503,False,,,16.59,False,0,transition,640x480
1439,2026-09-23T23:11:06.211152,False,,,17.02,False,0,transition,640x480
1440,2026-09-23T23:11:06.245190,False,,,17.52,False,0,transition,640x480
1441,2026-09-23T23:11:06.274776,False,,,17.60,False,0,transition,640x480
1442,2026-09-23T23:11:06.304804,False,,,17.02,False,0,transition,640x480
1443,2026-09-23T23:11:06.334556,False,,,17.73,False,0,transition,640x480
1444,2026-09-23T23:11:06.378624,False,,,17.01,False,0,transition,640x480
1445,2026-09-23T23:11:06.409999,False,,,17.37,False,0,transition,640x480
1446,2026-09-23T23:11:06.442531,False,,,17.01,False,0,transition,640x480
1447,2026-09-23T23:11:06.472864,False,,,17.01,False,0,transition,640x480
1448,2026-09-23T23:11:06.509053,False,,,17.17,False,0,transition,640x480
1449,2026-09-23T23:11:06.545917,False,,,16.34,False,0,transition,640x480
1450,2026-09-23T23:11:06.577531,False,,,18.02,False,0,transition,640x480
1451,2026-09-23T23:11:06.606699,False,,,17.16,False,0,transition,640x480
1452,2026-09-23T23:11:06.639732,False,,,17.53,False,0,transition,640x480
1453,2026-09-23T23:11:06.668347,False,,,17.01,False,0,transition,640x480
1454,2026-09-23T23:11:06.699467,False,,,17.53,False,0,transition,640x480
1455,2026-09-23T23:11:06.732009,False,,,17.02,False,0,transition,640x480
1456,2026-09-23T23:11:06.762012,False,,,17.01,False,0,transition,640x480
1457,2026-09-23T23:11:06.794558,False,,,17.02,False,0,transition,640x480
1458,2026-09-23T23:11:06.845112,False,,,17.52,False,0,transition,640x480
1459,2026-09-23T23:11:06.888672,False,,,17.51,False,0,transition,640x480
1460,2026-09-23T23:11:06.916314,False,,,17.08,False,0,transition,640x480
1461,2026-09-23T23:11:06.947345,False,,,16.02,False,0,transition,640x480
1462,2026-09-23T23:11:06.978873,False,,,17.02,False,0,transition,640x480
1463,2026-09-23T23:11:07.010946,False,,,17.07,False,0,transition,640x480
1464,2026-09-23T23:11:07.041942,False,,,17.01,False,0,transition,640x480
1465,2026-09-23T23:11:07.071978,False,,,17.01,False,0,transition,640x480
1466,2026-09-23T23:11:07.105000,True,0.262,0.235,17.51,False,1,transition,640x480
1467,2026-09-23T23:11:07.135039,True,0.262,0.227,17.51,False,1,transition,640x480
1468,2026-09-23T23:11:07.178563,False,,,17.01,False,0,transition,640x480
1469,2026-09-23T23:11:07.211719,False,,,17.02,False,0,transition,640x480
1470,2026-09-23T23:11:07.243758,False,,,17.02,False,0,transition,640x480
1471,2026-09-23T23:11:07.274792,False,,,17.01,False,0,transition,640x480
1472,2026-09-23T23:11:07.309052,False,,,17.53,False,0,transition,640x480
1473,2026-09-23T23:11:07.342594,False,,,17.01,False,0,transition,640x480
1474,2026-09-23T23:11:07.382137,False,,,17.01,False,0,transition,640x480
1475,2026-09-23T23:11:07.410167,False,,,17.52,False,0,head_turn_headphones_off,640x480
1476,2026-09-23T23:11:07.445207,False,,,17.52,False,0,head_turn_headphones_off,640x480
1477,2026-09-23T23:11:07.473772,False,,,17.01,False,0,head_turn_headphones_off,640x480
1478,2026-09-23T23:11:07.504582,False,,,17.02,False,0,head_turn_headphones_off,640x480
1479,2026-09-23T23:11:07.534606,False,,,17.52,False,0,head_turn_headphones_off,640x480
1480,2026-09-23T23:11:07.575594,False,,,16.55,False,0,head_turn_headphones_off,640x480
1481,2026-09-23T23:11:07.610665,False,,,17.08,False,0,head_turn_headphones_off,640x480
1482,2026-09-23T23:11:07.644903,False,,,17.22,False,0,head_turn_headphones_off,640x480
1483,2026-09-23T23:11:07.674930,False,,,17.01,False,0,head_turn_headphones_off,640x480
1484,2026-09-23T23:11:07.707852,False,,,17.05,False,0,head_turn_headphones_off,640x480
1485,2026-09-23T23:11:07.742874,False,,,17.01,False,0,head_turn_headphones_off,640x480
1486,2026-09-23T23:11:07.781979,False,,,17.00,False,0,head_turn_headphones_off,640x480
1487,2026-09-23T23:11:07.811108,False,,,16.59,False,0,head_turn_headphones_off,640x480
1488,2026-09-23T23:11:07.845151,False,,,17.52,False,0,head_turn_headphones_off,640x480
1489,2026-09-23T23:11:07.876852,False,,,19.02,False,0,head_turn_headphones_off,640x480
1490,2026-09-23T23:11:07.915174,False,,,17.52,False,0,head_turn_headphones_off,640x480
1491,2026-09-23T23:11:07.950708,False,,,17.02,False,0,head_turn_headphones_off,640x480
1492,2026-09-23T23:11:07.982243,False,,,17.01,False,0,head_turn_headphones_off,640x480
1493,2026-09-23T23:11:08.014862,False,,,17.60,False,0,head_turn_headphones_off,640x480
1494,2026-09-23T23:11:08.043912,False,,,17.01,False,0,head_turn_headphones_off,640x480
1495,2026-09-23T23:11:08.073538,False,,,17.01,False,0,head_turn_headphones_off,640x480
1496,2026-09-23T23:11:08.108323,False,,,17.46,False,0,head_turn_headphones_off,640x480
1497,2026-09-23T23:11:08.140885,False,,,17.06,False,0,head_turn_headphones_off,640x480
1498,2026-09-23T23:11:08.182921,False,,,17.01,False,0,head_turn_headphones_off,640x480
1499,2026-09-23T23:11:08.212483,False,,,17.52,False,0,head_turn_headphones_off,640x480
1500,2026-09-23T23:11:08.244822,False,,,17.32,False,0,head_turn_headphones_off,640x480
1501,2026-09-23T23:11:08.274853,False,,,17.01,False,0,head_turn_headphones_off,640x480
1502,2026-09-23T23:11:08.314158,False,,,17.03,False,0,head_turn_headphones_off,640x480
1503,2026-09-23T23:11:08.350426,False,,,16.75,False,0,head_turn_headphones_off,640x480
1504,2026-09-23T23:11:08.382456,False,,,17.51,False,0,head_turn_headphones_off,640x480
1505,2026-09-23T23:11:08.411286,False,,,17.52,False,0,head_turn_headphones_off,640x480
1506,2026-09-23T23:11:08.441805,False,,,17.00,False,0,head_turn_headphones_off,640x480
1507,2026-09-23T23:11:08.474841,False,,,17.01,False,0,head_turn_headphones_off,640x480
1508,2026-09-23T23:11:08.506890,False,,,17.03,False,0,head_turn_headphones_off,640x480
1509,2026-09-23T23:11:08.534912,False,,,17.52,False,0,head_turn_headphones_off,640x480
1510,2026-09-23T23:11:08.572007,False,,,16.51,False,0,head_turn_headphones_off,640x480
1511,2026-09-23T23:11:08.612662,False,,,17.15,False,0,head_turn_headphones_off,640x480
1512,2026-09-23T23:11:08.651237,False,,,17.56,False,0,head_turn_headphones_off,640x480
1513,2026-09-23T23:11:08.690784,False,,,17.02,False,0,head_turn_headphones_off,640x480
1514,2026-09-23T23:11:08.722918,False,,,17.09,False,0,head_turn_headphones_off,640x480
1515,2026-09-23T23:11:08.751436,False,,,17.52,False,0,head_turn_headphones_off,640x480
1516,2026-09-23T23:11:08.782471,False,,,17.52,False,0,head_turn_headphones_off,640x480
1517,2026-09-23T23:11:08.814128,False,,,17.03,False,0,head_turn_headphones_off,640x480
1518,2026-09-23T23:11:08.845008,False,,,17.37,False,0,head_turn_headphones_off,640x480
1519,2026-09-23T23:11:08.876550,False,,,17.02,False,0,head_turn_headphones_off,640x480
1520,2026-09-23T23:11:08.908880,False,,,17.16,False,0,head_turn_headphones_off,640x480
1521,2026-09-23T23:11:08.950422,False,,,17.52,False,0,head_turn_headphones_off,640x480
1522,2026-09-23T23:11:08.983448,False,,,17.51,False,0,head_turn_headphones_off,640x480
1523,2026-09-23T23:11:09.014984,False,,,17.52,False,0,head_turn_headphones_off,640x480
1524,2026-09-23T23:11:09.051350,False,,,17.57,False,0,head_turn_headphones_off,640x480
1525,2026-09-23T23:11:09.078870,False,,,17.01,False,0,head_turn_headphones_off,640x480
1526,2026-09-23T23:11:09.116574,False,,,17.14,False,0,head_turn_headphones_off,640x480
1527,2026-09-23T23:11:09.154723,False,,,17.21,False,0,head_turn_headphones_off,640x480
1528,2026-09-23T23:11:09.185761,False,,,17.53,False,0,head_turn_headphones_off,640x480
1529,2026-09-23T23:11:09.216849,False,,,17.52,False,0,head_turn_headphones_off,640x480
1530,2026-09-23T23:11:09.248358,False,,,17.50,False,0,head_turn_headphones_off,640x480
1531,2026-09-23T23:11:09.277891,False,,,18.02,False,0,head_turn_headphones_off,640x480
1532,2026-09-23T23:11:09.309433,False,,,17.53,False,0,head_turn_headphones_off,640x480
1533,2026-09-23T23:11:09.339957,False,,,17.02,False,0,head_turn_headphones_off,640x480
1534,2026-09-23T23:11:09.372031,False,,,17.51,False,0,head_turn_headphones_off,640x480
1535,2026-09-23T23:11:09.401638,False,,,17.02,False,0,head_turn_headphones_off,640x480
1536,2026-09-23T23:11:09.450251,False,,,17.52,False,0,head_turn_headphones_off,640x480
1537,2026-09-23T23:11:09.477579,False,,,17.82,False,0,head_turn_headphones_off,640x480
1538,2026-09-23T23:11:09.516782,False,,,17.19,False,0,head_turn_headphones_off,640x480
1539,2026-09-23T23:11:09.554871,False,,,17.08,False,0,head_turn_headphones_off,640x480
1540,2026-09-23T23:11:09.585896,False,,,18.53,False,0,head_turn_headphones_off,640x480
1541,2026-09-23T23:11:09.614929,False,,,17.52,False,0,head_turn_headphones_off,640x480
1542,2026-09-23T23:11:09.643942,True,0.211,0.209,18.01,False,1,transition,640x480
1543,2026-09-23T23:11:09.675747,True,0.211,0.220,17.53,False,1,transition,640x480
1544,2026-09-23T23:11:09.709526,False,,,17.77,False,0,transition,640x480
1545,2026-09-23T23:11:09.738548,False,,,17.52,False,0,transition,640x480
1546,2026-09-23T23:11:09.788829,False,,,17.74,False,0,transition,640x480
1547,2026-09-23T23:11:09.828877,False,,,17.52,False,0,transition,640x480
1548,2026-09-23T23:11:09.858902,False,,,17.02,False,0,transition,640x480
1549,2026-09-23T23:11:09.890931,False,,,17.02,False,0,transition,640x480
1550,2026-09-23T23:11:09.922085,False,,,17.55,False,0,transition,640x480
1551,2026-09-23T23:11:09.950385,False,,,16.78,False,0,transition,640x480
1552,2026-09-23T23:11:09.981602,False,,,16.71,False,0,transition,640x480
1553,2026-09-23T23:11:10.014238,False,,,17.03,False,0,transition,640x480
1554,2026-09-23T23:11:10.045130,False,,,17.38,False,0,transition,640x480
1555,2026-09-23T23:11:10.075665,False,,,16.53,False,0,transition,640x480
1556,2026-09-23T23:11:10.108340,False,,,16.52,False,0,transition,640x480
1557,2026-09-23T23:11:10.138965,False,,,17.12,False,0,transition,640x480
1558,2026-09-23T23:11:10.190500,False,,,19.52,False,0,transition,640x480
1559,2026-09-23T23:11:10.230768,False,,,16.51,False,0,transition,640x480
1560,2026-09-23T23:11:10.262694,False,,,17.52,False,0,transition,640x480
1561,2026-09-23T23:11:10.292813,False,,,17.01,False,0,transition,640x480
1562,2026-09-23T23:11:10.327377,False,,,16.52,False,0,transition,640x480
1563,2026-09-23T23:11:10.360615,False,,,17.02,False,0,transition,640x480
1564,2026-09-23T23:11:10.400130,False,,,16.52,False,0,transition,640x480
1565,2026-09-23T23:11:10.432171,False,,,17.01,False,0,transition,640x480
1566,2026-09-23T23:11:10.462004,False,,,17.01,False,0,transition,640x480
1567,2026-09-23T23:11:10.492539,False,,,17.01,False,0,transition,640x480
1568,2026-09-23T23:11:10.524820,False,,,16.51,False,0,transition,640x480
1569,2026-09-23T23:11:10.555349,False,,,17.52,False,0,transition,640x480
1570,2026-09-23T23:11:10.588986,False,,,17.15,False,0,transition,640x480
1571,2026-09-23T23:11:10.631981,False,,,18.02,False,0,transition,640x480
1572,2026-09-23T23:11:10.661762,False,,,17.02,False,0,transition,640x480
1573,2026-09-23T23:11:10.692768,False,,,17.01,False,0,transition,640x480
1574,2026-09-23T23:11:10.725343,False,,,17.01,False,0,transition,640x480
1575,2026-09-23T23:11:10.757923,False,,,17.02,False,0,transition,640x480
1576,2026-09-23T23:11:10.788949,False,,,17.52,False,0,transition,640x480
1577,2026-09-23T23:11:10.818986,False,,,17.52,False,0,transition,640x480
1578,2026-09-23T23:11:10.850114,False,,,16.63,False,0,transition,640x480
1579,2026-09-23T23:11:10.881144,False,,,17.02,False,0,transition,640x480
1580,2026-09-23T23:11:10.922244,False,,,16.52,False,0,transition,640x480
1581,2026-09-23T23:11:10.959038,False,,,17.21,False,0,transition,640x480
1582,2026-09-23T23:11:10.988648,False,,,17.53,False,0,transition,640x480
1583,2026-09-23T23:11:11.018050,False,,,16.89,False,0,transition,640x480
1584,2026-09-23T23:11:11.050374,False,,,16.72,False,0,transition,640x480
1585,2026-09-23T23:11:11.079398,False,,,16.51,False,0,transition,640x480
1586,2026-09-23T23:11:11.116064,False,,,16.58,False,0,transition,640x480
1587,2026-09-23T23:11:11.155882,False,,,17.22,False,0,transition,640x480
1588,2026-09-23T23:11:11.188262,False,,,17.33,False,0,transition,640x480
1589,2026-09-23T23:11:11.222789,False,,,17.01,False,0,transition,640x480
1590,2026-09-23T23:11:11.261440,False,,,17.01,False,0,transition,640x480
1591,2026-09-23T23:11:11.298264,False,,,17.52,False,0,transition,640x480
1592,2026-09-23T23:11:11.330787,False,,,17.01,False,0,transition,640x480
1593,2026-09-23T23:11:11.357652,False,,,16.52,False,0,transition,640x480
1594,2026-09-23T23:11:11.389668,False,,,17.51,False,0,transition,640x480
1595,2026-09-23T23:11:11.418235,False,,,17.03,False,0,transition,640x480
1596,2026-09-23T23:11:11.451268,False,,,17.52,False,0,transition,640x480
1597,2026-09-23T23:11:11.481209,False,,,17.43,False,0,transition,640x480
1598,2026-09-23T23:11:11.516967,False,,,17.52,False,0,transition,640x480
1599,2026-09-23T23:11:11.559111,False,,,17.63,False,0,transition,640x480
1600,2026-09-23T23:11:11.592646,False,,,17.02,False,0,transition,640x480
1601,2026-09-23T23:11:11.622193,False,,,16.53,False,0,transition,640x480
1602,2026-09-23T23:11:11.660760,False,,,17.08,False,0,transition,640x480
1603,2026-09-23T23:11:11.695796,False,,,16.02,False,0,transition,640x480
1604,2026-09-23T23:11:11.731330,False,,,17.52,False,0,transition,640x480
1605,2026-09-23T23:11:11.758862,False,,,17.02,False,0,transition,640x480
1606,2026-09-23T23:11:11.790875,False,,,17.02,False,0,transition,640x480
1607,2026-09-23T23:11:11.822910,False,,,17.01,False,0,transition,640x480
1608,2026-09-23T23:11:11.854681,True,0.281,0.245,17.08,False,2,transition,640x480
1609,2026-09-23T23:11:11.881805,True,0.281,0.249,16.62,False,2,transition,640x480
1610,2026-09-23T23:11:11.915895,False,,,18.05,False,0,transition,640x480
1611,2026-09-23T23:11:11.943916,False,,,17.01,False,0,transition,640x480
1612,2026-09-23T23:11:11.994753,True,0.168,0.230,16.81,False,1,transition,640x480
1613,2026-09-23T23:11:12.039828,True,0.168,0.222,17.02,False,1,transition,640x480
1614,2026-09-23T23:11:12.068180,False,,,17.51,False,0,transition,640x480
1615,2026-09-23T23:11:12.099290,False,,,16.52,False,0,transition,640x480
1616,2026-09-23T23:11:12.131319,False,,,17.51,False,0,transition,640x480
1617,2026-09-23T23:11:12.159505,False,,,16.68,False,0,transition,640x480
1618,2026-09-23T23:11:12.190525,False,,,17.01,False,0,transition,640x480
1619,2026-09-23T23:11:12.222069,False,,,16.53,False,0,transition,640x480
1620,2026-09-23T23:11:12.255109,True,0.363,0.252,17.52,False,1,transition,640x480
1621,2026-09-23T23:11:12.282752,True,0.363,0.269,17.62,False,1,transition,640x480
1622,2026-09-23T23:11:12.314881,True,0.453,0.303,17.57,False,3,transition,640x480
1623,2026-09-23T23:11:12.343895,True,0.453,0.360,17.00,False,3,transition,640x480
1624,2026-09-23T23:11:12.395944,True,0.406,0.408,17.02,False,3,transition,640x480
1625,2026-09-23T23:11:12.423583,True,0.406,0.416,17.09,False,3,transition,640x480
1626,2026-09-23T23:11:12.460895,True,0.199,0.384,16.80,False,1,transition,640x480
1627,2026-09-23T23:11:12.500426,True,0.199,0.333,17.02,False,1,transition,640x480
1628,2026-09-23T23:11:12.532457,True,0.199,0.282,16.51,False,1,transition,640x480
1629,2026-09-23T23:11:12.565128,False,,,16.63,False,0,transition,640x480
1630,2026-09-23T23:11:12.594665,False,,,17.03,False,0,transition,640x480
1631,2026-09-23T23:11:12.626777,False,,,17.10,False,0,transition,640x480
1632,2026-09-23T23:11:12.660811,False,,,17.02,False,0,transition,640x480
1633,2026-09-23T23:11:12.693596,False,,,17.01,False,0,transition,640x480
1634,2026-09-23T23:11:12.732207,False,,,16.01,False,0,transition,640x480
1635,2026-09-23T23:11:12.764241,False,,,17.02,False,0,transition,640x480
1636,2026-09-23T23:11:12.795267,True,0.168,0.234,17.52,False,1,transition,640x480
1637,2026-09-23T23:11:12.824807,True,0.168,0.187,17.03,False,1,transition,640x480
1638,2026-09-23T23:11:12.855842,True,0.168,0.180,17.02,False,1,transition,640x480
1639,2026-09-23T23:11:12.885877,False,,,18.03,False,0,transition,640x480
1640,2026-09-23T23:11:12.915194,False,,,17.80,False,0,transition,640x480
1641,2026-09-23T23:11:12.947220,True,0.168,0.174,17.52,False,1,transition,640x480
1642,2026-09-23T23:11:12.976864,True,0.168,0.168,17.01,False,1,transition,640x480
1643,2026-09-23T23:11:13.008917,False,,,17.04,False,0,transition,640x480
1644,2026-09-23T23:11:13.055243,False,,,17.30,False,0,transition,640x480
1645,2026-09-23T23:11:13.087783,False,,,16.52,False,0,transition,640x480
1646,2026-09-23T23:11:13.131321,False,,,17.51,False,0,transition,640x480
1647,2026-09-23T23:11:13.161853,False,,,17.02,False,0,transition,640x480
1648,2026-09-23T23:11:13.195896,False,,,18.02,False,0,transition,640x480
1649,2026-09-23T23:11:13.224922,False,,,17.02,False,0,transition,640x480
1650,2026-09-23T23:11:13.258957,False,,,17.02,False,0,transition,640x480
1651,2026-09-23T23:11:13.292486,False,,,17.01,False,0,transition,640x480
1652,2026-09-23T23:11:13.335873,False,,,17.94,False,0,transition,640x480
1653,2026-09-23T23:11:13.366903,False,,,17.52,False,0,transition,640x480
1654,2026-09-23T23:11:13.395620,False,,,16.52,False,0,transition,640x480
1655,2026-09-23T23:11:13.429671,False,,,17.53,False,0,transition,640x480
1656,2026-09-23T23:11:13.465843,False,,,16.52,False,0,transition,640x480
1657,2026-09-23T23:11:13.506348,False,,,16.91,False,0,transition,640x480
1658,2026-09-23T23:11:13.538891,False,,,17.02,False,0,transition,640x480
1659,2026-09-23T23:11:13.567056,False,,,17.65,False,0,transition,640x480
1660,2026-09-23T23:11:13.598684,False,,,17.03,False,0,transition,640x480
1661,2026-09-23T23:11:13.627595,False,,,17.01,False,0,transition,640x480
1662,2026-09-23T23:11:13.659638,False,,,17.04,False,0,transition,640x480
1663,2026-09-23T23:11:13.690654,False,,,17.01,False,0,transition,640x480
1664,2026-09-23T23:11:13.722059,False,,,17.02,False,0,transition,640x480
1665,2026-09-23T23:11:13.758949,True,0.184,0.171,17.35,False,1,transition,640x480
1666,2026-09-23T23:11:13.797996,True,0.184,0.174,17.52,False,1,transition,640x480
1667,2026-09-23T23:11:13.830811,False,,,19.27,False,0,transition,640x480
1668,2026-09-23T23:11:13.866035,False,,,17.02,False,0,transition,640x480
1669,2026-09-23T23:11:13.906011,False,,,16.52,False,0,transition,640x480
1670,2026-09-23T23:11:13.938655,True,0.168,0.174,17.52,False,1,transition,640x480
1671,2026-09-23T23:11:13.966091,True,0.168,0.174,16.44,False,1,transition,640x480
1672,2026-09-23T23:11:13.997161,True,0.168,0.174,16.06,False,1,transition,640x480
1673,2026-09-23T23:11:14.031397,True,0.230,0.184,17.51,False,2,transition,640x480
1674,2026-09-23T23:11:14.058926,True,0.230,0.193,17.02,False,2,transition,640x480
1675,2026-09-23T23:11:14.089957,True,0.344,0.228,17.53,False,3,transition,640x480
1676,2026-09-23T23:11:14.121999,True,0.344,0.263,17.02,False,3,transition,640x480
1677,2026-09-23T23:11:14.154609,True,0.246,0.279,17.10,False,2,transition,640x480
1678,2026-09-23T23:11:14.182124,True,0.246,0.282,17.01,False,2,transition,640x480
1679,2026-09-23T23:11:14.214775,True,0.301,0.296,17.52,False,1,transition,640x480
1680,2026-09-23T23:11:14.266415,True,0.230,0.273,17.01,False,1,transition,640x480
1681,2026-09-23T23:11:14.306589,True,0.230,0.251,17.05,False,1,transition,640x480
1682,2026-09-23T23:11:14.334870,False,,,17.52,False,0,transition,640x480
1683,2026-09-23T23:11:14.365222,False,,,16.52,False,0,transition,640x480
1684,2026-09-23T23:11:14.397320,False,,,17.59,False,0,transition,640x480
1685,2026-09-23T23:11:14.426857,False,,,17.03,False,0,transition,640x480
1686,2026-09-23T23:11:14.458882,False,,,17.02,False,0,transition,640x480
1687,2026-09-23T23:11:14.490687,False,,,16.80,False,0,transition,640x480
1688,2026-09-23T23:11:14.523885,False,,,18.02,False,0,transition,640x480
1689,2026-09-23T23:11:14.558938,False,,,17.04,False,0,transition,640x480
1690,2026-09-23T23:11:14.588973,False,,,17.03,False,0,transition,640x480
1691,2026-09-23T23:11:14.625696,False,,,17.04,False,0,transition,640x480
1692,2026-09-23T23:11:14.666236,False,,,17.53,False,0,transition,640x480
1693,2026-09-23T23:11:14.695793,False,,,18.05,False,0,transition,640x480
1694,2026-09-23T23:11:14.724826,False,,,17.02,False,0,transition,640x480
1695,2026-09-23T23:11:14.758866,False,,,17.02,False,0,transition,640x480
1696,2026-09-23T23:11:14.787893,False,,,17.02,False,0,transition,640x480
1697,2026-09-23T23:11:14.815788,True,0.246,0.251,17.02,False,1,transition,640x480
1698,2026-09-23T23:11:14.847162,True,0.246,0.251,17.37,False,1,transition,640x480
1699,2026-09-23T23:11:14.877766,True,0.387,0.268,18.01,False,1,transition,640x480
1700,2026-09-23T23:11:14.908794,True,0.387,0.299,17.02,False,1,transition,640x480
1701,2026-09-23T23:11:14.941826,True,0.262,0.305,17.01,False,1,transition,640x480
1702,2026-09-23T23:11:14.974864,True,0.262,0.309,17.02,False,1,transition,640x480
1703,2026-09-23T23:11:15.014074,False,,,16.94,False,0,transition,640x480
1704,2026-09-23T23:11:15.066836,False,,,17.52,False,0,transition,640x480
1705,2026-09-23T23:11:15.108946,False,,,17.10,False,0,transition,640x480
1706,2026-09-23T23:11:15.139752,False,,,17.06,False,0,transition,640x480
1707,2026-09-23T23:11:15.172781,False,,,17.01,False,0,transition,640x480
1708,2026-09-23T23:11:15.217092,False,,,17.54,False,0,transition,640x480
1709,2026-09-23T23:11:15.245955,False,,,16.36,False,0,transition,640x480
1710,2026-09-23T23:11:15.276492,False,,,17.53,False,0,transition,640x480
1711,2026-09-23T23:11:15.308026,False,,,16.52,False,0,transition,640x480
1712,2026-09-23T23:11:15.340633,False,,,17.01,False,0,transition,640x480
1713,2026-09-23T23:11:15.371170,False,,,17.58,False,0,transition,640x480
1714,2026-09-23T23:11:15.399694,False,,,17.52,False,0,transition,640x480
1715,2026-09-23T23:11:15.428727,False,,,17.02,False,0,transition,640x480
1716,2026-09-23T23:11:15.459760,False,,,17.01,False,0,transition,640x480
1717,2026-09-23T23:11:15.495960,False,,,17.03,False,0,transition,640x480
1718,2026-09-23T23:11:15.542507,False,,,17.02,False,0,transition,640x480
1719,2026-09-23T23:11:15.582041,False,,,17.01,False,0,transition,640x480
1720,2026-09-23T23:11:15.615264,False,,,18.03,False,0,transition,640x480
1721,2026-09-23T23:11:15.644807,False,,,17.03,False,0,transition,640x480
1722,2026-09-23T23:11:15.674837,False,,,17.02,False,0,transition,640x480
1723,2026-09-23T23:11:15.705355,False,,,17.52,False,0,transition,640x480
1724,2026-09-23T23:11:15.739589,False,,,17.52,False,0,transition,640x480
1725,2026-09-23T23:11:15.768951,False,,,17.61,False,0,transition,640x480
1726,2026-09-23T23:11:15.797474,False,,,17.02,False,0,transition,640x480
1727,2026-09-23T23:11:15.831414,False,,,19.04,False,0,transition,640x480
1728,2026-09-23T23:11:15.859871,False,,,16.94,False,0,transition,640x480
1729,2026-09-23T23:11:15.891894,False,,,17.01,False,0,transition,640x480
1730,2026-09-23T23:11:15.922016,False,,,17.05,False,0,transition,640x480
1731,2026-09-23T23:11:15.951365,True,0.199,0.299,17.52,False,1,transition,640x480
1732,2026-09-23T23:11:15.981388,True,0.199,0.262,17.51,False,1,transition,640x480
1733,2026-09-23T23:11:16.011268,False,,,17.37,False,0,transition,640x480
1734,2026-09-23T23:11:16.041820,False,,,17.01,False,0,transition,640x480
1735,2026-09-23T23:11:16.074878,False,,,17.03,False,0,transition,640x480
1736,2026-09-23T23:11:16.105909,False,,,18.02,False,0,transition,640x480
1737,2026-09-23T23:11:16.142937,False,,,19.02,False,0,transition,640x480
1738,2026-09-23T23:11:16.181067,False,,,17.01,False,0,transition,640x480
1739,2026-09-23T23:11:16.211641,False,,,17.02,False,0,transition,640x480
1740,2026-09-23T23:11:16.244609,False,,,17.13,False,0,transition,640x480
1741,2026-09-23T23:11:16.276636,False,,,17.01,False,0,transition,640x480
1742,2026-09-23T23:11:16.306775,False,,,17.13,False,0,transition,640x480
1743,2026-09-23T23:11:16.337813,False,,,17.02,False,0,transition,640x480
1744,2026-09-23T23:11:16.366838,False,,,17.51,False,0,transition,640x480
1745,2026-09-23T23:11:16.395869,False,,,17.02,False,0,transition,640x480
1746,2026-09-23T23:11:16.427411,False,,,17.52,False,0,transition,640x480
1747,2026-09-23T23:11:16.474485,False,,,17.01,False,0,transition,640x480
1748,2026-09-23T23:11:16.504648,False,,,17.14,False,0,transition,640x480
1749,2026-09-23T23:11:16.540668,False,,,17.01,False,0,transition,640x480
1750,2026-09-23T23:11:16.580578,False,,,16.93,False,0,transition,640x480
1751,2026-09-23T23:11:16.611609,False,,,17.02,False,0,transition,640x480
1752,2026-09-23T23:11:16.642625,False,,,17.01,False,0,transition,640x480
1753,2026-09-23T23:11:16.677828,False,,,18.02,False,0,transition,640x480
1754,2026-09-23T23:11:16.704900,False,,,17.02,False,0,transition,640x480
1755,2026-09-23T23:11:16.738924,True,0.211,0.227,17.53,False,1,transition,640x480
1756,2026-09-23T23:11:16.768959,True,0.211,0.216,17.52,False,1,transition,640x480
1757,2026-09-23T23:11:16.811057,False,,,17.52,False,0,transition,640x480
1758,2026-09-23T23:11:16.844960,False,,,17.38,False,0,transition,640x480
1759,2026-09-23T23:11:16.877514,False,,,17.02,False,0,transition,640x480
1760,2026-09-23T23:11:16.906832,False,,,17.31,False,0,transition,640x480
1761,2026-09-23T23:11:16.938959,False,,,16.52,False,0,transition,640x480
1762,2026-09-23T23:11:16.971999,False,,,17.02,False,0,transition,640x480
1763,2026-09-23T23:11:17.002688,True,0.281,0.220,17.17,False,2,transition,640x480
1764,2026-09-23T23:11:17.031281,True,0.281,0.237,17.05,False,2,transition,640x480
1765,2026-09-23T23:11:17.066817,True,0.168,0.230,17.52,False,1,transition,640x480
1766,2026-09-23T23:11:17.109614,True,0.168,0.222,18.03,False,1,transition,640x480
1767,2026-09-23T23:11:17.141664,True,0.184,0.216,17.01,False,1,transition,640x480
1768,2026-09-23T23:11:17.175344,True,0.184,0.197,17.51,False,1,transition,640x480
1769,2026-09-23T23:11:17.216593,False,,,16.52,False,0,transition,640x480
1770,2026-09-23T23:11:17.247736,False,,,17.12,False,0,transition,640x480
1771,2026-09-23T23:11:17.278764,False,,,19.02,False,0,transition,640x480
1772,2026-09-23T23:11:17.308575,False,,,17.05,False,0,transition,640x480
1773,2026-09-23T23:11:17.340668,False,,,17.06,False,0,transition,640x480
1774,2026-09-23T23:11:17.373456,False,,,17.51,False,0,transition,640x480
1775,2026-09-23T23:11:17.405491,False,,,17.52,False,0,transition,640x480
1776,2026-09-23T23:11:17.435532,False,,,18.03,False,0,transition,640x480
1777,2026-09-23T23:11:17.466052,True,0.211,0.183,16.52,False,1,transition,640x480
1778,2026-09-23T23:11:17.497181,True,0.211,0.191,17.58,False,1,transition,640x480
1779,2026-09-23T23:11:17.545748,True,0.156,0.189,16.52,False,1,transition,640x480
1780,2026-09-23T23:11:17.589421,True,0.156,0.184,17.51,False,1,transition,640x480
1781,2026-09-23T23:11:17.623852,True,0.320,0.211,17.90,False,1,transition,640x480
1782,2026-09-23T23:11:17.654305,True,0.320,0.233,17.37,False,1,transition,640x480
1783,2026-09-23T23:11:17.683868,False,,,17.05,False,0,transition,640x480
1784,2026-09-23T23:11:17.725593,False,,,17.04,False,0,transition,640x480
1785,2026-09-23T23:11:17.762563,True,0.184,0.227,17.01,False,1,transition,640x480
1786,2026-09-23T23:11:17.806715,True,0.184,0.233,17.22,False,1,transition,640x480
1787,2026-09-23T23:11:17.833751,True,0.363,0.274,17.52,False,1,transition,640x480
1788,2026-09-23T23:11:17.866914,True,0.363,0.283,17.53,False,1,transition,640x480
1789,2026-09-23T23:11:17.895367,True,0.211,0.261,17.45,False,1,transition,640x480
1790,2026-09-23T23:11:17.928599,True,0.211,0.266,17.07,False,1,transition,640x480
1791,2026-09-23T23:11:17.958720,True,0.246,0.279,17.11,False,1,transition,640x480
1792,2026-09-23T23:11:17.990753,True,0.246,0.255,17.02,False,1,transition,640x480
1793,2026-09-23T23:11:18.022436,False,,,17.43,False,0,transition,640x480
1794,2026-09-23T23:11:18.052240,False,,,17.52,False,0,transition,640x480
1795,2026-09-23T23:11:18.082272,False,,,17.01,False,0,transition,640x480
1796,2026-09-23T23:11:18.113802,False,,,16.51,False,0,transition,640x480
1797,2026-09-23T23:11:18.144845,False,,,17.02,False,0,transition,640x480
1798,2026-09-23T23:11:18.176863,False,,,17.01,False,0,transition,640x480
1799,2026-09-23T23:11:18.208896,False,,,17.03,False,0,transition,640x480
1800,2026-09-23T23:11:18.238543,False,,,17.04,False,0,transition,640x480
1801,2026-09-23T23:11:18.272790,False,,,17.01,False,0,transition,640x480
1802,2026-09-23T23:11:18.313768,False,,,16.56,False,0,transition,640x480
1803,2026-09-23T23:11:18.347305,False,,,17.52,False,0,transition,640x480
1804,2026-09-23T23:11:18.376816,False,,,17.00,False,0,transition,640x480
1805,2026-09-23T23:11:18.411863,False,,,18.03,False,0,transition,640x480
1806,2026-09-23T23:11:18.441392,False,,,17.52,False,0,transition,640x480
1807,2026-09-23T23:11:18.475823,False,,,16.52,False,0,transition,640x480
1808,2026-09-23T23:11:18.504849,False,,,17.02,False,0,transition,640x480
1809,2026-09-23T23:11:18.540533,True,0.211,0.225,17.62,False,1,transition,640x480
1810,2026-09-23T23:11:18.579874,True,0.211,0.225,17.02,False,1,transition,640x480
1811,2026-09-23T23:11:18.610783,False,,,17.87,False,0,transition,640x480
1812,2026-09-23T23:11:18.640550,False,,,16.76,False,0,transition,640x480
1813,2026-09-23T23:11:18.682324,False,,,16.51,False,0,transition,640x480
1814,2026-09-23T23:11:18.716866,False,,,17.52,False,0,transition,640x480
1815,2026-09-23T23:11:18.754754,False,,,17.02,False,0,transition,640x480
1816,2026-09-23T23:11:18.792768,False,,,17.00,False,0,transition,640x480
1817,2026-09-23T23:11:18.824508,False,,,16.64,False,0,transition,640x480
1818,2026-09-23T23:11:18.855015,False,,,17.50,False,0,transition,640x480
1819,2026-09-23T23:11:18.883890,False,,,16.86,False,0,transition,640x480
1820,2026-09-23T23:11:18.917086,False,,,17.62,False,0,transition,640x480
1821,2026-09-23T23:11:18.947234,False,,,17.64,False,0,transition,640x480
1822,2026-09-23T23:11:18.978757,False,,,17.01,False,0,transition,640x480
1823,2026-09-23T23:11:19.009794,False,,,17.03,False,0,transition,640x480
1824,2026-09-23T23:11:19.040769,False,,,16.54,False,0,transition,640x480
1825,2026-09-23T23:11:19.082307,False,,,17.01,False,0,transition,640x480
1826,2026-09-23T23:11:19.118358,False,,,17.02,False,0,transition,640x480
1827,2026-09-23T23:11:19.148407,False,,,17.04,False,0,transition,640x480
1828,2026-09-23T23:11:19.178936,False,,,17.02,False,0,transition,640x480
1829,2026-09-23T23:11:19.210814,False,,,17.08,False,0,transition,640x480
1830,2026-09-23T23:11:19.240845,False,,,17.02,False,0,transition,640x480
1831,2026-09-23T23:11:19.275619,False,,,17.17,False,0,transition,640x480
1832,2026-09-23T23:11:19.304680,False,,,17.04,False,0,transition,640x480
1833,2026-09-23T23:11:19.340739,False,,,17.02,False,0,transition,640x480
1834,2026-09-23T23:11:19.379289,False,,,16.51,False,0,transition,640x480
1835,2026-09-23T23:11:19.421363,False,,,16.85,False,0,transition,640x480
1836,2026-09-23T23:11:19.458916,False,,,17.52,False,0,transition,640x480
1837,2026-09-23T23:11:19.488568,False,,,17.28,False,0,transition,640x480
1838,2026-09-23T23:11:19.518441,False,,,17.52,False,0,transition,640x480
1839,2026-09-23T23:11:19.549894,False,,,17.44,False,0,transition,640x480
1840,2026-09-23T23:11:19.580999,False,,,17.02,False,0,transition,640x480
1841,2026-09-23T23:11:19.611602,False,,,17.01,False,0,transition,640x480
1842,2026-09-23T23:11:19.644817,False,,,17.12,False,0,transition,640x480
1843,2026-09-23T23:11:19.677355,False,,,17.52,False,0,transition,640x480
1844,2026-09-23T23:11:19.708904,False,,,17.03,False,0,transition,640x480
1845,2026-09-23T23:11:19.740955,False,,,18.53,False,0,transition,640x480
1846,2026-09-23T23:11:19.769004,False,,,17.53,False,0,transition,640x480
1847,2026-09-23T23:11:19.818651,False,,,17.06,False,0,transition,640x480
1848,2026-09-23T23:11:19.859749,False,,,17.06,False,0,transition,640x480
1849,2026-09-23T23:11:19.890789,False,,,17.02,False,0,transition,640x480
1850,2026-09-23T23:11:19.923682,False,,,17.87,False,0,transition,640x480
1851,2026-09-23T23:11:19.952288,False,,,16.51,False,0,transition,640x480
1852,2026-09-23T23:11:19.984815,False,,,17.52,False,0,transition,640x480
1853,2026-09-23T23:11:20.015106,False,,,17.78,False,0,transition,640x480
1854,2026-09-23T23:11:20.044150,False,,,17.51,False,0,transition,640x480
1855,2026-09-23T23:11:20.074641,False,,,17.59,False,0,transition,640x480
1856,2026-09-23T23:11:20.104665,False,,,17.02,False,0,transition,640x480
1857,2026-09-23T23:11:20.156983,False,,,18.11,False,0,transition,640x480
1858,2026-09-23T23:11:20.195022,False,,,17.52,False,0,transition,640x480
1859,2026-09-23T23:11:20.225059,False,,,17.03,False,0,transition,640x480
1860,2026-09-23T23:11:20.255707,False,,,17.10,False,0,transition,640x480
1861,2026-09-23T23:11:20.288730,False,,,16.52,False,0,transition,640x480
1862,2026-09-23T23:11:20.318775,False,,,17.53,False,0,transition,640x480
1863,2026-09-23T23:11:20.348356,False,,,17.58,False,0,transition,640x480
1864,2026-09-23T23:11:20.379379,False,,,17.51,False,0,transition,640x480
1865,2026-09-23T23:11:20.410871,False,,,17.02,False,0,transition,640x480
1866,2026-09-23T23:11:20.439017,False,,,17.07,False,0,transition,640x480
1867,2026-09-23T23:11:20.478549,False,,,17.01,False,0,transition,640x480
1868,2026-09-23T23:11:20.516840,False,,,17.51,False,0,transition,640x480
1869,2026-09-23T23:11:20.558711,True,0.246,0.232,16.93,False,1,transition,640x480
1870,2026-09-23T23:11:20.591787,True,0.246,0.232,17.01,False,1,transition,640x480
1871,2026-09-23T23:11:20.626823,True,0.500,0.283,17.01,False,1,transition,640x480
1872,2026-09-23T23:11:20.656683,True,0.500,0.341,17.19,False,1,transition,640x480
1873,2026-09-23T23:11:20.685721,True,0.387,0.376,17.53,False,1,transition,640x480
1874,2026-09-23T23:11:20.716807,True,0.387,0.404,17.52,False,1,transition,640x480
1875,2026-09-23T23:11:20.747982,True,0.230,0.401,17.52,False,1,transition,640x480
1876,2026-09-23T23:11:20.776511,True,0.230,0.347,17.02,False,1,transition,640x480
1877,2026-09-23T23:11:20.810491,True,0.594,0.366,17.02,False,1,transition,640x480
1878,2026-09-23T23:11:20.839846,True,0.594,0.407,17.79,False,1,transition,640x480
1879,2026-09-23T23:11:20.890923,True,0.547,0.439,17.06,False,1,transition,640x480
1880,2026-09-23T23:11:20.932026,True,0.547,0.502,17.07,False,1,transition,640x480
1881,2026-09-23T23:11:20.974786,True,0.156,0.487,17.01,False,1,transition,640x480
1882,2026-09-23T23:11:21.009819,True,0.156,0.400,17.02,False,1,transition,640x480
1883,2026-09-23T23:11:21.041587,True,0.387,0.359,16.75,False,1,transition,640x480
1884,2026-09-23T23:11:21.075623,True,0.387,0.327,18.02,False,1,transition,640x480
1885,2026-09-23T23:11:21.115366,True,0.184,0.254,16.01,False,1,transition,640x480
1886,2026-09-23T23:11:21.147408,True,0.184,0.259,17.53,False,1,transition,640x480
1887,2026-09-23T23:11:21.176939,False,,,17.02,False,0,transition,640x480
1888,2026-09-23T23:11:21.209789,False,,,17.53,False,0,transition,640x480
1889,2026-09-23T23:11:21.241822,True,0.320,0.292,19.02,False,1,transition,640x480
1890,2026-09-23T23:11:21.273926,True,0.320,0.279,18.01,False,1,transition,640x480
1891,2026-09-23T23:11:21.301449,True,0.363,0.274,17.51,False,1,transition,640x480
1892,2026-09-23T23:11:21.332379,True,0.363,0.310,17.52,False,1,transition,640x480
1893,2026-09-23T23:11:21.364998,True,0.344,0.342,17.60,False,1,transition,640x480
1894,2026-09-23T23:11:21.394694,True,0.344,0.347,17.19,False,1,transition,640x480
1895,2026-09-23T23:11:21.425224,True,0.406,0.364,17.52,False,1,transition,640x480
1896,2026-09-23T23:11:21.456041,True,0.406,0.373,17.27,False,1,transition,640x480
1897,2026-09-23T23:11:21.487833,True,0.430,0.386,16.51,False,1,transition,640x480
1898,2026-09-23T23:11:21.518362,True,0.430,0.403,17.02,False,1,transition,640x480
1899,2026-09-23T23:11:21.548398,True,0.301,0.395,17.02,False,1,transition,640x480
1900,2026-09-23T23:11:21.577877,True,0.301,0.373,17.55,False,1,transition,640x480
1901,2026-09-23T23:11:21.626921,True,0.211,0.334,17.02,False,1,transition,640x480
1902,2026-09-23T23:11:21.654943,True,0.211,0.291,17.02,False,1,transition,640x480
1903,2026-09-23T23:11:21.690243,True,0.230,0.251,16.79,False,1,transition,640x480
1904,2026-09-23T23:11:21.722776,True,0.230,0.237,17.01,False,1,transition,640x480
1905,2026-09-23T23:11:21.751427,True,0.230,0.223,16.56,False,1,transition,640x480
1906,2026-09-23T23:11:21.780997,True,0.406,0.262,17.06,False,1,transition,640x480
1907,2026-09-23T23:11:21.818771,True,0.406,0.301,17.53,False,1,transition,640x480
1908,2026-09-23T23:11:21.856815,True,0.406,0.336,17.02,False,1,transition,640x480
1909,2026-09-23T23:11:21.890623,False,,,17.02,False,0,transition,640x480
1910,2026-09-23T23:11:21.932695,False,,,17.52,False,0,transition,640x480
1911,2026-09-23T23:11:21.977912,False,,,19.01,False,0,transition,640x480
1912,2026-09-23T23:11:22.009837,False,,,17.42,False,0,transition,640x480
1913,2026-09-23T23:11:22.041875,False,,,17.01,False,0,transition,640x480
1914,2026-09-23T23:11:22.072912,False,,,17.02,False,0,transition,640x480
1915,2026-09-23T23:11:22.101442,False,,,17.52,False,0,transition,640x480
1916,2026-09-23T23:11:22.131771,False,,,16.51,False,0,transition,640x480
1917,2026-09-23T23:11:22.162806,False,,,17.01,False,0,transition,640x480
1918,2026-09-23T23:11:22.194863,False,,,18.05,False,0,transition,640x480
1919,2026-09-23T23:11:22.224889,False,,,17.02,False,0,transition,640x480
1920,2026-09-23T23:11:22.256608,False,,,17.02,False,0,transition,640x480
1921,2026-09-23T23:11:22.285630,False,,,17.52,False,0,transition,640x480
1922,2026-09-23T23:11:22.316829,False,,,17.52,False,0,transition,640x480
1923,2026-09-23T23:11:22.362929,False,,,17.01,False,0,transition,640x480
1924,2026-09-23T23:11:22.393465,False,,,16.02,False,0,transition,640x480
1925,2026-09-23T23:11:22.426018,False,,,17.03,False,0,transition,640x480
1926,2026-09-23T23:11:22.455557,False,,,17.53,False,0,transition,640x480
1927,2026-09-23T23:11:22.485578,False,,,17.52,False,0,transition,640x480
1928,2026-09-23T23:11:22.514927,True,0.230,0.336,17.34,False,1,transition,640x480
1929,2026-09-23T23:11:22.547110,True,0.230,0.336,17.52,False,1,transition,640x480
1930,2026-09-23T23:11:22.577752,True,0.387,0.332,16.79,False,1,transition,640x480
1931,2026-09-23T23:11:22.618794,True,0.199,0.291,17.52,False,1,transition,640x480
1932,2026-09-23T23:11:22.655944,True,0.199,0.249,17.02,False,1,transition,640x480
1933,2026-09-23T23:11:22.689971,False,,,17.52,False,0,transition,640x480
1934,2026-09-23T23:11:22.716000,False,,,17.01,False,0,transition,640x480
1935,2026-09-23T23:11:22.761918,False,,,17.01,False,0,transition,640x480
1936,2026-09-23T23:11:22.794942,False,,,17.02,False,0,transition,640x480
1937,2026-09-23T23:11:22.828818,False,,,18.52,False,0,transition,640x480
1938,2026-09-23T23:11:22.868796,False,,,17.52,False,0,transition,640x480
1939,2026-09-23T23:11:22.901324,False,,,17.51,False,0,transition,640x480
1940,2026-09-23T23:11:22.931173,True,0.262,0.255,17.34,False,1,transition,640x480
1941,2026-09-23T23:11:22.972876,True,0.262,0.262,17.01,False,1,transition,640x480
1942,2026-09-23T23:11:23.008932,False,,,17.04,False,0,transition,640x480
1943,2026-09-23T23:11:23.040649,True,0.199,0.224,17.01,False,1,transition,640x480
1944,2026-09-23T23:11:23.072222,True,0.199,0.224,16.51,False,1,transition,640x480
1945,2026-09-23T23:11:23.100276,True,0.281,0.241,16.55,False,1,transition,640x480
1946,2026-09-23T23:11:23.131358,True,0.281,0.245,17.57,False,1,transition,640x480
1947,2026-09-23T23:11:23.162887,True,0.168,0.226,17.01,False,1,transition,640x480
1948,2026-09-23T23:11:23.193912,True,0.168,0.220,17.01,False,1,transition,640x480
1949,2026-09-23T23:11:23.226755,True,0.168,0.213,16.83,False,1,transition,640x480
1950,2026-09-23T23:11:23.258909,False,,,17.04,False,0,transition,640x480
1951,2026-09-23T23:11:23.294939,False,,,17.02,False,0,transition,640x480
1952,2026-09-23T23:11:23.334887,False,,,17.92,False,0,transition,640x480
1953,2026-09-23T23:11:23.365955,False,,,16.51,False,0,transition,640x480
1954,2026-09-23T23:11:23.396483,True,0.211,0.199,17.52,False,1,transition,640x480
1955,2026-09-23T23:11:23.428779,True,0.199,0.183,17.29,False,1,transition,640x480
1956,2026-09-23T23:11:23.458809,True,0.199,0.189,17.02,False,1,transition,640x480
1957,2026-09-23T23:11:23.498441,False,,,16.65,False,0,transition,640x480
1958,2026-09-23T23:11:23.539557,False,,,17.09,False,0,transition,640x480
1959,2026-09-23T23:11:23.581317,False,,,17.52,False,0,transition,640x480
1960,2026-09-23T23:11:23.611848,False,,,17.01,False,0,transition,640x480
1961,2026-09-23T23:11:23.642867,False,,,17.00,False,0,transition,640x480
1962,2026-09-23T23:11:23.674492,True,0.184,0.192,17.52,False,1,transition,640x480
1963,2026-09-23T23:11:23.706941,True,0.184,0.195,17.52,False,1,transition,640x480
1964,2026-09-23T23:11:23.739973,True,0.262,0.205,17.52,False,1,transition,640x480
1965,2026-09-23T23:11:23.770998,True,0.262,0.218,17.51,False,1,transition,640x480
1966,2026-09-23T23:11:23.799201,False,,,17.60,False,0,transition,640x480
1967,2026-09-23T23:11:23.829739,False,,,17.03,False,0,transition,640x480
1968,2026-09-23T23:11:23.859765,False,,,17.02,False,0,transition,640x480
1969,2026-09-23T23:11:23.899643,True,0.363,0.251,17.52,False,1,transition,640x480
1970,2026-09-23T23:11:23.936681,True,0.363,0.287,18.02,False,1,transition,640x480
1971,2026-09-23T23:11:23.966208,True,0.387,0.327,17.51,False,1,transition,640x480
1972,2026-09-23T23:11:23.997336,True,0.387,0.352,17.62,False,1,transition,640x480
1973,2026-09-23T23:11:24.028865,True,0.387,0.377,17.02,False,1,transition,640x480
1974,2026-09-23T23:11:24.058799,True,0.281,0.361,17.02,False,1,transition,640x480
1975,2026-09-23T23:11:24.089829,True,0.281,0.345,17.02,False,1,transition,640x480
1976,2026-09-23T23:11:24.123493,True,0.477,0.362,17.64,False,1,transition,640x480
1977,2026-09-23T23:11:24.155838,True,0.477,0.380,17.02,False,1,transition,640x480
1978,2026-09-23T23:11:24.198386,True,0.406,0.384,17.53,False,1,transition,640x480
1979,2026-09-23T23:11:24.234940,True,0.430,0.414,17.53,False,1,transition,640x480
1980,2026-09-23T23:11:24.277973,True,0.430,0.444,18.02,False,1,transition,640x480
1981,2026-09-23T23:11:24.307765,True,0.430,0.434,17.23,False,1,transition,640x480
1982,2026-09-23T23:11:24.337538,True,0.430,0.425,17.52,False,1,transition,640x480
1983,2026-09-23T23:11:24.371241,True,0.430,0.430,17.52,False,1,transition,640x480
1984,2026-09-23T23:11:24.399316,True,0.500,0.444,17.53,False,1,transition,640x480
1985,2026-09-23T23:11:24.429010,True,0.500,0.458,16.19,False,1,transition,640x480
1986,2026-09-23T23:11:24.461060,True,0.344,0.441,17.54,False,1,transition,640x480
1987,2026-09-23T23:11:24.489594,True,0.344,0.423,17.52,False,1,transition,640x480
1988,2026-09-23T23:11:24.524842,True,0.156,0.369,17.16,False,1,transition,640x480
1989,2026-09-23T23:11:24.555863,True,0.156,0.300,16.98,False,1,transition,640x480
1990,2026-09-23T23:11:24.581795,True,0.199,0.240,17.60,False,1,transition,640x480
1991,2026-09-23T23:11:24.634869,False,,,17.02,False,0,transition,640x480
1992,2026-09-23T23:11:24.677499,False,,,17.52,False,0,transition,640x480
1993,2026-09-23T23:11:24.708509,False,,,17.52,False,0,transition,640x480
1994,2026-09-23T23:11:24.739655,False,,,17.52,False,0,transition,640x480
1995,2026-09-23T23:11:24.772819,False,,,17.01,False,0,transition,640x480
1996,2026-09-23T23:11:24.800996,True,0.156,0.202,17.08,False,1,transition,640x480
1997,2026-09-23T23:11:24.831527,True,0.156,0.165,17.52,False,1,transition,640x480
1998,2026-09-23T23:11:24.856067,True,0.230,0.180,17.52,False,1,phone_back_bottom_of_frame,640x480
1999,2026-09-23T23:11:24.892599,True,0.230,0.195,17.01,False,1,phone_back_bottom_of_frame,640x480
2000,2026-09-23T23:11:24.924583,True,0.262,0.207,16.97,False,1,phone_back_bottom_of_frame,640x480
2001,2026-09-23T23:11:24.954819,True,0.262,0.228,17.52,False,1,phone_back_bottom_of_frame,640x480
2002,2026-09-23T23:11:24.986856,True,0.344,0.266,18.52,False,1,phone_back_bottom_of_frame,640x480
2003,2026-09-23T23:11:25.033974,True,0.430,0.305,17.01,False,1,phone_back_bottom_of_frame,640x480
2004,2026-09-23T23:11:25.062894,True,0.430,0.345,17.41,False,1,phone_back_bottom_of_frame,640x480
2005,2026-09-23T23:11:25.093450,True,0.430,0.379,17.52,False,1,phone_back_bottom_of_frame,640x480
2006,2026-09-23T23:11:25.125878,True,0.262,0.379,17.54,False,1,phone_back_bottom_of_frame,640x480
2007,2026-09-23T23:11:25.154915,True,0.262,0.362,17.02,False,1,phone_back_bottom_of_frame,640x480
2008,2026-09-23T23:11:25.186948,True,0.430,0.362,17.03,False,1,phone_back_bottom_of_frame,640x480
2009,2026-09-23T23:11:25.216767,True,0.430,0.362,17.31,False,1,phone_back_bottom_of_frame,640x480
2010,2026-09-23T23:11:25.248460,False,,,17.65,False,0,phone_back_bottom_of_frame,640x480
2011,2026-09-23T23:11:25.277481,False,,,16.51,False,0,phone_back_bottom_of_frame,640x480
2012,2026-09-23T23:11:25.309716,True,0.262,0.329,17.22,False,1,phone_back_bottom_of_frame,640x480
2013,2026-09-23T23:11:25.341932,True,0.262,0.329,19.20,False,1,phone_back_bottom_of_frame,640x480
2014,2026-09-23T23:11:25.370981,True,0.301,0.337,17.52,False,1,phone_back_bottom_of_frame,640x480
2015,2026-09-23T23:11:25.434569,False,,,17.56,False,0,phone_back_bottom_of_frame,640x480
2016,2026-09-23T23:11:25.466147,False,,,17.02,False,0,phone_back_bottom_of_frame,640x480
2017,2026-09-23T23:11:25.495225,False,,,17.52,False,0,phone_back_bottom_of_frame,640x480
2018,2026-09-23T23:11:25.525864,False,,,17.02,False,0,phone_back_bottom_of_frame,640x480
2019,2026-09-23T23:11:25.556637,False,,,17.08,False,0,phone_back_bottom_of_frame,640x480
2020,2026-09-23T23:11:25.588734,True,0.246,0.300,17.52,False,1,phone_back_bottom_of_frame,640x480
2021,2026-09-23T23:11:25.616766,True,0.246,0.263,17.52,False,1,phone_back_bottom_of_frame,640x480
2022,2026-09-23T23:11:25.645862,True,0.156,0.242,17.02,False,1,phone_back_bottom_of_frame,640x480
2023,2026-09-23T23:11:25.676892,True,0.156,0.221,17.02,False,1,phone_back_bottom_of_frame,640x480
2024,2026-09-23T23:11:25.707943,True,0.168,0.195,16.98,False,1,phone_back_bottom_of_frame,640x480
2025,2026-09-23T23:11:25.739430,True,0.168,0.179,17.14,False,1,phone_back_bottom_of_frame,640x480
2026,2026-09-23T23:11:25.773964,True,0.246,0.179,18.01,False,1,phone_back_bottom_of_frame,640x480
2027,2026-09-23T23:11:25.802271,True,0.246,0.197,17.53,False,1,phone_back_bottom_of_frame,640x480
2028,2026-09-23T23:11:25.838982,True,0.547,0.275,17.02,False,1,phone_back_bottom_of_frame,640x480
2029,2026-09-23T23:11:25.878783,True,0.547,0.351,17.02,False,1,phone_back_bottom_of_frame,640x480
2030,2026-09-23T23:11:25.910807,True,0.453,0.408,17.02,False,1,phone_back_bottom_of_frame,640x480
2031,2026-09-23T23:11:25.940900,True,0.453,0.449,17.03,False,1,phone_back_bottom_of_frame,640x480
2032,2026-09-23T23:11:25.984941,True,0.477,0.495,17.52,False,1,phone_back_bottom_of_frame,640x480
2033,2026-09-23T23:11:26.018825,True,0.477,0.481,17.37,False,1,phone_back_bottom_of_frame,640x480
2034,2026-09-23T23:11:26.049431,True,0.430,0.458,17.27,False,1,phone_back_bottom_of_frame,640x480
2035,2026-09-23T23:11:26.078950,True,0.430,0.453,17.01,False,1,phone_back_bottom_of_frame,640x480
2036,2026-09-23T23:11:26.110765,True,0.453,0.453,17.02,False,1,phone_back_bottom_of_frame,640x480
2037,2026-09-23T23:11:26.140809,True,0.453,0.448,17.02,False,1,phone_back_bottom_of_frame,640x480
2038,2026-09-23T23:11:26.173870,True,0.301,0.413,17.01,False,1,phone_back_bottom_of_frame,640x480
2039,2026-09-23T23:11:26.201572,True,0.301,0.388,17.71,False,1,phone_back_bottom_of_frame,640x480
2040,2026-09-23T23:11:26.234651,True,0.281,0.358,17.55,False,1,phone_back_bottom_of_frame,640x480
2041,2026-09-23T23:11:26.261849,True,0.281,0.323,17.01,False,1,phone_back_bottom_of_frame,640x480
2042,2026-09-23T23:11:26.300404,True,0.168,0.266,17.53,False,1,phone_back_bottom_of_frame,640x480
2043,2026-09-23T23:11:26.340564,True,0.168,0.240,17.02,False,1,phone_back_bottom_of_frame,640x480
2044,2026-09-23T23:11:26.372159,True,0.168,0.213,16.50,False,1,phone_back_bottom_of_frame,640x480
2045,2026-09-23T23:11:26.414221,True,0.168,0.191,17.08,False,1,phone_back_bottom_of_frame,640x480
2046,2026-09-23T23:11:26.445886,True,0.230,0.180,18.16,False,1,phone_back_bottom_of_frame,640x480
2047,2026-09-23T23:11:26.476917,True,0.230,0.193,17.02,False,1,phone_back_bottom_of_frame,640x480
2048,2026-09-23T23:11:26.507996,True,0.168,0.193,17.02,False,1,phone_back_bottom_of_frame,640x480
2049,2026-09-23T23:11:26.540612,True,0.168,0.193,17.01,False,1,phone_back_bottom_of_frame,640x480
2050,2026-09-23T23:11:26.572915,True,0.156,0.191,17.09,False,1,phone_back_bottom_of_frame,640x480
2051,2026-09-23T23:11:26.614858,True,0.156,0.176,17.60,False,1,phone_back_bottom_of_frame,640x480
2052,2026-09-23T23:11:26.644895,True,0.199,0.170,17.02,False,1,phone_back_bottom_of_frame,640x480
2053,2026-09-23T23:11:26.675035,True,0.199,0.176,17.13,False,1,phone_back_bottom_of_frame,640x480
2054,2026-09-23T23:11:26.708106,True,0.320,0.206,17.54,False,1,phone_back_bottom_of_frame,640x480
2055,2026-09-23T23:11:26.738706,True,0.320,0.239,17.52,False,1,phone_back_bottom_of_frame,640x480
2056,2026-09-23T23:11:26.771096,True,0.453,0.298,17.53,False,1,phone_back_bottom_of_frame,640x480
2057,2026-09-23T23:11:26.799343,True,0.453,0.349,17.55,False,1,phone_back_bottom_of_frame,640x480
2058,2026-09-23T23:11:26.845876,True,0.406,0.391,17.02,False,1,phone_back_bottom_of_frame,640x480
2059,2026-09-23T23:11:26.874902,True,0.406,0.408,17.01,False,1,phone_back_bottom_of_frame,640x480
2060,2026-09-23T23:11:26.909632,True,0.344,0.412,17.72,False,1,phone_back_bottom_of_frame,640x480
2061,2026-09-23T23:11:26.934749,True,0.344,0.391,17.51,False,1,transition,640x480
2062,2026-09-23T23:11:26.970772,True,0.406,0.381,17.01,False,1,transition,640x480
2063,2026-09-23T23:11:26.997964,True,0.406,0.381,17.09,False,1,transition,640x480
2064,2026-09-23T23:11:27.034506,True,0.406,0.381,17.52,False,1,transition,640x480
2065,2026-09-23T23:11:27.074626,True,0.406,0.394,17.01,False,1,transition,640x480
2066,2026-09-23T23:11:27.106782,True,0.387,0.402,17.02,False,1,transition,640x480
2067,2026-09-23T23:11:27.137810,True,0.387,0.398,17.02,False,1,transition,640x480
2068,2026-09-23T23:11:27.178846,True,0.246,0.366,17.02,False,1,transition,640x480
2069,2026-09-23T23:11:27.212115,True,0.246,0.334,16.74,False,1,transition,640x480
2070,2026-09-23T23:11:27.243647,True,0.230,0.299,17.01,False,1,transition,640x480
2071,2026-09-23T23:11:27.277767,True,0.230,0.268,17.00,False,1,transition,640x480
2072,2026-09-23T23:11:27.311016,False,,,17.54,False,0,transition,640x480
2073,2026-09-23T23:11:27.354683,False,,,17.14,False,0,transition,640x480
2074,2026-09-23T23:11:27.382201,True,0.320,0.255,17.01,False,1,transition,640x480
2075,2026-09-23T23:11:27.415015,True,0.320,0.270,17.59,False,1,transition,640x480
2076,2026-09-23T23:11:27.444702,True,0.230,0.266,17.18,False,1,transition,640x480
2077,2026-09-23T23:11:27.477238,True,0.230,0.266,17.52,False,1,transition,640x480
2078,2026-09-23T23:11:27.507776,False,,,16.89,False,0,transition,640x480
2079,2026-09-23T23:11:27.539802,False,,,17.52,False,0,transition,640x480
2080,2026-09-23T23:11:27.577974,False,,,17.02,False,0,transition,640x480
2081,2026-09-23T23:11:27.615055,False,,,18.53,False,0,transition,640x480
2082,2026-09-23T23:11:27.644999,False,,,17.43,False,0,transition,640x480
2083,2026-09-23T23:11:27.675536,False,,,17.01,False,0,transition,640x480
2084,2026-09-23T23:11:27.706917,False,,,17.38,False,0,transition,640x480
2085,2026-09-23T23:11:27.739942,False,,,16.52,False,0,transition,640x480
2086,2026-09-23T23:11:27.771968,False,,,17.01,False,0,transition,640x480
2087,2026-09-23T23:11:27.799508,False,,,17.03,False,0,transition,640x480
2088,2026-09-23T23:11:27.836575,False,,,19.52,False,0,transition,640x480
2089,2026-09-23T23:11:27.877661,False,,,17.01,False,0,transition,640x480
2090,2026-09-23T23:11:27.909707,False,,,17.04,False,0,transition,640x480
2091,2026-09-23T23:11:27.940863,False,,,17.10,False,0,transition,640x480
2092,2026-09-23T23:11:27.978901,False,,,17.02,False,0,transition,640x480
2093,2026-09-23T23:11:28.016383,False,,,17.01,False,0,transition,640x480
2094,2026-09-23T23:11:28.046065,False,,,16.18,False,0,transition,640x480
2095,2026-09-23T23:11:28.077837,False,,,17.02,False,0,transition,640x480
2096,2026-09-23T23:11:28.110881,False,,,16.53,False,0,transition,640x480
2097,2026-09-23T23:11:28.140903,False,,,17.01,False,0,transition,640x480
2098,2026-09-23T23:11:28.172929,False,,,17.01,False,0,transition,640x480
2099,2026-09-23T23:11:28.204818,False,,,16.87,False,0,transition,640x480
2100,2026-09-23T23:11:28.240565,False,,,17.69,False,0,transition,640x480
2101,2026-09-23T23:11:28.284799,False,,,17.02,False,0,transition,640x480
2102,2026-09-23T23:11:28.314852,False,,,17.51,False,0,transition,640x480
2103,2026-09-23T23:11:28.342872,False,,,17.01,False,0,transition,640x480
2104,2026-09-23T23:11:28.378906,False,,,17.01,False,0,transition,640x480
2105,2026-09-23T23:11:28.423516,False,,,17.52,False,0,transition,640x480
2106,2026-09-23T23:11:28.454029,False,,,16.51,False,0,transition,640x480
2107,2026-09-23T23:11:28.482660,False,,,17.61,False,0,transition,640x480
2108,2026-09-23T23:11:28.513804,False,,,16.51,False,0,transition,640x480
2109,2026-09-23T23:11:28.544476,False,,,17.64,False,0,transition,640x480
2110,2026-09-23T23:11:28.574562,False,,,17.08,False,0,transition,640x480
2111,2026-09-23T23:11:28.604699,False,,,17.08,False,0,transition,640x480
2112,2026-09-23T23:11:28.635741,False,,,17.53,False,0,transition,640x480
2113,2026-09-23T23:11:28.666871,False,,,17.52,False,0,transition,640x480
2114,2026-09-23T23:11:28.715115,False,,,17.01,False,0,transition,640x480
2115,2026-09-23T23:11:28.758753,False,,,17.02,False,0,transition,640x480
2116,2026-09-23T23:11:28.790862,False,,,17.02,False,0,transition,640x480
2117,2026-09-23T23:11:28.819162,False,,,18.02,False,0,transition,640x480
2118,2026-09-23T23:11:28.849469,False,,,17.58,False,0,transition,640x480
2119,2026-09-23T23:11:28.880500,False,,,17.02,False,0,transition,640x480
2120,2026-09-23T23:11:28.911836,False,,,17.04,False,0,transition,640x480
2121,2026-09-23T23:11:28.961061,False,,,17.53,False,0,transition,640x480
2122,2026-09-23T23:11:28.990678,False,,,18.52,False,0,transition,640x480
2123,2026-09-23T23:11:29.019220,False,,,17.53,False,0,transition,640x480
2124,2026-09-23T23:11:29.051169,False,,,17.59,False,0,transition,640x480
2125,2026-09-23T23:11:29.079686,False,,,17.01,False,0,transition,640x480
2126,2026-09-23T23:11:29.115252,False,,,17.02,False,0,transition,640x480
2127,2026-09-23T23:11:29.156001,False,,,17.07,False,0,transition,640x480
2128,2026-09-23T23:11:29.188621,False,,,17.53,False,0,transition,640x480
2129,2026-09-23T23:11:29.216179,False,,,17.03,False,0,transition,640x480
2130,2026-09-23T23:11:29.249354,False,,,17.58,False,0,transition,640x480
2131,2026-09-23T23:11:29.279874,False,,,18.01,False,0,transition,640x480
2132,2026-09-23T23:11:29.310911,False,,,17.03,False,0,transition,640x480
2133,2026-09-23T23:11:29.339867,False,,,16.95,False,0,transition,640x480
2134,2026-09-23T23:11:29.372902,False,,,17.01,False,0,transition,640x480
2135,2026-09-23T23:11:29.408928,False,,,17.03,False,0,transition,640x480
2136,2026-09-23T23:11:29.451468,False,,,17.52,False,0,transition,640x480
2137,2026-09-23T23:11:29.482864,False,,,17.09,False,0,transition,640x480
2138,2026-09-23T23:11:29.514997,False,,,17.52,False,0,transition,640x480
2139,2026-09-23T23:11:29.544806,False,,,17.30,False,0,transition,640x480
2140,2026-09-23T23:11:29.577867,False,,,17.03,False,0,transition,640x480
2141,2026-09-23T23:11:29.608885,False,,,17.02,False,0,transition,640x480
2142,2026-09-23T23:11:29.642908,False,,,17.01,False,0,transition,640x480
2143,2026-09-23T23:11:29.674940,False,,,17.01,False,0,transition,640x480
2144,2026-09-23T23:11:29.710979,False,,,16.52,False,0,transition,640x480
2145,2026-09-23T23:11:29.749513,False,,,17.52,False,0,transition,640x480
2146,2026-09-23T23:11:29.788656,False,,,17.52,False,0,transition,640x480
2147,2026-09-23T23:11:29.826714,False,,,17.01,False,0,transition,640x480
2148,2026-09-23T23:11:29.859064,False,,,17.35,False,0,transition,640x480
2149,2026-09-23T23:11:29.888662,False,,,17.52,False,0,transition,640x480
2150,2026-09-23T23:11:29.917232,False,,,17.05,False,0,transition,640x480
2151,2026-09-23T23:11:29.949265,False,,,17.02,False,0,transition,640x480
2152,2026-09-23T23:11:29.987805,False,,,17.03,False,0,transition,640x480
2153,2026-09-23T23:11:30.024857,False,,,17.01,False,0,transition,640x480
2154,2026-09-23T23:11:30.060898,False,,,17.02,False,0,transition,640x480
2155,2026-09-23T23:11:30.101423,False,,,17.52,False,0,transition,640x480
2156,2026-09-23T23:11:30.134954,False,,,20.02,False,0,transition,640x480
2157,2026-09-23T23:11:30.164992,False,,,17.53,False,0,transition,640x480
2158,2026-09-23T23:11:30.194518,False,,,17.02,False,0,transition,640x480
2159,2026-09-23T23:11:30.224564,False,,,17.01,False,0,transition,640x480
2160,2026-09-23T23:11:30.256502,False,,,17.52,False,0,transition,640x480
2161,2026-09-23T23:11:30.288534,False,,,17.53,False,0,transition,640x480
2162,2026-09-23T23:11:30.316073,False,,,17.53,False,0,transition,640x480
2163,2026-09-23T23:11:30.348626,False,,,16.68,False,0,transition,640x480
2164,2026-09-23T23:11:30.379677,False,,,17.02,False,0,transition,640x480
2165,2026-09-23T23:11:30.410793,False,,,17.11,False,0,transition,640x480
2166,2026-09-23T23:11:30.447327,False,,,17.53,False,0,transition,640x480
2167,2026-09-23T23:11:30.474849,False,,,17.01,False,0,transition,640x480
2168,2026-09-23T23:11:30.524793,False,,,17.01,False,0,transition,640x480
2169,2026-09-23T23:11:30.567121,False,,,17.67,False,0,transition,640x480
2170,2026-09-23T23:11:30.594898,False,,,17.17,False,0,transition,640x480
2171,2026-09-23T23:11:30.626931,False,,,17.02,False,0,transition,640x480
2172,2026-09-23T23:11:30.659177,False,,,17.23,False,0,transition,640x480
2173,2026-09-23T23:11:30.688781,False,,,17.52,False,0,transition,640x480
2174,2026-09-23T23:11:30.717391,False,,,17.01,False,0,transition,640x480
2175,2026-09-23T23:11:30.749656,False,,,16.52,False,0,transition,640x480
2176,2026-09-23T23:11:30.781175,False,,,17.53,False,0,transition,640x480
2177,2026-09-23T23:11:30.811702,False,,,17.00,False,0,transition,640x480
2178,2026-09-23T23:11:30.845234,False,,,17.52,False,0,transition,640x480
2179,2026-09-23T23:11:30.874819,False,,,16.58,False,0,transition,640x480
2180,2026-09-23T23:11:30.929878,False,,,18.02,False,0,transition,640x480
2181,2026-09-23T23:11:30.972915,False,,,17.01,False,0,transition,640x480
2182,2026-09-23T23:11:31.012690,False,,,18.02,False,0,transition,640x480
2183,2026-09-23T23:11:31.042702,False,,,17.00,False,0,transition,640x480
2184,2026-09-23T23:11:31.080521,False,,,17.02,False,0,transition,640x480
2185,2026-09-23T23:11:31.122764,False,,,16.51,False,0,transition,640x480
2186,2026-09-23T23:11:31.152196,False,,,17.59,False,0,transition,640x480
2187,2026-09-23T23:11:31.182220,False,,,17.01,False,0,transition,640x480
2188,2026-09-23T23:11:31.213747,False,,,17.52,False,0,transition,640x480
2189,2026-09-23T23:11:31.242775,False,,,17.01,False,0,transition,640x480
2190,2026-09-23T23:11:31.274803,False,,,17.01,False,0,transition,640x480
2191,2026-09-23T23:11:31.306180,False,,,17.88,False,0,transition,640x480
2192,2026-09-23T23:11:31.338859,False,,,17.03,False,0,transition,640x480
2193,2026-09-23T23:11:31.366913,False,,,17.54,False,0,transition,640x480
2194,2026-09-23T23:11:31.395690,False,,,16.74,False,0,transition,640x480
2195,2026-09-23T23:11:31.425880,False,,,17.01,False,0,transition,640x480
2196,2026-09-23T23:11:31.459020,False,,,17.52,False,0,transition,640x480
2197,2026-09-23T23:11:31.487863,False,,,17.27,False,0,transition,640x480
2198,2026-09-23T23:11:31.518210,False,,,17.53,False,0,transition,640x480
2199,2026-09-23T23:11:31.549260,False,,,17.52,False,0,transition,640x480
2200,2026-09-23T23:11:31.578558,False,,,17.21,False,0,transition,640x480
2201,2026-09-23T23:11:31.609909,False,,,17.02,False,0,transition,640x480
2202,2026-09-23T23:11:31.658767,False,,,17.15,False,0,transition,640x480
2203,2026-09-23T23:11:31.687531,False,,,16.51,False,0,transition,640x480
2204,2026-09-23T23:11:31.722263,False,,,16.52,False,0,transition,640x480
2205,2026-09-23T23:11:31.764943,False,,,17.51,False,0,transition,640x480
2206,2026-09-23T23:11:31.795062,False,,,17.08,False,0,transition,640x480
2207,2026-09-23T23:11:31.825628,False,,,17.01,False,0,transition,640x480
2208,2026-09-23T23:11:31.857819,False,,,17.02,False,0,transition,640x480
2209,2026-09-23T23:11:31.887852,False,,,17.03,False,0,transition,640x480
2210,2026-09-23T23:11:31.918947,False,,,17.53,False,0,transition,640x480
2211,2026-09-23T23:11:31.949476,False,,,17.02,False,0,transition,640x480
2212,2026-09-23T23:11:31.994677,False,,,17.52,False,0,transition,640x480
2213,2026-09-23T23:11:32.025792,False,,,17.01,False,0,transition,640x480
2214,2026-09-23T23:11:32.059806,False,,,17.11,False,0,transition,640x480
2215,2026-09-23T23:11:32.087837,False,,,17.02,False,0,transition,640x480
2216,2026-09-23T23:11:32.117971,False,,,17.02,False,0,transition,640x480
2217,2026-09-23T23:11:32.148142,False,,,17.66,False,0,transition,640x480
2218,2026-09-23T23:11:32.178659,False,,,17.01,False,0,transition,640x480
2219,2026-09-23T23:11:32.209687,False,,,17.02,False,0,transition,640x480
2220,2026-09-23T23:11:32.251307,False,,,17.55,False,0,transition,640x480
2221,2026-09-23T23:11:32.287858,False,,,17.03,False,0,transition,640x480
2222,2026-09-23T23:11:32.318424,False,,,17.01,False,0,transition,640x480
2223,2026-09-23T23:11:32.349457,False,,,17.02,False,0,transition,640x480
2224,2026-09-23T23:11:32.394960,False,,,17.31,False,0,transition,640x480
2225,2026-09-23T23:11:32.425538,False,,,17.01,False,0,transition,640x480
2226,2026-09-23T23:11:32.460545,False,,,17.74,False,0,transition,640x480
2227,2026-09-23T23:11:32.488578,False,,,17.53,False,0,transition,640x480
2228,2026-09-23T23:11:32.517128,False,,,16.52,False,0,transition,640x480
2229,2026-09-23T23:11:32.549387,False,,,17.51,False,0,transition,640x480
2230,2026-09-23T23:11:32.580641,False,,,16.99,False,0,transition,640x480
2231,2026-09-23T23:11:32.612499,False,,,17.52,False,0,transition,640x480
2232,2026-09-23T23:11:32.650938,False,,,16.49,False,0,transition,640x480
2233,2026-09-23T23:11:32.689984,False,,,16.52,False,0,transition,640x480
2234,2026-09-23T23:11:32.724584,False,,,17.57,False,0,transition,640x480
2235,2026-09-23T23:11:32.754877,False,,,17.29,False,0,transition,640x480
2236,2026-09-23T23:11:32.794769,False,,,17.52,False,0,transition,640x480
2237,2026-09-23T23:11:32.830591,False,,,17.80,False,0,transition,640x480
2238,2026-09-23T23:11:32.862172,False,,,17.00,False,0,transition,640x480
2239,2026-09-23T23:11:32.890911,False,,,17.22,False,0,transition,640x480
2240,2026-09-23T23:11:32.923601,False,,,18.02,False,0,transition,640x480
2241,2026-09-23T23:11:32.953643,False,,,18.01,False,0,transition,640x480
2242,2026-09-23T23:11:32.982767,False,,,16.62,False,0,transition,640x480
2243,2026-09-23T23:11:33.014819,False,,,17.52,False,0,transition,640x480
2244,2026-09-23T23:11:33.051423,False,,,17.52,False,0,transition,640x480
2245,2026-09-23T23:11:33.091951,False,,,16.51,False,0,transition,640x480
2246,2026-09-23T23:11:33.131180,False,,,17.52,False,0,transition,640x480
2247,2026-09-23T23:11:33.165209,False,,,17.01,False,0,transition,640x480
2248,2026-09-23T23:11:33.197276,False,,,17.56,False,0,transition,640x480
2249,2026-09-23T23:11:33.228047,False,,,17.18,False,0,transition,640x480
2250,2026-09-23T23:11:33.258023,False,,,17.41,False,0,transition,640x480
2251,2026-09-23T23:11:33.287923,False,,,16.83,False,0,transition,640x480
2252,2026-09-23T23:11:33.319231,False,,,17.57,False,0,transition,640x480
2253,2026-09-23T23:11:33.349390,False,,,17.58,False,0,transition,640x480
2254,2026-09-23T23:11:33.379915,False,,,17.02,False,0,transition,640x480
2255,2026-09-23T23:11:33.410064,False,,,17.15,False,0,transition,640x480
2256,2026-09-23T23:11:33.450709,False,,,17.02,False,0,transition,640x480
2257,2026-09-23T23:11:33.488523,False,,,17.46,False,0,transition,640x480
2258,2026-09-23T23:11:33.531063,False,,,17.52,False,0,transition,640x480
2259,2026-09-23T23:11:33.564195,False,,,17.09,False,0,transition,640x480
2260,2026-09-23T23:11:33.597496,False,,,19.78,False,0,transition,640x480
2261,2026-09-23T23:11:33.624531,False,,,17.01,False,0,transition,640x480
2262,2026-09-23T23:11:33.657958,False,,,17.15,False,0,transition,640x480
2263,2026-09-23T23:11:33.683980,False,,,17.01,False,0,transition,640x480
2264,2026-09-23T23:11:33.715912,False,,,17.06,False,0,transition,640x480
2265,2026-09-23T23:11:33.745788,False,,,16.83,False,0,transition,640x480
2266,2026-09-23T23:11:33.776808,False,,,17.01,False,0,transition,640x480
2267,2026-09-23T23:11:33.814903,False,,,17.52,False,0,transition,640x480
2268,2026-09-23T23:11:33.867006,False,,,17.53,False,0,transition,640x480
2269,2026-09-23T23:11:33.907059,False,,,17.54,False,0,transition,640x480
2270,2026-09-23T23:11:33.948296,False,,,17.20,False,0,transition,640x480
2271,2026-09-23T23:11:33.978817,False,,,17.01,False,0,transition,640x480
2272,2026-09-23T23:11:34.008882,False,,,17.06,False,0,transition,640x480
2273,2026-09-23T23:11:34.040906,False,,,17.02,False,0,transition,640x480
2274,2026-09-23T23:11:34.072932,False,,,17.01,False,0,transition,640x480
2275,2026-09-23T23:11:34.107480,False,,,17.53,False,0,transition,640x480
2276,2026-09-23T23:11:34.135504,False,,,17.52,False,0,transition,640x480
2277,2026-09-23T23:11:34.167036,False,,,17.52,False,0,transition,640x480
2278,2026-09-23T23:11:34.198161,False,,,16.52,False,0,transition,640x480
2279,2026-09-23T23:11:34.229734,False,,,17.01,False,0,transition,640x480
2280,2026-09-23T23:11:34.266886,False,,,17.52,False,0,transition,640x480
2281,2026-09-23T23:11:34.309584,False,,,16.69,False,0,transition,640x480
2282,2026-09-23T23:11:34.339613,False,,,17.52,False,0,transition,640x480
2283,2026-09-23T23:11:34.368848,False,,,17.51,False,0,transition,640x480
2284,2026-09-23T23:11:34.398482,False,,,17.57,False,0,transition,640x480
2285,2026-09-23T23:11:34.428515,False,,,17.02,False,0,transition,640x480
2286,2026-09-23T23:11:34.460048,False,,,17.53,False,0,transition,640x480
2287,2026-09-23T23:11:34.492579,False,,,17.01,False,0,transition,640x480
2288,2026-09-23T23:11:34.522259,False,,,16.52,False,0,transition,640x480
2289,2026-09-23T23:11:34.551296,False,,,17.52,False,0,transition,640x480
2290,2026-09-23T23:11:34.579860,False,,,17.26,False,0,transition,640x480
2291,2026-09-23T23:11:34.610982,False,,,17.11,False,0,transition,640x480
2292,2026-09-23T23:11:34.666252,False,,,17.02,False,0,transition,640x480
2293,2026-09-23T23:11:34.707932,False,,,17.03,False,0,transition,640x480
2294,2026-09-23T23:11:34.749961,False,,,17.51,False,0,transition,640x480
2295,2026-09-23T23:11:34.782568,False,,,17.58,False,0,transition,640x480
2296,2026-09-23T23:11:34.815070,False,,,17.48,False,0,transition,640x480
2297,2026-09-23T23:11:34.847098,False,,,17.52,False,0,transition,640x480
2298,2026-09-23T23:11:34.876772,False,,,17.02,False,0,transition,640x480
2299,2026-09-23T23:11:34.911010,False,,,17.52,False,0,transition,640x480
2300,2026-09-23T23:11:34.938547,False,,,17.53,False,0,transition,640x480
2301,2026-09-23T23:11:34.969094,False,,,17.53,False,0,transition,640x480
2302,2026-09-23T23:11:35.003689,False,,,17.02,False,0,transition,640x480
2303,2026-09-23T23:11:35.044866,False,,,17.16,False,0,transition,640x480
2304,2026-09-23T23:11:35.076920,False,,,17.04,False,0,transition,640x480
2305,2026-09-23T23:11:35.106963,False,,,17.03,False,0,transition,640x480
2306,2026-09-23T23:11:35.138031,False,,,17.05,False,0,transition,640x480
2307,2026-09-23T23:11:35.173557,False,,,16.50,False,0,transition,640x480
2308,2026-09-23T23:11:35.213775,False,,,16.51,False,0,transition,640x480
2309,2026-09-23T23:11:35.245320,False,,,17.54,False,0,transition,640x480
2310,2026-09-23T23:11:35.275838,False,,,17.01,False,0,transition,640x480
2311,2026-09-23T23:11:35.306798,False,,,17.12,False,0,transition,640x480
2312,2026-09-23T23:11:35.337868,False,,,17.02,False,0,transition,640x480
2313,2026-09-23T23:11:35.365242,True,0.211,0.263,17.01,False,1,transition,640x480
2314,2026-09-23T23:11:35.397271,True,0.211,0.241,17.52,False,1,transition,640x480
2315,2026-09-23T23:11:35.426685,False,,,17.53,False,0,transition,640x480
2316,2026-09-23T23:11:35.458553,False,,,17.02,False,0,transition,640x480
2317,2026-09-23T23:11:35.488860,False,,,17.30,False,0,transition,640x480
2318,2026-09-23T23:11:35.518109,False,,,17.01,False,0,transition,640x480
2319,2026-09-23T23:11:35.552388,False,,,17.52,False,0,transition,640x480
2320,2026-09-23T23:11:35.579512,False,,,17.54,False,0,transition,640x480
2321,2026-09-23T23:11:35.611066,False,,,16.54,False,0,transition,640x480
2322,2026-09-23T23:11:35.642600,False,,,17.02,False,0,transition,640x480
2323,2026-09-23T23:11:35.677892,False,,,18.02,False,0,transition,640x480
2324,2026-09-23T23:11:35.705432,False,,,17.53,False,0,transition,640x480
2325,2026-09-23T23:11:35.741013,False,,,17.08,False,0,transition,640x480
2326,2026-09-23T23:11:35.769048,False,,,18.02,False,0,transition,640x480
2327,2026-09-23T23:11:35.803853,True,0.211,0.219,17.02,False,1,transition,640x480
2328,2026-09-23T23:11:35.845056,True,0.211,0.215,17.51,False,1,transition,640x480
2329,2026-09-23T23:11:35.874591,True,0.262,0.221,17.01,False,1,transition,640x480
2330,2026-09-23T23:11:35.908872,True,0.262,0.231,17.53,False,1,transition,640x480
2331,2026-09-23T23:11:35.951132,True,0.281,0.245,17.02,False,1,transition,640x480
2332,2026-09-23T23:11:35.982163,True,0.281,0.259,17.02,False,1,transition,640x480
2333,2026-09-23T23:11:36.014781,True,0.281,0.273,17.47,False,2,transition,640x480
2334,2026-09-23T23:11:36.044916,True,0.281,0.277,18.13,False,2,transition,640x480
2335,2026-09-23T23:11:36.074941,True,0.230,0.271,17.01,False,1,transition,640x480
2336,2026-09-23T23:11:36.104988,True,0.230,0.261,17.03,False,1,transition,640x480
2337,2026-09-23T23:11:36.140528,True,0.344,0.273,17.02,False,1,transition,640x480
2338,2026-09-23T23:11:36.182125,True,0.344,0.286,17.01,False,1,transition,640x480
2339,2026-09-23T23:11:36.213658,True,0.406,0.311,17.52,False,1,transition,640x480
2340,2026-09-23T23:11:36.245016,True,0.406,0.346,17.35,False,1,transition,640x480
2341,2026-09-23T23:11:36.275601,True,0.344,0.369,17.02,False,1,transition,640x480
2342,2026-09-23T23:11:36.305873,True,0.344,0.369,17.03,False,1,transition,640x480
2343,2026-09-23T23:11:36.338907,True,0.301,0.360,18.03,False,1,transition,640x480
2344,2026-09-23T23:11:36.366945,True,0.301,0.339,17.52,False,1,transition,640x480
2345,2026-09-23T23:11:36.397478,True,0.344,0.327,17.02,False,1,transition,640x480
2346,2026-09-23T23:11:36.429572,True,0.344,0.327,17.02,False,1,transition,640x480
2347,2026-09-23T23:11:36.475895,True,0.320,0.322,18.01,False,1,transition,640x480
2348,2026-09-23T23:11:36.506929,True,0.320,0.326,17.03,False,1,transition,640x480
2349,2026-09-23T23:11:36.540958,True,0.281,0.322,17.02,False,1,transition,640x480
2350,2026-09-23T23:11:36.573961,True,0.281,0.309,18.44,False,1,transition,640x480
2351,2026-09-23T23:11:36.616389,True,0.320,0.305,17.08,False,1,transition,640x480
2352,2026-09-23T23:11:36.647418,True,0.320,0.305,17.52,False,1,transition,640x480
2353,2026-09-23T23:11:36.676950,True,0.320,0.305,17.02,False,1,transition,640x480
2354,2026-09-23T23:11:36.709820,True,0.320,0.312,16.55,False,1,transition,640x480
2355,2026-09-23T23:11:36.741850,True,0.230,0.302,17.01,False,1,transition,640x480
2356,2026-09-23T23:11:36.772878,True,0.230,0.284,17.01,False,1,transition,640x480
2357,2026-09-23T23:11:36.814953,True,0.230,0.266,17.53,False,1,transition,640x480
2358,2026-09-23T23:11:36.844745,True,0.230,0.248,16.57,False,1,transition,640x480
2359,2026-09-23T23:11:36.877787,True,0.168,0.218,18.02,False,1,transition,640x480
2360,2026-09-23T23:11:36.906730,True,0.168,0.205,16.93,False,1,transition,640x480
2361,2026-09-23T23:11:36.940763,True,0.184,0.196,17.02,False,1,transition,640x480
2362,2026-09-23T23:11:36.977878,True,0.184,0.187,17.02,False,1,transition,640x480
2363,2026-09-23T23:11:37.014262,True,0.199,0.180,17.11,False,1,transition,640x480
2364,2026-09-23T23:11:37.047304,True,0.199,0.187,19.53,False,1,transition,640x480
2365,2026-09-23T23:11:37.074822,True,0.211,0.195,17.01,False,1,transition,640x480
2366,2026-09-23T23:11:37.106616,True,0.211,0.201,17.67,False,1,transition,640x480
2367,2026-09-23T23:11:37.139639,True,0.211,0.206,17.52,False,1,transition,640x480
2368,2026-09-23T23:11:37.169257,True,0.211,0.209,18.02,False,1,transition,640x480
2369,2026-09-23T23:11:37.211092,True,0.199,0.209,17.20,False,1,transition,640x480
2370,2026-09-23T23:11:37.245133,True,0.199,0.206,17.52,False,1,transition,640x480
2371,2026-09-23T23:11:37.274800,True,0.199,0.204,17.01,False,1,transition,640x480
2372,2026-09-23T23:11:37.305077,True,0.199,0.202,17.26,False,1,transition,640x480
2373,2026-09-23T23:11:37.340614,True,0.156,0.191,17.02,False,1,transition,640x480
2374,2026-09-23T23:11:37.380648,True,0.156,0.182,16.51,False,1,transition,640x480
2375,2026-09-23T23:11:37.412681,True,0.168,0.176,17.52,False,1,transition,640x480
2376,2026-09-23T23:11:37.445762,True,0.168,0.170,18.07,False,1,transition,640x480
2377,2026-09-23T23:11:37.474788,True,0.168,0.163,17.02,False,1,transition,640x480
2378,2026-09-23T23:11:37.506563,True,0.168,0.166,18.02,False,1,transition,640x480
2379,2026-09-23T23:11:37.538655,True,0.156,0.166,17.58,False,1,transition,640x480
2380,2026-09-23T23:11:37.566246,True,0.156,0.163,17.58,False,1,transition,640x480
2381,2026-09-23T23:11:37.610523,True,0.281,0.186,17.02,False,1,transition,640x480
2382,2026-09-23T23:11:37.645062,True,0.281,0.209,17.52,False,1,transition,640x480
2383,2026-09-23T23:11:37.678597,True,0.211,0.217,17.01,False,1,transition,640x480
2384,2026-09-23T23:11:37.723853,True,0.211,0.228,17.51,False,1,transition,640x480
2385,2026-09-23T23:11:37.752413,True,0.211,0.239,17.51,False,1,transition,640x480
2386,2026-09-23T23:11:37.783736,True,0.211,0.225,16.81,False,1,transition,640x480
2387,2026-09-23T23:11:37.814767,True,0.230,0.215,17.58,False,1,transition,640x480
2388,2026-09-23T23:11:37.845828,True,0.230,0.219,17.02,False,1,transition,640x480
2389,2026-09-23T23:11:37.874878,False,,,17.03,False,0,transition,640x480
2390,2026-09-23T23:11:37.904865,False,,,17.12,False,0,transition,640x480
2391,2026-09-23T23:11:37.947402,False,,,17.52,False,0,transition,640x480
2392,2026-09-23T23:11:37.983932,False,,,17.02,False,0,transition,640x480
2393,2026-09-23T23:11:38.015879,False,,,17.53,False,0,transition,640x480
2394,2026-09-23T23:11:38.047466,False,,,17.58,False,0,transition,640x480
2395,2026-09-23T23:11:38.077678,True,0.230,0.223,17.02,False,1,transition,640x480
2396,2026-09-23T23:11:38.109213,True,0.230,0.227,17.53,False,1,transition,640x480
2397,2026-09-23T23:11:38.142577,True,0.301,0.245,16.84,False,1,transition,640x480
2398,2026-09-23T23:11:38.172847,True,0.301,0.259,17.01,False,1,transition,640x480
2399,2026-09-23T23:11:38.207912,True,0.301,0.273,20.04,False,1,transition,640x480
2400,2026-09-23T23:11:38.247582,True,0.301,0.287,17.15,False,1,transition,640x480
2401,2026-09-23T23:11:38.278638,True,0.281,0.297,17.02,False,1,transition,640x480
2402,2026-09-23T23:11:38.308668,True,0.281,0.293,17.02,False,1,transition,640x480
2403,2026-09-23T23:11:38.347192,True,0.262,0.285,17.51,False,1,transition,640x480
2404,2026-09-23T23:11:38.383899,True,0.262,0.277,17.02,False,1,transition,640x480
2405,2026-09-23T23:11:38.415041,True,0.262,0.270,17.63,False,1,transition,640x480
2406,2026-09-23T23:11:38.445070,True,0.262,0.266,17.52,False,1,transition,640x480
2407,2026-09-23T23:11:38.474603,True,0.199,0.249,17.52,False,1,transition,640x480
2408,2026-09-23T23:11:38.504584,True,0.199,0.237,17.05,False,1,transition,640x480
2409,2026-09-23T23:11:38.539608,True,0.199,0.224,17.52,False,1,transition,640x480
2410,2026-09-23T23:11:38.578982,True,0.199,0.212,17.20,False,1,transition,640x480
2411,2026-09-23T23:11:38.610804,True,0.230,0.205,17.11,False,1,transition,640x480
2412,2026-09-23T23:11:38.641827,True,0.230,0.212,17.01,False,1,transition,640x480
2413,2026-09-23T23:11:38.682401,True,0.344,0.241,17.01,False,1,transition,640x480
2414,2026-09-23T23:11:38.726550,True,0.344,0.270,17.01,False,1,transition,640x480
2415,2026-09-23T23:11:38.765098,True,0.246,0.279,17.53,False,1,transition,640x480
2416,2026-09-23T23:11:38.797128,True,0.246,0.282,17.52,False,1,transition,640x480
2417,2026-09-23T23:11:38.827887,True,0.406,0.317,17.02,False,2,transition,640x480
2418,2026-09-23T23:11:38.858922,True,0.406,0.330,17.02,False,2,transition,640x480
2419,2026-09-23T23:11:38.894817,True,0.344,0.330,17.52,False,2,transition,640x480
2420,2026-09-23T23:11:38.937959,True,0.344,0.349,17.02,False,2,transition,640x480
2421,2026-09-23T23:11:38.977536,True,0.387,0.377,17.54,False,1,transition,640x480
2422,2026-09-23T23:11:39.015133,True,0.387,0.373,17.57,False,1,transition,640x480
2423,2026-09-23T23:11:39.045161,True,0.344,0.361,17.52,False,1,transition,640x480
2424,2026-09-23T23:11:39.076800,True,0.344,0.361,17.02,False,1,transition,640x480
2425,2026-09-23T23:11:39.109401,True,0.281,0.348,16.59,False,1,transition,640x480
2426,2026-09-23T23:11:39.135583,True,0.281,0.327,17.68,False,1,phone_back_over_face,640x480
2427,2026-09-23T23:11:39.172031,True,0.281,0.306,16.51,False,1,phone_back_over_face,640x480
2428,2026-09-23T23:11:39.201060,True,0.281,0.294,17.52,False,1,phone_back_over_face,640x480
2429,2026-09-23T23:11:39.231639,True,0.246,0.274,17.57,False,1,phone_back_over_face,640x480
2430,2026-09-23T23:11:39.262726,True,0.246,0.267,17.54,False,1,phone_back_over_face,640x480
2431,2026-09-23T23:11:39.292749,True,0.246,0.260,17.01,False,1,phone_back_over_face,640x480
2432,2026-09-23T23:11:39.323821,True,0.246,0.253,17.06,False,1,phone_back_over_face,640x480
2433,2026-09-23T23:11:39.359807,True,0.168,0.230,19.02,False,1,phone_back_over_face,640x480
2434,2026-09-23T23:11:39.401354,True,0.168,0.215,17.52,False,1,phone_back_over_face,640x480
2435,2026-09-23T23:11:39.431397,True,0.246,0.215,17.54,False,1,phone_back_over_face,640x480
2436,2026-09-23T23:11:39.460932,True,0.246,0.215,17.02,False,1,phone_back_over_face,640x480
2437,2026-09-23T23:11:39.494492,True,0.230,0.212,16.51,False,1,phone_back_over_face,640x480
2438,2026-09-23T23:11:39.525770,True,0.230,0.224,17.01,False,1,phone_back_over_face,640x480
2439,2026-09-23T23:11:39.569177,True,0.156,0.222,17.87,False,1,phone_back_over_face,640x480
2440,2026-09-23T23:11:39.597990,True,0.156,0.204,17.10,False,1,phone_back_over_face,640x480
2441,2026-09-23T23:11:39.628520,True,0.199,0.195,17.02,False,1,phone_back_over_face,640x480
2442,2026-09-23T23:11:39.660560,True,0.199,0.188,18.03,False,1,phone_back_over_face,640x480
2443,2026-09-23T23:11:39.693485,True,0.199,0.182,17.91,False,1,phone_back_over_face,640x480
2444,2026-09-23T23:11:39.727508,True,0.199,0.191,18.57,False,1,phone_back_over_face,640x480
2445,2026-09-23T23:11:39.768141,True,0.320,0.223,17.02,False,1,phone_back_over_face,640x480
2446,2026-09-23T23:11:39.799204,True,0.320,0.248,17.53,False,1,phone_back_over_face,640x480
2447,2026-09-23T23:11:39.829721,True,0.363,0.280,17.01,False,1,phone_back_over_face,640x480
2448,2026-09-23T23:11:39.861251,True,0.363,0.313,17.02,False,1,phone_back_over_face,640x480
2449,2026-09-23T23:11:39.890793,True,0.281,0.330,17.02,False,1,phone_back_over_face,640x480
2450,2026-09-23T23:11:39.924951,True,0.281,0.322,17.04,False,1,phone_back_over_face,640x480
2451,2026-09-23T23:11:39.974813,True,0.281,0.314,17.01,False,1,phone_back_over_face,640x480
2452,2026-09-23T23:11:40.017206,True,0.281,0.298,17.84,False,1,phone_back_over_face,640x480
2453,2026-09-23T23:11:40.047224,True,0.387,0.302,17.51,False,2,phone_back_over_face,640x480
2454,2026-09-23T23:11:40.077816,True,0.387,0.323,17.01,False,2,phone_back_over_face,640x480
2455,2026-09-23T23:11:40.108845,True,0.281,0.323,17.03,False,1,phone_back_over_face,640x480
2456,2026-09-23T23:11:40.139873,True,0.281,0.323,17.02,False,1,phone_back_over_face,640x480
2457,2026-09-23T23:11:40.173904,True,0.320,0.331,17.01,False,1,phone_back_over_face,640x480
2458,2026-09-23T23:11:40.204957,True,0.320,0.318,17.02,False,1,phone_back_over_face,640x480
2459,2026-09-23T23:11:40.233983,True,0.320,0.305,17.02,False,1,phone_back_over_face,640x480
2460,2026-09-23T23:11:40.266154,True,0.320,0.312,17.51,False,1,phone_back_over_face,640x480
2461,2026-09-23T23:11:40.299620,True,0.387,0.334,17.52,False,1,phone_back_over_face,640x480
2462,2026-09-23T23:11:40.328652,True,0.387,0.347,17.53,False,1,phone_back_over_face,640x480
2463,2026-09-23T23:11:40.360131,True,0.230,0.329,17.47,False,1,phone_back_over_face,640x480
2464,2026-09-23T23:11:40.390665,True,0.230,0.311,17.02,False,1,phone_back_over_face,640x480
2465,2026-09-23T23:11:40.422822,True,0.246,0.296,17.51,False,1,phone_back_over_face,640x480
2466,2026-09-23T23:11:40.449358,True,0.246,0.268,17.02,False,1,phone_back_over_face,640x480
2467,2026-09-23T23:11:40.482380,True,0.168,0.224,17.51,False,1,phone_back_over_face,640x480
2468,2026-09-23T23:11:40.512463,True,0.168,0.212,17.37,False,1,phone_back_over_face,640x480
2469,2026-09-23T23:11:40.556816,True,0.230,0.212,17.52,False,1,phone_back_over_face,640x480
2470,2026-09-23T23:11:40.589909,True,0.230,0.209,17.02,False,1,phone_back_over_face,640x480
2471,2026-09-23T23:11:40.622769,False,,,17.01,False,0,phone_back_over_face,640x480
2472,2026-09-23T23:11:40.655809,False,,,18.02,False,0,phone_back_over_face,640x480
2473,2026-09-23T23:11:40.682323,True,0.230,0.205,17.01,False,1,phone_back_over_face,640x480
2474,2026-09-23T23:11:40.714859,True,0.230,0.218,17.52,False,1,phone_back_over_face,640x480
2475,2026-09-23T23:11:40.745964,True,0.387,0.262,17.02,False,1,phone_back_over_face,640x480
2476,2026-09-23T23:11:40.774488,True,0.387,0.293,17.51,False,1,phone_back_over_face,640x480
2477,2026-09-23T23:11:40.811011,True,0.262,0.299,17.35,False,1,phone_back_over_face,640x480
2478,2026-09-23T23:11:40.854867,True,0.262,0.305,17.33,False,1,phone_back_over_face,640x480
2479,2026-09-23T23:11:40.891900,True,0.211,0.302,17.02,False,1,phone_back_over_face,640x480
2480,2026-09-23T23:11:40.928966,True,0.211,0.266,17.52,False,1,phone_back_over_face,640x480
2481,2026-09-23T23:11:40.964800,True,0.301,0.249,17.52,False,1,phone_back_over_face,640x480
2482,2026-09-23T23:11:41.007254,True,0.301,0.257,17.54,False,1,phone_back_over_face,640x480
2483,2026-09-23T23:11:41.038787,True,0.301,0.265,17.03,False,1,phone_back_over_face,640x480
2484,2026-09-23T23:11:41.066837,True,0.301,0.283,17.52,False,1,phone_back_over_face,640x480
2485,2026-09-23T23:11:41.097384,True,0.230,0.287,17.54,False,1,phone_back_over_face,640x480
2486,2026-09-23T23:11:41.126432,True,0.230,0.273,17.02,False,1,phone_back_over_face,640x480
2487,2026-09-23T23:11:41.157923,True,0.211,0.255,17.02,False,1,phone_back_over_face,640x480
2488,2026-09-23T23:11:41.189969,True,0.211,0.237,17.02,False,1,phone_back_over_face,640x480
2489,2026-09-23T23:11:41.222039,True,0.230,0.223,17.52,False,1,phone_back_over_face,640x480
2490,2026-09-23T23:11:41.257069,True,0.230,0.223,17.52,False,1,phone_back_over_face,640x480
2491,2026-09-23T23:11:41.298623,True,0.184,0.213,17.53,False,1,phone_back_over_face,640x480
2492,2026-09-23T23:11:41.328728,True,0.184,0.208,18.02,False,1,phone_back_over_face,640x480
2493,2026-09-23T23:11:41.362673,True,0.246,0.215,17.51,False,1,phone_back_over_face,640x480
2494,2026-09-23T23:11:41.393700,True,0.246,0.218,18.01,False,1,phone_back_over_face,640x480
2495,2026-09-23T23:11:41.422813,True,0.344,0.241,17.51,False,1,phone_back_over_face,640x480
2496,2026-09-23T23:11:41.449393,True,0.344,0.273,17.52,False,1,phone_back_over_face,640x480
2497,2026-09-23T23:11:41.482333,True,0.262,0.288,16.42,False,1,phone_back_over_face,640x480
2498,2026-09-23T23:11:41.514880,True,0.262,0.291,17.53,False,1,phone_back_over_face,640x480
2499,2026-09-23T23:11:41.547484,True,0.301,0.302,17.60,False,1,phone_back_over_face,640x480
2500,2026-09-23T23:11:41.578569,True,0.301,0.294,17.59,False,1,phone_back_over_face,640x480
2501,2026-09-23T23:11:41.626922,True,0.281,0.281,17.52,False,1,phone_back_over_face,640x480
2502,2026-09-23T23:11:41.658875,True,0.281,0.285,19.24,False,1,phone_back_over_face,640x480
2503,2026-09-23T23:11:41.705605,True,0.301,0.293,17.02,False,1,phone_back_over_face,640x480
2504,2026-09-23T23:11:41.749192,True,0.301,0.293,17.52,False,1,phone_back_over_face,640x480
2505,2026-09-23T23:11:41.779709,True,0.301,0.293,17.01,False,1,phone_back_over_face,640x480
2506,2026-09-23T23:11:41.811260,True,0.320,0.301,17.02,False,1,phone_back_over_face,640x480
2507,2026-09-23T23:11:41.840783,True,0.281,0.301,17.01,False,1,phone_back_over_face,640x480
2508,2026-09-23T23:11:41.872837,True,0.281,0.297,17.01,False,1,phone_back_over_face,640x480
2509,2026-09-23T23:11:41.901361,True,0.281,0.293,17.52,False,1,phone_back_over_face,640x480
2510,2026-09-23T23:11:41.931117,True,0.281,0.289,17.53,False,1,phone_back_over_face,640x480
2511,2026-09-23T23:11:41.969199,True,0.301,0.285,17.01,False,1,phone_back_over_face,640x480
2512,2026-09-23T23:11:41.994793,True,0.301,0.289,17.09,False,1,transition,640x480
2513,2026-09-23T23:11:42.027537,True,0.246,0.282,17.52,False,1,transition,640x480
2514,2026-09-23T23:11:42.055805,True,0.246,0.275,18.02,False,1,transition,640x480
2515,2026-09-23T23:11:42.090333,True,0.301,0.279,16.53,False,1,transition,640x480
2516,2026-09-23T23:11:42.131914,True,0.301,0.279,17.01,False,1,transition,640x480
2517,2026-09-23T23:11:42.162645,True,0.301,0.279,17.01,False,1,transition,640x480
2518,2026-09-23T23:11:42.192339,True,0.320,0.294,16.68,False,1,transition,640x480
2519,2026-09-23T23:11:42.224899,True,0.363,0.317,17.01,False,1,transition,640x480
2520,2026-09-23T23:11:42.256936,True,0.363,0.330,17.02,False,1,transition,640x480
2521,2026-09-23T23:11:42.288967,True,0.320,0.334,17.53,False,1,transition,640x480
2522,2026-09-23T23:11:42.342554,True,0.320,0.338,17.02,False,1,transition,640x480
2523,2026-09-23T23:11:42.379731,True,0.262,0.326,17.02,False,1,transition,640x480
2524,2026-09-23T23:11:42.411405,True,0.262,0.305,17.02,False,1,transition,640x480
2525,2026-09-23T23:11:42.441558,True,0.211,0.275,16.53,False,1,transition,640x480
2526,2026-09-23T23:11:42.472197,True,0.211,0.253,16.51,False,1,transition,640x480
2527,2026-09-23T23:11:42.504225,True,0.211,0.231,16.51,False,1,transition,640x480
2528,2026-09-23T23:11:42.533755,True,0.168,0.212,17.51,False,1,transition,640x480
2529,2026-09-23T23:11:42.564879,True,0.168,0.194,17.59,False,1,transition,640x480
2530,2026-09-23T23:11:42.590888,False,,,17.02,False,0,transition,640x480
2531,2026-09-23T23:11:42.628555,False,,,17.53,False,0,transition,640x480
2532,2026-09-23T23:11:42.656809,False,,,17.15,False,0,transition,640x480
2533,2026-09-23T23:11:42.687842,True,0.387,0.229,17.03,False,1,transition,640x480
2534,2026-09-23T23:11:42.717034,True,0.387,0.264,17.45,False,1,transition,640x480
2535,2026-09-23T23:11:42.762065,False,,,17.01,False,0,transition,640x480
2536,2026-09-23T23:11:42.793603,False,,,18.02,False,0,transition,640x480
2537,2026-09-23T23:11:42.829660,False,,,19.53,False,0,transition,640x480
2538,2026-09-23T23:11:42.872024,False,,,16.51,False,0,transition,640x480
2539,2026-09-23T23:11:42.901067,False,,,17.02,False,0,transition,640x480
2540,2026-09-23T23:11:42.932352,False,,,17.20,False,0,transition,640x480
2541,2026-09-23T23:11:42.964239,False,,,16.97,False,0,transition,640x480
2542,2026-09-23T23:11:42.994768,True,0.156,0.253,17.02,False,1,transition,640x480
2543,2026-09-23T23:11:43.025803,False,,,17.52,False,0,transition,640x480
2544,2026-09-23T23:11:43.057130,False,,,17.52,False,0,transition,640x480
2545,2026-09-23T23:11:43.088670,False,,,17.51,False,0,transition,640x480
2546,2026-09-23T23:11:43.120811,False,,,17.02,False,0,transition,640x480
2547,2026-09-23T23:11:43.161557,False,,,17.01,False,0,transition,640x480
2548,2026-09-23T23:11:43.194610,False,,,17.04,False,0,transition,640x480
2549,2026-09-23T23:11:43.227662,False,,,16.53,False,0,transition,640x480
2550,2026-09-23T23:11:43.256725,False,,,17.05,False,0,transition,640x480
2551,2026-09-23T23:11:43.288760,False,,,17.53,False,0,transition,640x480
2552,2026-09-23T23:11:43.320800,False,,,17.02,False,0,transition,640x480
2553,2026-09-23T23:11:43.349332,False,,,17.02,False,0,transition,640x480
2554,2026-09-23T23:11:43.379913,False,,,17.07,False,0,transition,640x480
2555,2026-09-23T23:11:43.418212,False,,,17.04,False,0,transition,640x480
2556,2026-09-23T23:11:43.456864,False,,,17.14,False,0,transition,640x480
2557,2026-09-23T23:11:43.501250,False,,,17.52,False,0,transition,640x480
2558,2026-09-23T23:11:43.532282,False,,,16.51,False,0,transition,640x480
2559,2026-09-23T23:11:43.563850,False,,,17.52,False,0,transition,640x480
2560,2026-09-23T23:11:43.593941,False,,,17.08,False,0,transition,640x480
2561,2026-09-23T23:11:43.627974,False,,,17.51,False,0,transition,640x480
2562,2026-09-23T23:11:43.655501,False,,,17.52,False,0,transition,640x480
2563,2026-09-23T23:11:43.689534,False,,,17.52,False,0,transition,640x480
2564,2026-09-23T23:11:43.718166,False,,,17.53,False,0,transition,640x480
2565,2026-09-23T23:11:43.748410,False,,,17.24,False,0,transition,640x480
2566,2026-09-23T23:11:43.778929,False,,,17.01,False,0,transition,640x480
2567,2026-09-23T23:11:43.818783,False,,,17.31,False,0,transition,640x480
2568,2026-09-23T23:11:43.857840,False,,,17.02,False,0,transition,640x480
2569,2026-09-23T23:11:43.899764,False,,,17.36,False,0,transition,640x480
2570,2026-09-23T23:11:43.934636,False,,,17.52,False,0,transition,640x480
2571,2026-09-23T23:11:43.970166,False,,,18.51,False,0,transition,640x480
2572,2026-09-23T23:11:44.014916,False,,,22.56,False,0,transition,640x480
2573,2026-09-23T23:11:44.056965,False,,,18.02,False,0,transition,640x480
2574,2026-09-23T23:11:44.090998,False,,,17.52,False,0,transition,640x480
2575,2026-09-23T23:11:44.123534,False,,,16.53,False,0,transition,640x480
2576,2026-09-23T23:11:44.166161,False,,,17.01,False,0,transition,640x480
2577,2026-09-23T23:11:44.197312,False,,,17.65,False,0,transition,640x480
2578,2026-09-23T23:11:44.226848,False,,,17.52,False,0,transition,640x480
2579,2026-09-23T23:11:44.258885,False,,,17.02,False,0,transition,640x480
2580,2026-09-23T23:11:44.289911,False,,,17.02,False,0,transition,640x480
2581,2026-09-23T23:11:44.322943,False,,,17.02,False,0,transition,640x480
2582,2026-09-23T23:11:44.355975,False,,,17.52,False,0,transition,640x480
2583,2026-09-23T23:11:44.384002,False,,,17.02,False,0,transition,640x480
2584,2026-09-23T23:11:44.416049,False,,,17.03,False,0,transition,640x480
2585,2026-09-23T23:11:44.445690,False,,,16.14,False,0,transition,640x480
2586,2026-09-23T23:11:44.478720,False,,,17.02,False,0,transition,640x480
2587,2026-09-23T23:11:44.509879,False,,,17.15,False,0,transition,640x480
2588,2026-09-23T23:11:44.540907,False,,,17.02,False,0,transition,640x480
2589,2026-09-23T23:11:44.572851,False,,,16.93,False,0,transition,640x480
2590,2026-09-23T23:11:44.604879,False,,,17.02,False,0,transition,640x480
2591,2026-09-23T23:11:44.634666,False,,,17.52,False,0,transition,640x480
2592,2026-09-23T23:11:44.664208,False,,,17.01,False,0,transition,640x480
2593,2026-09-23T23:11:44.701483,False,,,16.58,False,0,transition,640x480
2594,2026-09-23T23:11:44.740775,False,,,17.02,False,0,transition,640x480
2595,2026-09-23T23:11:44.772826,False,,,17.01,False,0,transition,640x480
2596,2026-09-23T23:11:44.805885,False,,,18.02,False,0,transition,640x480
2597,2026-09-23T23:11:44.832842,False,,,17.37,False,0,transition,640x480
2598,2026-09-23T23:11:44.864373,False,,,17.01,False,0,transition,640x480
2599,2026-09-23T23:11:44.894896,False,,,17.02,False,0,transition,640x480
2600,2026-09-23T23:11:44.926591,False,,,17.54,False,0,transition,640x480
2601,2026-09-23T23:11:44.964154,False,,,17.04,False,0,transition,640x480
2602,2026-09-23T23:11:45.007078,False,,,17.52,False,0,transition,640x480
2603,2026-09-23T23:11:45.038634,False,,,17.51,False,0,transition,640x480
2604,2026-09-23T23:11:45.066770,False,,,17.52,False,0,transition,640x480
2605,2026-09-23T23:11:45.101069,False,,,17.54,False,0,transition,640x480
2606,2026-09-23T23:11:45.144116,False,,,17.51,False,0,transition,640x480
2607,2026-09-23T23:11:45.172243,False,,,16.11,False,0,transition,640x480
2608,2026-09-23T23:11:45.209115,False,,,17.45,False,0,transition,640x480
2609,2026-09-23T23:11:45.249320,False,,,17.53,False,0,transition,640x480
2610,2026-09-23T23:11:45.279339,False,,,16.51,False,0,transition,640x480
2611,2026-09-23T23:11:45.310069,False,,,17.22,False,0,transition,640x480
2612,2026-09-23T23:11:45.340608,False,,,17.02,False,0,transition,640x480
2613,2026-09-23T23:11:45.372228,False,,,16.50,False,0,transition,640x480
2614,2026-09-23T23:11:45.404767,False,,,17.02,False,0,transition,640x480
2615,2026-09-23T23:11:45.434801,False,,,17.02,False,0,transition,640x480
2616,2026-09-23T23:11:45.464825,False,,,17.51,False,0,transition,640x480
2617,2026-09-23T23:11:45.493795,False,,,16.95,False,0,transition,640x480
2618,2026-09-23T23:11:45.527851,False,,,17.52,False,0,transition,640x480
2619,2026-09-23T23:11:45.556505,False,,,17.52,False,0,transition,640x480
2620,2026-09-23T23:11:45.588463,False,,,17.81,False,0,transition,640x480
2621,2026-09-23T23:11:45.618124,False,,,17.43,False,0,transition,640x480
2622,2026-09-23T23:11:45.645868,False,,,16.24,False,0,transition,640x480
2623,2026-09-23T23:11:45.678899,False,,,17.02,False,0,transition,640x480
2624,2026-09-23T23:11:45.710895,False,,,16.98,False,0,transition,640x480
2625,2026-09-23T23:11:45.740798,False,,,16.89,False,0,transition,640x480
2626,2026-09-23T23:11:45.772865,False,,,17.01,False,0,transition,640x480
2627,2026-09-23T23:11:45.800101,False,,,16.52,False,0,transition,640x480
2628,2026-09-23T23:11:45.834658,False,,,17.52,False,0,transition,640x480
2629,2026-09-23T23:11:45.861788,False,,,17.02,False,0,transition,640x480
2630,2026-09-23T23:11:45.899378,False,,,18.08,False,0,transition,640x480
2631,2026-09-23T23:11:45.939734,False,,,17.53,False,0,transition,640x480
2632,2026-09-23T23:11:45.977776,False,,,18.02,False,0,transition,640x480
2633,2026-09-23T23:11:46.014823,False,,,17.52,False,0,transition,640x480
2634,2026-09-23T23:11:46.043839,False,,,16.95,False,0,transition,640x480
2635,2026-09-23T23:11:46.074867,False,,,17.01,False,0,transition,640x480
2636,2026-09-23T23:11:46.109019,False,,,17.14,False,0,transition,640x480
2637,2026-09-23T23:11:46.139122,False,,,17.16,False,0,transition,640x480
2638,2026-09-23T23:11:46.171147,False,,,17.51,False,0,transition,640x480
2639,2026-09-23T23:11:46.200800,False,,,17.05,False,0,transition,640x480
2640,2026-09-23T23:11:46.234654,False,,,17.61,False,0,transition,640x480
2641,2026-09-23T23:11:46.276742,False,,,19.01,False,0,transition,640x480
2642,2026-09-23T23:11:46.309391,False,,,17.63,False,0,transition,640x480
2643,2026-09-23T23:11:46.338922,False,,,17.02,False,0,transition,640x480
2644,2026-09-23T23:11:46.368834,False,,,17.52,False,0,transition,640x480
2645,2026-09-23T23:11:46.399284,False,,,17.02,False,0,transition,640x480
2646,2026-09-23T23:11:46.443568,False,,,16.26,False,0,transition,640x480
2647,2026-09-23T23:11:46.473709,False,,,17.01,False,0,transition,640x480
2648,2026-09-23T23:11:46.509407,False,,,17.70,False,0,transition,640x480
2649,2026-09-23T23:11:46.549466,False,,,17.02,False,0,transition,640x480
2650,2026-09-23T23:11:46.581821,False,,,16.84,False,0,transition,640x480
2651,2026-09-23T23:11:46.612354,False,,,16.52,False,0,transition,640x480
2652,2026-09-23T23:11:46.643882,False,,,17.01,False,0,transition,640x480
2653,2026-09-23T23:11:46.674905,False,,,17.01,False,0,transition,640x480
2654,2026-09-23T23:11:46.708068,False,,,16.52,False,0,transition,640x480
2655,2026-09-23T23:11:46.737599,False,,,16.52,False,0,transition,640x480
2656,2026-09-23T23:11:46.766107,False,,,17.51,False,0,transition,640x480
2657,2026-09-23T23:11:46.799519,False,,,17.52,False,0,transition,640x480
2658,2026-09-23T23:11:46.842662,False,,,17.01,False,0,transition,640x480
2659,2026-09-23T23:11:46.873851,False,,,17.01,False,0,transition,640x480
2660,2026-09-23T23:11:46.909889,False,,,18.03,False,0,transition,640x480
2661,2026-09-23T23:11:46.951431,False,,,16.52,False,0,transition,640x480
2662,2026-09-23T23:11:46.980449,False,,,16.51,False,0,transition,640x480
2663,2026-09-23T23:11:47.012034,False,,,16.52,False,0,transition,640x480
2664,2026-09-23T23:11:47.044748,False,,,17.19,False,0,transition,640x480
2665,2026-09-23T23:11:47.075772,False,,,17.01,False,0,transition,640x480
2666,2026-09-23T23:11:47.106913,False,,,17.02,False,0,transition,640x480
2667,2026-09-23T23:11:47.138516,False,,,17.52,False,0,transition,640x480
2668,2026-09-23T23:11:47.167213,False,,,18.01,False,0,transition,640x480
2669,2026-09-23T23:11:47.199659,False,,,17.52,False,0,transition,640x480
2670,2026-09-23T23:11:47.242778,False,,,17.01,False,0,transition,640x480
2671,2026-09-23T23:11:47.273555,False,,,17.01,False,0,transition,640x480
2672,2026-09-23T23:11:47.307953,False,,,17.02,False,0,transition,640x480
2673,2026-09-23T23:11:47.335493,False,,,17.52,False,0,transition,640x480
2674,2026-09-23T23:11:47.371150,False,,,17.51,False,0,transition,640x480
2675,2026-09-23T23:11:47.415964,False,,,19.03,False,0,transition,640x480
2676,2026-09-23T23:11:47.443801,False,,,16.83,False,0,transition,640x480
2677,2026-09-23T23:11:47.474827,False,,,17.01,False,0,transition,640x480
2678,2026-09-23T23:11:47.508989,False,,,17.33,False,0,transition,640x480
2679,2026-09-23T23:11:47.538523,False,,,17.52,False,0,transition,640x480
2680,2026-09-23T23:11:47.578628,False,,,17.12,False,0,transition,640x480
2681,2026-09-23T23:11:47.614181,False,,,17.04,False,0,transition,640x480
2682,2026-09-23T23:11:47.645211,False,,,17.52,False,0,transition,640x480
2683,2026-09-23T23:11:47.674776,False,,,17.02,False,0,transition,640x480
2684,2026-09-23T23:11:47.709179,False,,,17.23,False,0,transition,640x480
2685,2026-09-23T23:11:47.738709,False,,,17.52,False,0,transition,640x480
2686,2026-09-23T23:11:47.772767,False,,,17.01,False,0,transition,640x480
2687,2026-09-23T23:11:47.812411,False,,,17.52,False,0,transition,640x480
2688,2026-09-23T23:11:47.844941,False,,,17.02,False,0,transition,640x480
2689,2026-09-23T23:11:47.874985,False,,,17.03,False,0,transition,640x480
2690,2026-09-23T23:11:47.909853,False,,,17.34,False,0,transition,640x480
2691,2026-09-23T23:11:47.948694,False,,,17.02,False,0,transition,640x480
2692,2026-09-23T23:11:47.983721,False,,,17.52,False,0,transition,640x480
2693,2026-09-23T23:11:48.012386,False,,,17.52,False,0,transition,640x480
2694,2026-09-23T23:11:48.043922,False,,,17.02,False,0,transition,640x480
2695,2026-09-23T23:11:48.074950,False,,,17.01,False,0,transition,640x480
2696,2026-09-23T23:11:48.107831,False,,,17.52,False,0,transition,640x480
2697,2026-09-23T23:11:48.134991,False,,,17.02,False,0,transition,640x480
2698,2026-09-23T23:11:48.172384,False,,,17.51,False,0,transition,640x480
2699,2026-09-23T23:11:48.215160,False,,,17.64,False,0,transition,640x480
2700,2026-09-23T23:11:48.244829,False,,,17.16,False,0,transition,640x480
2701,2026-09-23T23:11:48.277862,False,,,18.02,False,0,transition,640x480
2702,2026-09-23T23:11:48.313931,False,,,16.52,False,0,transition,640x480
2703,2026-09-23T23:11:48.354980,False,,,17.02,False,0,transition,640x480
2704,2026-09-23T23:11:48.388520,False,,,17.52,False,0,transition,640x480
2705,2026-09-23T23:11:48.421130,False,,,17.53,False,0,transition,640x480
2706,2026-09-23T23:11:48.449334,False,,,17.51,False,0,transition,640x480
2707,2026-09-23T23:11:48.502411,False,,,16.51,False,0,transition,640x480
2708,2026-09-23T23:11:48.544742,False,,,17.14,False,0,transition,640x480
2709,2026-09-23T23:11:48.585787,False,,,17.12,False,0,transition,640x480
2710,2026-09-23T23:11:48.616217,False,,,17.52,False,0,transition,640x480
2711,2026-09-23T23:11:48.647248,False,,,16.02,False,0,transition,640x480
2712,2026-09-23T23:11:48.678905,False,,,17.15,False,0,transition,640x480
2713,2026-09-23T23:11:48.708683,False,,,17.52,False,0,transition,640x480
2714,2026-09-23T23:11:48.744779,False,,,17.07,False,0,transition,640x480
2715,2026-09-23T23:11:48.787789,False,,,16.99,False,0,transition,640x480
2716,2026-09-23T23:11:48.816888,False,,,17.52,False,0,transition,640x480
2717,2026-09-23T23:11:48.847419,False,,,17.52,False,0,transition,640x480
2718,2026-09-23T23:11:48.878945,False,,,17.01,False,0,transition,640x480
2719,2026-09-23T23:11:48.911573,False,,,17.61,False,0,transition,640x480
2720,2026-09-23T23:11:48.945100,False,,,19.53,False,0,transition,640x480
2721,2026-09-23T23:11:48.973712,False,,,17.59,False,0,transition,640x480
2722,2026-09-23T23:11:49.004878,False,,,17.15,False,0,transition,640x480
2723,2026-09-23T23:11:49.035917,False,,,18.02,False,0,transition,640x480
2724,2026-09-23T23:11:49.064973,False,,,17.52,False,0,transition,640x480
2725,2026-09-23T23:11:49.098000,False,,,17.52,False,0,transition,640x480
2726,2026-09-23T23:11:49.128580,False,,,17.07,False,0,transition,640x480
2727,2026-09-23T23:11:49.157618,False,,,17.00,False,0,transition,640x480
2728,2026-09-23T23:11:49.192643,False,,,17.01,False,0,transition,640x480
2729,2026-09-23T23:11:49.224807,False,,,17.02,False,0,transition,640x480
2730,2026-09-23T23:11:49.266241,False,,,17.53,False,0,transition,640x480
2731,2026-09-23T23:11:49.299267,False,,,17.06,False,0,transition,640x480
2732,2026-09-23T23:11:49.329864,False,,,17.09,False,0,transition,640x480
2733,2026-09-23T23:11:49.358900,False,,,17.02,False,0,transition,640x480
2734,2026-09-23T23:11:49.390685,False,,,16.78,False,0,transition,640x480
2735,2026-09-23T23:11:49.422297,False,,,16.59,False,0,transition,640x480
2736,2026-09-23T23:11:49.454832,False,,,17.02,False,0,transition,640x480
2737,2026-09-23T23:11:49.483851,False,,,17.01,False,0,transition,640x480
2738,2026-09-23T23:11:49.514978,False,,,17.56,False,0,transition,640x480
2739,2026-09-23T23:11:49.545007,False,,,17.52,False,0,transition,640x480
2740,2026-09-23T23:11:49.578699,False,,,17.04,False,0,transition,640x480
2741,2026-09-23T23:11:49.624564,False,,,17.54,False,0,transition,640x480
2742,2026-09-23T23:11:49.666369,False,,,17.01,False,0,transition,640x480
2743,2026-09-23T23:11:49.697420,False,,,17.55,False,0,transition,640x480
2744,2026-09-23T23:11:49.729526,False,,,17.59,False,0,transition,640x480
2745,2026-09-23T23:11:49.760922,False,,,17.38,False,0,transition,640x480
2746,2026-09-23T23:11:49.791944,False,,,17.01,False,0,transition,640x480
2747,2026-09-23T23:11:49.823578,False,,,17.02,False,0,transition,640x480
2748,2026-09-23T23:11:49.855603,False,,,18.02,False,0,transition,640x480
2749,2026-09-23T23:11:49.883619,False,,,17.51,False,0,transition,640x480
2750,2026-09-23T23:11:49.916858,False,,,17.54,False,0,transition,640x480
2751,2026-09-23T23:11:49.960898,False,,,17.02,False,0,transition,640x480
2752,2026-09-23T23:11:49.990920,False,,,17.02,False,0,transition,640x480
2753,2026-09-23T23:11:50.023770,False,,,17.51,False,0,transition,640x480
2754,2026-09-23T23:11:50.056019,False,,,18.24,False,0,transition,640x480
2755,2026-09-23T23:11:50.082049,False,,,17.01,False,0,transition,640x480
2756,2026-09-23T23:11:50.113925,False,,,17.36,False,0,transition,640x480
2757,2026-09-23T23:11:50.143956,False,,,17.02,False,0,transition,640x480
2758,2026-09-23T23:11:50.188579,False,,,17.52,False,0,transition,640x480
2759,2026-09-23T23:11:50.222780,False,,,17.02,False,0,transition,640x480
2760,2026-09-23T23:11:50.252544,False,,,18.02,False,0,transition,640x480
2761,2026-09-23T23:11:50.281586,False,,,16.54,False,0,transition,640x480
2762,2026-09-23T23:11:50.316775,False,,,17.53,False,0,transition,640x480
2763,2026-09-23T23:11:50.343493,False,,,16.71,False,0,transition,640x480
2764,2026-09-23T23:11:50.378875,False,,,17.02,False,0,transition,640x480
2765,2026-09-23T23:11:50.422404,False,,,16.50,False,0,transition,640x480
2766,2026-09-23T23:11:50.451753,False,,,16.84,False,0,transition,640x480
2767,2026-09-23T23:11:50.482809,False,,,17.54,False,0,transition,640x480
2768,2026-09-23T23:11:50.531479,False,,,17.63,False,0,transition,640x480
2769,2026-09-23T23:11:50.559824,False,,,17.52,False,0,transition,640x480
2770,2026-09-23T23:11:50.590925,False,,,17.02,False,0,transition,640x480
2771,2026-09-23T23:11:50.623497,False,,,17.55,False,0,transition,640x480
2772,2026-09-23T23:11:50.655016,False,,,17.52,False,0,transition,640x480
2773,2026-09-23T23:11:50.684487,False,,,17.45,False,0,transition,640x480
2774,2026-09-23T23:11:50.715021,False,,,17.02,False,0,transition,640x480
2775,2026-09-23T23:11:50.747205,False,,,16.17,False,0,transition,640x480
2776,2026-09-23T23:11:50.778732,False,,,17.01,False,0,transition,640x480
2777,2026-09-23T23:11:50.808797,False,,,17.06,False,0,transition,640x480
2778,2026-09-23T23:11:50.844811,False,,,17.02,False,0,transition,640x480
2779,2026-09-23T23:11:50.886548,False,,,17.52,False,0,transition,640x480
2780,2026-09-23T23:11:50.925598,False,,,18.01,False,0,transition,640x480
2781,2026-09-23T23:11:50.961743,False,,,17.01,False,0,transition,640x480
2782,2026-09-23T23:11:50.992801,False,,,17.01,False,0,transition,640x480
2783,2026-09-23T23:11:51.024915,False,,,17.10,False,0,transition,640x480
2784,2026-09-23T23:11:51.056504,False,,,17.53,False,0,transition,640x480
2785,2026-09-23T23:11:51.088532,False,,,17.02,False,0,transition,640x480
2786,2026-09-23T23:11:51.116850,False,,,17.52,False,0,transition,640x480
2787,2026-09-23T23:11:51.146524,False,,,16.52,False,0,transition,640x480
2788,2026-09-23T23:11:51.178550,True,0.199,0.259,17.02,False,1,transition,640x480
2789,2026-09-23T23:11:51.208576,True,0.199,0.266,17.02,False,1,transition,640x480
2790,2026-09-23T23:11:51.258741,False,,,16.95,False,0,transition,640x480
2791,2026-09-23T23:11:51.300566,False,,,16.80,False,0,transition,640x480
2792,2026-09-23T23:11:51.331140,False,,,17.52,False,0,transition,640x480
2793,2026-09-23T23:11:51.361681,False,,,17.01,False,0,transition,640x480
2794,2026-09-23T23:11:51.392731,False,,,17.53,False,0,transition,640x480
2795,2026-09-23T23:11:51.424506,False,,,17.75,False,0,transition,640x480
2796,2026-09-23T23:11:51.455032,False,,,17.52,False,0,transition,640x480
2797,2026-09-23T23:11:51.484739,False,,,17.18,False,0,transition,640x480
2798,2026-09-23T23:11:51.516886,False,,,17.52,False,0,transition,640x480
2799,2026-09-23T23:11:51.545917,False,,,17.02,False,0,transition,640x480
2800,2026-09-23T23:11:51.579014,True,0.320,0.252,17.08,False,1,transition,640x480
2801,2026-09-23T23:11:51.607624,True,0.320,0.239,17.09,False,1,transition,640x480
2802,2026-09-23T23:11:51.661958,True,0.363,0.280,17.01,False,1,transition,640x480
2803,2026-09-23T23:11:51.700054,True,0.363,0.313,17.56,False,1,transition,640x480
2804,2026-09-23T23:11:51.731082,True,0.320,0.338,17.02,False,1,transition,640x480
2805,2026-09-23T23:11:51.761719,True,0.320,0.338,17.03,False,1,transition,640x480
2806,2026-09-23T23:11:51.791757,True,0.320,0.338,17.01,False,1,transition,640x480
2807,2026-09-23T23:11:51.830876,True,0.281,0.321,17.01,False,1,transition,640x480
2808,2026-09-23T23:11:51.873951,True,0.301,0.309,16.51,False,1,transition,640x480
2809,2026-09-23T23:11:51.905989,True,0.301,0.305,17.02,False,1,transition,640x480
2810,2026-09-23T23:11:51.938545,True,0.281,0.297,17.52,False,1,transition,640x480
2811,2026-09-23T23:11:51.979166,True,0.281,0.289,16.52,False,1,transition,640x480
2812,2026-09-23T23:11:52.010502,True,0.453,0.323,17.73,False,1,transition,640x480
2813,2026-09-23T23:11:52.040536,True,0.453,0.354,17.02,False,1,transition,640x480
2814,2026-09-23T23:11:52.073768,False,,,17.02,False,0,transition,640x480
2815,2026-09-23T23:11:52.106266,False,,,17.52,False,0,transition,640x480
2816,2026-09-23T23:11:52.137429,True,0.246,0.343,17.64,False,1,transition,640x480
2817,2026-09-23T23:11:52.164955,True,0.246,0.336,17.52,False,1,transition,640x480
2818,2026-09-23T23:11:52.198001,True,0.246,0.329,17.53,False,1,transition,640x480
2819,2026-09-23T23:11:52.228535,True,0.156,0.270,17.02,False,1,transition,640x480
2820,2026-09-23T23:11:52.259644,True,0.199,0.219,17.11,False,1,transition,640x480
2821,2026-09-23T23:11:52.291862,True,0.199,0.209,17.13,False,1,transition,640x480
2822,2026-09-23T23:11:52.326690,True,0.199,0.200,17.02,False,1,transition,640x480
2823,2026-09-23T23:11:52.369405,True,0.199,0.191,17.02,False,1,transition,640x480
2824,2026-09-23T23:11:52.399033,True,0.168,0.193,17.02,False,1,transition,640x480
2825,2026-09-23T23:11:52.430561,True,0.168,0.187,18.02,False,1,transition,640x480
2826,2026-09-23T23:11:52.459641,True,0.246,0.196,16.84,False,1,transition,640x480
2827,2026-09-23T23:11:52.489731,True,0.246,0.205,17.08,False,1,transition,640x480
2828,2026-09-23T23:11:52.525951,True,0.246,0.215,18.02,False,1,transition,640x480
2829,2026-09-23T23:11:52.555884,True,0.301,0.241,17.52,False,1,transition,640x480
2830,2026-09-23T23:11:52.587514,True,0.301,0.268,17.61,False,1,transition,640x480
2831,2026-09-23T23:11:52.616154,True,0.262,0.271,17.03,False,1,transition,640x480
2832,2026-09-23T23:11:52.651174,True,0.363,0.295,17.54,False,1,transition,640x480
2833,2026-09-23T23:11:52.691830,True,0.363,0.318,17.01,False,1,transition,640x480
2834,2026-09-23T23:11:52.727893,True,0.320,0.322,18.04,False,1,transition,640x480
2835,2026-09-23T23:11:52.755167,True,0.320,0.326,17.27,False,1,transition,640x480
2836,2026-09-23T23:11:52.797281,True,0.199,0.313,17.58,False,1,transition,640x480
2837,2026-09-23T23:11:52.832333,True,0.199,0.280,16.53,False,1,transition,640x480
2838,2026-09-23T23:11:52.862895,True,0.320,0.272,18.01,False,1,transition,640x480
2839,2026-09-23T23:11:52.898265,True,0.320,0.272,16.80,False,1,transition,640x480
2840,2026-09-23T23:11:52.925820,True,0.320,0.272,18.05,False,1,transition,640x480
2841,2026-09-23T23:11:52.952340,True,0.320,0.296,16.51,False,1,transition,640x480
2842,2026-09-23T23:11:52.988463,True,0.320,0.320,17.53,False,1,transition,640x480
2843,2026-09-23T23:11:53.018138,True,0.320,0.320,17.01,False,1,transition,640x480
2844,2026-09-23T23:11:53.051312,True,0.320,0.320,17.57,False,2,transition,640x480
2845,2026-09-23T23:11:53.078577,True,0.320,0.320,16.76,False,2,transition,640x480
2846,2026-09-23T23:11:53.130637,True,0.387,0.334,17.01,False,2,transition,640x480
2847,2026-09-23T23:11:53.174784,True,0.387,0.347,19.02,False,2,transition,640x480
2848,2026-09-23T23:11:53.204893,True,0.344,0.352,17.09,False,1,transition,640x480
2849,2026-09-23T23:11:53.232413,True,0.344,0.356,17.01,False,1,transition,640x480
2850,2026-09-23T23:11:53.264244,True,0.344,0.361,17.03,False,1,transition,640x480
2851,2026-09-23T23:11:53.298447,True,0.430,0.370,17.58,False,1,transition,640x480
2852,2026-09-23T23:11:53.325958,True,0.430,0.378,18.01,False,1,transition,640x480
2853,2026-09-23T23:11:53.357762,True,0.430,0.395,17.52,False,1,transition,640x480
2854,2026-09-23T23:11:53.388580,True,0.430,0.412,17.52,False,1,transition,640x480
2855,2026-09-23T23:11:53.420961,True,0.453,0.434,17.02,False,1,transition,640x480
2856,2026-09-23T23:11:53.451360,True,0.406,0.430,17.02,False,1,transition,640x480
2857,2026-09-23T23:11:53.480884,True,0.406,0.425,17.02,False,1,transition,640x480
2858,2026-09-23T23:11:53.531237,True,0.344,0.408,17.02,False,1,transition,640x480
2859,2026-09-23T23:11:53.575069,True,0.344,0.391,17.31,False,1,transition,640x480
2860,2026-09-23T23:11:53.600071,True,0.406,0.381,17.52,False,1,transition,640x480
2861,2026-09-23T23:11:53.633600,True,0.406,0.381,17.52,False,1,transition,640x480
2862,2026-09-23T23:11:53.664135,True,0.406,0.381,17.01,False,1,transition,640x480
2863,2026-09-23T23:11:53.697201,True,0.406,0.394,17.29,False,1,transition,640x480
2864,2026-09-23T23:11:53.724734,True,0.406,0.406,17.02,False,1,transition,640x480
2865,2026-09-23T23:11:53.756918,True,0.301,0.385,17.23,False,1,transition,640x480
2866,2026-09-23T23:11:53.789952,True,0.301,0.364,17.52,False,1,transition,640x480
2867,2026-09-23T23:11:53.818979,True,0.301,0.343,17.52,False,1,transition,640x480
2868,2026-09-23T23:11:53.866115,True,0.301,0.322,17.02,False,1,transition,640x480
2869,2026-09-23T23:11:53.897730,True,0.301,0.301,17.10,False,1,transition,640x480
2870,2026-09-23T23:11:53.931948,True,0.301,0.301,18.02,False,1,transition,640x480
2871,2026-09-23T23:11:53.984985,True,0.301,0.301,17.07,False,1,transition,640x480
2872,2026-09-23T23:11:54.022213,True,0.301,0.301,17.51,False,1,transition,640x480
2873,2026-09-23T23:11:54.049273,True,0.363,0.313,17.05,False,2,transition,640x480
2874,2026-09-23T23:11:54.078963,True,0.363,0.326,16.18,False,2,transition,640x480
2875,2026-09-23T23:11:54.110792,True,0.246,0.315,17.02,False,1,transition,640x480
2876,2026-09-23T23:11:54.141807,True,0.246,0.304,18.01,False,1,transition,640x480
2877,2026-09-23T23:11:54.172853,True,0.301,0.304,17.01,False,1,transition,640x480
2878,2026-09-23T23:11:54.202741,True,0.301,0.291,16.86,False,1,transition,640x480
2879,2026-09-23T23:11:54.233951,True,0.387,0.296,17.02,False,1,transition,640x480
2880,2026-09-23T23:11:54.266073,True,0.344,0.316,17.53,False,1,transition,640x480
2881,2026-09-23T23:11:54.297705,True,0.344,0.335,17.08,False,1,transition,640x480
2882,2026-09-23T23:11:54.333753,True,0.387,0.352,20.02,False,1,transition,640x480
2883,2026-09-23T23:11:54.373799,True,0.387,0.370,17.52,False,1,transition,640x480
2884,2026-09-23T23:11:54.405158,True,0.387,0.370,17.34,False,1,transition,640x480
2885,2026-09-23T23:11:54.434692,True,0.301,0.361,17.52,False,1,transition,640x480
2886,2026-09-23T23:11:54.464242,True,0.301,0.352,17.01,False,1,transition,640x480
2887,2026-09-23T23:11:54.494845,True,0.344,0.344,17.02,False,1,transition,640x480
2888,2026-09-23T23:11:54.529030,True,0.344,0.335,17.17,False,1,transition,640x480
2889,2026-09-23T23:11:54.558632,True,0.262,0.310,17.09,False,1,transition,640x480
2890,2026-09-23T23:11:54.592855,True,0.262,0.302,17.01,False,1,transition,640x480
2891,2026-09-23T23:11:54.632390,True,0.156,0.273,16.51,False,1,transition,640x480
2892,2026-09-23T23:11:54.666948,True,0.168,0.238,17.52,False,1,transition,640x480
2893,2026-09-23T23:11:54.697488,True,0.168,0.203,17.03,False,1,transition,640x480
2894,2026-09-23T23:11:54.725527,True,0.168,0.184,17.53,False,1,transition,640x480
2895,2026-09-23T23:11:54.756967,True,0.262,0.184,17.02,False,1,transition,640x480
2896,2026-09-23T23:11:54.790505,True,0.262,0.205,17.02,False,1,transition,640x480
2897,2026-09-23T23:11:54.821041,True,0.301,0.232,17.52,False,1,transition,640x480
2898,2026-09-23T23:11:54.849573,True,0.301,0.259,16.52,False,1,transition,640x480
2899,2026-09-23T23:11:54.878214,True,0.363,0.298,17.52,False,1,transition,640x480
2900,2026-09-23T23:11:54.909788,True,0.363,0.318,17.02,False,1,transition,640x480
2901,2026-09-23T23:11:54.941860,True,0.301,0.326,17.01,False,2,transition,640x480
2902,2026-09-23T23:11:54.968160,True,0.301,0.326,17.54,False,2,transition,640x480
2903,2026-09-23T23:11:55.005018,True,0.320,0.330,17.33,False,1,transition,640x480
2904,2026-09-23T23:11:55.066191,True,0.320,0.321,17.01,False,1,transition,640x480
2905,2026-09-23T23:11:55.091222,True,0.320,0.312,17.52,False,1,phone_vertical_at_edge,640x480
2906,2026-09-23T23:11:55.125754,True,0.320,0.316,17.01,False,1,phone_vertical_at_edge,640x480
2907,2026-09-23T23:11:55.157791,True,0.344,0.325,18.03,False,1,phone_vertical_at_edge,640x480
2908,2026-09-23T23:11:55.189826,True,0.344,0.330,18.03,False,1,phone_vertical_at_edge,640x480
2909,2026-09-23T23:11:55.230915,True,0.406,0.347,17.07,False,1,phone_vertical_at_edge,640x480
2910,2026-09-23T23:11:55.261601,True,0.406,0.364,17.01,False,1,phone_vertical_at_edge,640x480
2911,2026-09-23T23:11:55.291620,True,0.320,0.364,16.99,False,1,phone_vertical_at_edge,640x480
2912,2026-09-23T23:11:55.324743,True,0.320,0.359,17.01,False,1,phone_vertical_at_edge,640x480
2913,2026-09-23T23:11:55.354758,True,0.363,0.363,17.02,False,1,phone_vertical_at_edge,640x480
2914,2026-09-23T23:11:55.384574,True,0.363,0.355,17.70,False,1,phone_vertical_at_edge,640x480
2915,2026-09-23T23:11:55.414831,True,0.363,0.346,17.52,False,1,phone_vertical_at_edge,640x480
2916,2026-09-23T23:11:55.445871,True,0.363,0.355,17.02,False,1,phone_vertical_at_edge,640x480
2917,2026-09-23T23:11:55.474898,True,0.246,0.340,17.02,False,2,phone_vertical_at_edge,640x480
2918,2026-09-23T23:11:55.505795,True,0.246,0.316,17.02,False,2,phone_vertical_at_edge,640x480
2919,2026-09-23T23:11:55.537545,True,0.168,0.277,16.52,False,2,phone_vertical_at_edge,640x480
2920,2026-09-23T23:11:55.568200,True,0.168,0.238,17.02,False,2,phone_vertical_at_edge,640x480
2921,2026-09-23T23:11:55.596398,True,0.199,0.205,16.50,False,1,phone_vertical_at_edge,640x480
2922,2026-09-23T23:11:55.628736,True,0.199,0.196,18.53,False,1,phone_vertical_at_edge,640x480
2923,2026-09-23T23:11:55.659264,True,0.246,0.196,17.52,False,1,phone_vertical_at_edge,640x480
2924,2026-09-23T23:11:55.687984,True,0.246,0.212,17.03,False,1,phone_vertical_at_edge,640x480
2925,2026-09-23T23:11:55.740539,True,0.156,0.209,17.01,False,1,phone_vertical_at_edge,640x480
2926,2026-09-23T23:11:55.779185,True,0.156,0.201,16.52,False,1,phone_vertical_at_edge,640x480
2927,2026-09-23T23:11:55.810230,True,0.262,0.213,17.53,False,2,phone_vertical_at_edge,640x480
2928,2026-09-23T23:11:55.842850,True,0.262,0.216,17.10,False,2,phone_vertical_at_edge,640x480
2929,2026-09-23T23:11:55.870753,False,,,17.01,False,0,phone_vertical_at_edge,640x480
2930,2026-09-23T23:11:55.902505,False,,,17.65,False,0,phone_vertical_at_edge,640x480
2931,2026-09-23T23:11:55.931078,True,0.211,0.209,17.01,False,1,phone_vertical_at_edge,640x480
2932,2026-09-23T23:11:55.961845,True,0.211,0.220,17.01,False,1,phone_vertical_at_edge,640x480
2933,2026-09-23T23:11:55.995886,True,0.301,0.249,18.02,False,1,phone_vertical_at_edge,640x480
2934,2026-09-23T23:11:56.024911,True,0.301,0.257,17.01,False,1,phone_vertical_at_edge,640x480
2935,2026-09-23T23:11:56.073903,True,0.301,0.265,17.02,False,1,phone_vertical_at_edge,640x480
2936,2026-09-23T23:11:56.101980,True,0.301,0.283,17.02,False,1,phone_vertical_at_edge,640x480
2937,2026-09-23T23:11:56.142522,True,0.387,0.318,17.00,False,1,phone_vertical_at_edge,640x480
2938,2026-09-23T23:11:56.179219,True,0.387,0.335,16.52,False,1,phone_vertical_at_edge,640x480
2939,2026-09-23T23:11:56.209762,True,0.406,0.356,17.02,False,1,phone_vertical_at_edge,640x480
2940,2026-09-23T23:11:56.240783,True,0.406,0.377,17.02,False,1,phone_vertical_at_edge,640x480
2941,2026-09-23T23:11:56.274822,True,0.406,0.398,17.02,False,1,phone_vertical_at_edge,640x480
2942,2026-09-23T23:11:56.304884,True,0.406,0.402,17.02,False,1,phone_vertical_at_edge,640x480
2943,2026-09-23T23:11:56.333903,True,0.320,0.389,17.01,False,1,phone_vertical_at_edge,640x480
2944,2026-09-23T23:11:56.367010,True,0.320,0.372,17.53,False,1,phone_vertical_at_edge,640x480
2945,2026-09-23T23:11:56.399369,True,0.301,0.351,17.52,False,1,phone_vertical_at_edge,640x480
2946,2026-09-23T23:11:56.430457,True,0.301,0.330,17.58,False,1,phone_vertical_at_edge,640x480
2947,2026-09-23T23:11:56.474812,True,0.344,0.317,17.02,False,1,phone_vertical_at_edge,640x480
2948,2026-09-23T23:11:56.506856,True,0.344,0.322,17.02,False,1,phone_vertical_at_edge,640x480
2949,2026-09-23T23:11:56.542885,True,0.406,0.339,17.02,False,1,phone_vertical_at_edge,640x480
2950,2026-09-23T23:11:56.583509,True,0.406,0.360,16.07,False,1,phone_vertical_at_edge,640x480
2951,2026-09-23T23:11:56.614215,True,0.477,0.395,17.69,False,1,phone_vertical_at_edge,640x480
2952,2026-09-23T23:11:56.645744,True,0.477,0.422,17.02,False,1,phone_vertical_at_edge,640x480
2953,2026-09-23T23:11:56.675781,True,0.387,0.430,18.02,False,1,phone_vertical_at_edge,640x480
2954,2026-09-23T23:11:56.708562,True,0.387,0.427,17.02,False,1,phone_vertical_at_edge,640x480
2955,2026-09-23T23:11:56.751435,True,0.281,0.402,17.58,False,2,phone_vertical_at_edge,640x480
2956,2026-09-23T23:11:56.782307,True,0.281,0.362,17.04,False,2,phone_vertical_at_edge,640x480
2957,2026-09-23T23:11:56.812722,True,0.363,0.340,17.53,False,1,phone_vertical_at_edge,640x480
2958,2026-09-23T23:11:56.844250,True,0.363,0.335,17.52,False,1,phone_vertical_at_edge,640x480
2959,2026-09-23T23:11:56.874887,True,0.387,0.335,17.12,False,1,phone_vertical_at_edge,640x480
2960,2026-09-23T23:11:56.906505,True,0.387,0.356,17.52,False,1,phone_vertical_at_edge,640x480
2961,2026-09-23T23:11:56.945142,True,0.477,0.395,17.52,False,1,phone_vertical_at_edge,640x480
2962,2026-09-23T23:11:56.979056,True,0.477,0.418,16.52,False,1,phone_vertical_at_edge,640x480
2963,2026-09-23T23:11:57.011145,True,0.430,0.431,17.52,False,1,phone_vertical_at_edge,640x480
2964,2026-09-23T23:11:57.040684,True,0.430,0.440,17.02,False,1,phone_vertical_at_edge,640x480
2965,2026-09-23T23:11:57.074813,True,0.363,0.435,17.02,False,1,phone_vertical_at_edge,640x480
2966,2026-09-23T23:11:57.104836,True,0.363,0.412,17.01,False,1,phone_vertical_at_edge,640x480
2967,2026-09-23T23:11:57.133861,True,0.406,0.398,17.01,False,1,phone_vertical_at_edge,640x480
2968,2026-09-23T23:11:57.164890,True,0.406,0.394,17.51,False,1,phone_vertical_at_edge,640x480
2969,2026-09-23T23:11:57.211000,True,0.430,0.394,17.52,False,1,phone_vertical_at_edge,640x480
2970,2026-09-23T23:11:57.241519,True,0.430,0.407,17.00,False,1,phone_vertical_at_edge,640x480
2971,2026-09-23T23:11:57.275091,True,0.406,0.416,16.52,False,1,phone_vertical_at_edge,640x480
2972,2026-09-23T23:11:57.305649,True,0.406,0.416,17.02,False,1,phone_vertical_at_edge,640x480
2973,2026-09-23T23:11:57.342266,True,0.406,0.416,16.61,False,1,phone_vertical_at_edge,640x480
2974,2026-09-23T23:11:57.379819,True,0.406,0.411,17.04,False,1,phone_vertical_at_edge,640x480
2975,2026-09-23T23:11:57.409857,True,0.281,0.381,17.03,False,1,phone_vertical_at_edge,640x480
2976,2026-09-23T23:11:57.444510,True,0.281,0.356,18.53,False,1,phone_vertical_at_edge,640x480
2977,2026-09-23T23:11:57.472411,True,0.262,0.327,17.51,False,1,phone_vertical_at_edge,640x480
2978,2026-09-23T23:11:57.502438,True,0.262,0.298,17.73,False,1,phone_vertical_at_edge,640x480
2979,2026-09-23T23:11:57.532465,True,0.363,0.290,16.51,False,1,phone_vertical_at_edge,640x480
2980,2026-09-23T23:11:57.565010,True,0.363,0.306,17.53,False,1,phone_vertical_at_edge,640x480
2981,2026-09-23T23:11:57.610639,True,0.406,0.331,17.08,False,1,phone_vertical_at_edge,640x480
2982,2026-09-23T23:11:57.637658,True,0.406,0.360,17.51,False,1,transition,640x480
2983,2026-09-23T23:11:57.674739,True,0.363,0.380,17.02,False,1,transition,640x480
2984,2026-09-23T23:11:57.704770,True,0.363,0.380,17.02,False,1,transition,640x480
2985,2026-09-23T23:11:57.740944,True,0.387,0.385,17.07,False,1,transition,640x480
2986,2026-09-23T23:11:57.778600,True,0.387,0.381,17.53,False,1,transition,640x480
2987,2026-09-23T23:11:57.809665,True,0.320,0.364,17.02,False,1,transition,640x480
2988,2026-09-23T23:11:57.840689,True,0.320,0.355,17.02,False,1,transition,640x480
2989,2026-09-23T23:11:57.875282,True,0.363,0.355,16.52,False,1,transition,640x480
2990,2026-09-23T23:11:57.905818,True,0.363,0.351,17.53,False,1,transition,640x480
2991,2026-09-23T23:11:57.947357,True,0.387,0.351,17.52,False,1,transition,640x480
2992,2026-09-23T23:11:57.982389,True,0.387,0.364,17.51,False,1,transition,640x480
2993,2026-09-23T23:11:58.010918,True,0.406,0.381,17.02,False,1,transition,640x480
2994,2026-09-23T23:11:58.042941,True,0.406,0.390,17.01,False,1,transition,640x480
2995,2026-09-23T23:11:58.075501,True,0.363,0.390,16.54,False,1,transition,640x480
2996,2026-09-23T23:11:58.104602,True,0.363,0.385,17.09,False,1,transition,640x480
2997,2026-09-23T23:11:58.140625,False,,,17.02,False,0,transition,640x480
2998,2026-09-23T23:11:58.179805,False,,,18.02,False,0,transition,640x480
2999,2026-09-23T23:11:58.208881,False,,,17.06,False,0,transition,640x480
3000,2026-09-23T23:11:58.242225,False,,,16.62,False,0,transition,640x480
3001,2026-09-23T23:11:58.274764,False,,,17.02,False,0,transition,640x480
3002,2026-09-23T23:11:58.318814,False,,,17.52,False,0,transition,640x480
3003,2026-09-23T23:11:58.345896,False,,,17.02,False,0,transition,640x480
3004,2026-09-23T23:11:58.376924,False,,,17.01,False,0,transition,640x480
3005,2026-09-23T23:11:58.413463,False,,,17.52,False,0,transition,640x480
3006,2026-09-23T23:11:58.455888,False,,,17.52,False,0,transition,640x480
3007,2026-09-23T23:11:58.485924,False,,,17.03,False,0,transition,640x480
3008,2026-09-23T23:11:58.515921,False,,,17.01,False,0,transition,640x480
3009,2026-09-23T23:11:58.547960,False,,,17.52,False,0,transition,640x480
3010,2026-09-23T23:11:58.578498,False,,,17.52,False,0,transition,640x480
3011,2026-09-23T23:11:58.607552,False,,,18.12,False,0,transition,640x480
3012,2026-09-23T23:11:58.642574,False,,,17.01,False,0,transition,640x480
3013,2026-09-23T23:11:58.682860,True,0.281,0.364,17.69,False,1,transition,640x480
3014,2026-09-23T23:11:58.716968,True,0.281,0.339,17.52,False,1,transition,640x480
3015,2026-09-23T23:11:58.747998,False,,,17.52,False,0,transition,640x480
3016,2026-09-23T23:11:58.778984,False,,,17.48,False,0,transition,640x480
3017,2026-09-23T23:11:58.810588,False,,,17.04,False,0,transition,640x480
3018,2026-09-23T23:11:58.840612,False,,,17.02,False,0,transition,640x480
3019,2026-09-23T23:11:58.874800,False,,,17.03,False,0,transition,640x480
3020,2026-09-23T23:11:58.916842,False,,,17.53,False,0,transition,640x480
3021,2026-09-23T23:11:58.945861,False,,,16.52,False,0,transition,640x480
3022,2026-09-23T23:11:58.976914,False,,,17.04,False,0,transition,640x480
3023,2026-09-23T23:11:59.008940,False,,,17.02,False,0,transition,640x480
3024,2026-09-23T23:11:59.040839,False,,,17.02,False,0,transition,640x480
3025,2026-09-23T23:11:59.082361,False,,,17.01,False,0,transition,640x480
3026,2026-09-23T23:11:59.117091,False,,,17.53,False,0,transition,640x480
3027,2026-09-23T23:11:59.147180,False,,,17.58,False,0,transition,640x480
3028,2026-09-23T23:11:59.174703,False,,,17.01,False,0,transition,640x480
3029,2026-09-23T23:11:59.211108,False,,,17.39,False,0,transition,640x480
3030,2026-09-23T23:11:59.242721,False,,,17.02,False,0,transition,640x480
3031,2026-09-23T23:11:59.283924,False,,,17.04,False,0,transition,640x480
3032,2026-09-23T23:11:59.316077,False,,,16.52,False,0,transition,640x480
3033,2026-09-23T23:11:59.344932,False,,,17.35,False,0,transition,640x480
3034,2026-09-23T23:11:59.374979,False,,,17.03,False,0,transition,640x480
3035,2026-09-23T23:11:59.419163,False,,,18.02,False,0,transition,640x480
3036,2026-09-23T23:11:59.458716,False,,,17.05,False,0,transition,640x480
3037,2026-09-23T23:11:59.498165,False,,,17.28,False,0,transition,640x480
3038,2026-09-23T23:11:59.528688,False,,,17.02,False,0,transition,640x480
3039,2026-09-23T23:11:59.562351,False,,,16.37,False,0,transition,640x480
3040,2026-09-23T23:11:59.591574,False,,,17.62,False,0,transition,640x480
3041,2026-09-23T23:11:59.622154,False,,,16.50,False,0,transition,640x480
3042,2026-09-23T23:11:59.655178,False,,,17.52,False,0,transition,640x480
3043,2026-09-23T23:11:59.682723,False,,,17.52,False,0,transition,640x480
3044,2026-09-23T23:11:59.716891,False,,,17.58,False,0,transition,640x480
3045,2026-09-23T23:11:59.743910,False,,,17.52,False,0,transition,640x480
3046,2026-09-23T23:11:59.775435,False,,,17.51,False,0,transition,640x480
3047,2026-09-23T23:11:59.819048,False,,,17.55,False,0,transition,640x480
3048,2026-09-23T23:11:59.858614,False,,,17.07,False,0,transition,640x480
3049,2026-09-23T23:11:59.898182,False,,,17.55,False,0,transition,640x480
3050,2026-09-23T23:11:59.927943,False,,,17.02,False,0,transition,640x480
3051,2026-09-23T23:11:59.962701,False,,,17.51,False,0,transition,640x480
3052,2026-09-23T23:11:59.990725,False,,,17.52,False,0,transition,640x480
3053,2026-09-23T23:12:00.023784,False,,,17.01,False,0,transition,640x480
3054,2026-09-23T23:12:00.051405,False,,,17.52,False,0,transition,640x480
3055,2026-09-23T23:12:00.081458,False,,,17.54,False,0,transition,640x480
3056,2026-09-23T23:12:00.117021,False,,,17.53,False,0,transition,640x480
3057,2026-09-23T23:12:00.159555,False,,,16.96,False,0,transition,640x480
3058,2026-09-23T23:12:00.190584,False,,,17.02,False,0,transition,640x480
3059,2026-09-23T23:12:00.222172,False,,,16.51,False,0,transition,640x480
3060,2026-09-23T23:12:00.250681,False,,,17.02,False,0,transition,640x480
3061,2026-09-23T23:12:00.282859,False,,,17.01,False,0,transition,640x480
3062,2026-09-23T23:12:00.310644,False,,,16.78,False,0,transition,640x480
3063,2026-09-23T23:12:00.347682,False,,,18.03,False,0,transition,640x480
3064,2026-09-23T23:12:00.388531,False,,,17.55,False,0,transition,640x480
3065,2026-09-23T23:12:00.418263,False,,,17.03,False,0,transition,640x480
3066,2026-09-23T23:12:00.449299,False,,,17.04,False,0,transition,640x480
3067,2026-09-23T23:12:00.478818,False,,,17.01,False,0,transition,640x480
3068,2026-09-23T23:12:00.508997,False,,,17.17,False,0,transition,640x480
3069,2026-09-23T23:12:00.554803,False,,,17.02,False,0,transition,640x480
3070,2026-09-23T23:12:00.588883,False,,,17.58,False,0,transition,640x480
3071,2026-09-23T23:12:00.618410,False,,,17.01,False,0,transition,640x480
3072,2026-09-23T23:12:00.647418,False,,,17.51,False,0,transition,640x480
3073,2026-09-23T23:12:00.683955,False,,,18.02,False,0,transition,640x480
3074,2026-09-23T23:12:00.726499,False,,,17.52,False,0,transition,640x480
3075,2026-09-23T23:12:00.762622,False,,,17.01,False,0,transition,640x480
3076,2026-09-23T23:12:00.814182,False,,,17.01,False,0,transition,640x480
3077,2026-09-23T23:12:00.849695,False,,,17.51,False,0,transition,640x480
3078,2026-09-23T23:12:00.878465,False,,,17.54,False,0,transition,640x480
3079,2026-09-23T23:12:00.909880,False,,,17.33,False,0,transition,640x480
3080,2026-09-23T23:12:00.939937,False,,,17.02,False,0,transition,640x480
3081,2026-09-23T23:12:00.970451,False,,,16.50,False,0,transition,640x480
3082,2026-09-23T23:12:01.006914,False,,,17.93,False,0,transition,640x480
3083,2026-09-23T23:12:01.034608,False,,,17.52,False,0,transition,640x480
3084,2026-09-23T23:12:01.066208,False,,,17.02,False,0,transition,640x480
3085,2026-09-23T23:12:01.096036,False,,,17.88,False,0,transition,640x480
3086,2026-09-23T23:12:01.125572,False,,,17.52,False,0,transition,640x480
3087,2026-09-23T23:12:01.161643,False,,,17.01,False,0,transition,640x480
3088,2026-09-23T23:12:01.205904,False,,,17.22,False,0,transition,640x480
3089,2026-09-23T23:12:01.233840,False,,,16.93,False,0,transition,640x480
3090,2026-09-23T23:12:01.263944,False,,,16.51,False,0,transition,640x480
3091,2026-09-23T23:12:01.295984,False,,,18.02,False,0,transition,640x480
3092,2026-09-23T23:12:01.325854,False,,,17.01,False,0,transition,640x480
3093,2026-09-23T23:12:01.360893,False,,,17.02,False,0,transition,640x480
3094,2026-09-23T23:12:01.404942,False,,,17.02,False,0,transition,640x480
3095,2026-09-23T23:12:01.434278,False,,,16.83,False,0,transition,640x480
3096,2026-09-23T23:12:01.464305,False,,,17.02,False,0,transition,640x480
3097,2026-09-23T23:12:01.498193,False,,,17.35,False,0,transition,640x480
3098,2026-09-23T23:12:01.526725,False,,,17.02,False,0,transition,640x480
3099,2026-09-23T23:12:01.560817,False,,,17.08,False,0,transition,640x480
3100,2026-09-23T23:12:01.590440,False,,,17.62,False,0,transition,640x480
3101,2026-09-23T23:12:01.622438,False,,,17.51,False,0,transition,640x480
3102,2026-09-23T23:12:01.656284,False,,,18.33,False,0,transition,640x480
3103,2026-09-23T23:12:01.697340,False,,,17.52,False,0,transition,640x480
3104,2026-09-23T23:12:01.728864,False,,,17.01,False,0,transition,640x480
3105,2026-09-23T23:12:01.760896,False,,,17.02,False,0,transition,640x480
3106,2026-09-23T23:12:01.790955,False,,,17.06,False,0,transition,640x480
3107,2026-09-23T23:12:01.822250,False,,,18.11,False,0,transition,640x480
3108,2026-09-23T23:12:01.859666,False,,,17.90,False,0,transition,640x480
3109,2026-09-23T23:12:01.898294,False,,,17.52,False,0,transition,640x480
3110,2026-09-23T23:12:01.928968,False,,,17.02,False,0,transition,640x480
3111,2026-09-23T23:12:01.960584,False,,,17.10,False,0,transition,640x480
3112,2026-09-23T23:12:01.992124,False,,,17.02,False,0,transition,640x480
3113,2026-09-23T23:12:02.026861,False,,,17.03,False,0,transition,640x480
3114,2026-09-23T23:12:02.069058,False,,,17.52,False,0,transition,640x480
3115,2026-09-23T23:12:02.098165,False,,,17.52,False,0,transition,640x480
3116,2026-09-23T23:12:02.129698,False,,,17.02,False,0,transition,640x480
3117,2026-09-23T23:12:02.160805,False,,,17.07,False,0,transition,640x480
3118,2026-09-23T23:12:02.191336,False,,,17.53,False,0,transition,640x480
3119,2026-09-23T23:12:02.222859,False,,,17.01,False,0,transition,640x480
3120,2026-09-23T23:12:02.258871,False,,,17.35,False,0,transition,640x480
3121,2026-09-23T23:12:02.298466,False,,,16.52,False,0,transition,640x480
3122,2026-09-23T23:12:02.330495,False,,,17.52,False,0,transition,640x480
3123,2026-09-23T23:12:02.361586,False,,,17.01,False,0,transition,640x480
3124,2026-09-23T23:12:02.392955,False,,,17.35,False,0,transition,640x480
3125,2026-09-23T23:12:02.426995,False,,,17.02,False,0,transition,640x480
3126,2026-09-23T23:12:02.459535,False,,,17.52,False,0,transition,640x480
3127,2026-09-23T23:12:02.499139,False,,,17.06,False,0,transition,640x480
3128,2026-09-23T23:12:02.530664,False,,,17.02,False,0,transition,640x480
3129,2026-09-23T23:12:02.561743,False,,,17.01,False,0,transition,640x480
3130,2026-09-23T23:12:02.593392,False,,,17.64,False,0,transition,640x480
3131,2026-09-23T23:12:02.624689,False,,,16.78,False,0,transition,640x480
3132,2026-09-23T23:12:02.659096,False,,,17.40,False,0,transition,640x480
3133,2026-09-23T23:12:02.687778,False,,,16.66,False,0,transition,640x480
3134,2026-09-23T23:12:02.718940,False,,,17.52,False,0,transition,640x480
3135,2026-09-23T23:12:02.762048,False,,,17.01,False,0,transition,640x480
3136,2026-09-23T23:12:02.798613,False,,,19.03,False,0,transition,640x480
3137,2026-09-23T23:12:02.825847,False,,,17.01,False,0,transition,640x480
3138,2026-09-23T23:12:02.858886,False,,,17.02,False,0,transition,640x480
3139,2026-09-23T23:12:02.890763,False,,,17.02,False,0,transition,640x480
3140,2026-09-23T23:12:02.922817,False,,,17.03,False,0,transition,640x480
3141,2026-09-23T23:12:02.952358,False,,,16.51,False,0,transition,640x480
3142,2026-09-23T23:12:02.981888,False,,,17.52,False,0,transition,640x480
3143,2026-09-23T23:12:03.018438,False,,,17.03,False,0,transition,640x480
3144,2026-09-23T23:12:03.059982,False,,,17.02,False,0,transition,640x480
3145,2026-09-23T23:12:03.090757,False,,,17.26,False,0,transition,640x480
3146,2026-09-23T23:12:03.123526,False,,,16.14,False,0,transition,640x480
3147,2026-09-23T23:12:03.161887,False,,,17.01,False,0,transition,640x480
3148,2026-09-23T23:12:03.199274,False,,,17.54,False,0,transition,640x480
3149,2026-09-23T23:12:03.229876,False,,,17.09,False,0,transition,640x480
3150,2026-09-23T23:12:03.259953,False,,,17.02,False,0,transition,640x480
3151,2026-09-23T23:12:03.290977,False,,,17.02,False,0,transition,640x480
3152,2026-09-23T23:12:03.322084,False,,,17.09,False,0,transition,640x480
3153,2026-09-23T23:12:03.358857,False,,,17.26,False,0,transition,640x480
3154,2026-09-23T23:12:03.398452,False,,,18.02,False,0,transition,640x480
3155,2026-09-23T23:12:03.428979,True,0.168,0.291,17.02,False,1,transition,640x480
3156,2026-09-23T23:12:03.460781,True,0.168,0.252,17.02,False,1,transition,640x480
3157,2026-09-23T23:12:03.498243,False,,,17.43,False,0,transition,640x480
3158,2026-09-23T23:12:03.539788,False,,,17.52,False,0,transition,640x480
3159,2026-09-23T23:12:03.569019,True,0.184,0.216,17.53,False,1,transition,640x480
3160,2026-09-23T23:12:03.599567,True,0.184,0.197,17.03,False,1,transition,640x480
3161,2026-09-23T23:12:03.627776,True,0.184,0.177,17.03,False,1,transition,640x480
3162,2026-09-23T23:12:03.659810,False,,,17.02,False,0,transition,640x480
3163,2026-09-23T23:12:03.690864,False,,,17.05,False,0,transition,640x480
3164,2026-09-23T23:12:03.723565,False,,,16.18,False,0,transition,640x480
3165,2026-09-23T23:12:03.759094,False,,,17.52,False,0,transition,640x480
3166,2026-09-23T23:12:03.799205,False,,,17.52,False,0,transition,640x480
3167,2026-09-23T23:12:03.830732,False,,,17.02,False,0,transition,640x480
3168,2026-09-23T23:12:03.862742,False,,,18.01,False,0,transition,640x480
3169,2026-09-23T23:12:03.912370,False,,,17.52,False,0,transition,640x480
3170,2026-09-23T23:12:03.966450,False,,,17.01,False,0,transition,640x480
3171,2026-09-23T23:12:04.000379,False,,,16.52,False,0,transition,640x480
3172,2026-09-23T23:12:04.032401,False,,,17.51,False,0,transition,640x480
3173,2026-09-23T23:12:04.090695,False,,,16.74,False,0,transition,640x480
3174,2026-09-23T23:12:04.125744,False,,,18.01,False,0,transition,640x480
3175,2026-09-23T23:12:04.159915,False,,,17.52,False,0,transition,640x480
3176,2026-09-23T23:12:04.238733,False,,,17.52,False,0,transition,640x480
3177,2026-09-23T23:12:04.278780,False,,,17.03,False,0,transition,640x480
3178,2026-09-23T23:12:04.309826,False,,,17.02,False,0,transition,640x480
3179,2026-09-23T23:12:04.341888,False,,,17.01,False,0,transition,640x480
3180,2026-09-23T23:12:04.372944,False,,,17.01,False,0,transition,640x480
3181,2026-09-23T23:12:04.402106,False,,,17.51,False,0,transition,640x480
3182,2026-09-23T23:12:04.431126,False,,,17.01,False,0,transition,640x480
3183,2026-09-23T23:12:04.462080,False,,,17.01,False,0,transition,640x480
3184,2026-09-23T23:12:04.492136,False,,,17.02,False,0,transition,640x480
3185,2026-09-23T23:12:04.522173,False,,,16.52,False,0,transition,640x480
3186,2026-09-23T23:12:04.558899,False,,,18.02,False,0,transition,640x480
3187,2026-09-23T23:12:04.587805,False,,,16.87,False,0,transition,640x480
3188,2026-09-23T23:12:04.638821,False,,,17.52,False,0,transition,640x480
3189,2026-09-23T23:12:04.678861,False,,,17.02,False,0,transition,640x480
3190,2026-09-23T23:12:04.708959,False,,,17.08,False,0,transition,640x480
3191,2026-09-23T23:12:04.741986,False,,,17.01,False,0,transition,640x480
3192,2026-09-23T23:12:04.772185,False,,,17.51,False,0,transition,640x480
3193,2026-09-23T23:12:04.802267,False,,,17.52,False,0,transition,640x480
3194,2026-09-23T23:12:04.832299,False,,,17.51,False,0,transition,640x480
3195,2026-09-23T23:12:04.861831,False,,,17.02,False,0,transition,640x480
3196,2026-09-23T23:12:04.893886,False,,,17.01,False,0,transition,640x480
3197,2026-09-23T23:12:04.931476,False,,,17.57,False,0,transition,640x480
3198,2026-09-23T23:12:04.978042,False,,,17.04,False,0,transition,640x480
3199,2026-09-23T23:12:05.019178,False,,,16.52,False,0,transition,640x480
3200,2026-09-23T23:12:05.049292,False,,,17.52,False,0,transition,640x480
3201,2026-09-23T23:12:05.079323,False,,,16.52,False,0,transition,640x480
3202,2026-09-23T23:12:05.110089,False,,,17.25,False,0,transition,640x480
3203,2026-09-23T23:12:05.142626,False,,,17.02,False,0,transition,640x480
3204,2026-09-23T23:12:05.172131,False,,,17.51,False,0,transition,640x480
3205,2026-09-23T23:12:05.200177,False,,,17.52,False,0,transition,640x480
3206,2026-09-23T23:12:05.237009,False,,,16.81,False,0,transition,640x480
3207,2026-09-23T23:12:05.279253,False,,,17.06,False,0,transition,640x480
3208,2026-09-23T23:12:05.310766,False,,,17.02,False,0,transition,640x480
3209,2026-09-23T23:12:05.341786,False,,,17.01,False,0,transition,640x480
3210,2026-09-23T23:12:05.372338,False,,,16.51,False,0,transition,640x480
3211,2026-09-23T23:12:05.405895,False,,,17.02,False,0,transition,640x480
3212,2026-09-23T23:12:05.434916,False,,,17.01,False,0,transition,640x480
3213,2026-09-23T23:12:05.464438,False,,,17.01,False,0,transition,640x480
3214,2026-09-23T23:12:05.495287,False,,,18.32,False,0,transition,640x480
3215,2026-09-23T23:12:05.526964,False,,,17.53,False,0,transition,640x480
3216,2026-09-23T23:12:05.558996,False,,,17.02,False,0,transition,640x480
3217,2026-09-23T23:12:05.591141,False,,,16.63,False,0,transition,640x480
3218,2026-09-23T23:12:05.622166,False,,,16.51,False,0,transition,640x480
3219,2026-09-23T23:12:05.667440,False,,,17.01,False,0,transition,640x480
3220,2026-09-23T23:12:05.694989,False,,,17.53,False,0,transition,640x480
3221,2026-09-23T23:12:05.725871,False,,,17.02,False,0,transition,640x480
3222,2026-09-23T23:12:05.759892,False,,,18.02,False,0,transition,640x480
3223,2026-09-23T23:12:05.788593,False,,,17.56,False,0,transition,640x480
3224,2026-09-23T23:12:05.819092,False,,,17.55,False,0,transition,640x480
3225,2026-09-23T23:12:05.848691,False,,,17.02,False,0,transition,640x480
3226,2026-09-23T23:12:05.878083,False,,,17.04,False,0,transition,640x480
3227,2026-09-23T23:12:05.910538,False,,,17.89,False,0,transition,640x480
3228,2026-09-23T23:12:05.945070,False,,,17.52,False,0,transition,640x480
3229,2026-09-23T23:12:05.975098,False,,,17.52,False,0,transition,640x480
3230,2026-09-23T23:12:06.005653,False,,,17.52,False,0,transition,640x480
3231,2026-09-23T23:12:06.033664,False,,,17.51,False,0,transition,640x480
3232,2026-09-23T23:12:06.063690,False,,,17.51,False,0,transition,640x480
3233,2026-09-23T23:12:06.108650,False,,,17.03,False,0,transition,640x480
3234,2026-09-23T23:12:06.140675,False,,,17.02,False,0,transition,640x480
3235,2026-09-23T23:12:06.172799,False,,,17.01,False,0,transition,640x480
3236,2026-09-23T23:12:06.205857,False,,,18.02,False,0,transition,640x480
3237,2026-09-23T23:12:06.236876,False,,,17.01,False,0,transition,640x480
3238,2026-09-23T23:12:06.278239,False,,,17.52,False,0,transition,640x480
3239,2026-09-23T23:12:06.308776,False,,,17.02,False,0,transition,640x480
3240,2026-09-23T23:12:06.340971,False,,,17.19,False,0,transition,640x480
3241,2026-09-23T23:12:06.372101,False,,,17.51,False,0,transition,640x480
3242,2026-09-23T23:12:06.401642,False,,,16.94,False,0,transition,640x480
3243,2026-09-23T23:12:06.432178,False,,,17.01,False,0,transition,640x480
3244,2026-09-23T23:12:06.461739,False,,,17.01,False,0,transition,640x480
3245,2026-09-23T23:12:06.510833,False,,,17.02,False,0,transition,640x480
3246,2026-09-23T23:12:06.542908,False,,,17.02,False,0,transition,640x480
3247,2026-09-23T23:12:06.575031,False,,,17.03,False,0,transition,640x480
3248,2026-09-23T23:12:06.616936,False,,,17.52,False,0,transition,640x480
3249,2026-09-23T23:12:06.645971,False,,,17.02,False,0,transition,640x480
3250,2026-09-23T23:12:06.678021,False,,,17.04,False,0,transition,640x480
3251,2026-09-23T23:12:06.709999,False,,,17.44,False,0,transition,640x480
3252,2026-09-23T23:12:06.742531,False,,,17.01,False,0,transition,640x480
3253,2026-09-23T23:12:06.775126,False,,,17.52,False,0,transition,640x480
3254,2026-09-23T23:12:06.806704,False,,,18.02,False,0,transition,640x480
3255,2026-09-23T23:12:06.842731,False,,,17.01,False,0,transition,640x480
3256,2026-09-23T23:12:06.880475,False,,,17.58,False,0,transition,640x480
3257,2026-09-23T23:12:06.914775,False,,,17.52,False,0,transition,640x480
3258,2026-09-23T23:12:06.943796,False,,,17.01,False,0,transition,640x480
3259,2026-09-23T23:12:06.975338,False,,,17.53,False,0,transition,640x480
3260,2026-09-23T23:12:07.007887,False,,,17.02,False,0,transition,640x480
3261,2026-09-23T23:12:07.049188,False,,,17.07,False,0,transition,640x480
3262,2026-09-23T23:12:07.079224,False,,,16.53,False,0,transition,640x480
3263,2026-09-23T23:12:07.112581,False,,,17.54,False,0,transition,640x480
3264,2026-09-23T23:12:07.143585,False,,,17.99,False,0,transition,640x480
3265,2026-09-23T23:12:07.175183,False,,,17.53,False,0,transition,640x480
3266,2026-09-23T23:12:07.206233,False,,,17.51,False,0,transition,640x480
3267,2026-09-23T23:12:07.243787,False,,,18.02,False,0,transition,640x480
3268,2026-09-23T23:12:07.279337,False,,,16.53,False,0,transition,640x480
3269,2026-09-23T23:12:07.311467,False,,,17.61,False,0,transition,640x480
3270,2026-09-23T23:12:07.342953,False,,,17.01,False,0,transition,640x480
3271,2026-09-23T23:12:07.375499,True,0.211,0.186,17.03,False,1,transition,640x480
3272,2026-09-23T23:12:07.404532,True,0.211,0.195,17.02,False,1,transition,640x480
3273,2026-09-23T23:12:07.436560,True,0.281,0.214,17.52,False,1,transition,640x480
3274,2026-09-23T23:12:07.466819,True,0.281,0.234,17.51,False,1,transition,640x480
3275,2026-09-23T23:12:07.498369,True,0.262,0.249,17.51,False,1,transition,640x480
3276,2026-09-23T23:12:07.524883,True,0.262,0.259,17.01,False,1,transition,640x480
3277,2026-09-23T23:12:07.580859,True,0.500,0.317,19.53,False,1,transition,640x480
3278,2026-09-23T23:12:07.618228,True,0.500,0.361,17.53,False,1,transition,640x480
3279,2026-09-23T23:12:07.648432,True,0.406,0.386,16.60,False,3,transition,640x480
3280,2026-09-23T23:12:07.679461,True,0.406,0.415,16.52,False,3,transition,640x480
3281,2026-09-23T23:12:07.711771,True,0.719,0.506,17.01,False,1,transition,640x480
3282,2026-09-23T23:12:07.741846,True,0.719,0.550,17.01,False,1,transition,640x480
3283,2026-09-23T23:12:07.776383,True,0.719,0.594,16.52,False,1,transition,640x480
3284,2026-09-23T23:12:07.805981,True,0.719,0.656,17.08,False,1,transition,640x480
3285,2026-09-23T23:12:07.842010,True,0.680,0.711,17.01,False,1,transition,640x480
3286,2026-09-23T23:12:07.883573,True,0.680,0.703,17.54,False,1,transition,640x480
3287,2026-09-23T23:12:07.913608,True,0.801,0.720,17.52,False,1,transition,640x480
3288,2026-09-23T23:12:07.945670,True,0.801,0.736,18.05,False,1,transition,640x480
3289,2026-09-23T23:12:07.978822,True,0.656,0.723,17.14,False,2,transition,640x480
3290,2026-09-23T23:12:08.009910,True,0.656,0.719,17.08,False,2,transition,640x480
3291,2026-09-23T23:12:08.042945,True,0.738,0.730,17.02,False,1,transition,640x480
3292,2026-09-23T23:12:08.073492,True,0.738,0.718,17.53,False,1,transition,640x480
3293,2026-09-23T23:12:08.108644,True,0.738,0.705,17.53,False,1,transition,640x480
3294,2026-09-23T23:12:08.149271,True,0.738,0.722,17.54,False,1,transition,640x480
3295,2026-09-23T23:12:08.179294,True,0.719,0.734,17.52,False,1,transition,640x480
3296,2026-09-23T23:12:08.209935,True,0.719,0.730,17.12,False,1,transition,640x480
3297,2026-09-23T23:12:08.245019,True,0.738,0.730,17.08,False,1,transition,640x480
3298,2026-09-23T23:12:08.276444,True,0.738,0.730,17.51,False,1,transition,640x480
3299,2026-09-23T23:12:08.315992,True,0.719,0.727,17.02,False,1,transition,640x480
3300,2026-09-23T23:12:08.353523,True,0.719,0.727,17.01,False,1,transition,640x480
3301,2026-09-23T23:12:08.381408,True,0.754,0.734,17.18,False,1,transition,640x480
3302,2026-09-23T23:12:08.412933,True,0.754,0.737,17.51,False,1,transition,640x480
3303,2026-09-23T23:12:08.443951,True,0.719,0.733,18.01,False,1,transition,640x480
3304,2026-09-23T23:12:08.474613,True,0.719,0.733,17.01,False,1,transition,640x480
3305,2026-09-23T23:12:08.509024,True,0.754,0.740,17.25,False,1,transition,640x480
3306,2026-09-23T23:12:08.542554,True,0.754,0.740,17.01,False,1,transition,640x480
3307,2026-09-23T23:12:08.582354,True,0.754,0.740,17.19,False,1,transition,640x480
3308,2026-09-23T23:12:08.615038,True,0.754,0.747,17.52,False,1,transition,640x480
3309,2026-09-23T23:12:08.647095,True,0.738,0.751,17.55,False,2,transition,640x480
3310,2026-09-23T23:12:08.678700,True,0.738,0.748,17.10,False,2,transition,640x480
3311,2026-09-23T23:12:08.715062,True,0.738,0.745,17.53,False,2,transition,640x480
3312,2026-09-23T23:12:08.758804,True,0.738,0.741,17.53,False,2,transition,640x480
3313,2026-09-23T23:12:08.788991,True,0.754,0.741,17.68,False,2,transition,640x480
3314,2026-09-23T23:12:08.817036,True,0.754,0.745,17.53,False,2,transition,640x480
3315,2026-09-23T23:12:08.848577,True,0.699,0.737,17.53,False,2,transition,640x480
3316,2026-09-23T23:12:08.878035,True,0.699,0.729,17.03,False,2,transition,640x480
3317,2026-09-23T23:12:08.909958,True,0.738,0.729,16.91,False,1,transition,640x480
3318,2026-09-23T23:12:08.943519,True,0.738,0.726,18.01,False,1,transition,640x480
3319,2026-09-23T23:12:08.976893,True,0.719,0.719,18.14,False,1,transition,640x480
3320,2026-09-23T23:12:09.017076,True,0.719,0.723,17.57,False,1,transition,640x480
3321,2026-09-23T23:12:09.051192,True,0.770,0.737,17.61,False,1,transition,640x480
3322,2026-09-23T23:12:09.079222,True,0.770,0.743,17.52,False,1,transition,640x480
3323,2026-09-23T23:12:09.113898,True,0.719,0.739,16.62,False,1,transition,640x480
3324,2026-09-23T23:12:09.155980,True,0.719,0.739,18.02,False,1,transition,640x480
3325,2026-09-23T23:12:09.189018,True,0.770,0.749,17.03,False,1,transition,640x480
3326,2026-09-23T23:12:09.219041,True,0.770,0.749,18.01,False,1,transition,640x480
3327,2026-09-23T23:12:09.249381,True,0.789,0.753,16.76,False,1,transition,640x480
3328,2026-09-23T23:12:09.279059,True,0.789,0.767,17.17,False,1,transition,640x480
3329,2026-09-23T23:12:09.311170,True,0.789,0.781,17.52,False,1,transition,640x480
3330,2026-09-23T23:12:09.343523,True,0.789,0.785,17.83,False,1,transition,640x480
3331,2026-09-23T23:12:09.371829,True,0.801,0.791,17.04,False,1,transition,640x480
3332,2026-09-23T23:12:09.401495,True,0.801,0.794,17.52,False,1,transition,640x480
3333,2026-09-23T23:12:09.451198,True,0.789,0.794,17.60,False,1,transition,640x480
3334,2026-09-23T23:12:09.478775,True,0.789,0.794,17.07,False,1,transition,640x480
3335,2026-09-23T23:12:09.514232,True,0.789,0.794,17.07,False,2,transition,640x480
3336,2026-09-23T23:12:09.558703,True,0.789,0.791,17.52,False,2,transition,640x480
3337,2026-09-23T23:12:09.589852,True,0.770,0.785,17.64,False,2,transition,640x480
3338,2026-09-23T23:12:09.618883,True,0.770,0.781,18.02,False,2,transition,640x480
3339,2026-09-23T23:12:09.647999,True,0.801,0.784,17.52,False,1,transition,640x480
3340,2026-09-23T23:12:09.679030,True,0.801,0.786,16.52,False,1,transition,640x480
3341,2026-09-23T23:12:09.711141,True,0.801,0.788,17.52,False,2,transition,640x480
3342,2026-09-23T23:12:09.742676,True,0.801,0.795,17.01,False,2,transition,640x480
3343,2026-09-23T23:12:09.788951,True,0.754,0.791,17.52,False,1,transition,640x480
3344,2026-09-23T23:12:09.818981,True,0.754,0.782,17.52,False,1,transition,640x480
3345,2026-09-23T23:12:09.851712,True,0.754,0.773,17.02,False,1,transition,640x480
3346,2026-09-23T23:12:09.884908,True,0.754,0.763,19.56,False,1,transition,640x480
3347,2026-09-23T23:12:09.915024,True,0.754,0.754,17.92,False,2,transition,640x480
3348,2026-09-23T23:12:09.944650,True,0.754,0.754,17.12,False,2,transition,640x480
3349,2026-09-23T23:12:09.986730,True,0.754,0.754,17.56,False,1,transition,640x480
3350,2026-09-23T23:12:10.022773,True,0.754,0.754,17.01,False,1,transition,640x480
3351,2026-09-23T23:12:10.055914,True,0.719,0.747,17.28,False,1,transition,640x480
3352,2026-09-23T23:12:10.083941,True,0.719,0.740,17.52,False,1,transition,640x480
3353,2026-09-23T23:12:10.117035,True,0.719,0.733,17.53,False,1,transition,640x480
3354,2026-09-23T23:12:10.148662,True,0.719,0.726,17.03,False,1,transition,640x480
3355,2026-09-23T23:12:10.188874,True,0.613,0.698,18.03,False,2,transition,640x480
3356,2026-09-23T23:12:10.222414,True,0.613,0.677,16.50,False,2,transition,640x480
3357,2026-09-23T23:12:10.257566,True,0.770,0.687,16.63,False,1,transition,640x480
3358,2026-09-23T23:12:10.288094,True,0.770,0.697,17.02,False,1,transition,640x480
3359,2026-09-23T23:12:10.316123,True,0.680,0.689,17.02,False,1,transition,640x480
3360,2026-09-23T23:12:10.349288,True,0.680,0.702,17.52,False,1,transition,640x480
3361,2026-09-23T23:12:10.378802,True,0.500,0.680,17.01,False,1,transition,640x480
3362,2026-09-23T23:12:10.409963,True,0.500,0.626,17.02,False,1,transition,640x480
3363,2026-09-23T23:12:10.441990,True,0.594,0.591,17.01,False,1,transition,640x480
3364,2026-09-23T23:12:10.473546,True,0.594,0.573,17.01,False,1,transition,640x480
3365,2026-09-23T23:12:10.507677,True,0.523,0.542,17.02,False,1,transition,640x480
3366,2026-09-23T23:12:10.549385,True,0.523,0.547,17.52,False,1,transition,640x480
3367,2026-09-23T23:12:10.589754,True,0.453,0.537,17.34,False,1,transition,640x480
3368,2026-09-23T23:12:10.627937,True,0.453,0.509,18.02,False,1,transition,640x480
3369,2026-09-23T23:12:10.661613,True,0.387,0.468,17.65,False,1,transition,640x480
3370,2026-09-23T23:12:10.693757,True,0.387,0.441,17.13,False,1,transition,640x480
3371,2026-09-23T23:12:10.724788,True,0.500,0.436,17.01,False,1,transition,640x480
3372,2026-09-23T23:12:10.768043,True,0.500,0.445,18.02,False,1,transition,640x480
3373,2026-09-23T23:12:10.795726,True,0.500,0.455,16.67,False,1,transition,640x480
3374,2026-09-23T23:12:10.828759,True,0.500,0.477,17.02,False,1,transition,640x480
3375,2026-09-23T23:12:10.859647,True,0.547,0.509,16.88,False,2,transition,640x480
3376,2026-09-23T23:12:10.891186,True,0.547,0.519,17.53,False,2,transition,640x480
3377,2026-09-23T23:12:10.924778,True,0.656,0.550,17.07,False,2,transition,640x480
3378,2026-09-23T23:12:10.969819,True,0.656,0.581,21.51,False,2,transition,640x480
3379,2026-09-23T23:12:11.012755,True,0.738,0.629,17.01,False,1,transition,640x480
3380,2026-09-23T23:12:11.041811,True,0.738,0.667,17.02,False,1,transition,640x480
3381,2026-09-23T23:12:11.074845,True,0.719,0.702,17.02,False,1,transition,640x480
3382,2026-09-23T23:12:11.103980,True,0.719,0.714,17.02,False,1,transition,640x480
3383,2026-09-23T23:12:11.134512,True,0.637,0.710,17.52,False,3,transition,640x480
3384,2026-09-23T23:12:11.166239,True,0.637,0.690,17.52,False,3,transition,640x480
3385,2026-09-23T23:12:11.195780,True,0.656,0.673,16.53,False,2,transition,640x480
3386,2026-09-23T23:12:11.227798,True,0.656,0.661,18.00,False,2,transition,640x480
3387,2026-09-23T23:12:11.257513,True,0.523,0.622,16.52,False,1,transition,640x480
3388,2026-09-23T23:12:11.289305,True,0.523,0.599,17.29,False,1,transition,640x480
3389,2026-09-23T23:12:11.324832,True,0.523,0.577,17.01,False,1,transition,640x480
3390,2026-09-23T23:12:11.365401,True,0.523,0.550,18.01,False,1,transition,640x480
3391,2026-09-23T23:12:11.394935,True,0.430,0.505,17.03,False,2,transition,640x480
3392,2026-09-23T23:12:11.424959,True,0.430,0.486,17.01,False,2,transition,640x480
3393,2026-09-23T23:12:11.461001,True,0.344,0.450,17.02,False,1,transition,640x480
3394,2026-09-23T23:12:11.488611,True,0.344,0.414,17.54,False,1,transition,640x480
3395,2026-09-23T23:12:11.523704,True,0.320,0.373,18.01,False,1,transition,640x480
3396,2026-09-23T23:12:11.565007,True,0.320,0.352,17.52,False,1,transition,640x480
3397,2026-09-23T23:12:11.597173,True,0.523,0.370,17.66,False,1,transition,640x480
3398,2026-09-23T23:12:11.628700,True,0.523,0.406,17.02,False,1,transition,640x480
3399,2026-09-23T23:12:11.659637,True,0.406,0.419,16.93,False,1,transition,640x480
3400,2026-09-23T23:12:11.691166,True,0.406,0.436,17.52,False,1,transition,640x480
3401,2026-09-23T23:12:11.724722,True,0.344,0.441,17.04,False,1,transition,640x480
3402,2026-09-23T23:12:11.766986,True,0.344,0.405,17.52,False,1,transition,640x480
3403,2026-09-23T23:12:11.796004,True,0.344,0.369,16.51,False,1,transition,640x480
3404,2026-09-23T23:12:11.825937,True,0.477,0.383,17.02,False,1,transition,640x480
3405,2026-09-23T23:12:11.860973,True,0.500,0.402,17.02,False,2,transition,640x480
3406,2026-09-23T23:12:11.890509,True,0.500,0.433,16.52,False,2,transition,640x480
3407,2026-09-23T23:12:11.922061,True,0.500,0.464,16.57,False,2,transition,640x480
3408,2026-09-23T23:12:11.950592,True,0.500,0.495,17.02,False,2,transition,640x480
3409,2026-09-23T23:12:11.980616,True,0.594,0.519,17.02,False,3,transition,640x480
3410,2026-09-23T23:12:12.010943,True,0.594,0.537,17.30,False,3,transition,640x480
3411,2026-09-23T23:12:12.059984,True,0.613,0.560,18.02,False,2,transition,640x480
3412,2026-09-23T23:12:12.092020,True,0.613,0.583,17.52,False,2,transition,640x480
3413,2026-09-23T23:12:12.124658,True,0.738,0.630,17.53,False,2,transition,640x480
3414,2026-09-23T23:12:12.150849,True,0.738,0.659,16.96,False,2,transition,640x480
3415,2026-09-23T23:12:12.184897,True,0.738,0.688,19.03,False,2,transition,640x480
3416,2026-09-23T23:12:12.211980,True,0.594,0.684,17.58,False,2,transition,640x480
3417,2026-09-23T23:12:12.251021,True,0.156,0.593,17.02,False,1,transition,640x480
3418,2026-09-23T23:12:12.289054,True,0.156,0.477,17.02,False,1,transition,640x480
3419,2026-09-23T23:12:12.319101,True,0.184,0.366,17.53,False,2,transition,640x480
3420,2026-09-23T23:12:12.349502,True,0.184,0.255,17.87,False,2,transition,640x480
3421,2026-09-23T23:12:12.395555,False,,,18.02,False,0,transition,640x480
3422,2026-09-23T23:12:12.431091,False,,,17.52,False,0,transition,640x480
3423,2026-09-23T23:12:12.460018,True,0.168,0.170,17.42,False,2,transition,640x480
3424,2026-09-23T23:12:12.491058,True,0.168,0.172,17.52,False,2,transition,640x480
3425,2026-09-23T23:12:12.521837,True,0.168,0.174,17.01,False,2,transition,640x480
3426,2026-09-23T23:12:12.551384,True,0.406,0.219,17.52,False,2,transition,640x480
3427,2026-09-23T23:12:12.580920,True,0.406,0.263,17.03,False,2,transition,640x480
3428,2026-09-23T23:12:12.610710,True,0.262,0.282,17.02,False,1,transition,640x480
3429,2026-09-23T23:12:12.650450,True,0.184,0.285,16.62,False,1,transition,640x480
3430,2026-09-23T23:12:12.688124,True,0.184,0.288,17.03,False,1,transition,640x480
3431,2026-09-23T23:12:12.719155,True,0.301,0.267,18.02,False,2,transition,640x480
3432,2026-09-23T23:12:12.749575,True,0.301,0.246,17.52,False,2,transition,640x480
3433,2026-09-23T23:12:12.795647,True,0.406,0.275,18.08,False,1,transition,640x480
3434,2026-09-23T23:12:12.825671,True,0.406,0.320,18.01,False,1,transition,640x480
3435,2026-09-23T23:12:12.858925,True,0.656,0.414,17.05,False,2,transition,640x480
3436,2026-09-23T23:12:12.888999,True,0.656,0.485,17.57,False,2,transition,640x480
3437,2026-09-23T23:12:12.922276,True,0.656,0.556,17.51,False,2,transition,640x480
3438,2026-09-23T23:12:12.949497,True,0.547,0.584,17.52,False,2,transition,640x480
3439,2026-09-23T23:12:12.980536,True,0.547,0.613,17.03,False,2,transition,640x480
3440,2026-09-23T23:12:13.011119,True,0.320,0.545,17.02,False,1,transition,640x480
3441,2026-09-23T23:12:13.051305,True,0.344,0.483,17.56,False,1,transition,640x480
3442,2026-09-23T23:12:13.088030,True,0.344,0.420,17.03,False,1,transition,640x480
3443,2026-09-23T23:12:13.131188,True,0.547,0.420,17.53,False,1,transition,640x480
3444,2026-09-23T23:12:13.166360,True,0.547,0.420,17.01,False,1,transition,640x480
3445,2026-09-23T23:12:13.194890,True,0.477,0.452,17.02,False,1,transition,640x480
3446,2026-09-23T23:12:13.226926,True,0.477,0.478,17.02,False,1,transition,640x480
3447,2026-09-23T23:12:13.258974,True,0.477,0.505,17.03,False,1,transition,640x480
3448,2026-09-23T23:12:13.288800,True,0.301,0.455,17.82,False,1,transition,640x480
3449,2026-09-23T23:12:13.322858,True,0.301,0.406,17.01,False,1,transition,640x480
3450,2026-09-23T23:12:13.365397,True,0.262,0.363,18.01,False,1,transition,640x480
3451,2026-09-23T23:12:13.395995,True,0.262,0.320,18.09,False,1,transition,640x480
3452,2026-09-23T23:12:13.425629,True,0.262,0.277,17.01,False,1,transition,640x480
3453,2026-09-23T23:12:13.457828,True,0.262,0.270,17.02,False,1,transition,640x480
3454,2026-09-23T23:12:13.489612,True,0.262,0.262,18.28,False,1,transition,640x480
3455,2026-09-23T23:12:13.530736,True,0.281,0.266,17.01,False,1,transition,640x480
3456,2026-09-23T23:12:13.564958,True,0.281,0.270,17.59,False,1,transition,640x480
3457,2026-09-23T23:12:13.596514,True,0.281,0.273,17.04,False,1,transition,640x480
3458,2026-09-23T23:12:13.625813,True,0.281,0.277,17.02,False,1,transition,640x480
3459,2026-09-23T23:12:13.658890,True,0.281,0.281,17.06,False,1,transition,640x480
3460,2026-09-23T23:12:13.689500,True,0.184,0.262,17.60,False,1,transition,640x480
3461,2026-09-23T23:12:13.724556,True,0.184,0.242,19.01,False,1,transition,640x480
3462,2026-09-23T23:12:13.766362,True,0.262,0.238,17.01,False,1,phone_screen_side_half_face,640x480
3463,2026-09-23T23:12:13.795909,True,0.262,0.234,16.53,False,1,phone_screen_side_half_face,640x480
3464,2026-09-23T23:12:13.826936,True,0.230,0.224,17.01,False,1,phone_screen_side_half_face,640x480
3465,2026-09-23T23:12:13.866468,True,0.301,0.248,17.01,False,1,phone_screen_side_half_face,640x480
3466,2026-09-23T23:12:13.906585,True,0.301,0.271,17.60,False,1,phone_screen_side_half_face,640x480
3467,2026-09-23T23:12:13.938632,True,0.168,0.252,17.52,False,1,phone_screen_side_half_face,640x480
3468,2026-09-23T23:12:13.968209,True,0.168,0.234,17.02,False,1,phone_screen_side_half_face,640x480
3469,2026-09-23T23:12:13.999238,True,0.168,0.221,17.52,False,1,phone_screen_side_half_face,640x480
3470,2026-09-23T23:12:14.029751,True,0.230,0.207,17.01,False,1,phone_screen_side_half_face,640x480
3471,2026-09-23T23:12:14.060860,True,0.230,0.193,17.02,False,1,phone_screen_side_half_face,640x480
3472,2026-09-23T23:12:14.091908,True,0.281,0.216,18.04,False,1,phone_screen_side_half_face,640x480
3473,2026-09-23T23:12:14.121935,True,0.281,0.238,17.01,False,1,phone_screen_side_half_face,640x480
3474,2026-09-23T23:12:14.157736,True,0.246,0.254,17.11,False,1,phone_screen_side_half_face,640x480
3475,2026-09-23T23:12:14.200278,True,0.246,0.257,17.51,False,1,phone_screen_side_half_face,640x480
3476,2026-09-23T23:12:14.230850,True,0.184,0.248,17.06,False,1,phone_screen_side_half_face,640x480
3477,2026-09-23T23:12:14.267260,True,0.199,0.231,18.01,False,1,phone_screen_side_half_face,640x480
3478,2026-09-23T23:12:14.307835,True,0.199,0.215,17.02,False,1,phone_screen_side_half_face,640x480
3479,2026-09-23T23:12:14.340856,True,0.281,0.222,17.01,False,1,phone_screen_side_half_face,640x480
3480,2026-09-23T23:12:14.370884,True,0.281,0.229,17.01,False,1,phone_screen_side_half_face,640x480
3481,2026-09-23T23:12:14.397509,True,0.281,0.248,17.02,False,1,phone_screen_side_half_face,640x480
3482,2026-09-23T23:12:14.429904,True,0.301,0.269,17.01,False,1,phone_screen_side_half_face,640x480
3483,2026-09-23T23:12:14.460288,True,0.301,0.289,16.74,False,1,phone_screen_side_half_face,640x480
3484,2026-09-23T23:12:14.491900,True,0.211,0.275,17.01,False,1,phone_screen_side_half_face,640x480
3485,2026-09-23T23:12:14.523928,True,0.211,0.261,18.01,False,1,phone_screen_side_half_face,640x480
3486,2026-09-23T23:12:14.558961,False,,,17.02,False,0,phone_screen_side_half_face,640x480
3487,2026-09-23T23:12:14.601438,False,,,17.46,False,0,phone_screen_side_half_face,640x480
3488,2026-09-23T23:12:14.631013,True,0.301,0.265,17.07,False,1,phone_screen_side_half_face,640x480
3489,2026-09-23T23:12:14.667066,True,0.199,0.245,17.53,False,1,phone_screen_side_half_face,640x480
3490,2026-09-23T23:12:14.695124,True,0.199,0.224,17.55,False,1,phone_screen_side_half_face,640x480
3491,2026-09-23T23:12:14.725828,True,0.199,0.222,17.02,False,1,phone_screen_side_half_face,640x480
3492,2026-09-23T23:12:14.756868,True,0.230,0.226,17.02,False,1,phone_screen_side_half_face,640x480
3493,2026-09-23T23:12:14.787900,True,0.230,0.212,17.03,False,1,phone_screen_side_half_face,640x480
3494,2026-09-23T23:12:14.815957,True,0.281,0.228,17.24,False,1,phone_screen_side_half_face,640x480
3495,2026-09-23T23:12:14.850421,True,0.281,0.245,17.54,False,1,phone_screen_side_half_face,640x480
3496,2026-09-23T23:12:14.880437,True,0.477,0.300,17.51,False,2,phone_screen_side_half_face,640x480
3497,2026-09-23T23:12:14.912328,True,0.477,0.349,17.52,False,2,phone_screen_side_half_face,640x480
3498,2026-09-23T23:12:14.946384,True,0.168,0.337,17.52,False,1,phone_screen_side_half_face,640x480
3499,2026-09-23T23:12:14.973899,True,0.168,0.314,17.01,False,1,phone_screen_side_half_face,640x480
3500,2026-09-23T23:12:15.005937,True,0.281,0.314,17.02,False,1,phone_screen_side_half_face,640x480
3501,2026-09-23T23:12:15.069983,True,0.320,0.283,20.52,False,1,phone_screen_side_half_face,640x480
3502,2026-09-23T23:12:15.100020,True,0.320,0.252,17.52,False,1,phone_screen_side_half_face,640x480
3503,2026-09-23T23:12:15.131078,True,0.320,0.282,17.53,False,1,phone_screen_side_half_face,640x480
3504,2026-09-23T23:12:15.161634,True,0.281,0.305,17.01,False,1,phone_screen_side_half_face,640x480
3505,2026-09-23T23:12:15.193667,True,0.281,0.305,18.01,False,1,phone_screen_side_half_face,640x480
3506,2026-09-23T23:12:15.232227,True,0.320,0.305,17.01,False,1,phone_screen_side_half_face,640x480
3507,2026-09-23T23:12:15.272266,True,0.320,0.305,16.51,False,1,phone_screen_side_half_face,640x480
3508,2026-09-23T23:12:15.301035,True,0.301,0.301,17.51,False,1,phone_screen_side_half_face,640x480
3509,2026-09-23T23:12:15.331087,True,0.301,0.305,17.53,False,1,phone_screen_side_half_face,640x480
3510,2026-09-23T23:12:15.362653,True,0.320,0.312,18.01,False,1,phone_screen_side_half_face,640x480
3511,2026-09-23T23:12:15.395181,True,0.320,0.312,17.51,False,1,phone_screen_side_half_face,640x480
3512,2026-09-23T23:12:15.424715,True,0.301,0.309,17.53,False,1,phone_screen_side_half_face,640x480
3513,2026-09-23T23:12:15.454971,True,0.301,0.309,17.04,False,1,phone_screen_side_half_face,640x480
3514,2026-09-23T23:12:15.488281,True,0.344,0.317,17.28,False,1,phone_screen_side_half_face,640x480
3515,2026-09-23T23:12:15.516770,True,0.344,0.322,17.53,False,1,phone_screen_side_half_face,640x480
3516,2026-09-23T23:12:15.548493,True,0.344,0.327,17.72,False,1,phone_screen_side_half_face,640x480
3517,2026-09-23T23:12:15.578524,True,0.344,0.335,17.52,False,1,phone_screen_side_half_face,640x480
3518,2026-09-23T23:12:15.610160,True,0.281,0.331,17.61,False,1,phone_screen_side_half_face,640x480
3519,2026-09-23T23:12:15.640941,True,0.281,0.319,17.26,False,1,phone_screen_side_half_face,640x480
3520,2026-09-23T23:12:15.671388,True,0.320,0.314,17.51,False,1,phone_screen_side_half_face,640x480
3521,2026-09-23T23:12:15.702436,True,0.320,0.309,17.51,False,1,phone_screen_side_half_face,640x480
3522,2026-09-23T23:12:15.741046,True,0.344,0.309,17.09,False,1,phone_screen_side_half_face,640x480
3523,2026-09-23T23:12:15.781088,True,0.344,0.322,17.52,False,1,phone_screen_side_half_face,640x480
3524,2026-09-23T23:12:15.811703,True,0.230,0.312,17.03,False,1,phone_screen_side_half_face,640x480
3525,2026-09-23T23:12:15.842724,True,0.230,0.294,17.01,False,1,phone_screen_side_half_face,640x480
3526,2026-09-23T23:12:15.876973,True,0.320,0.294,17.02,False,1,phone_screen_side_half_face,640x480
3527,2026-09-23T23:12:15.907014,True,0.320,0.289,17.03,False,1,phone_screen_side_half_face,640x480
3528,2026-09-23T23:12:15.935550,True,0.320,0.284,17.52,False,1,phone_screen_side_half_face,640x480
3529,2026-09-23T23:12:15.982095,True,0.320,0.302,17.01,False,1,phone_screen_side_half_face,640x480
3530,2026-09-23T23:12:16.012294,True,0.387,0.334,17.52,False,1,phone_screen_side_half_face,640x480
3531,2026-09-23T23:12:16.042902,True,0.387,0.347,17.09,False,1,phone_screen_side_half_face,640x480
3532,2026-09-23T23:12:16.073519,True,0.281,0.339,17.52,False,1,phone_screen_side_half_face,640x480
3533,2026-09-23T23:12:16.105046,True,0.281,0.331,17.51,False,1,phone_screen_side_half_face,640x480
3534,2026-09-23T23:12:16.139580,True,0.281,0.323,17.51,False,1,phone_screen_side_half_face,640x480
3535,2026-09-23T23:12:16.166349,True,0.281,0.302,17.01,False,1,phone_screen_side_half_face,640x480
3536,2026-09-23T23:12:16.203624,True,0.211,0.267,17.76,False,1,phone_screen_side_half_face,640x480
3537,2026-09-23T23:12:16.242551,True,0.211,0.253,17.02,False,1,phone_screen_side_half_face,640x480
3538,2026-09-23T23:12:16.273764,True,0.281,0.253,17.01,False,1,phone_screen_side_half_face,640x480
3539,2026-09-23T23:12:16.302585,True,0.281,0.253,16.80,False,1,phone_screen_side_half_face,640x480
3540,2026-09-23T23:12:16.334603,True,0.199,0.237,17.53,False,1,phone_screen_side_half_face,640x480
3541,2026-09-23T23:12:16.364191,True,0.199,0.234,17.01,False,1,phone_screen_side_half_face,640x480
3542,2026-09-23T23:12:16.394716,True,0.262,0.245,17.02,False,1,phone_screen_side_half_face,640x480
3543,2026-09-23T23:12:16.425757,True,0.262,0.241,17.52,False,1,phone_screen_side_half_face,640x480
3544,2026-09-23T23:12:16.473673,True,0.230,0.230,16.85,False,1,phone_screen_side_half_face,640x480
3545,2026-09-23T23:12:16.502277,True,0.230,0.237,17.52,False,1,phone_screen_side_half_face,640x480
3546,2026-09-23T23:12:16.539395,True,0.281,0.253,17.60,False,1,phone_screen_side_half_face,640x480
3547,2026-09-23T23:12:16.581436,True,0.281,0.257,17.52,False,1,phone_screen_side_half_face,640x480
3548,2026-09-23T23:12:16.611596,True,0.230,0.251,17.04,False,1,phone_screen_side_half_face,640x480
3549,2026-09-23T23:12:16.642606,True,0.230,0.251,17.00,False,1,phone_screen_side_half_face,640x480
3550,2026-09-23T23:12:16.674724,True,0.320,0.269,17.01,False,1,phone_screen_side_half_face,640x480
3551,2026-09-23T23:12:16.701350,True,0.320,0.277,17.61,False,1,transition,640x480
3552,2026-09-23T23:12:16.736895,True,0.344,0.289,17.53,False,1,transition,640x480
3553,2026-09-23T23:12:16.766974,True,0.344,0.312,17.52,False,1,transition,640x480
3554,2026-09-23T23:12:16.797099,True,0.262,0.318,18.12,False,1,transition,640x480
3555,2026-09-23T23:12:16.826890,True,0.262,0.306,17.51,False,1,transition,640x480
3556,2026-09-23T23:12:16.874922,True,0.344,0.311,17.01,False,1,transition,640x480
3557,2026-09-23T23:12:16.905957,True,0.344,0.311,18.02,False,1,transition,640x480
3558,2026-09-23T23:12:16.938939,True,0.301,0.302,16.97,False,1,transition,640x480
3559,2026-09-23T23:12:16.968466,True,0.301,0.310,17.53,False,1,transition,640x480
3560,2026-09-23T23:12:17.003789,True,0.453,0.348,17.01,False,1,transition,640x480
3561,2026-09-23T23:12:17.044844,True,0.453,0.370,17.02,False,1,transition,640x480
3562,2026-09-23T23:12:17.075866,True,0.406,0.383,17.01,False,1,transition,640x480
3563,2026-09-23T23:12:17.104901,True,0.406,0.404,17.02,False,1,transition,640x480
3564,2026-09-23T23:12:17.136973,True,0.363,0.416,18.02,False,1,transition,640x480
3565,2026-09-23T23:12:17.167213,True,0.363,0.398,16.72,False,1,transition,640x480
3566,2026-09-23T23:12:17.211306,True,0.344,0.377,17.58,False,1,transition,640x480
3567,2026-09-23T23:12:17.244119,True,0.344,0.364,17.27,False,1,transition,640x480
3568,2026-09-23T23:12:17.274655,True,0.230,0.329,17.01,False,1,transition,640x480
3569,2026-09-23T23:12:17.303683,True,0.230,0.302,18.02,False,1,transition,640x480
3570,2026-09-23T23:12:17.338740,True,0.184,0.266,17.52,False,1,transition,640x480
3571,2026-09-23T23:12:17.375808,True,0.184,0.234,17.01,False,1,transition,640x480
3572,2026-09-23T23:12:17.411437,True,0.230,0.212,17.52,False,1,transition,640x480
3573,2026-09-23T23:12:17.440958,True,0.230,0.212,17.01,False,1,transition,640x480
3574,2026-09-23T23:12:17.472210,True,0.230,0.212,17.51,False,1,transition,640x480
3575,2026-09-23T23:12:17.502386,True,0.230,0.221,17.52,False,1,transition,640x480
3576,2026-09-23T23:12:17.532032,True,0.363,0.257,17.01,False,2,transition,640x480
3577,2026-09-23T23:12:17.564093,True,0.363,0.284,17.52,False,2,transition,640x480
3578,2026-09-23T23:12:17.610958,True,0.156,0.269,16.82,False,1,transition,640x480
3579,2026-09-23T23:12:17.640543,True,0.156,0.254,17.07,False,1,transition,640x480
3580,2026-09-23T23:12:17.675619,False,,,17.01,False,0,transition,640x480
3581,2026-09-23T23:12:17.702146,False,,,16.51,False,0,transition,640x480
3582,2026-09-23T23:12:17.739687,False,,,17.52,False,0,transition,640x480
3583,2026-09-23T23:12:17.778743,False,,,17.02,False,0,transition,640x480
3584,2026-09-23T23:12:17.809777,False,,,17.02,False,0,transition,640x480
3585,2026-09-23T23:12:17.839826,False,,,17.02,False,0,transition,640x480
3586,2026-09-23T23:12:17.870926,False,,,17.01,False,0,transition,640x480
3587,2026-09-23T23:12:17.901500,False,,,17.56,False,0,transition,640x480
3588,2026-09-23T23:12:17.947135,True,0.168,0.241,17.56,False,1,transition,640x480
3589,2026-09-23T23:12:17.978662,True,0.168,0.202,17.02,False,1,transition,640x480
3590,2026-09-23T23:12:18.011262,False,,,17.59,False,0,transition,640x480
3591,2026-09-23T23:12:18.040764,False,,,17.00,False,0,transition,640x480
3592,2026-09-23T23:12:18.075293,True,0.168,0.163,16.51,False,1,transition,640x480
3593,2026-09-23T23:12:18.116997,True,0.168,0.166,16.52,False,1,transition,640x480
3594,2026-09-23T23:12:18.149522,True,0.281,0.191,17.52,False,1,transition,640x480
3595,2026-09-23T23:12:18.177626,True,0.281,0.213,17.02,False,1,transition,640x480
3596,2026-09-23T23:12:18.210585,False,,,17.95,False,0,transition,640x480
3597,2026-09-23T23:12:18.240155,False,,,16.56,False,0,transition,640x480
3598,2026-09-23T23:12:18.271180,False,,,17.51,False,0,transition,640x480
3599,2026-09-23T23:12:18.301057,False,,,17.52,False,0,transition,640x480
3600,2026-09-23T23:12:18.345865,False,,,16.27,False,0,transition,640x480
3601,2026-09-23T23:12:18.377895,False,,,18.02,False,0,transition,640x480
3602,2026-09-23T23:12:18.411173,False,,,17.53,False,0,transition,640x480
3603,2026-09-23T23:12:18.440706,False,,,17.02,False,0,transition,640x480
3604,2026-09-23T23:12:18.474882,False,,,17.01,False,0,transition,640x480
3605,2026-09-23T23:12:18.519947,False,,,20.52,False,0,transition,640x480
3606,2026-09-23T23:12:18.545975,False,,,16.52,False,0,transition,640x480
3607,2026-09-23T23:12:18.578534,False,,,17.54,False,0,transition,640x480
3608,2026-09-23T23:12:18.610131,False,,,17.59,False,0,transition,640x480
3609,2026-09-23T23:12:18.640654,False,,,17.01,False,0,transition,640x480
3610,2026-09-23T23:12:18.682248,False,,,17.01,False,0,transition,640x480
3611,2026-09-23T23:12:18.718862,False,,,17.53,False,0,transition,640x480
3612,2026-09-23T23:12:18.748187,False,,,17.31,False,0,transition,640x480
3613,2026-09-23T23:12:18.778714,False,,,17.02,False,0,transition,640x480
3614,2026-09-23T23:12:18.811211,False,,,17.45,False,0,transition,640x480
3615,2026-09-23T23:12:18.840741,False,,,17.01,False,0,transition,640x480
3616,2026-09-23T23:12:18.874782,False,,,17.01,False,0,transition,640x480
3617,2026-09-23T23:12:18.902308,False,,,16.51,False,0,transition,640x480
3618,2026-09-23T23:12:18.938868,False,,,17.03,False,0,transition,640x480
3619,2026-09-23T23:12:18.978973,False,,,17.02,False,0,transition,640x480
3620,2026-09-23T23:12:19.011971,False,,,17.53,False,0,transition,640x480
3621,2026-09-23T23:12:19.042377,False,,,17.56,False,0,transition,640x480
3622,2026-09-23T23:12:19.082414,False,,,16.51,False,0,transition,640x480
3623,2026-09-23T23:12:19.121095,False,,,16.59,False,0,transition,640x480
3624,2026-09-23T23:12:19.152353,False,,,17.73,False,0,transition,640x480
3625,2026-09-23T23:12:19.181972,False,,,17.11,False,0,transition,640x480
3626,2026-09-23T23:12:19.212177,False,,,17.19,False,0,transition,640x480
3627,2026-09-23T23:12:19.242710,False,,,17.01,False,0,transition,640x480
3628,2026-09-23T23:12:19.274858,False,,,17.01,False,0,transition,640x480
3629,2026-09-23T23:12:19.302383,False,,,16.51,False,0,transition,640x480
3630,2026-09-23T23:12:19.338935,False,,,17.03,False,0,transition,640x480
3631,2026-09-23T23:12:19.380672,False,,,17.01,False,0,transition,640x480
3632,2026-09-23T23:12:19.418943,False,,,17.52,False,0,transition,640x480
3633,2026-09-23T23:12:19.458845,False,,,17.52,False,0,transition,640x480
3634,2026-09-23T23:12:19.489880,False,,,17.03,False,0,transition,640x480
3635,2026-09-23T23:12:19.520953,False,,,17.02,False,0,transition,640x480
3636,2026-09-23T23:12:19.551406,False,,,17.02,False,0,transition,640x480
3637,2026-09-23T23:12:19.582434,False,,,16.51,False,0,transition,640x480
3638,2026-09-23T23:12:19.613794,False,,,17.23,False,0,transition,640x480
3639,2026-09-23T23:12:19.645668,False,,,16.83,False,0,transition,640x480
3640,2026-09-23T23:12:19.677696,False,,,20.02,False,0,transition,640x480
3641,2026-09-23T23:12:19.706887,False,,,17.53,False,0,transition,640x480
3642,2026-09-23T23:12:19.738923,False,,,17.02,False,0,transition,640x480
3643,2026-09-23T23:12:19.769938,False,,,17.01,False,0,transition,640x480
3644,2026-09-23T23:12:19.819428,False,,,17.92,False,0,transition,640x480
3645,2026-09-23T23:12:19.849464,False,,,17.03,False,0,transition,640x480
3646,2026-09-23T23:12:19.882490,False,,,16.51,False,0,transition,640x480
3647,2026-09-23T23:12:19.914162,False,,,17.60,False,0,transition,640x480
3648,2026-09-23T23:12:19.947264,False,,,17.59,False,0,transition,640x480
3649,2026-09-23T23:12:19.974782,False,,,17.01,False,0,transition,640x480
3650,2026-09-23T23:12:20.011441,False,,,17.53,False,0,transition,640x480
3651,2026-09-23T23:12:20.038978,False,,,17.03,False,0,transition,640x480
3652,2026-09-23T23:12:20.075788,False,,,17.02,False,0,transition,640x480
3653,2026-09-23T23:12:20.116069,False,,,16.66,False,0,transition,640x480
3654,2026-09-23T23:12:20.147094,True,0.262,0.232,17.52,False,1,transition,640x480
3655,2026-09-23T23:12:20.178708,True,0.262,0.251,17.02,False,1,transition,640x480
3656,2026-09-23T23:12:20.219080,True,0.320,0.281,17.55,False,2,transition,640x480
3657,2026-09-23T23:12:20.253984,True,0.320,0.289,16.51,False,2,transition,640x480
3658,2026-09-23T23:12:20.292013,True,0.246,0.282,17.01,False,2,transition,640x480
3659,2026-09-23T23:12:20.332072,True,0.246,0.279,17.01,False,2,transition,640x480
3660,2026-09-23T23:12:20.364208,True,0.168,0.260,16.71,False,1,transition,640x480
3661,2026-09-23T23:12:20.395061,True,0.168,0.230,17.34,False,1,transition,640x480
3662,2026-09-23T23:12:20.426560,True,0.184,0.202,17.59,False,1,transition,640x480
3663,2026-09-23T23:12:20.455726,True,0.184,0.190,17.02,False,1,transition,640x480
3664,2026-09-23T23:12:20.490754,False,,,17.02,False,0,transition,640x480
3665,2026-09-23T23:12:20.517950,False,,,17.60,False,0,transition,640x480
3666,2026-09-23T23:12:20.554698,True,0.184,0.177,17.05,False,2,transition,640x480
3667,2026-09-23T23:12:20.594220,True,0.184,0.180,16.51,False,2,transition,640x480
3668,2026-09-23T23:12:20.622210,True,0.246,0.196,16.61,False,3,transition,640x480
3669,2026-09-23T23:12:20.654916,True,0.246,0.209,17.19,False,3,transition,640x480
3670,2026-09-23T23:12:20.689937,True,0.184,0.209,18.01,False,1,transition,640x480
3671,2026-09-23T23:12:20.719006,True,0.184,0.209,17.52,False,1,transition,640x480
3672,2026-09-23T23:12:20.749520,True,0.246,0.221,17.52,False,2,transition,640x480
3673,2026-09-23T23:12:20.780718,True,0.246,0.221,18.02,False,2,transition,640x480
3674,2026-09-23T23:12:20.811410,True,0.281,0.228,17.53,False,3,transition,640x480
3675,2026-09-23T23:12:20.841697,True,0.281,0.248,16.78,False,3,transition,640x480
3676,2026-09-23T23:12:20.874968,True,0.430,0.297,17.06,False,3,transition,640x480
3677,2026-09-23T23:12:20.904997,True,0.430,0.334,17.02,False,3,transition,640x480
3678,2026-09-23T23:12:20.961516,True,0.246,0.334,17.52,False,1,transition,640x480
3679,2026-09-23T23:12:20.995945,True,0.246,0.327,16.42,False,1,transition,640x480
3680,2026-09-23T23:12:21.028631,False,,,17.53,False,0,transition,640x480
3681,2026-09-23T23:12:21.060705,False,,,18.05,False,0,transition,640x480
3682,2026-09-23T23:12:21.090731,False,,,17.02,False,0,transition,640x480
3683,2026-09-23T23:12:21.122862,False,,,17.01,False,0,transition,640x480
3684,2026-09-23T23:12:21.155902,False,,,18.02,False,0,transition,640x480
3685,2026-09-23T23:12:21.184849,False,,,16.94,False,0,transition,640x480
3686,2026-09-23T23:12:21.215344,False,,,16.75,False,0,transition,640x480
3687,2026-09-23T23:12:21.247375,False,,,17.53,False,0,transition,640x480
3688,2026-09-23T23:12:21.292164,False,,,17.01,False,0,transition,640x480
3689,2026-09-23T23:12:21.326774,False,,,17.09,False,0,transition,640x480
3690,2026-09-23T23:12:21.355920,False,,,18.02,False,0,transition,640x480
3691,2026-09-23T23:12:21.391949,False,,,17.01,False,0,transition,640x480
3692,2026-09-23T23:12:21.432039,False,,,17.01,False,0,transition,640x480
3693,2026-09-23T23:12:21.464116,False,,,17.01,False,0,transition,640x480
3694,2026-09-23T23:12:21.494981,False,,,17.36,False,0,transition,640x480
3695,2026-09-23T23:12:21.525588,False,,,17.60,False,0,transition,640x480
3696,2026-09-23T23:12:21.558539,False,,,16.94,False,0,transition,640x480
3697,2026-09-23T23:12:21.593559,False,,,18.01,False,0,transition,640x480
3698,2026-09-23T23:12:21.632181,False,,,17.01,False,0,transition,640x480
3699,2026-09-23T23:12:21.664240,False,,,17.01,False,0,transition,640x480
3700,2026-09-23T23:12:21.695067,False,,,17.32,False,0,transition,640x480
3701,2026-09-23T23:12:21.724641,False,,,17.03,False,0,transition,640x480
3702,2026-09-23T23:12:21.757908,False,,,17.02,False,0,transition,640x480
3703,2026-09-23T23:12:21.790956,False,,,17.04,False,0,transition,640x480
3704,2026-09-23T23:12:21.832136,False,,,17.01,False,0,transition,640x480
3705,2026-09-23T23:12:21.865195,False,,,17.02,False,0,transition,640x480
3706,2026-09-23T23:12:21.894884,False,,,17.18,False,0,transition,640x480
3707,2026-09-23T23:12:21.924910,False,,,17.02,False,0,transition,640x480
3708,2026-09-23T23:12:21.954944,False,,,17.02,False,0,transition,640x480
3709,2026-09-23T23:12:21.989971,False,,,17.02,False,0,transition,640x480
3710,2026-09-23T23:12:22.026616,False,,,17.53,False,0,transition,640x480
3711,2026-09-23T23:12:22.065860,False,,,16.52,False,0,transition,640x480
3712,2026-09-23T23:12:22.096391,False,,,17.53,False,0,transition,640x480
3713,2026-09-23T23:12:22.124525,False,,,17.53,False,0,transition,640x480
3714,2026-09-23T23:12:22.158789,False,,,17.27,False,0,transition,640x480
3715,2026-09-23T23:12:22.192766,False,,,17.51,False,0,transition,640x480
3716,2026-09-23T23:12:22.222861,False,,,17.01,False,0,transition,640x480
3717,2026-09-23T23:12:22.252404,False,,,17.51,False,0,transition,640x480
3718,2026-09-23T23:12:22.283799,False,,,17.88,False,0,transition,640x480
3719,2026-09-23T23:12:22.314861,False,,,17.53,False,0,transition,640x480
3720,2026-09-23T23:12:22.348396,False,,,17.53,False,0,transition,640x480
3721,2026-09-23T23:12:22.376922,False,,,17.02,False,0,transition,640x480
3722,2026-09-23T23:12:22.427988,False,,,17.53,False,0,transition,640x480
3723,2026-09-23T23:12:22.456029,False,,,17.52,False,0,transition,640x480
3724,2026-09-23T23:12:22.490574,False,,,17.02,False,0,transition,640x480
3725,2026-09-23T23:12:22.528947,False,,,16.27,False,0,transition,640x480
3726,2026-09-23T23:12:22.564222,False,,,17.08,False,0,transition,640x480
3727,2026-09-23T23:12:22.596890,False,,,17.16,False,0,transition,640x480
3728,2026-09-23T23:12:22.623896,False,,,17.60,False,0,transition,640x480
3729,2026-09-23T23:12:22.656518,False,,,17.53,False,0,transition,640x480
3730,2026-09-23T23:12:22.689542,False,,,17.52,False,0,transition,640x480
3731,2026-09-23T23:12:22.719189,False,,,17.04,False,0,transition,640x480
3732,2026-09-23T23:12:22.762891,False,,,17.01,False,0,transition,640x480
3733,2026-09-23T23:12:22.795855,False,,,18.08,False,0,transition,640x480
3734,2026-09-23T23:12:22.826901,False,,,17.03,False,0,transition,640x480
3735,2026-09-23T23:12:22.859935,False,,,18.02,False,0,transition,640x480
3736,2026-09-23T23:12:22.892335,False,,,17.36,False,0,transition,640x480
3737,2026-09-23T23:12:22.922903,False,,,17.05,False,0,transition,640x480
3738,2026-09-23T23:12:22.952438,False,,,16.52,False,0,transition,640x480
3739,2026-09-23T23:12:22.983979,False,,,17.02,False,0,transition,640x480
3740,2026-09-23T23:12:23.019140,False,,,17.64,False,0,transition,640x480
3741,2026-09-23T23:12:23.047168,False,,,17.52,False,0,transition,640x480
3742,2026-09-23T23:12:23.082208,False,,,17.01,False,0,transition,640x480
3743,2026-09-23T23:12:23.109835,False,,,17.12,False,0,transition,640x480
3744,2026-09-23T23:12:23.162869,False,,,17.01,False,0,transition,640x480
3745,2026-09-23T23:12:23.202502,False,,,17.60,False,0,transition,640x480
3746,2026-09-23T23:12:23.232194,False,,,17.01,False,0,transition,640x480
3747,2026-09-23T23:12:23.261917,False,,,17.01,False,0,transition,640x480
3748,2026-09-23T23:12:23.294980,False,,,17.02,False,0,transition,640x480
3749,2026-09-23T23:12:23.325805,False,,,16.52,False,0,transition,640x480
3750,2026-09-23T23:12:23.357241,False,,,17.65,False,0,transition,640x480
3751,2026-09-23T23:12:23.393779,False,,,18.01,False,0,transition,640x480
3752,2026-09-23T23:12:23.431568,False,,,17.77,False,0,transition,640x480
3753,2026-09-23T23:12:23.462595,False,,,17.53,False,0,transition,640x480
3754,2026-09-23T23:12:23.499635,False,,,17.88,False,0,transition,640x480
3755,2026-09-23T23:12:23.539791,False,,,17.52,False,0,transition,640x480
3756,2026-09-23T23:12:23.568828,False,,,17.52,False,0,transition,640x480
3757,2026-09-23T23:12:23.597869,False,,,17.03,False,0,transition,640x480
3758,2026-09-23T23:12:23.627910,False,,,17.02,False,0,transition,640x480
3759,2026-09-23T23:12:23.658943,False,,,17.02,False,0,transition,640x480
3760,2026-09-23T23:12:23.691969,False,,,17.01,False,0,transition,640x480
3761,2026-09-23T23:12:23.722101,False,,,17.46,False,0,transition,640x480
3762,2026-09-23T23:12:23.755135,False,,,17.52,False,0,transition,640x480
3763,2026-09-23T23:12:23.781831,False,,,16.68,False,0,transition,640x480
3764,2026-09-23T23:12:23.818892,False,,,17.53,False,0,transition,640x480
3765,2026-09-23T23:12:23.858924,False,,,17.02,False,0,transition,640x480
3766,2026-09-23T23:12:23.899964,False,,,17.52,False,0,transition,640x480
3767,2026-09-23T23:12:23.939860,False,,,18.02,False,0,transition,640x480
3768,2026-09-23T23:12:23.977992,False,,,17.11,False,0,transition,640x480
3769,2026-09-23T23:12:24.014923,False,,,17.58,False,0,transition,640x480
3770,2026-09-23T23:12:24.044457,False,,,17.52,False,0,transition,640x480
3771,2026-09-23T23:12:24.074577,False,,,17.52,False,0,transition,640x480
3772,2026-09-23T23:12:24.104692,False,,,17.04,False,0,transition,640x480
3773,2026-09-23T23:12:24.134785,False,,,17.52,False,0,transition,640x480
3774,2026-09-23T23:12:24.164807,False,,,17.52,False,0,transition,640x480
3775,2026-09-23T23:12:24.194526,False,,,16.70,False,0,transition,640x480
3776,2026-09-23T23:12:24.233777,False,,,17.02,False,0,transition,640x480
3777,2026-09-23T23:12:24.272306,False,,,16.51,False,0,transition,640x480
3778,2026-09-23T23:12:24.315988,False,,,16.86,False,0,transition,640x480
3779,2026-09-23T23:12:24.348334,False,,,17.84,False,0,transition,640x480
3780,2026-09-23T23:12:24.391917,False,,,18.07,False,0,transition,640x480
3781,2026-09-23T23:12:24.422951,False,,,17.01,False,0,transition,640x480
3782,2026-09-23T23:12:24.455923,False,,,17.96,False,0,transition,640x480
3783,2026-09-23T23:12:24.491000,False,,,17.07,False,0,transition,640x480
3784,2026-09-23T23:12:24.518143,False,,,17.54,False,0,transition,640x480
3785,2026-09-23T23:12:24.548224,False,,,16.54,False,0,transition,640x480
3786,2026-09-23T23:12:24.579752,False,,,17.02,False,0,transition,640x480
3787,2026-09-23T23:12:24.610806,False,,,16.98,False,0,transition,640x480
3788,2026-09-23T23:12:24.641835,False,,,17.01,False,0,transition,640x480
3789,2026-09-23T23:12:24.676868,False,,,17.02,False,0,transition,640x480
3790,2026-09-23T23:12:24.718933,False,,,17.56,False,0,transition,640x480
3791,2026-09-23T23:12:24.749461,False,,,17.02,False,0,transition,640x480
3792,2026-09-23T23:12:24.781578,False,,,17.61,False,0,transition,640x480
3793,2026-09-23T23:12:24.813116,False,,,18.52,False,0,transition,640x480
3794,2026-09-23T23:12:24.841639,False,,,17.01,False,0,transition,640x480
3795,2026-09-23T23:12:24.874731,False,,,17.01,False,0,transition,640x480
3796,2026-09-23T23:12:24.904762,False,,,17.02,False,0,transition,640x480
3797,2026-09-23T23:12:24.935796,False,,,18.02,False,0,transition,640x480
3798,2026-09-23T23:12:24.977838,False,,,17.02,False,0,transition,640x480
3799,2026-09-23T23:12:25.010911,False,,,17.02,False,0,transition,640x480
3800,2026-09-23T23:12:25.041952,False,,,17.01,False,0,transition,640x480
3801,2026-09-23T23:12:25.073481,False,,,17.51,False,0,transition,640x480
3802,2026-09-23T23:12:25.105793,False,,,17.52,False,0,transition,640x480
3803,2026-09-23T23:12:25.134850,False,,,17.03,False,0,transition,640x480
3804,2026-09-23T23:12:25.164891,False,,,17.51,False,0,transition,640x480
3805,2026-09-23T23:12:25.195871,False,,,16.96,False,0,transition,640x480
3806,2026-09-23T23:12:25.226928,False,,,17.04,False,0,transition,640x480
3807,2026-09-23T23:12:25.258968,False,,,17.02,False,0,transition,640x480
3808,2026-09-23T23:12:25.293914,False,,,16.51,False,0,transition,640x480
3809,2026-09-23T23:12:25.343854,False,,,18.52,False,0,transition,640x480
3810,2026-09-23T23:12:25.381886,False,,,17.01,False,0,transition,640x480
3811,2026-09-23T23:12:25.412002,False,,,17.02,False,0,transition,640x480
3812,2026-09-23T23:12:25.443540,False,,,18.01,False,0,transition,640x480
3813,2026-09-23T23:12:25.474683,False,,,17.01,False,0,transition,640x480
3814,2026-09-23T23:12:25.505675,False,,,17.91,False,0,transition,640x480
3815,2026-09-23T23:12:25.533698,False,,,16.52,False,0,transition,640x480
3816,2026-09-23T23:12:25.564791,False,,,17.52,False,0,transition,640x480
3817,2026-09-23T23:12:25.594912,False,,,17.10,False,0,transition,640x480
3818,2026-09-23T23:12:25.625271,False,,,17.01,False,0,transition,640x480
3819,2026-09-23T23:12:25.655819,False,,,17.02,False,0,transition,640x480
3820,2026-09-23T23:12:25.687974,False,,,17.15,False,0,transition,640x480
3821,2026-09-23T23:12:25.717004,False,,,17.52,False,0,transition,640x480
3822,2026-09-23T23:12:25.746082,False,,,16.57,False,0,transition,640x480
3823,2026-09-23T23:12:25.777761,False,,,17.02,False,0,transition,640x480
3824,2026-09-23T23:12:25.834958,False,,,17.02,False,0,transition,640x480
3825,2026-09-23T23:12:25.870820,False,,,17.02,False,0,transition,640x480
3826,2026-09-23T23:12:25.902397,False,,,17.52,False,0,transition,640x480
3827,2026-09-23T23:12:25.932460,False,,,16.51,False,0,transition,640x480
3828,2026-09-23T23:12:25.964995,False,,,17.52,False,0,transition,640x480
3829,2026-09-23T23:12:25.997525,False,,,18.52,False,0,transition,640x480
3830,2026-09-23T23:12:26.028004,False,,,17.03,False,0,transition,640x480
3831,2026-09-23T23:12:26.059737,False,,,17.21,False,0,transition,640x480
3832,2026-09-23T23:12:26.090758,False,,,17.02,False,0,transition,640x480
3833,2026-09-23T23:12:26.123517,False,,,17.56,False,0,transition,640x480
3834,2026-09-23T23:12:26.152631,False,,,18.01,False,0,transition,640x480
3835,2026-09-23T23:12:26.182048,False,,,17.01,False,0,transition,640x480
3836,2026-09-23T23:12:26.214129,False,,,17.54,False,0,transition,640x480
3837,2026-09-23T23:12:26.245882,False,,,18.24,False,0,transition,640x480
3838,2026-09-23T23:12:26.276909,False,,,17.01,False,0,transition,640x480
3839,2026-09-23T23:12:26.308613,False,,,17.07,False,0,transition,640x480
3840,2026-09-23T23:12:26.335362,False,,,17.24,False,0,transition,640x480
3841,2026-09-23T23:12:26.366376,False,,,17.00,False,0,transition,640x480
3842,2026-09-23T23:12:26.399408,False,,,18.02,False,0,transition,640x480
3843,2026-09-23T23:12:26.430431,False,,,17.52,False,0,transition,640x480
3844,2026-09-23T23:12:26.461520,False,,,16.57,False,0,transition,640x480
3845,2026-09-23T23:12:26.508719,True,0.246,0.320,17.53,False,1,transition,640x480
3846,2026-09-23T23:12:26.548413,True,0.246,0.283,17.64,False,1,transition,640x480
3847,2026-09-23T23:12:26.588969,True,0.168,0.230,20.03,False,1,transition,640x480
3848,2026-09-23T23:12:26.628116,True,0.168,0.215,17.53,False,1,transition,640x480
3849,2026-09-23T23:12:26.660656,False,,,17.02,False,0,transition,640x480
3850,2026-09-23T23:12:26.692770,False,,,17.10,False,0,transition,640x480
3851,2026-09-23T23:12:26.726902,False,,,17.12,False,0,transition,640x480
3852,2026-09-23T23:12:26.768949,False,,,17.52,False,0,transition,640x480
3853,2026-09-23T23:12:26.798198,True,0.199,0.205,17.58,False,1,transition,640x480
3854,2026-09-23T23:12:26.830740,True,0.199,0.196,16.53,False,1,transition,640x480
3855,2026-09-23T23:12:26.861785,True,0.453,0.237,17.02,False,2,transition,640x480
3856,2026-09-23T23:12:26.892808,True,0.453,0.295,17.01,False,2,transition,640x480
3857,2026-09-23T23:12:26.925844,True,0.613,0.384,17.52,False,1,transition,640x480
3858,2026-09-23T23:12:26.966965,True,0.613,0.466,17.52,False,1,transition,640x480
3859,2026-09-23T23:12:26.998423,True,0.637,0.554,17.55,False,1,transition,640x480
3860,2026-09-23T23:12:27.031460,True,0.637,0.591,17.53,False,1,transition,640x480
3861,2026-09-23T23:12:27.061608,True,0.699,0.640,17.64,False,1,transition,640x480
3862,2026-09-23T23:12:27.092787,True,0.699,0.657,17.17,False,1,transition,640x480
3863,2026-09-23T23:12:27.124861,True,0.754,0.685,17.02,False,1,transition,640x480
3864,2026-09-23T23:12:27.154897,True,0.754,0.709,17.02,False,1,transition,640x480
3865,2026-09-23T23:12:27.185826,True,0.770,0.735,18.92,False,1,transition,640x480
3866,2026-09-23T23:12:27.214851,True,0.770,0.749,17.52,False,1,transition,640x480
3867,2026-09-23T23:12:27.245033,True,0.754,0.760,17.45,False,1,transition,640x480
3868,2026-09-23T23:12:27.276579,True,0.754,0.760,18.02,False,1,transition,640x480
3869,2026-09-23T23:12:27.307927,True,0.719,0.753,17.02,False,1,transition,640x480
3870,2026-09-23T23:12:27.339699,True,0.719,0.743,17.52,False,1,transition,640x480
3871,2026-09-23T23:12:27.370812,True,0.613,0.712,17.01,False,1,transition,640x480
3872,2026-09-23T23:12:27.398454,True,0.613,0.684,18.03,False,1,transition,640x480
3873,2026-09-23T23:12:27.434607,True,0.594,0.652,17.52,False,1,transition,640x480
3874,2026-09-23T23:12:27.476669,True,0.594,0.627,17.02,False,1,transition,640x480
3875,2026-09-23T23:12:27.509076,True,0.656,0.614,17.53,False,1,transition,640x480
3876,2026-09-23T23:12:27.539807,True,0.656,0.623,17.63,False,1,transition,640x480
3877,2026-09-23T23:12:27.579139,True,0.656,0.631,17.32,False,1,transition,640x480
3878,2026-09-23T23:12:27.616362,True,0.656,0.644,18.03,False,1,transition,640x480
3879,2026-09-23T23:12:27.645891,True,0.699,0.665,18.02,False,1,transition,640x480
3880,2026-09-23T23:12:27.677923,True,0.699,0.673,17.02,False,1,transition,640x480
3881,2026-09-23T23:12:27.706975,True,0.637,0.670,17.04,False,1,transition,640x480
3882,2026-09-23T23:12:27.738588,True,0.637,0.666,17.03,False,1,transition,640x480
3883,2026-09-23T23:12:27.771136,True,0.547,0.644,17.51,False,1,transition,640x480
3884,2026-09-23T23:12:27.801272,True,0.547,0.613,17.57,False,1,transition,640x480
3885,2026-09-23T23:12:27.833865,True,0.547,0.583,17.01,False,1,transition,640x480
3886,2026-09-23T23:12:27.877947,True,0.547,0.565,18.02,False,1,transition,640x480
3887,2026-09-23T23:12:27.909975,True,0.453,0.528,18.02,False,1,transition,640x480
3888,2026-09-23T23:12:27.941969,True,0.453,0.509,17.55,False,1,transition,640x480
3889,2026-09-23T23:12:27.979504,True,0.387,0.477,17.51,False,1,transition,640x480
3890,2026-09-23T23:12:28.016261,True,0.387,0.445,17.02,False,1,transition,640x480
3891,2026-09-23T23:12:28.047284,True,0.430,0.422,17.51,False,1,transition,640x480
3892,2026-09-23T23:12:28.078810,True,0.430,0.417,17.01,False,1,transition,640x480
3893,2026-09-23T23:12:28.108700,True,0.453,0.417,17.52,False,1,transition,640x480
3894,2026-09-23T23:12:28.138357,True,0.453,0.430,16.99,False,1,transition,640x480
3895,2026-09-23T23:12:28.172883,True,0.363,0.426,17.01,False,1,transition,640x480
3896,2026-09-23T23:12:28.200712,True,0.363,0.412,17.08,False,1,transition,640x480
3897,2026-09-23T23:12:28.234689,True,0.387,0.404,17.52,False,2,transition,640x480
3898,2026-09-23T23:12:28.261960,True,0.387,0.391,17.01,False,2,transition,640x480
3899,2026-09-23T23:12:28.314842,True,0.500,0.400,17.52,False,1,transition,640x480
3900,2026-09-23T23:12:28.354942,True,0.500,0.427,17.02,False,1,transition,640x480
3901,2026-09-23T23:12:28.384969,True,0.547,0.464,17.02,False,1,transition,640x480
3902,2026-09-23T23:12:28.415111,True,0.547,0.496,16.53,False,1,transition,640x480
3903,2026-09-23T23:12:28.447480,True,0.477,0.514,17.00,False,1,transition,640x480
3904,2026-09-23T23:12:28.479620,True,0.477,0.509,17.02,False,1,transition,640x480
3905,2026-09-23T23:12:28.510008,True,0.453,0.500,17.04,False,1,transition,640x480
3906,2026-09-23T23:12:28.540909,True,0.453,0.481,17.02,False,1,transition,640x480
3907,2026-09-23T23:12:28.573935,True,0.477,0.467,18.01,False,1,transition,640x480
3908,2026-09-23T23:12:28.605552,True,0.477,0.467,17.60,False,1,transition,640x480
3909,2026-09-23T23:12:28.635582,True,0.477,0.467,17.02,False,1,transition,640x480
3910,2026-09-23T23:12:28.667131,True,0.477,0.472,17.02,False,1,transition,640x480
3911,2026-09-23T23:12:28.716729,True,0.547,0.491,16.01,False,1,transition,640x480
3912,2026-09-23T23:12:28.743797,True,0.547,0.505,17.06,False,1,transition,640x480
3913,2026-09-23T23:12:28.778598,True,0.547,0.519,16.79,False,1,transition,640x480
3914,2026-09-23T23:12:28.821671,True,0.547,0.533,17.01,False,1,transition,640x480
3915,2026-09-23T23:12:28.852349,True,0.453,0.528,17.51,False,1,transition,640x480
3916,2026-09-23T23:12:28.883939,True,0.453,0.509,19.02,False,1,transition,640x480
3917,2026-09-23T23:12:28.911973,True,0.523,0.505,17.52,False,1,transition,640x480
3918,2026-09-23T23:12:28.942219,True,0.523,0.500,17.01,False,1,transition,640x480
3919,2026-09-23T23:12:28.976756,True,0.453,0.481,17.02,False,2,transition,640x480
3920,2026-09-23T23:12:29.018698,True,0.453,0.481,17.19,False,2,transition,640x480
3921,2026-09-23T23:12:29.051502,True,0.500,0.491,17.72,False,1,transition,640x480
3922,2026-09-23T23:12:29.080431,True,0.500,0.486,17.52,False,1,transition,640x480
3923,2026-09-23T23:12:29.114996,True,0.500,0.481,17.55,False,1,transition,640x480
3924,2026-09-23T23:12:29.141198,True,0.500,0.491,17.51,False,1,transition,640x480
3925,2026-09-23T23:12:29.178735,True,0.500,0.500,17.02,False,1,transition,640x480
3926,2026-09-23T23:12:29.219385,True,0.500,0.500,18.07,False,1,transition,640x480
3927,2026-09-23T23:12:29.249027,True,0.477,0.495,17.08,False,1,transition,640x480
3928,2026-09-23T23:12:29.280544,True,0.477,0.491,18.01,False,1,transition,640x480
3929,2026-09-23T23:12:29.311852,True,0.453,0.481,17.02,False,1,transition,640x480
3930,2026-09-23T23:12:29.342884,True,0.453,0.472,17.01,False,1,transition,640x480
3931,2026-09-23T23:12:29.378911,True,0.453,0.463,17.01,False,1,transition,640x480
3932,2026-09-23T23:12:29.421592,True,0.453,0.458,17.01,False,1,transition,640x480
3933,2026-09-23T23:12:29.451479,True,0.387,0.440,17.82,False,1,transition,640x480
3934,2026-09-23T23:12:29.481049,True,0.387,0.427,17.52,False,1,transition,640x480
3935,2026-09-23T23:12:29.514934,True,0.613,0.459,17.51,False,1,transition,640x480
3936,2026-09-23T23:12:29.545175,True,0.613,0.491,16.51,False,1,transition,640x480
3937,2026-09-23T23:12:29.578764,True,0.168,0.434,17.02,False,1,transition,640x480
3938,2026-09-23T23:12:29.622392,True,0.168,0.390,16.53,False,1,transition,640x480
3939,2026-09-23T23:12:29.651144,False,,,16.57,False,0,transition,640x480
3940,2026-09-23T23:12:29.682168,False,,,17.01,False,0,transition,640x480
3941,2026-09-23T23:12:29.714925,False,,,17.52,False,0,transition,640x480
3942,2026-09-23T23:12:29.744557,False,,,17.04,False,0,transition,640x480
3943,2026-09-23T23:12:29.775714,False,,,17.01,False,0,transition,640x480
3944,2026-09-23T23:12:29.805694,False,,,16.80,False,0,transition,640x480
3945,2026-09-23T23:12:29.851120,False,,,17.56,False,0,transition,640x480
3946,2026-09-23T23:12:29.882140,False,,,17.01,False,0,transition,640x480
3947,2026-09-23T23:12:29.915244,False,,,18.12,False,0,transition,640x480
3948,2026-09-23T23:12:29.940707,False,,,17.02,False,0,transition,640x480
3949,2026-09-23T23:12:29.979383,False,,,17.51,False,0,transition,640x480
3950,2026-09-23T23:12:30.022469,False,,,16.51,False,0,transition,640x480
3951,2026-09-23T23:12:30.056901,False,,,17.21,False,0,transition,640x480
3952,2026-09-23T23:12:30.099650,False,,,18.06,False,0,transition,640x480
3953,2026-09-23T23:12:30.128791,False,,,17.64,False,0,transition,640x480
3954,2026-09-23T23:12:30.158982,False,,,16.52,False,0,transition,640x480
3955,2026-09-23T23:12:30.192009,False,,,17.01,False,0,transition,640x480
3956,2026-09-23T23:12:30.223541,False,,,18.01,False,0,transition,640x480
3957,2026-09-23T23:12:30.251183,False,,,17.34,False,0,transition,640x480
3958,2026-09-23T23:12:30.281746,False,,,17.55,False,0,transition,640x480
3959,2026-09-23T23:12:30.314294,True,0.168,0.346,17.02,False,1,transition,640x480
3960,2026-09-23T23:12:30.345945,True,0.168,0.257,17.03,False,1,transition,640x480
3961,2026-09-23T23:12:30.378980,False,,,17.02,False,0,transition,640x480
3962,2026-09-23T23:12:30.422590,False,,,17.02,False,0,transition,640x480
3963,2026-09-23T23:12:30.451159,False,,,17.59,False,0,transition,640x480
3964,2026-09-23T23:12:30.481179,False,,,17.01,False,0,transition,640x480
3965,2026-09-23T23:12:30.511786,False,,,16.58,False,0,transition,640x480
3966,2026-09-23T23:12:30.544865,False,,,17.02,False,0,transition,640x480
3967,2026-09-23T23:12:30.588917,True,0.344,0.203,17.03,False,1,transition,640x480
3968,2026-09-23T23:12:30.625036,True,0.344,0.238,18.03,False,1,transition,640x480
3969,2026-09-23T23:12:30.668051,True,0.320,0.269,17.51,False,1,transition,640x480
3970,2026-09-23T23:12:30.700120,True,0.320,0.299,18.53,False,1,transition,640x480
3971,2026-09-23T23:12:30.729142,True,0.168,0.299,16.52,False,3,transition,640x480
3972,2026-09-23T23:12:30.759934,True,0.168,0.264,17.27,False,3,transition,640x480
3973,2026-09-23T23:12:30.791017,True,0.156,0.227,17.08,False,1,transition,640x480
3974,2026-09-23T23:12:30.821902,True,0.156,0.194,17.05,False,1,transition,640x480
3975,2026-09-23T23:12:30.851446,True,0.156,0.161,16.52,False,1,transition,640x480
3976,2026-09-23T23:12:30.882489,True,0.156,0.159,17.51,False,1,transition,640x480
3977,2026-09-23T23:12:30.925091,False,,,17.31,False,0,transition,640x480
3978,2026-09-23T23:12:30.960628,False,,,17.02,False,0,transition,640x480
3979,2026-09-23T23:12:30.992825,False,,,17.19,False,0,transition,640x480
3980,2026-09-23T23:12:31.022335,False,,,16.49,False,0,transition,640x480
3981,2026-09-23T23:12:31.054872,True,0.168,0.159,17.02,False,1,transition,640x480
3982,2026-09-23T23:12:31.083892,True,0.168,0.161,17.02,False,1,transition,640x480
3983,2026-09-23T23:12:31.114937,False,,,17.52,False,0,transition,640x480
3984,2026-09-23T23:12:31.142650,False,,,17.01,False,0,transition,640x480
3985,2026-09-23T23:12:31.178739,False,,,17.01,False,0,transition,640x480
3986,2026-09-23T23:12:31.209941,False,,,17.53,False,0,transition,640x480
3987,2026-09-23T23:12:31.252469,False,,,18.63,False,0,transition,640x480
3988,2026-09-23T23:12:31.282821,False,,,17.58,False,0,transition,640x480
3989,2026-09-23T23:12:31.323643,True,0.262,0.182,17.62,False,1,transition,640x480
3990,2026-09-23T23:12:31.360798,True,0.262,0.203,18.06,False,1,transition,640x480
3991,2026-09-23T23:12:31.393835,True,0.184,0.209,17.01,False,2,transition,640x480
3992,2026-09-23T23:12:31.437732,True,0.184,0.212,16.75,False,2,transition,640x480
3993,2026-09-23T23:12:31.466823,False,,,17.52,False,0,transition,640x480
3994,2026-09-23T23:12:31.497172,False,,,17.34,False,0,transition,640x480
3995,2026-09-23T23:12:31.527216,True,0.301,0.238,17.53,False,2,transition,640x480
3996,2026-09-23T23:12:31.557947,True,0.301,0.246,17.21,False,2,transition,640x480
3997,2026-09-23T23:12:31.590972,True,0.344,0.263,17.02,False,1,transition,640x480
3998,2026-09-23T23:12:31.623665,True,0.344,0.295,16.60,False,1,transition,640x480
3999,2026-09-23T23:12:31.660875,True,0.184,0.295,16.94,False,1,transition,640x480
4000,2026-09-23T23:12:31.698507,True,0.184,0.271,17.62,False,1,transition,640x480
4001,2026-09-23T23:12:31.730673,False,,,17.16,False,0,transition,640x480
4002,2026-09-23T23:12:31.760546,False,,,17.02,False,0,transition,640x480
4003,2026-09-23T23:12:31.792734,False,,,17.18,False,0,transition,640x480
4004,2026-09-23T23:12:31.824892,False,,,17.10,False,0,transition,640x480
4005,2026-09-23T23:12:31.855684,True,0.168,0.245,17.71,False,1,transition,640x480
4006,2026-09-23T23:12:31.886283,True,0.168,0.209,18.09,False,1,transition,640x480
4007,2026-09-23T23:12:31.916818,True,0.184,0.177,17.52,False,1,transition,640x480
4008,2026-09-23T23:12:31.947288,True,0.184,0.177,17.52,False,1,transition,640x480
4009,2026-09-23T23:12:31.979816,True,0.262,0.193,18.02,False,1,transition,640x480
4010,2026-09-23T23:12:32.009337,True,0.262,0.212,17.45,False,1,transition,640x480
4011,2026-09-23T23:12:32.058784,True,0.320,0.242,17.08,False,1,transition,640x480
4012,2026-09-23T23:12:32.099184,True,0.320,0.270,17.31,False,1,transition,640x480
4013,2026-09-23T23:12:32.130726,True,0.363,0.305,17.03,False,2,transition,640x480
4014,2026-09-23T23:12:32.161829,True,0.363,0.326,18.08,False,2,transition,640x480
4015,2026-09-23T23:12:32.192851,True,0.363,0.346,18.01,False,2,transition,640x480
4016,2026-09-23T23:12:32.224896,True,0.262,0.334,17.02,False,1,transition,640x480
4017,2026-09-23T23:12:32.255617,True,0.211,0.312,17.71,False,1,transition,640x480
4018,2026-09-23T23:12:32.285647,True,0.211,0.282,17.52,False,1,transition,640x480
4019,2026-09-23T23:12:32.316236,True,0.156,0.241,17.01,False,1,transition,640x480
4020,2026-09-23T23:12:32.345826,True,0.156,0.199,17.08,False,1,transition,640x480
4021,2026-09-23T23:12:32.394873,True,0.230,0.193,17.02,False,1,transition,640x480
4022,2026-09-23T23:12:32.424904,True,0.230,0.197,17.02,False,1,transition,640x480
4023,2026-09-23T23:12:32.458983,True,0.156,0.186,17.06,False,1,transition,640x480
4024,2026-09-23T23:12:32.491012,True,0.156,0.186,17.52,False,1,transition,640x480
4025,2026-09-23T23:12:32.521777,True,0.156,0.186,17.02,False,1,transition,640x480
4026,2026-09-23T23:12:32.549372,True,0.199,0.180,17.52,False,1,transition,640x480
4027,2026-09-23T23:12:32.579892,True,0.199,0.173,17.01,False,1,transition,640x480
4028,2026-09-23T23:12:32.611061,True,0.387,0.220,17.56,False,2,transition,640x480
4029,2026-09-23T23:12:32.651324,False,,,17.57,False,0,transition,640x480
4030,2026-09-23T23:12:32.689858,False,,,18.02,False,0,transition,640x480
4031,2026-09-23T23:12:32.718400,False,,,17.02,False,0,transition,640x480
4032,2026-09-23T23:12:32.749507,False,,,17.56,False,0,transition,640x480
4033,2026-09-23T23:12:32.795187,False,,,17.52,False,0,transition,640x480
4034,2026-09-23T23:12:32.829774,False,,,18.02,False,0,transition,640x480
4035,2026-09-23T23:12:32.858970,False,,,17.02,False,0,transition,640x480
4036,2026-09-23T23:12:32.890995,False,,,17.52,False,0,transition,640x480
4037,2026-09-23T23:12:32.922455,False,,,17.83,False,0,transition,640x480
4038,2026-09-23T23:12:32.952491,True,0.262,0.241,18.52,False,1,transition,640x480
4039,2026-09-23T23:12:32.984571,True,0.262,0.262,17.52,False,1,transition,640x480
4040,2026-09-23T23:12:33.014146,True,0.281,0.278,17.01,False,2,transition,640x480
4041,2026-09-23T23:12:33.051413,True,0.363,0.311,16.57,False,1,transition,640x480
4042,2026-09-23T23:12:33.090311,True,0.363,0.306,16.33,False,1,transition,640x480
4043,2026-09-23T23:12:33.130850,False,,,17.02,False,0,transition,640x480
4044,2026-09-23T23:12:33.169867,False,,,17.52,False,0,transition,640x480
4045,2026-09-23T23:12:33.198069,False,,,17.56,False,0,transition,640x480
4046,2026-09-23T23:12:33.229101,False,,,17.52,False,0,transition,640x480
4047,2026-09-23T23:12:33.257934,False,,,17.16,False,0,transition,640x480
4048,2026-09-23T23:12:33.290964,False,,,18.02,False,0,transition,640x480
4049,2026-09-23T23:12:33.323918,False,,,16.01,False,0,transition,640x480
4050,2026-09-23T23:12:33.352463,False,,,17.51,False,0,transition,640x480
4051,2026-09-23T23:12:33.388546,False,,,17.52,False,0,transition,640x480
4052,2026-09-23T23:12:33.430653,False,,,18.04,False,0,transition,640x480
4053,2026-09-23T23:12:33.461788,False,,,17.01,False,0,transition,640x480
4054,2026-09-23T23:12:33.495326,False,,,19.52,False,0,transition,640x480
4055,2026-09-23T23:12:33.542237,False,,,18.01,False,0,transition,640x480
4056,2026-09-23T23:12:33.583834,False,,,17.57,False,0,transition,640x480
4057,2026-09-23T23:12:33.617110,False,,,17.06,False,0,transition,640x480
4058,2026-09-23T23:12:33.658820,False,,,17.02,False,0,transition,640x480
4059,2026-09-23T23:12:33.690122,False,,,17.24,False,0,transition,640x480
4060,2026-09-23T23:12:33.723650,False,,,18.01,False,0,transition,640x480
4061,2026-09-23T23:12:33.751357,False,,,17.54,False,0,transition,640x480
4062,2026-09-23T23:12:33.781397,False,,,17.53,False,0,transition,640x480
4063,2026-09-23T23:12:33.811932,False,,,17.01,False,0,transition,640x480
4064,2026-09-23T23:12:33.842480,False,,,16.49,False,0,transition,640x480
4065,2026-09-23T23:12:33.874646,True,0.430,0.340,17.01,False,1,transition,640x480
4066,2026-09-23T23:12:33.909764,True,0.430,0.373,16.74,False,1,transition,640x480
4067,2026-09-23T23:12:33.939679,True,0.453,0.408,17.52,False,2,transition,640x480
4068,2026-09-23T23:12:33.983830,True,0.453,0.426,17.01,False,2,transition,640x480
4069,2026-09-23T23:12:34.012737,True,0.453,0.444,17.01,False,2,transition,640x480
4070,2026-09-23T23:12:34.041867,True,0.156,0.389,17.10,False,1,transition,640x480
4071,2026-09-23T23:12:34.074642,True,0.156,0.334,16.74,False,1,transition,640x480
4072,2026-09-23T23:12:34.108746,True,0.246,0.293,17.08,False,2,transition,640x480
4073,2026-09-23T23:12:34.150347,True,0.246,0.252,18.52,False,2,transition,640x480
4074,2026-09-23T23:12:34.180865,False,,,18.01,False,0,transition,640x480
4075,2026-09-23T23:12:34.210693,False,,,18.12,False,0,transition,640x480
4076,2026-09-23T23:12:34.240227,True,0.230,0.207,17.52,False,1,transition,640x480
4077,2026-09-23T23:12:34.273761,True,0.168,0.209,18.01,False,1,transition,640x480
4078,2026-09-23T23:12:34.301349,True,0.168,0.212,17.52,False,1,transition,640x480
4079,2026-09-23T23:12:34.331380,False,,,17.52,False,0,transition,640x480
4080,2026-09-23T23:12:34.359911,False,,,17.02,False,0,transition,640x480
4081,2026-09-23T23:12:34.395518,False,,,16.52,False,0,transition,640x480
4082,2026-09-23T23:12:34.423697,True,0.387,0.240,17.57,False,1,transition,640x480
4083,2026-09-23T23:12:34.454907,True,0.387,0.268,17.19,False,1,transition,640x480
4084,2026-09-23T23:12:34.484672,True,0.344,0.291,17.76,False,2,transition,640x480
4085,2026-09-23T23:12:34.514204,True,0.344,0.326,17.02,False,2,transition,640x480
4086,2026-09-23T23:12:34.544867,True,0.156,0.323,17.12,False,1,transition,640x480
4087,2026-09-23T23:12:34.574893,True,0.156,0.277,17.01,False,1,transition,640x480
4088,2026-09-23T23:12:34.610237,False,,,18.37,False,0,transition,640x480
4089,2026-09-23T23:12:34.667024,True,0.344,0.269,17.53,False,2,transition,640x480
4090,2026-09-23T23:12:34.699383,True,0.344,0.269,17.52,False,2,transition,640x480
4091,2026-09-23T23:12:34.731132,False,,,17.24,False,0,transition,640x480
4092,2026-09-23T23:12:34.760694,False,,,17.05,False,0,transition,640x480
4093,2026-09-23T23:12:34.794975,False,,,17.27,False,0,transition,640x480
4094,2026-09-23T23:12:34.825687,False,,,17.14,False,0,transition,640x480
4095,2026-09-23T23:12:34.854905,False,,,17.20,False,0,transition,640x480
4096,2026-09-23T23:12:34.890925,False,,,17.02,False,0,transition,640x480
4097,2026-09-23T23:12:34.933488,False,,,17.53,False,0,transition,640x480
4098,2026-09-23T23:12:34.969081,False,,,17.58,False,0,transition,640x480
4099,2026-09-23T23:12:35.010665,False,,,17.02,False,0,transition,640x480
4100,2026-09-23T23:12:35.041072,False,,,17.40,False,0,transition,640x480
4101,2026-09-23T23:12:35.072267,False,,,17.50,False,0,transition,640x480
4102,2026-09-23T23:12:35.103814,False,,,17.02,False,0,transition,640x480
4103,2026-09-23T23:12:35.131915,False,,,17.07,False,0,transition,640x480
4104,2026-09-23T23:12:35.162967,False,,,17.01,False,0,transition,640x480
4105,2026-09-23T23:12:35.195882,False,,,17.90,False,0,transition,640x480
4106,2026-09-23T23:12:35.224968,False,,,17.07,False,0,transition,640x480
4107,2026-09-23T23:12:35.259007,False,,,17.02,False,0,transition,640x480
4108,2026-09-23T23:12:35.288626,False,,,17.52,False,0,transition,640x480
4109,2026-09-23T23:12:35.318116,False,,,16.53,False,0,transition,640x480
4110,2026-09-23T23:12:35.348718,True,0.156,0.231,17.02,False,1,transition,640x480
4111,2026-09-23T23:12:35.379739,True,0.156,0.231,17.02,False,1,transition,640x480
4112,2026-09-23T23:12:35.410822,True,0.262,0.252,17.07,False,1,transition,640x480
4113,2026-09-23T23:12:35.466901,True,0.477,0.279,17.51,False,1,transition,640x480
4114,2026-09-23T23:12:35.505841,True,0.477,0.305,17.86,False,1,transition,640x480
4115,2026-09-23T23:12:35.538689,True,0.477,0.370,17.52,False,1,transition,640x480
4116,2026-09-23T23:12:35.566820,False,,,17.51,False,0,transition,640x480
4117,2026-09-23T23:12:35.595860,False,,,17.03,False,0,transition,640x480
4118,2026-09-23T23:12:35.626957,False,,,17.52,False,0,transition,640x480
4119,2026-09-23T23:12:35.659008,False,,,17.04,False,0,transition,640x480
4120,2026-09-23T23:12:35.688715,False,,,17.64,False,0,transition,640x480
4121,2026-09-23T23:12:35.718264,False,,,17.03,False,0,transition,640x480
4122,2026-09-23T23:12:35.750383,False,,,18.52,False,0,transition,640x480
4123,2026-09-23T23:12:35.778912,False,,,17.02,False,0,transition,640x480
4124,2026-09-23T23:12:35.806941,False,,,17.02,False,0,transition,640x480
4125,2026-09-23T23:12:35.839070,False,,,17.53,False,0,transition,640x480
4126,2026-09-23T23:12:35.871217,False,,,17.02,False,0,transition,640x480
4127,2026-09-23T23:12:35.908323,False,,,18.53,False,0,transition,640x480
4128,2026-09-23T23:12:35.949378,False,,,17.02,False,0,transition,640x480
4129,2026-09-23T23:12:35.983935,False,,,17.02,False,0,transition,640x480
4130,2026-09-23T23:12:36.024981,False,,,17.02,False,0,transition,640x480
4131,2026-09-23T23:12:36.057863,False,,,16.52,False,0,transition,640x480
4132,2026-09-23T23:12:36.088946,False,,,18.02,False,0,transition,640x480
4133,2026-09-23T23:12:36.116121,False,,,16.57,False,0,transition,640x480
4134,2026-09-23T23:12:36.145653,False,,,16.52,False,0,transition,640x480
4135,2026-09-23T23:12:36.178681,False,,,17.01,False,0,transition,640x480
4136,2026-09-23T23:12:36.210805,False,,,18.02,False,0,transition,640x480
4137,2026-09-23T23:12:36.241940,False,,,18.02,False,0,transition,640x480
4138,2026-09-23T23:12:36.274973,False,,,17.01,False,0,transition,640x480
4139,2026-09-23T23:12:36.309011,False,,,17.02,False,0,transition,640x480
4140,2026-09-23T23:12:36.351447,False,,,17.82,False,0,transition,640x480
4141,2026-09-23T23:12:36.384974,False,,,18.02,False,0,transition,640x480
4142,2026-09-23T23:12:36.414000,False,,,18.02,False,0,transition,640x480
4143,2026-09-23T23:12:36.444576,False,,,17.04,False,0,transition,640x480
4144,2026-09-23T23:12:36.478596,False,,,17.02,False,0,transition,640x480
4145,2026-09-23T23:12:36.511197,False,,,17.02,False,0,transition,640x480
4146,2026-09-23T23:12:36.545088,False,,,17.30,False,0,transition,640x480
4147,2026-09-23T23:12:36.585753,False,,,17.65,False,0,transition,640x480
4148,2026-09-23T23:12:36.615031,False,,,17.53,False,0,transition,640x480
4149,2026-09-23T23:12:36.645071,False,,,17.52,False,0,transition,640x480
4150,2026-09-23T23:12:36.674615,False,,,17.01,False,0,transition,640x480
4151,2026-09-23T23:12:36.706904,False,,,17.06,False,0,transition,640x480
4152,2026-09-23T23:12:36.738939,False,,,17.52,False,0,transition,640x480
4153,2026-09-23T23:12:36.768186,False,,,17.02,False,0,transition,640x480
4154,2026-09-23T23:12:36.799276,False,,,17.52,False,0,transition,640x480
4155,2026-09-23T23:12:36.830833,False,,,17.05,False,0,transition,640x480
4156,2026-09-23T23:12:36.875324,False,,,17.51,False,0,transition,640x480
4157,2026-09-23T23:12:36.908980,False,,,18.05,False,0,transition,640x480
4158,2026-09-23T23:12:36.941916,False,,,18.02,False,0,transition,640x480
4159,2026-09-23T23:12:36.974945,False,,,17.01,False,0,transition,640x480
4160,2026-09-23T23:12:37.016993,False,,,17.52,False,0,transition,640x480
4161,2026-09-23T23:12:37.049285,False,,,17.02,False,0,transition,640x480
4162,2026-09-23T23:12:37.079804,False,,,17.01,False,0,transition,640x480
4163,2026-09-23T23:12:37.110166,False,,,17.20,False,0,transition,640x480
4164,2026-09-23T23:12:37.140734,False,,,17.04,False,0,transition,640x480
4165,2026-09-23T23:12:37.172258,False,,,17.50,False,0,transition,640x480
4166,2026-09-23T23:12:37.210805,False,,,17.02,False,0,transition,640x480
4167,2026-09-23T23:12:37.248428,False,,,17.78,False,0,transition,640x480
4168,2026-09-23T23:12:37.278959,False,,,17.02,False,0,transition,640x480
4169,2026-09-23T23:12:37.310992,False,,,17.02,False,0,transition,640x480
4170,2026-09-23T23:12:37.342602,False,,,17.01,False,0,transition,640x480
4171,2026-09-23T23:12:37.373859,False,,,17.01,False,0,transition,640x480
4172,2026-09-23T23:12:37.408901,False,,,17.03,False,0,transition,640x480
4173,2026-09-23T23:12:37.448110,False,,,17.59,False,0,transition,640x480
4174,2026-09-23T23:12:37.478632,False,,,17.01,False,0,transition,640x480
4175,2026-09-23T23:12:37.509591,False,,,17.03,False,0,transition,640x480
4176,2026-09-23T23:12:37.540716,False,,,17.02,False,0,transition,640x480
4177,2026-09-23T23:12:37.572814,False,,,17.01,False,0,transition,640x480
4178,2026-09-23T23:12:37.611662,True,0.211,0.380,17.79,False,1,transition,640x480
4179,2026-09-23T23:12:37.648856,True,0.211,0.370,17.02,False,1,transition,640x480
4180,2026-09-23T23:12:37.679070,False,,,16.71,False,0,transition,640x480
4181,2026-09-23T23:12:37.710131,False,,,17.52,False,0,transition,640x480
4182,2026-09-23T23:12:37.740663,False,,,17.01,False,0,transition,640x480
4183,2026-09-23T23:12:37.772231,False,,,16.51,False,0,transition,640x480
4184,2026-09-23T23:12:37.808995,False,,,17.26,False,0,transition,640x480
4185,2026-09-23T23:12:37.859868,False,,,17.13,False,0,transition,640x480
4186,2026-09-23T23:12:37.891894,False,,,17.01,False,0,transition,640x480
4187,2026-09-23T23:12:37.925933,False,,,18.02,False,0,transition,640x480
4188,2026-09-23T23:12:37.983490,False,,,17.52,False,0,transition,640x480
4189,2026-09-23T23:12:38.018322,False,,,16.81,False,0,transition,640x480
4190,2026-09-23T23:12:38.049401,False,,,17.53,False,0,transition,640x480
4191,2026-09-23T23:12:38.082479,False,,,16.51,False,0,transition,640x480
4192,2026-09-23T23:12:38.112011,False,,,17.01,False,0,transition,640x480
4193,2026-09-23T23:12:38.142549,False,,,17.01,False,0,transition,640x480
4194,2026-09-23T23:12:38.174924,False,,,17.01,False,0,transition,640x480
4195,2026-09-23T23:12:38.208723,False,,,16.79,False,0,transition,640x480
4196,2026-09-23T23:12:38.251134,False,,,17.57,False,0,transition,640x480
4197,2026-09-23T23:12:38.282672,False,,,17.53,False,0,transition,640x480
4198,2026-09-23T23:12:38.311869,False,,,17.01,False,0,transition,640x480
4199,2026-09-23T23:12:38.342876,False,,,17.00,False,0,transition,640x480
4200,2026-09-23T23:12:38.375385,False,,,17.59,False,0,transition,640x480
4201,2026-09-23T23:12:38.405927,False,,,17.02,False,0,transition,640x480
4202,2026-09-23T23:12:38.438334,False,,,17.34,False,0,transition,640x480
4203,2026-09-23T23:12:38.468863,False,,,17.52,False,0,transition,640x480
4204,2026-09-23T23:12:38.498703,False,,,16.65,False,0,transition,640x480
4205,2026-09-23T23:12:38.529544,False,,,16.57,False,0,transition,640x480
4206,2026-09-23T23:12:38.560831,False,,,17.02,False,0,transition,640x480
4207,2026-09-23T23:12:38.592863,False,,,18.52,False,0,transition,640x480
4208,2026-09-23T23:12:38.621309,False,,,17.26,False,0,transition,640x480
4209,2026-09-23T23:12:38.654825,False,,,17.02,False,0,transition,640x480
4210,2026-09-23T23:12:38.681861,False,,,17.01,False,0,transition,640x480
4211,2026-09-23T23:12:38.711791,False,,,16.66,False,0,transition,640x480
4212,2026-09-23T23:12:38.745906,False,,,17.05,False,0,transition,640x480
4213,2026-09-23T23:12:38.775482,False,,,17.56,False,0,transition,640x480
4214,2026-09-23T23:12:38.811781,False,,,18.05,False,0,transition,640x480
4215,2026-09-23T23:12:38.851205,False,,,17.58,False,0,transition,640x480
4216,2026-09-23T23:12:38.882734,False,,,17.52,False,0,transition,640x480
4217,2026-09-23T23:12:38.912957,False,,,18.13,False,0,transition,640x480
4218,2026-09-23T23:12:38.949499,False,,,17.03,False,0,transition,640x480
4219,2026-09-23T23:12:38.991123,False,,,16.52,False,0,transition,640x480
4220,2026-09-23T23:12:39.022146,False,,,16.51,False,0,transition,640x480
4221,2026-09-23T23:12:39.051351,False,,,16.58,False,0,transition,640x480
4222,2026-09-23T23:12:39.082882,False,,,17.02,False,0,transition,640x480
4223,2026-09-23T23:12:39.110598,False,,,17.02,False,0,transition,640x480
4224,2026-09-23T23:12:39.147293,False,,,16.18,False,0,transition,640x480
4225,2026-09-23T23:12:39.174870,False,,,17.06,False,0,transition,640x480
4226,2026-09-23T23:12:39.210848,False,,,17.02,False,0,transition,640x480
4227,2026-09-23T23:12:39.252439,False,,,18.52,False,0,transition,640x480
4228,2026-09-23T23:12:39.283667,False,,,18.21,False,0,transition,640x480
4229,2026-09-23T23:12:39.315137,False,,,17.89,False,0,transition,640x480
4230,2026-09-23T23:12:39.344984,False,,,17.33,False,0,transition,640x480
4231,2026-09-23T23:12:39.376029,False,,,17.03,False,0,transition,640x480
4232,2026-09-23T23:12:39.408010,False,,,17.40,False,0,transition,640x480
4233,2026-09-23T23:12:39.438603,False,,,17.52,False,0,transition,640x480
4234,2026-09-23T23:12:39.482971,False,,,17.08,False,0,transition,640x480
4235,2026-09-23T23:12:39.514918,False,,,17.51,False,0,transition,640x480
4236,2026-09-23T23:12:39.545960,False,,,17.03,False,0,transition,640x480
4237,2026-09-23T23:12:39.575498,False,,,17.53,False,0,transition,640x480
4238,2026-09-23T23:12:39.610955,False,,,17.23,False,0,transition,640x480
4239,2026-09-23T23:12:39.656002,False,,,18.02,False,0,transition,640x480
4240,2026-09-23T23:12:39.683540,False,,,18.52,False,0,transition,640x480
4241,2026-09-23T23:12:39.715975,False,,,17.55,False,0,transition,640x480
4242,2026-09-23T23:12:39.745001,False,,,17.02,False,0,transition,640x480
4243,2026-09-23T23:12:39.776641,False,,,17.67,False,0,transition,640x480
4244,2026-09-23T23:12:39.818275,False,,,17.02,False,0,transition,640x480
4245,2026-09-23T23:12:39.854796,False,,,17.02,False,0,transition,640x480
4246,2026-09-23T23:12:39.883821,False,,,18.02,False,0,transition,640x480
4247,2026-09-23T23:12:39.921799,False,,,17.51,False,0,transition,640x480
4248,2026-09-23T23:12:39.960837,False,,,17.02,False,0,transition,640x480
4249,2026-09-23T23:12:39.989975,False,,,17.13,False,0,transition,640x480
4250,2026-09-23T23:12:40.023919,False,,,17.51,False,0,transition,640x480
4251,2026-09-23T23:12:40.051452,False,,,17.52,False,0,transition,640x480
4252,2026-09-23T23:12:40.084040,False,,,17.02,False,0,transition,640x480
4253,2026-09-23T23:12:40.115141,False,,,17.59,False,0,transition,640x480
4254,2026-09-23T23:12:40.147367,False,,,17.72,False,0,transition,640x480
4255,2026-09-23T23:12:40.178446,False,,,16.57,False,0,transition,640x480
4256,2026-09-23T23:12:40.218223,False,,,17.02,False,0,transition,640x480
4257,2026-09-23T23:12:40.258949,False,,,17.23,False,0,transition,640x480
4258,2026-09-23T23:12:40.293535,False,,,17.52,False,0,transition,640x480
4259,2026-09-23T23:12:40.333558,False,,,17.51,False,0,transition,640x480
4260,2026-09-23T23:12:40.364138,False,,,17.01,False,0,transition,640x480
4261,2026-09-23T23:12:40.395670,False,,,17.52,False,0,transition,640x480
4262,2026-09-23T23:12:40.428551,False,,,18.01,False,0,transition,640x480
4263,2026-09-23T23:12:40.457795,False,,,17.14,False,0,transition,640x480
4264,2026-09-23T23:12:40.490827,False,,,17.02,False,0,transition,640x480
4265,2026-09-23T23:12:40.524886,False,,,17.01,False,0,transition,640x480
4266,2026-09-23T23:12:40.564824,False,,,17.52,False,0,transition,640x480
4267,2026-09-23T23:12:40.595913,False,,,16.58,False,0,transition,640x480
4268,2026-09-23T23:12:40.626199,False,,,17.18,False,0,transition,640x480
4269,2026-09-23T23:12:40.655954,False,,,17.21,False,0,transition,640x480
4270,2026-09-23T23:12:40.688734,False,,,16.77,False,0,transition,640x480
4271,2026-09-23T23:12:40.718813,False,,,17.52,False,0,transition,640x480
4272,2026-09-23T23:12:40.749408,False,,,17.53,False,0,transition,640x480
4273,2026-09-23T23:12:40.779438,False,,,16.52,False,0,transition,640x480
4274,2026-09-23T23:12:40.810891,False,,,17.02,False,0,transition,640x480
4275,2026-09-23T23:12:40.840915,False,,,17.02,False,0,transition,640x480
4276,2026-09-23T23:12:40.874985,False,,,17.01,False,0,transition,640x480
4277,2026-09-23T23:12:40.917218,False,,,17.75,False,0,transition,640x480
4278,2026-09-23T23:12:40.955257,False,,,17.51,False,0,transition,640x480
4279,2026-09-23T23:12:40.991537,False,,,17.77,False,0,transition,640x480
4280,2026-09-23T23:12:41.027808,False,,,17.02,False,0,transition,640x480
4281,2026-09-23T23:12:41.068853,False,,,17.52,False,0,transition,640x480
4282,2026-09-23T23:12:41.098080,False,,,17.52,False,0,transition,640x480
4283,2026-09-23T23:12:41.130609,False,,,18.02,False,0,transition,640x480
4284,2026-09-23T23:12:41.161545,False,,,17.54,False,0,transition,640x480
4285,2026-09-23T23:12:41.192595,False,,,17.04,False,0,transition,640x480
4286,2026-09-23T23:12:41.226752,False,,,17.02,False,0,transition,640x480
4287,2026-09-23T23:12:41.268838,False,,,17.53,False,0,transition,640x480
4288,2026-09-23T23:12:41.298412,False,,,17.82,False,0,transition,640x480
4289,2026-09-23T23:12:41.329042,False,,,17.12,False,0,transition,640x480
4290,2026-09-23T23:12:41.360580,False,,,16.52,False,0,transition,640x480
4291,2026-09-23T23:12:41.391110,False,,,17.52,False,0,transition,640x480
4292,2026-09-23T23:12:41.426639,False,,,17.01,False,0,transition,640x480
4293,2026-09-23T23:12:41.468183,False,,,17.01,False,0,transition,640x480
4294,2026-09-23T23:12:41.498439,False,,,16.74,False,0,transition,640x480
4295,2026-09-23T23:12:41.528966,False,,,17.02,False,0,transition,640x480
4296,2026-09-23T23:12:41.561996,False,,,19.02,False,0,transition,640x480
4297,2026-09-23T23:12:41.592086,False,,,17.07,False,0,transition,640x480
4298,2026-09-23T23:12:41.626620,False,,,17.01,False,0,transition,640x480
4299,2026-09-23T23:12:41.668253,False,,,17.01,False,0,transition,640x480
4300,2026-09-23T23:12:41.698292,False,,,17.52,False,0,transition,640x480
4301,2026-09-23T23:12:41.729169,False,,,16.37,False,0,transition,640x480
4302,2026-09-23T23:12:41.761221,False,,,17.02,False,0,transition,640x480
4303,2026-09-23T23:12:41.790773,False,,,17.03,False,0,transition,640x480
4304,2026-09-23T23:12:41.826794,False,,,17.00,False,0,transition,640x480
4305,2026-09-23T23:12:41.869015,False,,,17.65,False,0,transition,640x480
4306,2026-09-23T23:12:41.899121,False,,,17.53,False,0,transition,640x480
4307,2026-09-23T23:12:41.929802,False,,,17.02,False,0,transition,640x480
4308,2026-09-23T23:12:41.960538,False,,,17.02,False,0,transition,640x480
4309,2026-09-23T23:12:41.993021,False,,,17.47,False,0,transition,640x480
4310,2026-09-23T23:12:42.027741,False,,,17.01,False,0,transition,640x480
4311,2026-09-23T23:12:42.067983,False,,,17.57,False,0,transition,640x480
4312,2026-09-23T23:12:42.099261,False,,,17.70,False,0,transition,640x480
4313,2026-09-23T23:12:42.128791,False,,,17.02,False,0,transition,640x480
4314,2026-09-23T23:12:42.158820,False,,,17.02,False,0,transition,640x480
4315,2026-09-23T23:12:42.189732,False,,,16.88,False,0,transition,640x480
4316,2026-09-23T23:12:42.222257,False,,,16.50,False,0,transition,640x480
4317,2026-09-23T23:12:42.265106,False,,,17.53,False,0,transition,640x480
4318,2026-09-23T23:12:42.296451,False,,,17.52,False,0,transition,640x480
4319,2026-09-23T23:12:42.328578,False,,,18.53,False,0,transition,640x480
4320,2026-09-23T23:12:42.359114,False,,,17.52,False,0,transition,640x480
4321,2026-09-23T23:12:42.389204,False,,,18.03,False,0,transition,640x480
4322,2026-09-23T23:12:42.427749,False,,,18.02,False,0,transition,640x480
4323,2026-09-23T23:12:42.464796,False,,,17.52,False,0,transition,640x480
4324,2026-09-23T23:12:42.495832,False,,,18.02,False,0,transition,640x480
4325,2026-09-23T23:12:42.527918,False,,,18.07,False,0,transition,640x480
4326,2026-09-23T23:12:42.559951,False,,,18.02,False,0,transition,640x480
4327,2026-09-23T23:12:42.590782,False,,,17.82,False,0,transition,640x480
4328,2026-09-23T23:12:42.621845,False,,,17.53,False,0,transition,640x480
4329,2026-09-23T23:12:42.651508,False,,,17.58,False,0,transition,640x480
4330,2026-09-23T23:12:42.682638,False,,,16.82,False,0,transition,640x480
4331,2026-09-23T23:12:42.712777,False,,,19.07,False,0,transition,640x480
4332,2026-09-23T23:12:42.762828,False,,,17.01,False,0,transition,640x480
4333,2026-09-23T23:12:42.804703,False,,,17.02,False,0,transition,640x480
4334,2026-09-23T23:12:42.834729,False,,,17.52,False,0,transition,640x480
4335,2026-09-23T23:12:42.866816,False,,,17.54,False,0,transition,640x480
4336,2026-09-23T23:12:42.894994,False,,,17.16,False,0,transition,640x480
4337,2026-09-23T23:12:42.929995,False,,,17.64,False,0,transition,640x480
4338,2026-09-23T23:12:42.974540,False,,,17.01,False,0,transition,640x480
4339,2026-09-23T23:12:43.025863,False,,,18.01,False,0,transition,640x480
4340,2026-09-23T23:12:43.062891,False,,,17.01,False,0,transition,640x480
4341,2026-09-23T23:12:43.095247,False,,,17.34,False,0,transition,640x480
4342,2026-09-23T23:12:43.127883,False,,,18.02,False,0,transition,640x480
4343,2026-09-23T23:12:43.156904,False,,,17.02,False,0,transition,640x480
4344,2026-09-23T23:12:43.188126,False,,,17.03,False,0,transition,640x480
4345,2026-09-23T23:12:43.218149,False,,,17.01,False,0,transition,640x480
4346,2026-09-23T23:12:43.248261,False,,,17.10,False,0,transition,640x480
4347,2026-09-23T23:12:43.280793,False,,,17.02,False,0,transition,640x480
4348,2026-09-23T23:12:43.309837,False,,,18.03,False,0,transition,640x480
4349,2026-09-23T23:12:43.340865,False,,,17.02,False,0,transition,640x480
4350,2026-09-23T23:12:43.372941,False,,,17.01,False,0,transition,640x480
4351,2026-09-23T23:12:43.402487,False,,,17.52,False,0,transition,640x480
4352,2026-09-23T23:12:43.433848,False,,,18.03,False,0,transition,640x480
4353,2026-09-23T23:12:43.462871,False,,,17.01,False,0,transition,640x480
4354,2026-09-23T23:12:43.494795,False,,,16.91,False,0,transition,640x480
4355,2026-09-23T23:12:43.524719,False,,,17.02,False,0,transition,640x480
4356,2026-09-23T23:12:43.561895,False,,,17.02,False,0,transition,640x480
4357,2026-09-23T23:12:43.605836,False,,,17.88,False,0,transition,640x480
4358,2026-09-23T23:12:43.632411,False,,,17.51,False,0,transition,640x480
4359,2026-09-23T23:12:43.664159,False,,,17.03,False,0,transition,640x480
4360,2026-09-23T23:12:43.691702,False,,,18.04,False,0,phone_edge_on_left,640x480
4361,2026-09-23T23:12:43.727896,False,,,18.01,False,0,phone_edge_on_left,640x480
4362,2026-09-23T23:12:43.757629,False,,,17.52,False,0,phone_edge_on_left,640x480
4363,2026-09-23T23:12:43.789155,False,,,18.02,False,0,phone_edge_on_left,640x480
4364,2026-09-23T23:12:43.821184,False,,,17.51,False,0,phone_edge_on_left,640x480
4365,2026-09-23T23:12:43.849547,False,,,17.52,False,0,phone_edge_on_left,640x480
4366,2026-09-23T23:12:43.899884,False,,,17.28,False,0,phone_edge_on_left,640x480
4367,2026-09-23T23:12:43.941011,False,,,17.51,False,0,phone_edge_on_left,640x480
4368,2026-09-23T23:12:43.986892,False,,,17.85,False,0,phone_edge_on_left,640x480
4369,2026-09-23T23:12:44.017468,False,,,18.02,False,0,phone_edge_on_left,640x480
4370,2026-09-23T23:12:44.050020,False,,,17.52,False,0,phone_edge_on_left,640x480
4371,2026-09-23T23:12:44.081556,False,,,18.03,False,0,phone_edge_on_left,640x480
4372,2026-09-23T23:12:44.112582,False,,,17.01,False,0,phone_edge_on_left,640x480
4373,2026-09-23T23:12:44.145121,False,,,17.52,False,0,phone_edge_on_left,640x480
4374,2026-09-23T23:12:44.174658,False,,,17.53,False,0,phone_edge_on_left,640x480
4375,2026-09-23T23:12:44.208242,False,,,17.53,False,0,phone_edge_on_left,640x480
4376,2026-09-23T23:12:44.239777,False,,,17.52,False,0,phone_edge_on_left,640x480
4377,2026-09-23T23:12:44.268804,False,,,17.52,False,0,phone_edge_on_left,640x480
4378,2026-09-23T23:12:44.298387,False,,,17.57,False,0,phone_edge_on_left,640x480
4379,2026-09-23T23:12:44.328904,False,,,17.01,False,0,phone_edge_on_left,640x480
4380,2026-09-23T23:12:44.362927,False,,,17.01,False,0,phone_edge_on_left,640x480
4381,2026-09-23T23:12:44.391285,False,,,17.35,False,0,phone_edge_on_left,640x480
4382,2026-09-23T23:12:44.424818,False,,,17.01,False,0,phone_edge_on_left,640x480
4383,2026-09-23T23:12:44.452349,False,,,16.51,False,0,phone_edge_on_left,640x480
4384,2026-09-23T23:12:44.482430,False,,,17.51,False,0,phone_edge_on_left,640x480
4385,2026-09-23T23:12:44.514965,False,,,17.51,False,0,phone_edge_on_left,640x480
4386,2026-09-23T23:12:44.545992,False,,,18.02,False,0,phone_edge_on_left,640x480
4387,2026-09-23T23:12:44.576527,False,,,17.53,False,0,phone_edge_on_left,640x480
4388,2026-09-23T23:12:44.636271,False,,,18.36,False,0,phone_edge_on_left,640x480
4389,2026-09-23T23:12:44.673798,False,,,18.01,False,0,phone_edge_on_left,640x480
4390,2026-09-23T23:12:44.715931,False,,,18.57,False,0,phone_edge_on_left,640x480
4391,2026-09-23T23:12:44.745953,False,,,17.02,False,0,phone_edge_on_left,640x480
4392,2026-09-23T23:12:44.774976,False,,,17.01,False,0,phone_edge_on_left,640x480
4393,2026-09-23T23:12:44.808132,False,,,17.52,False,0,phone_edge_on_left,640x480
4394,2026-09-23T23:12:44.838004,False,,,16.85,False,0,phone_edge_on_left,640x480
4395,2026-09-23T23:12:44.869056,False,,,17.53,False,0,phone_edge_on_left,640x480
4396,2026-09-23T23:12:44.899170,False,,,17.52,False,0,phone_edge_on_left,640x480
4397,2026-09-23T23:12:44.931224,False,,,17.53,False,0,phone_edge_on_left,640x480
4398,2026-09-23T23:12:44.977778,False,,,17.02,False,0,phone_edge_on_left,640x480
4399,2026-09-23T23:12:45.009635,False,,,19.85,False,0,phone_edge_on_left,640x480
4400,2026-09-23T23:12:45.038665,False,,,17.53,False,0,phone_edge_on_left,640x480
4401,2026-09-23T23:12:45.068198,False,,,17.52,False,0,phone_edge_on_left,640x480
4402,2026-09-23T23:12:45.099320,False,,,17.52,False,0,phone_edge_on_left,640x480
4403,2026-09-23T23:12:45.128800,False,,,16.74,False,0,phone_edge_on_left,640x480
4404,2026-09-23T23:12:45.162894,False,,,17.01,False,0,phone_edge_on_left,640x480
4405,2026-09-23T23:12:45.192521,False,,,17.61,False,0,phone_edge_on_left,640x480
4406,2026-09-23T23:12:45.226705,False,,,17.61,False,0,phone_edge_on_left,640x480
4407,2026-09-23T23:12:45.268887,False,,,17.57,False,0,phone_edge_on_left,640x480
4408,2026-09-23T23:12:45.299477,False,,,18.08,False,0,phone_edge_on_left,640x480
4409,2026-09-23T23:12:45.331065,False,,,17.07,False,0,phone_edge_on_left,640x480
4410,2026-09-23T23:12:45.361620,False,,,17.01,False,0,phone_edge_on_left,640x480
4411,2026-09-23T23:12:45.395151,False,,,17.52,False,0,phone_edge_on_left,640x480
4412,2026-09-23T23:12:45.435129,False,,,16.76,False,0,phone_edge_on_left,640x480
4413,2026-09-23T23:12:45.472156,False,,,16.51,False,0,phone_edge_on_left,640x480
4414,2026-09-23T23:12:45.501211,False,,,17.35,False,0,phone_edge_on_left,640x480
4415,2026-09-23T23:12:45.532250,False,,,17.00,False,0,phone_edge_on_left,640x480
4416,2026-09-23T23:12:45.562773,False,,,16.51,False,0,phone_edge_on_left,640x480
4417,2026-09-23T23:12:45.593833,False,,,17.01,False,0,phone_edge_on_left,640x480
4418,2026-09-23T23:12:45.625878,False,,,17.01,False,0,phone_edge_on_left,640x480
4419,2026-09-23T23:12:45.654929,False,,,17.31,False,0,phone_edge_on_left,640x480
4420,2026-09-23T23:12:45.684681,False,,,17.52,False,0,phone_edge_on_left,640x480
4421,2026-09-23T23:12:45.714265,False,,,17.04,False,0,phone_edge_on_left,640x480
4422,2026-09-23T23:12:45.744784,False,,,17.01,False,0,phone_edge_on_left,640x480
4423,2026-09-23T23:12:45.778819,False,,,17.02,False,0,phone_edge_on_left,640x480
4424,2026-09-23T23:12:45.835886,False,,,18.02,False,0,phone_edge_on_left,640x480
4425,2026-09-23T23:12:45.872206,False,,,17.51,False,0,phone_edge_on_left,640x480
4426,2026-09-23T23:12:45.902325,False,,,16.55,False,0,phone_edge_on_left,640x480
4427,2026-09-23T23:12:45.931380,False,,,17.52,False,0,phone_edge_on_left,640x480
4428,2026-09-23T23:12:45.974941,False,,,17.03,False,0,phone_edge_on_left,640x480
4429,2026-09-23T23:12:46.009518,False,,,17.56,False,0,phone_edge_on_left,640x480
4430,2026-09-23T23:12:46.040556,False,,,17.02,False,0,phone_edge_on_left,640x480
4431,2026-09-23T23:12:46.072237,False,,,16.51,False,0,phone_edge_on_left,640x480
4432,2026-09-23T23:12:46.101360,False,,,17.52,False,0,phone_edge_on_left,640x480
4433,2026-09-23T23:12:46.131398,False,,,17.52,False,0,phone_edge_on_left,640x480
4434,2026-09-23T23:12:46.165149,False,,,20.23,False,0,phone_edge_on_left,640x480
4435,2026-09-23T23:12:46.192665,False,,,17.01,False,0,phone_edge_on_left,640x480
4436,2026-09-23T23:12:46.228865,False,,,17.52,False,0,phone_edge_on_left,640x480
4437,2026-09-23T23:12:46.272073,False,,,17.52,False,0,phone_edge_on_left,640x480
4438,2026-09-23T23:12:46.301431,False,,,17.58,False,0,transition,640x480
4439,2026-09-23T23:12:46.331468,False,,,17.52,False,0,transition,640x480
4440,2026-09-23T23:12:46.363997,False,,,18.01,False,0,transition,640x480
4441,2026-09-23T23:12:46.394525,False,,,17.52,False,0,transition,640x480
4442,2026-09-23T23:12:46.426720,False,,,18.01,False,0,transition,640x480
4443,2026-09-23T23:12:46.457772,False,,,18.04,False,0,transition,640x480
4444,2026-09-23T23:12:46.490805,False,,,18.03,False,0,transition,640x480
4445,2026-09-23T23:12:46.520841,False,,,17.02,False,0,transition,640x480
4446,2026-09-23T23:12:46.548474,False,,,18.02,False,0,transition,640x480
4447,2026-09-23T23:12:46.580506,False,,,17.02,False,0,transition,640x480
4448,2026-09-23T23:12:46.612985,False,,,18.07,False,0,transition,640x480
4449,2026-09-23T23:12:46.642905,False,,,17.35,False,0,transition,640x480
4450,2026-09-23T23:12:46.675541,False,,,17.57,False,0,transition,640x480
4451,2026-09-23T23:12:46.711095,False,,,17.54,False,0,transition,640x480
4452,2026-09-23T23:12:46.751651,False,,,17.01,False,0,transition,640x480
4453,2026-09-23T23:12:46.781186,False,,,17.01,False,0,transition,640x480
4454,2026-09-23T23:12:46.812404,False,,,17.24,False,0,transition,640x480
4455,2026-09-23T23:12:46.842927,False,,,17.01,False,0,transition,640x480
4456,2026-09-23T23:12:46.876511,False,,,18.57,False,0,transition,640x480
4457,2026-09-23T23:12:46.908879,False,,,17.03,False,0,transition,640x480
4458,2026-09-23T23:12:46.951420,False,,,17.52,False,0,transition,640x480
4459,2026-09-23T23:12:46.983948,False,,,17.02,False,0,transition,640x480
4460,2026-09-23T23:12:47.016001,False,,,17.52,False,0,transition,640x480
4461,2026-09-23T23:12:47.046580,False,,,17.57,False,0,transition,640x480
4462,2026-09-23T23:12:47.075847,False,,,17.02,False,0,transition,640x480
4463,2026-09-23T23:12:47.111437,False,,,17.57,False,0,transition,640x480
4464,2026-09-23T23:12:47.140614,False,,,17.52,False,0,transition,640x480
4465,2026-09-23T23:12:47.172158,False,,,16.51,False,0,transition,640x480
4466,2026-09-23T23:12:47.201360,False,,,17.69,False,0,transition,640x480
4467,2026-09-23T23:12:47.242890,False,,,17.01,False,0,transition,640x480
4468,2026-09-23T23:12:47.278926,False,,,17.02,False,0,transition,640x480
4469,2026-09-23T23:12:47.309195,False,,,17.26,False,0,transition,640x480
4470,2026-09-23T23:12:47.343796,False,,,18.08,False,0,transition,640x480
4471,2026-09-23T23:12:47.384659,False,,,17.52,False,0,transition,640x480
4472,2026-09-23T23:12:47.414791,False,,,17.52,False,0,transition,640x480
4473,2026-09-23T23:12:47.444959,False,,,17.16,False,0,transition,640x480
4474,2026-09-23T23:12:47.476065,False,,,18.09,False,0,transition,640x480
4475,2026-09-23T23:12:47.510282,False,,,17.49,False,0,transition,640x480
4476,2026-09-23T23:12:47.555869,False,,,18.02,False,0,transition,640x480
4477,2026-09-23T23:12:47.582409,False,,,17.51,False,0,transition,640x480
4478,2026-09-23T23:12:47.612566,False,,,17.14,False,0,transition,640x480
4479,2026-09-23T23:12:47.644662,False,,,17.09,False,0,transition,640x480
4480,2026-09-23T23:12:47.674687,False,,,17.01,False,0,transition,640x480
4481,2026-09-23T23:12:47.710288,False,,,17.52,False,0,transition,640x480
4482,2026-09-23T23:12:47.741263,False,,,17.47,False,0,transition,640x480
4483,2026-09-23T23:12:47.772788,False,,,17.01,False,0,transition,640x480
4484,2026-09-23T23:12:47.800421,False,,,17.68,False,0,transition,640x480
4485,2026-09-23T23:12:47.835728,False,,,16.78,False,0,transition,640x480
4486,2026-09-23T23:12:47.874846,False,,,17.04,False,0,transition,640x480
4487,2026-09-23T23:12:47.908925,False,,,17.07,False,0,transition,640x480
4488,2026-09-23T23:12:47.951699,False,,,17.02,False,0,transition,640x480
4489,2026-09-23T23:12:47.982065,False,,,17.86,False,0,transition,640x480
4490,2026-09-23T23:12:48.012128,False,,,17.52,False,0,transition,640x480
4491,2026-09-23T23:12:48.044791,False,,,17.14,False,0,transition,640x480
4492,2026-09-23T23:12:48.074816,False,,,17.02,False,0,transition,640x480
4493,2026-09-23T23:12:48.111756,False,,,17.03,False,0,transition,640x480
4494,2026-09-23T23:12:48.151321,False,,,17.52,False,0,transition,640x480
4495,2026-09-23T23:12:48.181844,False,,,17.01,False,0,transition,640x480
4496,2026-09-23T23:12:48.212388,False,,,17.52,False,0,transition,640x480
4497,2026-09-23T23:12:48.242914,False,,,17.01,False,0,transition,640x480
4498,2026-09-23T23:12:48.275007,False,,,17.07,False,0,transition,640x480
4499,2026-09-23T23:12:48.310050,False,,,17.52,False,0,transition,640x480
4500,2026-09-23T23:12:48.352472,False,,,17.83,False,0,transition,640x480
4501,2026-09-23T23:12:48.382504,False,,,17.52,False,0,transition,640x480
4502,2026-09-23T23:12:48.412340,False,,,16.52,False,0,transition,640x480
4503,2026-09-23T23:12:48.441925,False,,,17.01,False,0,transition,640x480
4504,2026-09-23T23:12:48.476559,False,,,19.53,False,0,transition,640x480
4505,2026-09-23T23:12:48.507692,False,,,17.52,False,0,transition,640x480
4506,2026-09-23T23:12:48.534599,False,,,17.52,False,0,transition,640x480
4507,2026-09-23T23:12:48.570173,False,,,16.51,False,0,transition,640x480
4508,2026-09-23T23:12:48.612424,False,,,17.54,False,0,transition,640x480
4509,2026-09-23T23:12:48.642949,False,,,17.02,False,0,transition,640x480
4510,2026-09-23T23:12:48.674564,False,,,17.52,False,0,transition,640x480
4511,2026-09-23T23:12:48.714954,False,,,17.52,False,0,transition,640x480
4512,2026-09-23T23:12:48.751489,False,,,17.52,False,0,transition,640x480
4513,2026-09-23T23:12:48.784022,False,,,17.02,False,0,transition,640x480
4514,2026-09-23T23:12:48.816224,False,,,17.52,False,0,transition,640x480
4515,2026-09-23T23:12:48.847429,False,,,17.69,False,0,transition,640x480
4516,2026-09-23T23:12:48.877960,False,,,18.01,False,0,transition,640x480
4517,2026-09-23T23:12:48.909495,False,,,17.52,False,0,transition,640x480
4518,2026-09-23T23:12:48.940579,False,,,17.02,False,0,transition,640x480
4519,2026-09-23T23:12:48.978660,False,,,17.02,False,0,transition,640x480
4520,2026-09-23T23:12:49.018864,False,,,17.36,False,0,transition,640x480
4521,2026-09-23T23:12:49.047556,False,,,17.02,False,0,transition,640x480
4522,2026-09-23T23:12:49.078588,False,,,17.52,False,0,transition,640x480
4523,2026-09-23T23:12:49.114776,False,,,17.52,False,0,transition,640x480
4524,2026-09-23T23:12:49.156014,False,,,18.37,False,0,transition,640x480
4525,2026-09-23T23:12:49.191551,False,,,17.01,False,0,transition,640x480
4526,2026-09-23T23:12:49.230638,False,,,17.02,False,0,transition,640x480
4527,2026-09-23T23:12:49.263903,False,,,18.01,False,0,transition,640x480
4528,2026-09-23T23:12:49.294982,False,,,17.02,False,0,transition,640x480
4529,2026-09-23T23:12:49.329580,False,,,18.52,False,0,transition,640x480
