frame_number,timestamp,detected,raw_score,avg_score,latency_ms,resized
1,2026-09-23T22:58:32.770140,False,,,20.51,False
2,2026-09-23T22:58:32.832406,False,,,18.02,False
3,2026-09-23T22:58:32.860085,False,,,17.61,False
4,2026-09-23T22:58:32.903205,False,,,17.59,False
5,2026-09-23T22:58:32.935284,False,,,18.52,False
6,2026-09-23T22:58:32.965821,False,,,18.01,False
7,2026-09-23T22:58:32.997359,False,,,18.03,False
8,2026-09-23T22:58:33.028428,False,,,18.04,False
9,2026-09-23T22:58:33.059527,False,,,18.09,False
10,2026-09-23T22:58:33.092194,False,,,18.02,False
11,2026-09-23T22:58:33.120996,False,,,18.52,False
12,2026-09-23T22:58:33.157553,False,,,18.02,False
13,2026-09-23T22:58:33.197219,False,,,17.64,False
14,2026-09-23T22:58:33.226701,False,,,17.52,False
15,2026-09-23T22:58:33.259786,False,,,17.52,False
16,2026-09-23T22:58:33.301343,False,,,18.02,False
17,2026-09-23T22:58:33.337407,False,,,18.53,False
18,2026-09-23T22:58:33.366947,False,,,17.53,False
19,2026-09-23T22:58:33.399516,False,,,18.56,False
20,2026-09-23T22:58:33.430558,False,,,17.01,False
21,2026-09-23T22:58:33.461666,False,,,18.07,False
22,2026-09-23T22:58:33.494744,False,,,20.52,False
23,2026-09-23T22:58:33.524597,False,,,18.10,False
24,2026-09-23T22:58:33.555696,False,,,17.51,False
25,2026-09-23T22:58:33.585308,False,,,18.08,False
26,2026-09-23T22:58:33.620842,True,0.156,0.156,17.52,False
27,2026-09-23T22:58:33.662572,True,0.156,0.156,18.17,False
28,2026-09-23T22:58:33.700632,False,,,18.54,False
29,2026-09-23T22:58:33.740421,False,,,18.03,False
30,2026-09-23T22:58:33.770954,False,,,17.51,False
31,2026-09-23T22:58:33.803115,False,,,18.58,False
32,2026-09-23T22:58:33.835188,False,,,18.05,False
33,2026-09-23T22:58:33.864971,False,,,17.76,False
34,2026-09-23T22:58:33.895149,False,,,17.67,False
35,2026-09-23T22:58:33.926437,False,,,18.03,False
36,2026-09-23T22:58:33.961468,False,,,18.02,False
37,2026-09-23T22:58:33.989235,False,,,18.18,False
38,2026-09-23T22:58:34.035360,False,,,17.53,False
39,2026-09-23T22:58:34.067061,False,,,18.53,False
40,2026-09-23T22:58:34.099676,False,,,18.03,False
41,2026-09-23T22:58:34.128699,False,,,17.52,False
42,2026-09-23T22:58:34.163894,True,0.156,0.156,17.56,False
43,2026-09-23T22:58:34.193421,True,0.156,0.156,18.02,False
44,2026-09-23T22:58:34.227895,False,,,17.29,False
45,2026-09-23T22:58:34.269024,False,,,18.53,False
46,2026-09-23T22:58:34.299576,False,,,18.03,False
47,2026-09-23T22:58:34.331105,False,,,18.52,False
48,2026-09-23T22:58:34.361171,True,0.156,0.156,17.58,False
49,2026-09-23T22:58:34.392428,True,0.156,0.156,18.01,False
50,2026-09-23T22:58:34.435257,False,,,18.08,False
51,2026-09-23T22:58:34.467968,False,,,18.03,False
52,2026-09-23T22:58:34.499516,False,,,17.53,False
53,2026-09-23T22:58:34.531058,False,,,18.52,False
54,2026-09-23T22:58:34.565169,False,,,18.60,False
55,2026-09-23T22:58:34.607760,False,,,18.52,False
56,2026-09-23T22:58:34.641843,True,0.211,0.167,19.52,False
57,2026-09-23T22:58:34.669874,True,0.211,0.178,18.02,False
58,2026-09-23T22:58:34.703421,False,,,18.02,False
59,2026-09-23T22:58:34.733163,False,,,18.13,False
60,2026-09-23T22:58:34.774331,True,0.156,0.178,18.01,False
61,2026-09-23T22:58:34.811864,True,0.156,0.178,18.02,False
62,2026-09-23T22:58:34.843416,False,,,18.02,False
63,2026-09-23T22:58:34.873351,False,,,18.01,False
64,2026-09-23T22:58:34.904884,False,,,17.52,False
65,2026-09-23T22:58:34.935222,False,,,18.06,False
66,2026-09-23T22:58:34.965835,False,,,17.53,False
67,2026-09-23T22:58:34.995862,False,,,16.52,False
68,2026-09-23T22:58:35.028395,False,,,17.52,False
69,2026-09-23T22:58:35.060430,False,,,18.02,False
70,2026-09-23T22:58:35.091461,False,,,18.02,False
71,2026-09-23T22:58:35.122097,False,,,17.60,False
72,2026-09-23T22:58:35.173348,False,,,18.01,False
73,2026-09-23T22:58:35.200383,False,,,17.02,False
74,2026-09-23T22:58:35.236318,False,,,18.27,False
75,2026-09-23T22:58:35.265902,False,,,18.57,False
76,2026-09-23T22:58:35.301443,False,,,18.02,False
77,2026-09-23T22:58:35.343500,False,,,18.01,False
78,2026-09-23T22:58:35.374208,False,,,17.52,False
79,2026-09-23T22:58:35.405314,False,,,18.10,False
80,2026-09-23T22:58:35.439345,False,,,17.52,False
81,2026-09-23T22:58:35.482086,False,,,18.02,False
82,2026-09-23T22:58:35.513161,True,0.184,0.184,18.56,False
82,2026-09-23T22:58:35.513161,True,0.184,0.178,18.56,False
83,2026-09-23T22:58:35.542387,True,0.184,0.173,18.01,False
83,2026-09-23T22:58:35.542387,True,0.184,0.178,18.01,False
84,2026-09-23T22:58:35.575508,True,0.230,0.193,18.03,False
85,2026-09-23T22:58:35.605246,True,0.230,0.202,17.72,False
86,2026-09-23T22:58:35.639318,True,0.320,0.230,18.06,False
87,2026-09-23T22:58:35.668958,True,0.320,0.257,18.56,False
88,2026-09-23T22:58:35.699539,False,,,18.02,False
89,2026-09-23T22:58:35.730575,False,,,18.03,False
90,2026-09-23T22:58:35.763933,False,,,17.53,False
91,2026-09-23T22:58:35.795970,False,,,20.53,False
92,2026-09-23T22:58:35.828294,False,,,17.53,False
93,2026-09-23T22:58:35.856900,False,,,17.59,False
94,2026-09-23T22:58:35.907965,False,,,17.53,False
95,2026-09-23T22:58:35.948026,False,,,18.52,False
96,2026-09-23T22:58:35.978566,False,,,17.03,False
97,2026-09-23T22:58:36.014951,False,,,17.57,False
98,2026-09-23T22:58:36.057500,False,,,18.02,False
99,2026-09-23T22:58:36.090543,False,,,17.52,False
100,2026-09-23T22:58:36.119323,False,,,17.76,False
101,2026-09-23T22:58:36.149853,False,,,18.52,False
102,2026-09-23T22:58:36.179371,False,,,17.01,False
103,2026-09-23T22:58:36.211502,False,,,18.12,False
104,2026-09-23T22:58:36.243537,False,,,18.02,False
105,2026-09-23T22:58:36.275331,False,,,18.01,False
106,2026-09-23T22:58:36.308445,True,0.156,0.252,18.10,False
107,2026-09-23T22:58:36.336321,True,0.156,0.237,18.37,False
108,2026-09-23T22:58:36.368113,True,0.156,0.222,17.53,False
109,2026-09-23T22:58:36.400558,False,,,18.54,False
110,2026-09-23T22:58:36.435604,True,0.363,0.230,17.52,False
111,2026-09-23T22:58:36.476746,True,0.363,0.239,17.56,False
112,2026-09-23T22:58:36.508134,False,,,17.86,False
113,2026-09-23T22:58:36.540587,False,,,18.42,False
114,2026-09-23T22:58:36.570134,False,,,18.03,False
115,2026-09-23T22:58:36.601772,False,,,18.57,False
116,2026-09-23T22:58:36.643364,False,,,17.57,False
117,2026-09-23T22:58:36.678472,False,,,17.54,False
118,2026-09-23T22:58:36.710544,False,,,18.02,False
119,2026-09-23T22:58:36.739580,False,,,17.53,False
120,2026-09-23T22:58:36.773205,False,,,18.03,False
121,2026-09-23T22:58:36.803331,False,,,18.06,False
122,2026-09-23T22:58:36.840432,False,,,18.52,False
123,2026-09-23T22:58:36.878351,False,,,17.22,False
124,2026-09-23T22:58:36.912484,True,0.230,0.254,18.03,False
125,2026-09-23T22:58:36.945736,True,0.230,0.269,20.22,False
126,2026-09-23T22:58:36.980769,True,0.262,0.290,17.52,False
127,2026-09-23T22:58:37.021916,True,0.262,0.270,17.52,False
128,2026-09-23T22:58:37.053232,True,0.184,0.234,17.80,False
129,2026-09-23T22:58:37.085333,True,0.184,0.224,18.07,False
130,2026-09-23T22:58:37.115898,True,0.184,0.215,17.53,False
131,2026-09-23T22:58:37.145425,True,0.168,0.196,18.02,False
132,2026-09-23T22:58:37.176482,True,0.168,0.177,18.02,False
133,2026-09-23T22:58:37.209370,True,0.199,0.180,18.03,False
134,2026-09-23T22:58:37.239429,True,0.301,0.204,17.52,False
135,2026-09-23T22:58:37.273481,True,0.301,0.227,18.02,False
136,2026-09-23T22:58:37.301175,False,,,17.97,False
137,2026-09-23T22:58:37.333347,False,,,18.52,False
138,2026-09-23T22:58:37.380951,False,,,17.02,False
139,2026-09-23T22:58:37.411494,False,,,18.03,False
140,2026-09-23T22:58:37.443543,True,0.168,0.227,18.02,False
140,2026-09-23T22:58:37.443543,True,0.156,0.225,18.02,False
141,2026-09-23T22:58:37.475399,True,0.168,0.219,18.15,False
141,2026-09-23T22:58:37.475399,True,0.156,0.190,18.15,False
142,2026-09-23T22:58:37.507339,True,0.168,0.163,18.02,False
142,2026-09-23T22:58:37.507339,True,0.156,0.161,18.02,False
143,2026-09-23T22:58:37.535368,False,,,17.52,False
144,2026-09-23T22:58:37.566119,False,,,17.52,False
145,2026-09-23T22:58:37.598997,True,0.344,0.198,18.52,False
145,2026-09-23T22:58:37.598997,True,0.281,0.221,18.52,False
145,2026-09-23T22:58:37.598997,True,0.168,0.223,18.52,False
146,2026-09-23T22:58:37.635535,False,,,17.53,False
147,2026-09-23T22:58:37.675567,False,,,18.02,False
148,2026-09-23T22:58:37.717956,False,,,18.53,False
149,2026-09-23T22:58:37.756423,False,,,17.85,False
150,2026-09-23T22:58:37.799208,False,,,18.26,False
151,2026-09-23T22:58:37.830806,False,,,17.54,False
152,2026-09-23T22:58:37.860476,False,,,18.10,False
153,2026-09-23T22:58:37.891509,True,0.246,0.239,18.02,False
153,2026-09-23T22:58:37.891509,True,0.168,0.241,18.02,False
154,2026-09-23T22:58:37.924419,True,0.246,0.222,18.89,False
154,2026-09-23T22:58:37.924419,True,0.168,0.199,18.89,False
155,2026-09-23T22:58:37.956448,True,0.301,0.226,19.02,False
156,2026-09-23T22:58:37.989488,True,0.301,0.237,18.52,False
157,2026-09-23T22:58:38.020025,False,,,18.03,False
158,2026-09-23T22:58:38.049482,False,,,17.86,False
159,2026-09-23T22:58:38.081018,False,,,18.53,False
160,2026-09-23T22:58:38.116093,False,,,17.53,False
161,2026-09-23T22:58:38.156170,False,,,17.54,False
162,2026-09-23T22:58:38.188748,False,,,17.56,False
163,2026-09-23T22:58:38.221849,False,,,17.52,False
164,2026-09-23T22:58:38.253144,False,,,17.78,False
165,2026-09-23T22:58:38.284994,False,,,18.43,False
166,2026-09-23T22:58:38.315033,False,,,17.53,False
167,2026-09-23T22:58:38.345644,False,,,18.10,False
168,2026-09-23T22:58:38.375728,False,,,17.52,False
169,2026-09-23T22:58:38.409380,False,,,18.06,False
170,2026-09-23T22:58:38.440414,True,0.184,0.240,18.53,False
171,2026-09-23T22:58:38.470714,True,0.184,0.227,18.21,False
172,2026-09-23T22:58:38.515870,False,,,17.02,False
173,2026-09-23T22:58:38.547403,False,,,18.03,False
174,2026-09-23T22:58:38.580607,False,,,18.02,False
175,2026-09-23T22:58:38.610430,False,,,18.52,False
176,2026-09-23T22:58:38.645467,False,,,18.02,False
177,2026-09-23T22:58:38.688799,False,,,17.56,False
178,2026-09-23T22:58:38.717910,False,,,17.51,False
179,2026-09-23T22:58:38.751439,False,,,18.01,False
180,2026-09-23T22:58:38.783238,False,,,18.28,False
181,2026-09-23T22:58:38.816570,True,0.230,0.240,17.81,False
182,2026-09-23T22:58:38.852131,False,,,17.51,False
183,2026-09-23T22:58:38.891891,False,,,17.39,False
184,2026-09-23T22:58:38.925495,False,,,18.09,False
185,2026-09-23T22:58:38.955873,False,,,18.52,False
186,2026-09-23T22:58:38.986936,False,,,18.04,False
187,2026-09-23T22:58:39.016978,False,,,18.03,False
188,2026-09-23T22:58:39.047272,False,,,17.79,False
189,2026-09-23T22:58:39.078518,True,0.211,0.222,18.03,False
190,2026-09-23T22:58:39.114269,True,0.211,0.204,18.02,False
191,2026-09-23T22:58:39.155377,True,0.320,0.231,18.06,False
191,2026-09-23T22:58:39.155377,True,0.199,0.234,18.06,False
191,2026-09-23T22:58:39.155377,True,0.156,0.220,18.06,False
192,2026-09-23T22:58:39.185909,True,0.320,0.241,18.03,False
192,2026-09-23T22:58:39.185909,True,0.199,0.239,18.03,False
192,2026-09-23T22:58:39.185909,True,0.156,0.206,18.03,False
193,2026-09-23T22:58:39.216243,False,,,17.71,False
194,2026-09-23T22:58:39.254796,False,,,19.52,False
195,2026-09-23T22:58:39.295365,False,,,18.03,False
196,2026-09-23T22:58:39.323393,False,,,18.01,False
197,2026-09-23T22:58:39.357436,False,,,18.03,False
198,2026-09-23T22:58:39.385982,False,,,18.03,False
199,2026-09-23T22:58:39.416603,True,0.230,0.212,17.92,False
200,2026-09-23T22:58:39.449507,True,0.230,0.227,17.39,False
201,2026-09-23T22:58:39.479539,False,,,18.03,False
202,2026-09-23T22:58:39.509283,False,,,17.52,False
203,2026-09-23T22:58:39.541340,False,,,18.04,False
204,2026-09-23T22:58:39.572096,False,,,17.52,False
205,2026-09-23T22:58:39.601788,False,,,17.45,False
206,2026-09-23T22:58:39.654363,True,0.262,0.216,19.03,False
206,2026-09-23T22:58:39.655365,True,0.262,0.228,19.03,False
207,2026-09-23T22:58:39.697907,True,0.262,0.249,18.53,False
207,2026-09-23T22:58:39.697907,True,0.262,0.255,18.53,False
208,2026-09-23T22:58:39.727441,True,0.262,0.262,18.03,False
208,2026-09-23T22:58:39.727441,True,0.262,0.262,18.03,False
209,2026-09-23T22:58:39.759438,False,,,17.99,False
210,2026-09-23T22:58:39.790727,False,,,17.26,False
211,2026-09-23T22:58:39.821842,False,,,17.51,False
212,2026-09-23T22:58:39.853159,False,,,17.80,False
213,2026-09-23T22:58:39.885828,False,,,17.09,False
214,2026-09-23T22:58:39.915930,False,,,17.09,False
215,2026-09-23T22:58:39.948526,True,0.199,0.249,19.08,False
215,2026-09-23T22:58:39.948526,True,0.184,0.234,19.08,False
215,2026-09-23T22:58:39.948526,True,0.156,0.212,19.08,False
216,2026-09-23T22:58:39.977563,True,0.199,0.200,18.03,False
216,2026-09-23T22:58:39.977563,True,0.184,0.184,18.03,False
216,2026-09-23T22:58:39.977563,True,0.156,0.176,18.03,False
217,2026-09-23T22:58:40.009435,False,,,17.52,False
218,2026-09-23T22:58:40.053475,False,,,18.01,False
219,2026-09-23T22:58:40.089008,False,,,18.02,False
220,2026-09-23T22:58:40.119036,False,,,18.02,False
221,2026-09-23T22:58:40.149676,False,,,18.09,False
222,2026-09-23T22:58:40.179700,False,,,17.52,False
223,2026-09-23T22:58:40.211379,True,0.262,0.191,18.02,False
223,2026-09-23T22:58:40.211379,True,0.211,0.202,18.02,False
223,2026-09-23T22:58:40.211379,True,0.156,0.194,18.02,False
223,2026-09-23T22:58:40.211379,True,0.156,0.188,18.02,False
224,2026-09-23T22:58:40.245512,True,0.262,0.209,18.12,False
224,2026-09-23T22:58:40.245512,True,0.211,0.199,18.12,False
224,2026-09-23T22:58:40.245512,True,0.156,0.188,18.12,False
224,2026-09-23T22:58:40.245512,True,0.156,0.188,18.12,False
225,2026-09-23T22:58:40.290919,True,0.363,0.230,18.56,False
225,2026-09-23T22:58:40.290919,True,0.199,0.217,18.56,False
225,2026-09-23T22:58:40.290919,True,0.168,0.209,18.56,False
226,2026-09-23T22:58:40.318967,True,0.363,0.250,18.03,False
226,2026-09-23T22:58:40.318967,True,0.199,0.259,18.03,False
226,2026-09-23T22:58:40.318967,True,0.168,0.220,18.03,False
227,2026-09-23T22:58:40.350099,False,,,18.52,False
228,2026-09-23T22:58:40.380654,False,,,18.04,False
229,2026-09-23T22:58:40.413175,False,,,19.58,False
230,2026-09-23T22:58:40.442290,False,,,18.02,False
231,2026-09-23T22:58:40.475220,False,,,18.52,False
232,2026-09-23T22:58:40.507296,False,,,18.02,False
233,2026-09-23T22:58:40.535327,False,,,17.52,False
234,2026-09-23T22:58:40.567871,False,,,18.01,False
235,2026-09-23T22:58:40.599528,False,,,18.65,False
236,2026-09-23T22:58:40.630559,False,,,20.02,False
237,2026-09-23T22:58:40.661409,False,,,18.01,False
238,2026-09-23T22:58:40.695456,False,,,17.02,False
239,2026-09-23T22:58:40.725539,False,,,18.07,False
240,2026-09-23T22:58:40.755595,False,,,18.02,False
241,2026-09-23T22:58:40.790712,False,,,18.59,False
242,2026-09-23T22:58:40.830702,False,,,17.47,False
243,2026-09-23T22:58:40.862263,False,,,18.03,False
244,2026-09-23T22:58:40.891915,False,,,17.52,False
245,2026-09-23T22:58:40.925463,False,,,18.03,False
246,2026-09-23T22:58:40.955264,False,,,17.79,False
247,2026-09-23T22:58:40.986348,False,,,18.02,False
248,2026-09-23T22:58:41.016937,False,,,17.57,False
249,2026-09-23T22:58:41.060475,False,,,18.02,False
250,2026-09-23T22:58:41.095518,False,,,18.03,False
251,2026-09-23T22:58:41.127554,False,,,18.02,False
252,2026-09-23T22:58:41.158896,False,,,18.09,False
253,2026-09-23T22:58:41.189942,False,,,18.03,False
254,2026-09-23T22:58:41.221676,False,,,17.28,False
255,2026-09-23T22:58:41.253206,True,0.211,0.222,18.01,False
256,2026-09-23T22:58:41.281796,True,0.211,0.230,18.55,False
257,2026-09-23T22:58:41.317006,False,,,17.53,False
258,2026-09-23T22:58:41.358599,False,,,18.02,False
259,2026-09-23T22:58:41.389723,False,,,18.60,False
260,2026-09-23T22:58:41.417887,False,,,17.54,False
261,2026-09-23T22:58:41.460429,False,,,18.02,False
262,2026-09-23T22:58:41.495195,False,,,17.74,False
263,2026-09-23T22:58:41.526348,False,,,18.07,False
264,2026-09-23T22:58:41.560788,False,,,19.43,False
265,2026-09-23T22:58:41.590841,False,,,17.52,False
266,2026-09-23T22:58:41.621990,False,,,17.52,False
267,2026-09-23T22:58:41.655556,False,,,18.02,False
268,2026-09-23T22:58:41.683490,False,,,18.43,False
269,2026-09-23T22:58:41.716035,False,,,18.03,False
270,2026-09-23T22:58:41.745566,False,,,18.02,False
271,2026-09-23T22:58:41.795634,False,,,18.02,False
272,2026-09-23T22:58:41.824534,False,,,18.02,False
273,2026-09-23T22:58:41.860848,False,,,18.37,False
274,2026-09-23T22:58:41.900067,False,,,18.02,False
275,2026-09-23T22:58:41.932112,False,,,18.01,False
276,2026-09-23T22:58:41.962386,False,,,17.26,False
277,2026-09-23T22:58:41.993144,False,,,17.75,False
278,2026-09-23T22:58:42.024325,False,,,18.02,False
279,2026-09-23T22:58:42.059514,False,,,18.18,False
280,2026-09-23T22:58:42.099514,False,,,17.56,False
281,2026-09-23T22:58:42.130541,False,,,18.02,False
282,2026-09-23T22:58:42.160776,False,,,17.57,False
283,2026-09-23T22:58:42.195517,False,,,17.64,False
284,2026-09-23T22:58:42.241158,False,,,18.03,False
285,2026-09-23T22:58:42.269004,False,,,18.55,False
286,2026-09-23T22:58:42.299658,False,,,18.03,False
287,2026-09-23T22:58:42.330460,False,,,18.30,False
288,2026-09-23T22:58:42.360170,False,,,17.57,False
289,2026-09-23T22:58:42.391059,True,0.230,0.204,17.36,False
290,2026-09-23T22:58:42.423587,True,0.230,0.210,18.01,False
291,2026-09-23T22:58:42.451925,True,0.281,0.233,18.52,False
292,2026-09-23T22:58:42.481964,True,0.281,0.247,18.02,False
293,2026-09-23T22:58:42.532550,True,0.230,0.251,18.55,False
294,2026-09-23T22:58:42.561266,True,0.230,0.251,18.02,False
295,2026-09-23T22:58:42.596346,True,0.211,0.247,18.03,False
296,2026-09-23T22:58:42.640627,True,0.211,0.233,19.61,False
297,2026-09-23T22:58:42.683459,True,0.301,0.237,18.23,False
297,2026-09-23T22:58:42.683459,True,0.262,0.243,18.23,False
297,2026-09-23T22:58:42.683459,True,0.211,0.239,18.23,False
298,2026-09-23T22:58:42.716239,True,0.301,0.257,18.52,False
298,2026-09-23T22:58:42.716239,True,0.262,0.267,18.52,False
298,2026-09-23T22:58:42.716239,True,0.211,0.249,18.52,False
299,2026-09-23T22:58:42.748208,False,,,18.47,False
300,2026-09-23T22:58:42.775386,False,,,17.67,False
301,2026-09-23T22:58:42.813626,True,0.211,0.239,18.22,False
302,2026-09-23T22:58:42.862449,True,0.211,0.239,17.15,False
303,2026-09-23T22:58:42.898994,False,,,17.51,False
304,2026-09-23T22:58:42.931259,False,,,18.07,False
305,2026-09-23T22:58:42.961375,False,,,18.06,False
306,2026-09-23T22:58:42.993444,False,,,17.06,False
307,2026-09-23T22:58:43.023496,True,0.230,0.225,18.01,False
308,2026-09-23T22:58:43.055639,True,0.230,0.219,18.02,False
309,2026-09-23T22:58:43.085685,True,0.262,0.229,18.52,False
309,2026-09-23T22:58:43.085685,True,0.156,0.218,18.52,False
310,2026-09-23T22:58:43.115224,True,0.262,0.228,17.52,False
310,2026-09-23T22:58:43.115224,True,0.156,0.213,17.52,False
311,2026-09-23T22:58:43.145769,False,,,17.52,False
312,2026-09-23T22:58:43.178361,False,,,18.02,False
313,2026-09-23T22:58:43.227160,True,0.211,0.209,17.77,False
313,2026-09-23T22:58:43.227160,True,0.168,0.191,17.77,False
314,2026-09-23T22:58:43.257229,True,0.211,0.202,18.06,False
314,2026-09-23T22:58:43.257229,True,0.168,0.183,18.06,False
315,2026-09-23T22:58:43.290993,True,0.262,0.204,18.55,False
316,2026-09-23T22:58:43.319020,True,0.262,0.214,18.01,False
317,2026-09-23T22:58:43.350301,True,0.211,0.223,18.52,False
318,2026-09-23T22:58:43.380841,True,0.211,0.223,17.53,False
319,2026-09-23T22:58:43.411375,False,,,18.02,False
320,2026-09-23T22:58:43.441405,False,,,18.02,False
321,2026-09-23T22:58:43.473443,False,,,18.02,False
322,2026-09-23T22:58:43.503520,False,,,18.06,False
323,2026-09-23T22:58:43.533612,True,0.344,0.258,17.58,False
324,2026-09-23T22:58:43.565199,True,0.344,0.274,18.58,False
325,2026-09-23T22:58:43.596249,False,,,18.03,False
326,2026-09-23T22:58:43.626917,False,,,17.66,False
327,2026-09-23T22:58:43.669227,True,0.168,0.255,17.61,False
328,2026-09-23T22:58:43.705294,True,0.168,0.247,18.02,False
329,2026-09-23T22:58:43.735322,True,0.301,0.265,17.52,False
330,2026-09-23T22:58:43.765864,True,0.301,0.256,18.01,False
331,2026-09-23T22:58:43.797338,False,,,17.97,False
332,2026-09-23T22:58:43.827550,False,,,17.03,False
333,2026-09-23T22:58:43.863955,False,,,19.81,False
334,2026-09-23T22:58:43.890989,False,,,17.52,False
335,2026-09-23T22:58:43.925313,False,,,18.11,False
336,2026-09-23T22:58:43.968859,False,,,17.53,False
337,2026-09-23T22:58:43.998909,False,,,18.04,False
338,2026-09-23T22:58:44.030946,False,,,17.02,False
339,2026-09-23T22:58:44.069213,False,,,17.52,False
340,2026-09-23T22:58:44.108180,False,,,18.52,False
341,2026-09-23T22:58:44.140412,False,,,18.07,False
342,2026-09-23T22:58:44.172072,False,,,17.51,False
343,2026-09-23T22:58:44.201421,False,,,18.07,False
344,2026-09-23T22:58:44.231944,False,,,17.01,False
345,2026-09-23T22:58:44.265803,False,,,18.35,False
346,2026-09-23T22:58:44.297342,False,,,18.03,False
347,2026-09-23T22:58:44.326558,True,0.168,0.221,18.01,False
348,2026-09-23T22:58:44.357596,True,0.168,0.221,18.02,False
349,2026-09-23T22:58:44.405433,False,,,18.11,False
350,2026-09-23T22:58:44.449641,False,,,18.03,False
351,2026-09-23T22:58:44.480661,False,,,18.52,False
352,2026-09-23T22:58:44.511297,False,,,18.09,False
353,2026-09-23T22:58:44.546379,False,,,21.06,False
354,2026-09-23T22:58:44.589810,False,,,18.54,False
355,2026-09-23T22:58:44.621916,False,,,17.52,False
356,2026-09-23T22:58:44.659518,False,,,18.08,False
357,2026-09-23T22:58:44.699654,True,0.211,0.230,18.61,False
357,2026-09-23T22:58:44.699654,True,0.199,0.209,18.61,False
358,2026-09-23T22:58:44.730696,True,0.211,0.191,18.54,False
358,2026-09-23T22:58:44.730696,True,0.199,0.198,18.54,False
359,2026-09-23T22:58:44.762252,True,0.406,0.245,18.02,False
359,2026-09-23T22:58:44.762252,True,0.262,0.255,18.02,False
360,2026-09-23T22:58:44.793178,True,0.406,0.297,16.85,False
360,2026-09-23T22:58:44.793178,True,0.262,0.307,16.85,False
361,2026-09-23T22:58:44.825289,False,,,18.02,False
362,2026-09-23T22:58:44.857979,False,,,18.68,False
363,2026-09-23T22:58:44.890086,True,0.363,0.340,18.07,False
364,2026-09-23T22:58:44.917144,True,0.363,0.331,18.05,False
365,2026-09-23T22:58:44.949679,True,0.156,0.310,18.53,False
366,2026-09-23T22:58:44.979709,True,0.156,0.260,17.52,False
367,2026-09-23T22:58:45.015991,False,,,20.69,False
368,2026-09-23T22:58:45.058155,False,,,17.52,False
369,2026-09-23T22:58:45.091050,True,0.230,0.254,18.72,False
370,2026-09-23T22:58:45.122097,True,0.230,0.227,17.51,False
371,2026-09-23T22:58:45.150904,False,,,18.79,False
372,2026-09-23T22:58:45.180933,False,,,17.52,False
373,2026-09-23T22:58:45.214140,False,,,18.69,False
374,2026-09-23T22:58:45.243458,False,,,18.02,False
375,2026-09-23T22:58:45.274646,False,,,18.07,False
376,2026-09-23T22:58:45.306206,False,,,18.03,False
377,2026-09-23T22:58:45.336488,False,,,18.06,False
378,2026-09-23T22:58:45.367819,False,,,18.53,False
379,2026-09-23T22:58:45.397405,False,,,18.08,False
380,2026-09-23T22:58:45.428498,False,,,18.02,False
381,2026-09-23T22:58:45.462171,False,,,19.02,False
382,2026-09-23T22:58:45.490667,False,,,17.52,False
383,2026-09-23T22:58:45.541386,False,,,18.02,False
384,2026-09-23T22:58:45.582541,False,,,17.58,False
385,2026-09-23T22:58:45.616087,False,,,17.02,False
386,2026-09-23T22:58:45.645616,False,,,18.02,False
387,2026-09-23T22:58:45.677213,True,0.211,0.197,18.04,False
387,2026-09-23T22:58:45.677213,True,0.156,0.197,18.04,False
388,2026-09-23T22:58:45.707226,True,0.211,0.208,17.50,False
388,2026-09-23T22:58:45.707226,True,0.156,0.193,17.50,False
389,2026-09-23T22:58:45.740538,True,0.230,0.193,18.02,False
390,2026-09-23T22:58:45.772542,True,0.230,0.197,18.37,False
391,2026-09-23T22:58:45.801038,False,,,18.53,False
392,2026-09-23T22:58:45.829573,False,,,18.03,False
393,2026-09-23T22:58:45.875986,False,,,17.57,False
394,2026-09-23T22:58:45.911233,False,,,18.02,False
395,2026-09-23T22:58:45.941318,True,0.156,0.197,18.02,False
396,2026-09-23T22:58:45.973719,True,0.156,0.186,18.01,False
397,2026-09-23T22:58:46.006418,False,,,18.13,False
398,2026-09-23T22:58:46.048958,False,,,18.02,False
399,2026-09-23T22:58:46.080496,False,,,18.03,False
400,2026-09-23T22:58:46.111267,False,,,18.02,False
401,2026-09-23T22:58:46.142432,False,,,18.01,False
402,2026-09-23T22:58:46.177533,False,,,20.08,False
403,2026-09-23T22:58:46.219735,False,,,17.52,False
404,2026-09-23T22:58:46.253268,False,,,18.01,False
405,2026-09-23T22:58:46.295334,False,,,17.80,False
406,2026-09-23T22:58:46.327367,False,,,18.02,False
407,2026-09-23T22:58:46.359398,False,,,18.02,False
408,2026-09-23T22:58:46.405473,False,,,18.03,False
409,2026-09-23T22:58:46.435512,False,,,18.52,False
410,2026-09-23T22:58:46.465059,False,,,18.52,False
411,2026-09-23T22:58:46.495611,False,,,18.05,False
412,2026-09-23T22:58:46.525329,False,,,18.01,False
413,2026-09-23T22:58:46.559181,False,,,17.84,False
414,2026-09-23T22:58:46.589259,False,,,18.07,False
415,2026-09-23T22:58:46.619435,False,,,18.29,False
416,2026-09-23T22:58:46.649497,False,,,18.55,False
417,2026-09-23T22:58:46.681023,False,,,18.52,False
418,2026-09-23T22:58:46.711560,False,,,18.02,False
419,2026-09-23T22:58:46.743350,False,,,17.78,False
420,2026-09-23T22:58:46.775468,False,,,18.02,False
421,2026-09-23T22:58:46.808251,False,,,18.77,False
422,2026-09-23T22:58:46.840589,False,,,18.11,False
423,2026-09-23T22:58:46.868872,False,,,18.75,False
424,2026-09-23T22:58:46.898907,False,,,18.03,False
425,2026-09-23T22:58:46.932060,False,,,18.01,False
426,2026-09-23T22:58:46.961587,False,,,18.02,False
427,2026-09-23T22:58:47.013707,False,,,18.52,False
428,2026-09-23T22:58:47.057316,False,,,18.06,False
429,2026-09-23T22:58:47.089353,False,,,18.53,False
430,2026-09-23T22:58:47.118882,False,,,18.01,False
431,2026-09-23T22:58:47.153445,False,,,18.04,False
432,2026-09-23T22:58:47.183377,False,,,18.42,False
433,2026-09-23T22:58:47.216040,True,0.230,0.201,18.65,False
433,2026-09-23T22:58:47.216040,True,0.184,0.191,18.65,False
433,2026-09-23T22:58:47.216040,True,0.156,0.177,18.65,False
434,2026-09-23T22:58:47.245584,True,0.230,0.191,18.04,False
434,2026-09-23T22:58:47.245584,True,0.184,0.197,18.04,False
434,2026-09-23T22:58:47.245584,True,0.156,0.182,18.04,False
435,2026-09-23T22:58:47.275923,False,,,18.74,False
436,2026-09-23T22:58:47.306433,False,,,18.22,False
437,2026-09-23T22:58:47.348599,False,,,17.46,False
438,2026-09-23T22:58:47.383138,False,,,18.01,False
439,2026-09-23T22:58:47.413346,False,,,18.15,False
440,2026-09-23T22:58:47.443386,False,,,18.02,False
441,2026-09-23T22:58:47.476509,False,,,18.03,False
442,2026-09-23T22:58:47.506239,False,,,17.56,False
443,2026-09-23T22:58:47.535886,False,,,17.52,False
444,2026-09-23T22:58:47.566928,False,,,18.03,False
445,2026-09-23T22:58:47.605475,True,0.301,0.205,18.03,False
445,2026-09-23T22:58:47.605475,True,0.230,0.220,18.03,False
445,2026-09-23T22:58:47.605475,True,0.168,0.208,18.03,False
446,2026-09-23T22:58:47.645664,True,0.301,0.231,18.17,False
446,2026-09-23T22:58:47.645664,True,0.230,0.246,18.17,False
446,2026-09-23T22:58:47.645664,True,0.168,0.220,18.17,False
447,2026-09-23T22:58:47.676160,False,,,17.96,False
448,2026-09-23T22:58:47.707196,False,,,18.02,False
449,2026-09-23T22:58:47.749130,False,,,17.89,False
450,2026-09-23T22:58:47.784399,False,,,17.52,False
451,2026-09-23T22:58:47.814937,False,,,17.03,False
452,2026-09-23T22:58:47.844467,False,,,17.02,False
453,2026-09-23T22:58:47.876600,False,,,17.07,False
454,2026-09-23T22:58:47.907195,False,,,18.04,False
455,2026-09-23T22:58:47.941235,False,,,18.02,False
456,2026-09-23T22:58:47.977569,False,,,18.02,False
457,2026-09-23T22:58:48.015194,False,,,17.52,False
458,2026-09-23T22:58:48.045755,False,,,17.52,False
459,2026-09-23T22:58:48.078502,False,,,18.04,False
460,2026-09-23T22:58:48.115069,False,,,18.50,False
461,2026-09-23T22:58:48.157885,True,0.246,0.223,18.29,False
462,2026-09-23T22:58:48.188523,True,0.246,0.238,17.53,False
463,2026-09-23T22:58:48.223677,False,,,18.51,False
464,2026-09-23T22:58:48.257449,False,,,18.02,False
465,2026-09-23T22:58:48.295486,False,,,18.00,False
466,2026-09-23T22:58:48.329531,False,,,18.03,False
467,2026-09-23T22:58:48.363898,False,,,18.73,False
468,2026-09-23T22:58:48.391423,False,,,18.02,False
469,2026-09-23T22:58:48.424520,False,,,19.02,False
470,2026-09-23T22:58:48.455512,False,,,17.98,False
471,2026-09-23T22:58:48.485542,False,,,17.53,False
472,2026-09-23T22:58:48.513992,False,,,17.53,False
473,2026-09-23T22:58:48.549045,False,,,18.54,False
474,2026-09-23T22:58:48.591595,False,,,18.02,False
475,2026-09-23T22:58:48.624519,False,,,18.25,False
476,2026-09-23T22:58:48.657218,False,,,18.49,False
477,2026-09-23T22:58:48.685288,False,,,18.06,False
478,2026-09-23T22:58:48.716163,False,,,17.51,False
479,2026-09-23T22:58:48.748919,False,,,17.80,False
480,2026-09-23T22:58:48.780940,False,,,17.01,False
481,2026-09-23T22:58:48.811489,False,,,18.02,False
482,2026-09-23T22:58:48.843521,False,,,18.02,False
483,2026-09-23T22:58:48.883269,False,,,18.10,False
484,2026-09-23T22:58:48.921960,False,,,17.54,False
485,2026-09-23T22:58:48.951496,False,,,18.02,False
486,2026-09-23T22:58:48.982579,False,,,17.56,False
487,2026-09-23T22:58:49.014952,False,,,18.53,False
488,2026-09-23T22:58:49.045482,False,,,18.02,False
489,2026-09-23T22:58:49.075524,False,,,18.03,False
490,2026-09-23T22:58:49.107340,True,0.262,0.230,18.04,False
491,2026-09-23T22:58:49.139372,True,0.262,0.237,17.52,False
492,2026-09-23T22:58:49.173419,True,0.230,0.249,18.01,False
493,2026-09-23T22:58:49.219858,False,,,17.84,False
494,2026-09-23T22:58:49.251396,False,,,18.02,False
495,2026-09-23T22:58:49.284459,False,,,18.53,False
496,2026-09-23T22:58:49.329520,False,,,18.03,False
497,2026-09-23T22:58:49.359606,False,,,17.54,False
498,2026-09-23T22:58:49.391207,False,,,18.02,False
499,2026-09-23T22:58:49.423238,False,,,18.01,False
500,2026-09-23T22:58:49.467975,True,0.344,0.269,19.52,False
500,2026-09-23T22:58:49.467975,True,0.199,0.259,19.52,False
501,2026-09-23T22:58:49.498071,True,0.344,0.276,18.59,False
501,2026-09-23T22:58:49.498071,True,0.199,0.263,18.59,False
502,2026-09-23T22:58:49.527607,False,,,18.03,False
503,2026-09-23T22:58:49.560774,False,,,18.60,False
504,2026-09-23T22:58:49.591310,True,0.262,0.270,18.02,False
504,2026-09-23T22:58:49.591310,True,0.184,0.237,18.02,False
504,2026-09-23T22:58:49.591310,True,0.156,0.229,18.02,False
505,2026-09-23T22:58:49.626513,True,0.430,0.246,20.01,False
506,2026-09-23T22:58:49.668138,True,0.430,0.292,17.53,False
507,2026-09-23T22:58:49.699487,True,0.211,0.282,18.34,False
507,2026-09-23T22:58:49.699487,True,0.156,0.277,18.34,False
507,2026-09-23T22:58:49.699487,True,0.156,0.277,18.34,False
508,2026-09-23T22:58:49.728229,True,0.211,0.233,17.52,False
508,2026-09-23T22:58:49.728229,True,0.156,0.178,17.52,False
508,2026-09-23T22:58:49.728229,True,0.156,0.167,17.52,False
509,2026-09-23T22:58:49.760766,True,0.211,0.178,18.52,False
509,2026-09-23T22:58:49.760766,True,0.156,0.178,18.52,False
509,2026-09-23T22:58:49.760766,True,0.156,0.167,18.52,False
510,2026-09-23T22:58:49.792351,True,0.211,0.178,17.02,False
511,2026-09-23T22:58:49.825231,True,0.211,0.189,18.60,False
512,2026-09-23T22:58:49.857302,False,,,18.06,False
513,2026-09-23T22:58:49.885374,False,,,18.52,False
514,2026-09-23T22:58:49.916681,False,,,17.99,False
515,2026-09-23T22:58:49.953713,False,,,18.51,False
516,2026-09-23T22:58:49.994446,False,,,17.21,False
517,2026-09-23T22:58:50.025486,False,,,18.03,False
518,2026-09-23T22:58:50.057701,False,,,18.52,False
519,2026-09-23T22:58:50.089238,False,,,18.52,False
520,2026-09-23T22:58:50.116894,False,,,17.53,False
521,2026-09-23T22:58:50.151938,False,,,18.52,False
522,2026-09-23T22:58:50.195558,False,,,18.10,False
523,2026-09-23T22:58:50.225409,False,,,17.80,False
524,2026-09-23T22:58:50.259990,False,,,20.57,False
525,2026-09-23T22:58:50.306619,False,,,18.02,False
526,2026-09-23T22:58:50.348701,True,0.168,0.180,17.56,False
527,2026-09-23T22:58:50.380885,True,0.168,0.183,18.68,False
528,2026-09-23T22:58:50.429468,False,,,18.04,False
529,2026-09-23T22:58:50.459268,False,,,18.52,False
530,2026-09-23T22:58:50.491355,False,,,18.07,False
531,2026-09-23T22:58:50.549331,False,,,18.52,False
532,2026-09-23T22:58:50.581874,False,,,17.01,False
533,2026-09-23T22:58:50.614802,False,,,18.40,False
534,2026-09-23T22:58:50.644828,False,,,17.52,False
535,2026-09-23T22:58:50.691388,False,,,18.02,False
536,2026-09-23T22:58:50.723268,False,,,18.00,False
537,2026-09-23T22:58:50.756812,False,,,17.52,False
538,2026-09-23T22:58:50.789352,False,,,20.52,False
539,2026-09-23T22:58:50.824222,False,,,19.01,False
540,2026-09-23T22:58:50.865172,False,,,17.94,False
541,2026-09-23T22:58:50.894495,False,,,18.04,False
542,2026-09-23T22:58:50.927545,False,,,18.04,False
543,2026-09-23T22:58:50.965490,False,,,17.76,False
544,2026-09-23T22:58:51.007199,False,,,18.04,False
545,2026-09-23T22:58:51.034566,False,,,18.19,False
546,2026-09-23T22:58:51.066101,False,,,18.03,False
547,2026-09-23T22:58:51.095239,True,0.281,0.208,17.63,False
548,2026-09-23T22:58:51.128191,True,0.281,0.222,17.52,False
549,2026-09-23T22:58:51.159265,False,,,18.06,False
550,2026-09-23T22:58:51.190305,False,,,18.02,False
551,2026-09-23T22:58:51.223217,False,,,17.58,False
552,2026-09-23T22:58:51.253499,False,,,16.77,False
553,2026-09-23T22:58:51.284581,False,,,18.57,False
554,2026-09-23T22:58:51.314736,False,,,17.52,False
555,2026-09-23T22:58:51.349277,False,,,18.53,False
556,2026-09-23T22:58:51.391330,False,,,18.02,False
557,2026-09-23T22:58:51.428414,False,,,18.02,False
558,2026-09-23T22:58:51.468968,False,,,17.53,False
559,2026-09-23T22:58:51.501524,False,,,18.04,False
560,2026-09-23T22:58:51.532083,False,,,18.02,False
561,2026-09-23T22:58:51.563167,False,,,18.52,False
562,2026-09-23T22:58:51.595206,False,,,18.02,False
563,2026-09-23T22:58:51.625388,False,,,18.01,False
564,2026-09-23T22:58:51.656777,False,,,17.37,False
565,2026-09-23T22:58:51.690310,False,,,17.02,False
566,2026-09-23T22:58:51.718443,False,,,17.23,False
567,2026-09-23T22:58:51.749447,False,,,17.51,False
568,2026-09-23T22:58:51.780782,False,,,17.58,False
569,2026-09-23T22:58:51.828192,True,0.168,0.213,17.52,False
570,2026-09-23T22:58:51.856726,True,0.168,0.213,17.52,False
571,2026-09-23T22:58:51.889328,False,,,17.52,False
572,2026-09-23T22:58:51.918961,False,,,17.54,False
573,2026-09-23T22:58:51.956510,False,,,19.03,False
574,2026-09-23T22:58:51.995210,False,,,17.68,False
575,2026-09-23T22:58:52.025258,False,,,17.61,False
576,2026-09-23T22:58:52.057236,False,,,17.97,False
577,2026-09-23T22:58:52.091326,False,,,18.08,False
578,2026-09-23T22:58:52.122111,False,,,17.52,False
579,2026-09-23T22:58:52.151496,False,,,18.30,False
580,2026-09-23T22:58:52.181648,False,,,17.61,False
581,2026-09-23T22:58:52.228249,False,,,17.52,False
582,2026-09-23T22:58:52.259325,False,,,18.06,False
583,2026-09-23T22:58:52.293357,False,,,18.01,False
584,2026-09-23T22:58:52.339152,False,,,18.07,False
585,2026-09-23T22:58:52.381872,False,,,18.02,False
586,2026-09-23T22:58:52.412047,False,,,17.01,False
587,2026-09-23T22:58:52.444104,False,,,18.52,False
588,2026-09-23T22:58:52.473142,False,,,17.52,False
589,2026-09-23T22:58:52.507744,False,,,18.03,False
590,2026-09-23T22:58:52.536282,False,,,17.53,False
591,2026-09-23T22:58:52.567830,False,,,18.53,False
592,2026-09-23T22:58:52.595968,False,,,16.62,False
593,2026-09-23T22:58:52.628625,False,,,18.02,False
594,2026-09-23T22:58:52.661484,False,,,18.02,False
595,2026-09-23T22:58:52.691525,False,,,18.02,False
596,2026-09-23T22:58:52.723560,False,,,18.02,False
597,2026-09-23T22:58:52.757604,True,0.156,0.211,18.02,False
598,2026-09-23T22:58:52.796572,True,0.156,0.186,17.95,False
599,2026-09-23T22:58:52.826684,False,,,17.52,False
600,2026-09-23T22:58:52.858634,False,,,17.40,False
601,2026-09-23T22:58:52.889559,False,,,17.53,False
602,2026-09-23T22:58:52.920051,False,,,17.92,False
603,2026-09-23T22:58:52.966129,False,,,18.77,False
604,2026-09-23T22:58:52.995657,False,,,18.02,False
605,2026-09-23T22:58:53.028721,False,,,18.52,False
606,2026-09-23T22:58:53.058359,False,,,18.06,False
607,2026-09-23T22:58:53.093391,True,0.184,0.166,18.02,False
608,2026-09-23T22:58:53.134458,True,0.184,0.170,17.52,False
609,2026-09-23T22:58:53.165337,False,,,17.87,False
610,2026-09-23T22:58:53.195883,False,,,17.52,False
611,2026-09-23T22:58:53.227175,True,0.211,0.178,18.40,False
612,2026-09-23T22:58:53.257243,True,0.211,0.189,18.05,False
613,2026-09-23T22:58:53.300557,True,0.211,0.200,17.70,False
614,2026-09-23T22:58:53.333600,True,0.211,0.205,17.52,False
615,2026-09-23T22:58:53.364277,True,0.168,0.202,17.67,False
616,2026-09-23T22:58:53.394845,True,0.168,0.194,17.52,False
617,2026-09-23T22:58:53.428438,True,0.184,0.188,18.03,False
618,2026-09-23T22:58:53.457440,True,0.184,0.183,17.99,False
619,2026-09-23T22:58:53.491561,False,,,18.02,False
620,2026-09-23T22:58:53.533346,False,,,17.52,False
621,2026-09-23T22:58:53.564235,True,0.281,0.197,17.77,False
622,2026-09-23T22:58:53.595322,True,0.281,0.220,17.06,False
623,2026-09-23T22:58:53.628392,False,,,18.02,False
624,2026-09-23T22:58:53.659524,False,,,18.12,False
625,2026-09-23T22:58:53.699377,False,,,17.54,False
626,2026-09-23T22:58:53.733427,False,,,17.52,False
627,2026-09-23T22:58:53.766381,False,,,17.70,False
628,2026-09-23T22:58:53.795410,False,,,17.53,False
629,2026-09-23T22:58:53.829481,False,,,18.54,False
630,2026-09-23T22:58:53.858372,False,,,17.06,False
631,2026-09-23T22:58:53.891263,False,,,17.80,False
632,2026-09-23T22:58:53.921907,False,,,17.58,False
633,2026-09-23T22:58:53.955448,False,,,18.02,False
634,2026-09-23T22:58:53.983482,False,,,17.51,False
635,2026-09-23T22:58:54.035563,False,,,17.53,False
636,2026-09-23T22:58:54.077256,False,,,17.65,False
637,2026-09-23T22:58:54.109334,False,,,18.07,False
638,2026-09-23T22:58:54.141371,False,,,18.02,False
639,2026-09-23T22:58:54.178523,False,,,18.04,False
640,2026-09-23T22:58:54.217124,False,,,17.53,False
641,2026-09-23T22:58:54.248994,False,,,18.53,False
642,2026-09-23T22:58:54.281027,False,,,17.02,False
643,2026-09-23T22:58:54.312210,False,,,17.66,False
644,2026-09-23T22:58:54.340806,False,,,17.52,False
645,2026-09-23T22:58:54.381048,False,,,18.54,False
646,2026-09-23T22:58:54.416897,False,,,18.01,False
647,2026-09-23T22:58:54.448934,False,,,18.02,False
648,2026-09-23T22:58:54.480961,False,,,17.02,False
649,2026-09-23T22:58:54.512493,False,,,18.02,False
650,2026-09-23T22:58:54.541531,False,,,18.01,False
651,2026-09-23T22:58:54.575438,False,,,18.02,False
652,2026-09-23T22:58:54.607437,False,,,17.99,False
653,2026-09-23T22:58:54.638478,False,,,18.52,False
654,2026-09-23T22:58:54.673516,False,,,18.02,False
655,2026-09-23T22:58:54.715105,False,,,18.53,False
656,2026-09-23T22:58:54.744580,False,,,18.02,False
657,2026-09-23T22:58:54.775617,False,,,18.02,False
658,2026-09-23T22:58:54.805610,False,,,18.02,False
659,2026-09-23T22:58:54.839446,False,,,18.31,False
660,2026-09-23T22:58:54.865892,False,,,17.42,False
661,2026-09-23T22:58:54.900976,False,,,17.57,False
662,2026-09-23T22:58:54.929515,False,,,18.02,False
663,2026-09-23T22:58:54.964338,False,,,18.16,False
664,2026-09-23T22:58:55.007634,False,,,18.02,False
665,2026-09-23T22:58:55.037166,False,,,17.52,False
666,2026-09-23T22:58:55.068484,False,,,17.81,False
667,2026-09-23T22:58:55.099016,False,,,18.02,False
668,2026-09-23T22:58:55.130559,False,,,18.03,False
669,2026-09-23T22:58:55.173316,False,,,18.01,False
670,2026-09-23T22:58:55.206853,False,,,17.52,False
671,2026-09-23T22:58:55.236220,False,,,17.53,False
672,2026-09-23T22:58:55.267855,False,,,17.51,False
673,2026-09-23T22:58:55.301490,False,,,18.12,False
674,2026-09-23T22:58:55.331865,False,,,17.69,False
675,2026-09-23T22:58:55.364189,False,,,18.31,False
676,2026-09-23T22:58:55.392335,False,,,18.53,False
677,2026-09-23T22:58:55.427697,False,,,17.53,False
678,2026-09-23T22:58:55.469989,False,,,18.03,False
679,2026-09-23T22:58:55.508482,False,,,18.02,False
680,2026-09-23T22:58:55.549102,False,,,17.52,False
681,2026-09-23T22:58:55.589514,False,,,18.38,False
682,2026-09-23T22:58:55.624548,False,,,17.02,False
683,2026-09-23T22:58:55.656440,False,,,17.08,False
684,2026-09-23T22:58:55.688526,False,,,17.58,False
685,2026-09-23T22:58:55.717811,False,,,17.02,False
686,2026-09-23T22:58:55.748499,False,,,17.68,False
687,2026-09-23T22:58:55.780537,True,0.211,0.228,18.02,False
687,2026-09-23T22:58:55.780537,True,0.211,0.234,18.02,False
688,2026-09-23T22:58:55.811155,True,0.211,0.239,17.59,False
688,2026-09-23T22:58:55.811155,True,0.211,0.225,17.59,False
689,2026-09-23T22:58:55.842447,False,,,17.02,False
690,2026-09-23T22:58:55.872087,False,,,16.57,False
691,2026-09-23T22:58:55.908676,False,,,18.07,False
692,2026-09-23T22:58:55.948222,False,,,17.52,False
693,2026-09-23T22:58:55.980594,False,,,18.34,False
694,2026-09-23T22:58:56.010152,False,,,17.55,False
695,2026-09-23T22:58:56.040708,False,,,17.02,False
696,2026-09-23T22:58:56.073362,False,,,17.01,False
697,2026-09-23T22:58:56.101935,True,0.453,0.259,16.56,False
698,2026-09-23T22:58:56.130962,True,0.453,0.308,17.02,False
699,2026-09-23T22:58:56.164078,True,0.246,0.315,17.60,False
699,2026-09-23T22:58:56.164078,True,0.211,0.315,17.60,False
700,2026-09-23T22:58:56.193159,True,0.246,0.322,17.57,False
700,2026-09-23T22:58:56.193159,True,0.211,0.273,17.57,False
701,2026-09-23T22:58:56.244875,True,0.320,0.247,17.52,False
701,2026-09-23T22:58:56.244875,True,0.246,0.247,17.52,False
701,2026-09-23T22:58:56.244875,True,0.199,0.245,17.52,False
701,2026-09-23T22:58:56.244875,True,0.168,0.229,17.52,False
702,2026-09-23T22:58:56.288439,True,0.320,0.251,17.52,False
702,2026-09-23T22:58:56.288439,True,0.246,0.236,17.52,False
702,2026-09-23T22:58:56.288439,True,0.199,0.227,17.52,False
702,2026-09-23T22:58:56.288439,True,0.168,0.220,17.52,False
703,2026-09-23T22:58:56.317092,True,0.281,0.243,17.53,False
704,2026-09-23T22:58:56.349950,True,0.281,0.235,18.02,False
705,2026-09-23T22:58:56.381987,True,0.281,0.242,18.02,False
706,2026-09-23T22:58:56.411657,True,0.281,0.259,17.16,False
706,2026-09-23T22:58:56.411657,True,0.262,0.277,17.16,False
706,2026-09-23T22:58:56.413162,True,0.230,0.267,17.16,False
706,2026-09-23T22:58:56.413162,True,0.168,0.245,17.16,False
707,2026-09-23T22:58:56.442197,False,,,17.01,False
708,2026-09-23T22:58:56.472013,False,,,17.52,False
709,2026-09-23T22:58:56.505304,False,,,17.03,False
710,2026-09-23T22:58:56.535340,False,,,19.52,False
711,2026-09-23T22:58:56.566067,False,,,17.52,False
712,2026-09-23T22:58:56.610226,False,,,16.64,False
713,2026-09-23T22:58:56.643783,False,,,17.52,False
714,2026-09-23T22:58:56.674326,False,,,17.01,False
715,2026-09-23T22:58:56.707757,False,,,17.42,False
716,2026-09-23T22:58:56.738359,False,,,17.04,False
717,2026-09-23T22:58:56.771799,False,,,17.51,False
718,2026-09-23T22:58:56.801149,False,,,17.84,False
719,2026-09-23T22:58:56.835412,False,,,17.10,False
720,2026-09-23T22:58:56.876346,False,,,17.10,False
721,2026-09-23T22:58:56.906380,False,,,17.02,False
722,2026-09-23T22:58:56.938203,False,,,17.25,False
723,2026-09-23T22:58:56.970413,False,,,17.20,False
724,2026-09-23T22:58:57.000493,False,,,17.07,False
725,2026-09-23T22:58:57.044725,False,,,17.17,False
726,2026-09-23T22:58:57.077790,False,,,17.55,False
727,2026-09-23T22:58:57.108480,False,,,17.03,False
728,2026-09-23T22:58:57.140388,False,,,16.88,False
729,2026-09-23T22:58:57.171938,False,,,16.52,False
730,2026-09-23T22:58:57.202476,False,,,17.01,False
731,2026-09-23T22:58:57.236304,False,,,17.52,False
732,2026-09-23T22:58:57.263955,False,,,17.53,False
733,2026-09-23T22:58:57.298016,False,,,16.52,False
734,2026-09-23T22:58:57.341482,False,,,18.02,False
735,2026-09-23T22:58:57.380613,True,0.184,0.225,17.11,False
736,2026-09-23T22:58:57.421760,True,0.184,0.205,16.51,False
737,2026-09-23T22:58:57.450293,False,,,17.02,False
738,2026-09-23T22:58:57.481888,False,,,17.06,False
739,2026-09-23T22:58:57.514844,False,,,17.44,False
740,2026-09-23T22:58:57.544867,True,0.320,0.217,16.51,False
740,2026-09-23T22:58:57.544867,True,0.301,0.231,16.51,False
741,2026-09-23T22:58:57.576429,True,0.320,0.262,17.03,False
741,2026-09-23T22:58:57.576429,True,0.301,0.285,17.03,False
742,2026-09-23T22:58:57.606477,False,,,17.03,False
743,2026-09-23T22:58:57.648572,False,,,17.57,False
744,2026-09-23T22:58:57.686169,False,,,17.05,False
745,2026-09-23T22:58:57.716731,False,,,18.03,False
746,2026-09-23T22:58:57.745770,False,,,16.53,False
747,2026-09-23T22:58:57.779377,False,,,17.01,False
748,2026-09-23T22:58:57.809417,False,,,17.03,False
749,2026-09-23T22:58:57.844950,True,0.156,0.280,17.52,False
750,2026-09-23T22:58:57.871964,True,0.156,0.247,16.50,False
751,2026-09-23T22:58:57.906705,True,0.156,0.218,17.43,False
752,2026-09-23T22:58:57.950249,True,0.199,0.194,17.02,False
753,2026-09-23T22:58:57.981287,True,0.199,0.173,17.52,False
754,2026-09-23T22:58:58.011685,True,0.199,0.182,17.34,False
755,2026-09-23T22:58:58.044723,True,0.344,0.220,17.52,False
756,2026-09-23T22:58:58.074343,True,0.344,0.257,17.07,False
757,2026-09-23T22:58:58.114896,True,0.387,0.295,17.53,False
758,2026-09-23T22:58:58.151927,True,0.387,0.332,16.51,False
759,2026-09-23T22:58:58.183456,False,,,17.52,False
760,2026-09-23T22:58:58.215025,False,,,17.55,False
761,2026-09-23T22:58:58.244574,False,,,17.02,False
762,2026-09-23T22:58:58.276623,False,,,17.04,False
763,2026-09-23T22:58:58.308774,False,,,17.61,False
764,2026-09-23T22:58:58.338240,False,,,16.62,False
765,2026-09-23T22:58:58.370811,False,,,17.02,False
766,2026-09-23T22:58:58.401890,False,,,16.56,False
767,2026-09-23T22:58:58.435421,False,,,17.52,False
768,2026-09-23T22:58:58.463954,False,,,18.03,False
769,2026-09-23T22:58:58.515032,False,,,17.59,False
770,2026-09-23T22:58:58.556071,False,,,16.51,False
771,2026-09-23T22:58:58.588209,False,,,17.04,False
772,2026-09-23T22:58:58.622252,False,,,17.01,False
773,2026-09-23T22:58:58.652324,False,,,18.01,False
774,2026-09-23T22:58:58.683384,False,,,17.52,False
775,2026-09-23T22:58:58.714913,False,,,17.02,False
776,2026-09-23T22:58:58.747449,False,,,17.02,False
777,2026-09-23T22:58:58.776637,False,,,17.03,False
778,2026-09-23T22:58:58.808797,False,,,16.52,False
779,2026-09-23T22:58:58.854720,False,,,19.38,False
780,2026-09-23T22:58:58.888668,False,,,16.52,False
781,2026-09-23T22:58:58.918983,False,,,17.33,False
782,2026-09-23T22:58:58.948569,False,,,17.57,False
783,2026-09-23T22:58:58.979468,False,,,17.53,False
784,2026-09-23T22:58:59.010535,False,,,16.96,False
785,2026-09-23T22:58:59.043336,False,,,17.79,False
786,2026-09-23T22:58:59.074380,False,,,17.53,False
787,2026-09-23T22:58:59.106193,False,,,16.80,False
788,2026-09-23T22:58:59.139468,False,,,17.02,False
789,2026-09-23T22:58:59.168133,False,,,17.04,False
790,2026-09-23T22:58:59.199177,False,,,17.52,False
791,2026-09-23T22:58:59.252415,False,,,17.10,False
792,2026-09-23T22:58:59.295141,False,,,17.52,False
793,2026-09-23T22:58:59.325796,False,,,17.52,False
794,2026-09-23T22:58:59.357585,False,,,17.28,False
795,2026-09-23T22:58:59.389178,False,,,17.07,False
796,2026-09-23T22:58:59.417879,False,,,16.56,False
797,2026-09-23T22:58:59.450914,False,,,17.52,False
798,2026-09-23T22:58:59.478192,False,,,17.52,False
799,2026-09-23T22:58:59.511373,False,,,17.11,False
800,2026-09-23T22:58:59.542403,False,,,17.01,False
801,2026-09-23T22:58:59.573556,False,,,17.02,False
802,2026-09-23T22:58:59.605476,False,,,16.75,False
803,2026-09-23T22:58:59.662152,False,,,17.52,False
804,2026-09-23T22:58:59.695736,False,,,16.29,False
805,2026-09-23T22:58:59.727785,False,,,17.52,False
806,2026-09-23T22:58:59.759015,True,0.281,0.348,17.53,False
807,2026-09-23T22:58:59.791109,True,0.281,0.336,17.57,False
808,2026-09-23T22:58:59.823473,False,,,17.01,False
809,2026-09-23T22:58:59.851650,False,,,17.13,False
810,2026-09-23T22:58:59.880887,False,,,17.21,False
811,2026-09-23T22:58:59.911579,False,,,17.09,False
812,2026-09-23T22:58:59.944801,False,,,17.20,False
813,2026-09-23T22:58:59.975362,False,,,17.53,False
814,2026-09-23T22:59:00.008418,False,,,17.04,False
815,2026-09-23T22:59:00.052543,False,,,17.09,False
816,2026-09-23T22:59:00.084247,False,,,17.17,False
817,2026-09-23T22:59:00.114795,False,,,17.02,False
818,2026-09-23T22:59:00.145821,False,,,16.52,False
819,2026-09-23T22:59:00.177214,False,,,17.03,False
820,2026-09-23T22:59:00.208759,False,,,17.52,False
821,2026-09-23T22:59:00.242289,False,,,17.01,False
822,2026-09-23T22:59:00.271894,True,0.184,0.304,17.53,False
823,2026-09-23T22:59:00.302529,True,0.184,0.263,17.11,False
824,2026-09-23T22:59:00.334543,True,0.156,0.217,17.52,False
825,2026-09-23T22:59:00.365826,True,0.156,0.192,18.27,False
826,2026-09-23T22:59:00.394401,False,,,17.07,False
827,2026-09-23T22:59:00.427474,False,,,17.03,False
828,2026-09-23T22:59:00.457993,False,,,17.35,False
829,2026-09-23T22:59:00.489220,False,,,17.20,False
830,2026-09-23T22:59:00.521992,True,0.184,0.173,17.51,False
831,2026-09-23T22:59:00.551813,True,0.184,0.173,17.28,False
832,2026-09-23T22:59:00.580858,False,,,17.53,False
833,2026-09-23T22:59:00.611463,False,,,17.02,False
834,2026-09-23T22:59:00.644518,False,,,17.02,False
835,2026-09-23T22:59:00.673150,False,,,17.01,False
836,2026-09-23T22:59:00.723438,False,,,17.02,False
837,2026-09-23T22:59:00.753175,False,,,16.72,False
838,2026-09-23T22:59:00.789294,False,,,17.52,False
839,2026-09-23T22:59:00.831241,False,,,17.01,False
840,2026-09-23T22:59:00.862781,False,,,17.52,False
841,2026-09-23T22:59:00.890583,False,,,17.02,False
842,2026-09-23T22:59:00.923572,False,,,17.09,False
843,2026-09-23T22:59:00.951649,False,,,17.01,False
844,2026-09-23T22:59:00.984190,False,,,17.52,False
845,2026-09-23T22:59:01.015900,False,,,17.53,False
846,2026-09-23T22:59:01.058880,False,,,17.03,False
847,2026-09-23T22:59:01.090421,False,,,17.02,False
848,2026-09-23T22:59:01.124369,True,0.156,0.167,17.01,False
849,2026-09-23T22:59:01.159243,True,0.156,0.167,19.86,False
850,2026-09-23T22:59:01.200364,False,,,17.02,False
851,2026-09-23T22:59:01.231977,False,,,17.01,False
852,2026-09-23T22:59:01.262096,False,,,16.61,False
853,2026-09-23T22:59:01.295011,False,,,17.01,False
854,2026-09-23T22:59:01.328601,False,,,16.58,False
855,2026-09-23T22:59:01.373482,False,,,17.52,False
856,2026-09-23T22:59:01.400384,False,,,16.85,False
857,2026-09-23T22:59:01.430950,False,,,17.01,False
858,2026-09-23T22:59:01.465014,False,,,17.54,False
859,2026-09-23T22:59:01.493265,False,,,17.74,False
860,2026-09-23T22:59:01.523455,False,,,17.01,False
861,2026-09-23T22:59:01.554868,False,,,17.51,False
862,2026-09-23T22:59:01.588409,False,,,16.52,False
863,2026-09-23T22:59:01.618948,False,,,17.03,False
864,2026-09-23T22:59:01.654626,False,,,17.43,False
865,2026-09-23T22:59:01.693293,False,,,16.64,False
866,2026-09-23T22:59:01.727464,True,0.184,0.173,17.53,False
867,2026-09-23T22:59:01.762137,True,0.184,0.173,16.66,False
868,2026-09-23T22:59:01.804518,False,,,17.27,False
869,2026-09-23T22:59:01.835556,False,,,17.52,False
870,2026-09-23T22:59:01.866658,True,0.211,0.178,17.98,False
871,2026-09-23T22:59:01.897214,True,0.211,0.189,18.05,False
872,2026-09-23T22:59:01.928331,False,,,17.01,False
873,2026-09-23T22:59:01.960046,False,,,17.70,False
874,2026-09-23T22:59:01.990591,False,,,17.02,False
875,2026-09-23T22:59:02.023143,False,,,17.52,False
876,2026-09-23T22:59:02.055922,False,,,16.67,False
877,2026-09-23T22:59:02.084464,False,,,17.52,False
878,2026-09-23T22:59:02.116064,False,,,16.52,False
879,2026-09-23T22:59:02.146520,False,,,16.95,False
880,2026-09-23T22:59:02.194635,False,,,17.07,False
881,2026-09-23T22:59:02.224700,False,,,17.54,False
882,2026-09-23T22:59:02.259289,False,,,17.02,False
883,2026-09-23T22:59:02.303330,False,,,17.01,False
884,2026-09-23T22:59:02.331966,False,,,17.01,False
885,2026-09-23T22:59:02.364149,False,,,17.67,False
886,2026-09-23T22:59:02.394694,False,,,17.52,False
887,2026-09-23T22:59:02.425406,False,,,17.17,False
888,2026-09-23T22:59:02.456818,False,,,17.40,False
889,2026-09-23T22:59:02.488417,False,,,17.52,False
890,2026-09-23T22:59:02.522238,False,,,17.59,False
891,2026-09-23T22:59:02.552286,False,,,17.01,False
892,2026-09-23T22:59:02.595179,False,,,17.52,False
893,2026-09-23T22:59:02.629308,False,,,17.03,False
894,2026-09-23T22:59:02.659897,False,,,16.58,False
895,2026-09-23T22:59:02.692438,False,,,17.01,False
896,2026-09-23T22:59:02.723593,False,,,17.07,False
897,2026-09-23T22:59:02.756649,False,,,18.02,False
898,2026-09-23T22:59:02.789187,False,,,17.53,False
899,2026-09-23T22:59:02.830919,False,,,17.02,False
900,2026-09-23T22:59:02.861344,True,0.320,0.222,16.83,False
901,2026-09-23T22:59:02.893171,True,0.320,0.249,17.56,False
902,2026-09-23T22:59:02.930932,False,,,17.57,False
903,2026-09-23T22:59:02.971914,False,,,17.02,False
904,2026-09-23T22:59:03.002492,False,,,17.06,False
905,2026-09-23T22:59:03.031766,False,,,17.02,False
906,2026-09-23T22:59:03.063840,False,,,17.53,False
907,2026-09-23T22:59:03.095876,False,,,18.52,False
908,2026-09-23T22:59:03.125425,False,,,16.53,False
909,2026-09-23T22:59:03.158603,False,,,17.17,False
910,2026-09-23T22:59:03.192201,False,,,17.01,False
911,2026-09-23T22:59:03.220813,False,,,17.56,False
912,2026-09-23T22:59:03.252343,False,,,17.01,False
913,2026-09-23T22:59:03.280978,False,,,17.02,False
914,2026-09-23T22:59:03.330534,False,,,17.03,False
915,2026-09-23T22:59:03.361300,False,,,17.01,False
916,2026-09-23T22:59:03.395831,False,,,16.52,False
917,2026-09-23T22:59:03.440206,False,,,19.34,False
918,2026-09-23T22:59:03.472253,False,,,17.01,False
919,2026-09-23T22:59:03.500321,False,,,17.02,False
920,2026-09-23T22:59:03.531874,False,,,17.01,False
921,2026-09-23T22:59:03.563951,False,,,17.53,False
922,2026-09-23T22:59:03.594481,False,,,17.02,False
923,2026-09-23T22:59:03.625563,False,,,17.53,False
924,2026-09-23T22:59:03.667215,False,,,17.51,False
925,2026-09-23T22:59:03.707452,False,,,17.18,False
926,2026-09-23T22:59:03.735199,False,,,17.23,False
927,2026-09-23T22:59:03.768155,False,,,17.52,False
928,2026-09-23T22:59:03.799993,False,,,18.02,False
929,2026-09-23T22:59:03.828517,False,,,17.02,False
930,2026-09-23T22:59:03.860261,False,,,16.68,False
931,2026-09-23T22:59:03.891444,False,,,17.01,False
932,2026-09-23T22:59:03.926620,False,,,17.10,False
933,2026-09-23T22:59:03.953644,False,,,17.51,False
934,2026-09-23T22:59:03.990333,False,,,17.06,False
935,2026-09-23T22:59:04.030701,False,,,17.52,False
936,2026-09-23T22:59:04.066862,False,,,16.53,False
937,2026-09-23T22:59:04.106950,False,,,17.57,False
938,2026-09-23T22:59:04.140560,False,,,17.02,False
939,2026-09-23T22:59:04.169099,False,,,17.48,False
940,2026-09-23T22:59:04.199202,False,,,17.52,False
941,2026-09-23T22:59:04.230799,False,,,17.06,False
942,2026-09-23T22:59:04.261408,False,,,17.01,False
943,2026-09-23T22:59:04.295264,False,,,16.80,False
944,2026-09-23T22:59:04.324334,False,,,17.02,False
945,2026-09-23T22:59:04.356887,False,,,17.53,False
946,2026-09-23T22:59:04.404443,False,,,17.02,False
947,2026-09-23T22:59:04.431976,False,,,17.01,False
948,2026-09-23T22:59:04.468043,False,,,17.53,False
949,2026-09-23T22:59:04.495573,False,,,18.02,False
950,2026-09-23T22:59:04.531905,False,,,17.57,False
951,2026-09-23T22:59:04.572036,False,,,16.57,False
952,2026-09-23T22:59:04.604188,True,0.156,0.244,17.01,False
953,2026-09-23T22:59:04.635257,True,0.156,0.233,18.06,False
954,2026-09-23T22:59:04.665923,False,,,17.52,False
955,2026-09-23T22:59:04.697450,False,,,18.02,False
956,2026-09-23T22:59:04.726627,True,0.262,0.243,17.53,False
957,2026-09-23T22:59:04.759254,True,0.262,0.231,17.96,False
958,2026-09-23T22:59:04.803924,True,0.168,0.201,17.52,False
959,2026-09-23T22:59:04.844483,True,0.168,0.203,17.03,False
960,2026-09-23T22:59:04.883350,False,,,16.02,False
961,2026-09-23T22:59:04.911932,False,,,17.53,False
962,2026-09-23T22:59:04.948011,False,,,17.04,False
963,2026-09-23T22:59:04.976536,False,,,17.02,False
964,2026-09-23T22:59:05.008203,False,,,16.57,False
965,2026-09-23T22:59:05.038304,False,,,17.04,False
966,2026-09-23T22:59:05.072041,False,,,17.52,False
967,2026-09-23T22:59:05.100723,False,,,17.52,False
968,2026-09-23T22:59:05.140262,False,,,17.02,False
969,2026-09-23T22:59:05.180798,False,,,17.52,False
970,2026-09-23T22:59:05.209833,False,,,16.53,False
971,2026-09-23T22:59:05.240212,False,,,17.02,False
972,2026-09-23T22:59:05.273357,False,,,17.01,False
973,2026-09-23T22:59:05.302384,False,,,17.01,False
974,2026-09-23T22:59:05.331932,False,,,17.02,False
975,2026-09-23T22:59:05.363967,False,,,17.52,False
976,2026-09-23T22:59:05.394581,False,,,17.10,False
977,2026-09-23T22:59:05.426663,False,,,17.03,False
978,2026-09-23T22:59:05.459441,False,,,17.21,False
979,2026-09-23T22:59:05.490478,False,,,17.02,False
980,2026-09-23T22:59:05.540242,False,,,17.01,False
981,2026-09-23T22:59:05.581847,False,,,17.02,False
982,2026-09-23T22:59:05.614125,False,,,17.13,False
983,2026-09-23T22:59:05.645537,False,,,17.58,False
984,2026-09-23T22:59:05.676645,True,0.262,0.224,17.03,False
985,2026-09-23T22:59:05.706761,True,0.262,0.224,17.54,False
986,2026-09-23T22:59:05.740415,False,,,17.07,False
987,2026-09-23T22:59:05.768574,False,,,17.37,False
988,2026-09-23T22:59:05.797415,False,,,16.58,False
989,2026-09-23T22:59:05.828361,False,,,17.53,False
990,2026-09-23T22:59:05.875111,True,0.363,0.245,17.66,False
990,2026-09-23T22:59:05.875111,True,0.301,0.271,17.66,False
990,2026-09-23T22:59:05.875111,True,0.168,0.271,17.66,False
991,2026-09-23T22:59:05.906670,True,0.363,0.291,17.52,False
991,2026-09-23T22:59:05.906670,True,0.301,0.299,17.52,False
991,2026-09-23T22:59:05.907671,True,0.168,0.260,17.52,False
992,2026-09-23T22:59:05.942602,True,0.184,0.237,20.52,False
993,2026-09-23T22:59:05.982152,True,0.184,0.240,18.02,False
994,2026-09-23T22:59:06.013586,False,,,17.39,False
995,2026-09-23T22:59:06.044632,False,,,17.02,False
996,2026-09-23T22:59:06.075316,False,,,17.53,False
997,2026-09-23T22:59:06.107008,False,,,16.68,False
998,2026-09-23T22:59:06.138115,False,,,17.08,False
999,2026-09-23T22:59:06.169097,False,,,17.97,False
1000,2026-09-23T22:59:06.199442,False,,,17.52,False
1001,2026-09-23T22:59:06.231023,False,,,17.02,False
1002,2026-09-23T22:59:06.276677,False,,,17.52,False
1003,2026-09-23T22:59:06.308286,False,,,17.08,False
1004,2026-09-23T22:59:06.340314,True,0.262,0.220,17.02,False
1005,2026-09-23T22:59:06.372076,True,0.262,0.212,17.52,False
1006,2026-09-23T22:59:06.404255,False,,,17.06,False
1007,2026-09-23T22:59:06.431656,False,,,17.58,False
1008,2026-09-23T22:59:06.468042,False,,,17.52,False
1009,2026-09-23T22:59:06.509736,False,,,17.17,False
1010,2026-09-23T22:59:06.540413,True,0.156,0.209,17.08,False
1011,2026-09-23T22:59:06.572105,True,0.156,0.204,17.51,False
1012,2026-09-23T22:59:06.600538,False,,,17.26,False
1013,2026-09-23T22:59:06.631704,False,,,16.63,False
1014,2026-09-23T22:59:06.675620,True,0.184,0.204,17.39,False
1015,2026-09-23T22:59:06.709315,True,0.184,0.188,17.09,False
1016,2026-09-23T22:59:06.740349,True,0.301,0.196,17.02,False
1017,2026-09-23T22:59:06.772126,True,0.301,0.225,17.51,False
1018,2026-09-23T22:59:06.806999,True,0.320,0.258,17.52,False
1019,2026-09-23T22:59:06.849127,True,0.320,0.285,17.53,False
1020,2026-09-23T22:59:06.879246,True,0.281,0.305,16.64,False
1020,2026-09-23T22:59:06.879246,True,0.199,0.284,16.64,False
1021,2026-09-23T22:59:06.910805,True,0.281,0.280,17.55,False
1021,2026-09-23T22:59:06.910805,True,0.199,0.256,17.55,False
1022,2026-09-23T22:59:06.941412,True,0.281,0.248,17.01,False
1022,2026-09-23T22:59:06.941412,True,0.156,0.223,17.01,False
1022,2026-09-23T22:59:06.941412,True,0.156,0.215,17.01,False
1023,2026-09-23T22:59:06.981075,True,0.281,0.215,19.64,False
1023,2026-09-23T22:59:06.981075,True,0.156,0.206,19.64,False
1023,2026-09-23T22:59:06.981075,True,0.156,0.181,19.64,False
1024,2026-09-23T22:59:07.018129,False,,,17.03,False
1025,2026-09-23T22:59:07.049395,False,,,17.52,False
1026,2026-09-23T22:59:07.080933,True,0.406,0.231,17.02,False
1027,2026-09-23T22:59:07.112121,True,0.406,0.281,17.52,False
1028,2026-09-23T22:59:07.143350,True,0.406,0.306,17.01,False
1029,2026-09-23T22:59:07.175501,True,0.281,0.331,17.53,False
1029,2026-09-23T22:59:07.175501,True,0.184,0.337,17.53,False
1029,2026-09-23T22:59:07.175501,True,0.156,0.287,17.53,False
1030,2026-09-23T22:59:07.208079,True,0.199,0.245,17.53,False
1031,2026-09-23T22:59:07.239473,True,0.199,0.204,17.04,False
1032,2026-09-23T22:59:07.268819,False,,,17.53,False
1033,2026-09-23T22:59:07.301351,False,,,17.02,False
1034,2026-09-23T22:59:07.331040,False,,,17.02,False
1035,2026-09-23T22:59:07.361744,False,,,17.01,False
1036,2026-09-23T22:59:07.411669,True,0.156,0.179,17.25,False
1037,2026-09-23T22:59:07.439210,True,0.156,0.173,17.52,False
1038,2026-09-23T22:59:07.475459,False,,,17.03,False
1039,2026-09-23T22:59:07.501718,False,,,16.24,False
1040,2026-09-23T22:59:07.534786,False,,,17.52,False
1041,2026-09-23T22:59:07.565958,False,,,17.56,False
1042,2026-09-23T22:59:07.606736,False,,,17.57,False
1043,2026-09-23T22:59:07.640374,False,,,17.04,False
1044,2026-09-23T22:59:07.673518,True,0.199,0.182,17.01,False
1044,2026-09-23T22:59:07.673518,True,0.156,0.173,17.01,False
1045,2026-09-23T22:59:07.701151,True,0.199,0.173,17.54,False
1045,2026-09-23T22:59:07.701151,True,0.156,0.173,17.54,False
1046,2026-09-23T22:59:07.748277,False,,,16.56,False
1047,2026-09-23T22:59:07.777320,False,,,17.02,False
1048,2026-09-23T22:59:07.810910,False,,,16.52,False
1049,2026-09-23T22:59:07.840453,False,,,17.02,False
1050,2026-09-23T22:59:07.873178,False,,,17.71,False
1051,2026-09-23T22:59:07.901899,True,0.262,0.195,17.51,False
1052,2026-09-23T22:59:07.931950,True,0.262,0.207,17.02,False
1053,2026-09-23T22:59:07.974498,False,,,17.02,False
1054,2026-09-23T22:59:08.009732,False,,,16.57,False
1055,2026-09-23T22:59:08.041377,False,,,17.02,False
1056,2026-09-23T22:59:08.073382,False,,,16.51,False
1057,2026-09-23T22:59:08.106924,False,,,17.53,False
1058,2026-09-23T22:59:08.147969,False,,,17.02,False
1059,2026-09-23T22:59:08.181731,False,,,17.73,False
1060,2026-09-23T22:59:08.211202,True,0.211,0.218,16.94,False
1061,2026-09-23T22:59:08.247521,True,0.211,0.220,21.03,False
1062,2026-09-23T22:59:08.290331,True,0.211,0.231,16.78,False
1063,2026-09-23T22:59:08.322224,False,,,17.52,False
1064,2026-09-23T22:59:08.352305,False,,,17.01,False
1065,2026-09-23T22:59:08.384362,False,,,17.52,False
1066,2026-09-23T22:59:08.414994,False,,,17.04,False
1067,2026-09-23T22:59:08.449108,False,,,17.52,False
1068,2026-09-23T22:59:08.485221,False,,,17.09,False
1069,2026-09-23T22:59:08.524648,False,,,17.13,False
1070,2026-09-23T22:59:08.556215,False,,,17.61,False
1071,2026-09-23T22:59:08.589461,False,,,17.07,False
1072,2026-09-23T22:59:08.631128,False,,,17.02,False
1073,2026-09-23T22:59:08.663190,False,,,16.67,False
1074,2026-09-23T22:59:08.694176,False,,,17.02,False
1075,2026-09-23T22:59:08.724384,False,,,17.58,False
1076,2026-09-23T22:59:08.756418,False,,,17.02,False
1077,2026-09-23T22:59:08.789451,False,,,17.52,False
1078,2026-09-23T22:59:08.821659,False,,,17.02,False
1079,2026-09-23T22:59:08.850192,False,,,17.02,False
1080,2026-09-23T22:59:08.884535,False,,,17.80,False
1081,2026-09-23T22:59:08.912134,False,,,17.53,False
1082,2026-09-23T22:59:08.948195,True,0.184,0.216,17.03,False
1083,2026-09-23T22:59:08.991359,True,0.184,0.200,18.05,False
1084,2026-09-23T22:59:09.023702,True,0.184,0.195,17.02,False
1085,2026-09-23T22:59:09.057486,False,,,17.02,False
1086,2026-09-23T22:59:09.098533,False,,,17.52,False
1087,2026-09-23T22:59:09.128377,False,,,17.53,False
1088,2026-09-23T22:59:09.159453,False,,,17.06,False
1089,2026-09-23T22:59:09.190499,False,,,17.02,False
1090,2026-09-23T22:59:09.222301,False,,,16.84,False
1091,2026-09-23T22:59:09.254895,False,,,17.51,False
1092,2026-09-23T22:59:09.284443,False,,,17.53,False
1093,2026-09-23T22:59:09.316991,False,,,17.54,False
1094,2026-09-23T22:59:09.348558,False,,,17.02,False
1095,2026-09-23T22:59:09.378171,False,,,17.52,False
1096,2026-09-23T22:59:09.411212,False,,,17.53,False
1097,2026-09-23T22:59:09.441336,False,,,18.08,False
1098,2026-09-23T22:59:09.471965,False,,,17.51,False
1099,2026-09-23T22:59:09.502311,False,,,17.60,False
1100,2026-09-23T22:59:09.531886,False,,,17.02,False
1101,2026-09-23T22:59:09.566948,False,,,17.53,False
1102,2026-09-23T22:59:09.621872,True,0.211,0.195,17.53,False
1102,2026-09-23T22:59:09.621872,True,0.211,0.195,17.53,False
1103,2026-09-23T22:59:09.657410,True,0.211,0.200,18.02,False
1103,2026-09-23T22:59:09.657410,True,0.211,0.205,18.02,False
1104,2026-09-23T22:59:09.690444,False,,,17.02,False
1105,2026-09-23T22:59:09.723192,False,,,18.02,False
1106,2026-09-23T22:59:09.750752,False,,,16.55,False
1107,2026-09-23T22:59:09.785292,False,,,18.02,False
1108,2026-09-23T22:59:09.812085,False,,,16.73,False
1109,2026-09-23T22:59:09.847138,False,,,17.53,False
1110,2026-09-23T22:59:09.889619,False,,,17.52,False
1111,2026-09-23T22:59:09.925496,True,0.168,0.202,17.27,False
1112,2026-09-23T22:59:09.966053,True,0.168,0.194,18.54,False
1113,2026-09-23T22:59:10.009100,False,,,17.53,False
1114,2026-09-23T22:59:10.045221,False,,,17.07,False
1115,2026-09-23T22:59:10.075382,False,,,17.02,False
1116,2026-09-23T22:59:10.106579,False,,,17.18,False
1117,2026-09-23T22:59:10.138636,False,,,17.53,False
1118,2026-09-23T22:59:10.168632,False,,,17.48,False
1119,2026-09-23T22:59:10.198815,False,,,17.06,False
1120,2026-09-23T22:59:10.230863,False,,,17.52,False
1121,2026-09-23T22:59:10.261449,False,,,17.02,False
1122,2026-09-23T22:59:10.293192,False,,,17.72,False
1123,2026-09-23T22:59:10.323619,True,0.199,0.191,17.08,False
1124,2026-09-23T22:59:10.354766,True,0.199,0.189,17.59,False
1125,2026-09-23T22:59:10.388857,False,,,17.52,False
1126,2026-09-23T22:59:10.430578,False,,,17.04,False
1127,2026-09-23T22:59:10.460182,False,,,17.04,False
1128,2026-09-23T22:59:10.491425,False,,,17.02,False
1129,2026-09-23T22:59:10.523327,False,,,17.84,False
1130,2026-09-23T22:59:10.556961,False,,,19.51,False
1131,2026-09-23T22:59:10.588508,False,,,17.53,False
1132,2026-09-23T22:59:10.631092,False,,,17.52,False
1133,2026-09-23T22:59:10.661702,False,,,17.02,False
1134,2026-09-23T22:59:10.692239,False,,,17.01,False
1135,2026-09-23T22:59:10.720932,False,,,17.58,False
1136,2026-09-23T22:59:10.755471,False,,,18.02,False
1137,2026-09-23T22:59:10.788521,False,,,17.53,False
1138,2026-09-23T22:59:10.819063,False,,,17.53,False
1139,2026-09-23T22:59:10.847594,False,,,18.02,False
1140,2026-09-23T22:59:10.879214,False,,,18.03,False
1141,2026-09-23T22:59:10.909806,False,,,17.57,False
1142,2026-09-23T22:59:10.944477,False,,,17.12,False
1143,2026-09-23T22:59:10.988465,False,,,17.53,False
1144,2026-09-23T22:59:11.017051,False,,,17.54,False
1145,2026-09-23T22:59:11.047178,False,,,17.62,False
1146,2026-09-23T22:59:11.077764,False,,,17.52,False
1147,2026-09-23T22:59:11.108209,False,,,17.52,False
1148,2026-09-23T22:59:11.140536,False,,,18.22,False
1149,2026-09-23T22:59:11.173618,False,,,17.52,False
1150,2026-09-23T22:59:11.203472,False,,,17.51,False
1151,2026-09-23T22:59:11.232087,False,,,17.01,False
1152,2026-09-23T22:59:11.263373,False,,,17.78,False
1153,2026-09-23T22:59:11.295405,False,,,18.02,False
1154,2026-09-23T22:59:11.326535,False,,,17.53,False
1155,2026-09-23T22:59:11.358628,False,,,18.02,False
1156,2026-09-23T22:59:11.388205,False,,,17.06,False
1157,2026-09-23T22:59:11.418930,False,,,18.03,False
1158,2026-09-23T22:59:11.450650,False,,,17.20,False
1159,2026-09-23T22:59:11.492272,False,,,18.01,False
1160,2026-09-23T22:59:11.526447,False,,,17.53,False
1161,2026-09-23T22:59:11.559479,False,,,18.02,False
1162,2026-09-23T22:59:11.590089,False,,,18.09,False
1163,2026-09-23T22:59:11.623222,False,,,18.02,False
1164,2026-09-23T22:59:11.651249,False,,,18.02,False
1165,2026-09-23T22:59:11.684258,False,,,17.67,False
1166,2026-09-23T22:59:11.713906,False,,,17.64,False
1167,2026-09-23T22:59:11.748501,False,,,17.58,False
1168,2026-09-23T22:59:11.791570,False,,,17.02,False
1169,2026-09-23T22:59:11.828652,False,,,18.02,False
1170,2026-09-23T22:59:11.869411,False,,,18.25,False
1171,2026-09-23T22:59:11.896021,False,,,17.02,False
1172,2026-09-23T22:59:11.928635,False,,,18.02,False
1173,2026-09-23T22:59:11.968058,False,,,19.51,False
1174,2026-09-23T22:59:12.009449,False,,,17.72,False
1175,2026-09-23T22:59:12.047516,False,,,18.02,False
1176,2026-09-23T22:59:12.083372,False,,,17.52,False
1177,2026-09-23T22:59:12.111756,True,0.168,0.180,16.88,False
1178,2026-09-23T22:59:12.143321,True,0.168,0.180,17.52,False
1179,2026-09-23T22:59:12.175479,True,0.184,0.184,18.04,False
1180,2026-09-23T22:59:12.206783,True,0.184,0.180,17.29,False
1181,2026-09-23T22:59:12.241342,True,0.156,0.172,18.02,False
1182,2026-09-23T22:59:12.268548,True,0.156,0.170,17.39,False
1183,2026-09-23T22:59:12.299914,False,,,18.02,False
1184,2026-09-23T22:59:12.330957,False,,,17.53,False
1185,2026-09-23T22:59:12.364075,False,,,18.60,False
1186,2026-09-23T22:59:12.393602,False,,,18.02,False
1187,2026-09-23T22:59:12.425946,True,0.199,0.176,18.33,False
1188,2026-09-23T22:59:12.455585,True,0.199,0.179,18.02,False
1189,2026-09-23T22:59:12.485617,False,,,18.53,False
1190,2026-09-23T22:59:12.516152,False,,,17.02,False
1191,2026-09-23T22:59:12.563963,False,,,17.60,False
1192,2026-09-23T22:59:12.593590,False,,,17.12,False
1193,2026-09-23T22:59:12.628604,False,,,18.40,False
1194,2026-09-23T22:59:12.674540,False,,,17.52,False
1195,2026-09-23T22:59:12.716163,False,,,17.53,False
1196,2026-09-23T22:59:12.746398,False,,,17.73,False
1197,2026-09-23T22:59:12.777482,False,,,18.03,False
1198,2026-09-23T22:59:12.808593,False,,,17.99,False
1199,2026-09-23T22:59:12.841539,False,,,17.85,False
1200,2026-09-23T22:59:12.869661,False,,,18.10,False
1201,2026-09-23T22:59:12.897349,False,,,18.03,False
1202,2026-09-23T22:59:12.929668,False,,,17.51,False
1203,2026-09-23T22:59:12.972283,False,,,18.01,False
1204,2026-09-23T22:59:13.007539,False,,,18.02,False
1205,2026-09-23T22:59:13.043333,False,,,20.19,False
1206,2026-09-23T22:59:13.084479,False,,,17.52,False
1207,2026-09-23T22:59:13.116145,False,,,17.52,False
1208,2026-09-23T22:59:13.145476,False,,,17.83,False
1209,2026-09-23T22:59:13.179511,False,,,18.03,False
1210,2026-09-23T22:59:13.209950,False,,,17.77,False
1211,2026-09-23T22:59:13.241561,False,,,18.02,False
1212,2026-09-23T22:59:13.271680,False,,,17.01,False
1213,2026-09-23T22:59:13.303719,False,,,18.51,False
1214,2026-09-23T22:59:13.333181,False,,,17.84,False
1215,2026-09-23T22:59:13.364073,False,,,17.54,False
1216,2026-09-23T22:59:13.395660,False,,,18.08,False
1217,2026-09-23T22:59:13.428719,False,,,17.53,False
1218,2026-09-23T22:59:13.455478,False,,,18.06,False
1219,2026-09-23T22:59:13.494251,False,,,18.74,False
1220,2026-09-23T22:59:13.531855,False,,,16.58,False
1221,2026-09-23T22:59:13.562519,False,,,18.10,False
1222,2026-09-23T22:59:13.591619,False,,,18.08,False
1223,2026-09-23T22:59:13.625203,False,,,18.02,False
1224,2026-09-23T22:59:13.657480,False,,,18.26,False
1225,2026-09-23T22:59:13.700107,False,,,17.54,False
1226,2026-09-23T22:59:13.732134,False,,,18.02,False
1227,2026-09-23T22:59:13.763418,False,,,18.02,False
1228,2026-09-23T22:59:13.793468,False,,,18.01,False
1229,2026-09-23T22:59:13.828114,False,,,17.53,False
1230,2026-09-23T22:59:13.873937,False,,,18.29,False
1231,2026-09-23T22:59:13.916710,False,,,18.52,False
1232,2026-09-23T22:59:13.949245,False,,,20.03,False
1233,2026-09-23T22:59:13.977274,False,,,17.52,False
1234,2026-09-23T22:59:14.008805,False,,,17.52,False
1235,2026-09-23T22:59:14.040350,False,,,17.52,False
1236,2026-09-23T22:59:14.072081,False,,,17.51,False
1237,2026-09-23T22:59:14.100113,False,,,18.02,False
1238,2026-09-23T22:59:14.131144,False,,,18.02,False
1239,2026-09-23T22:59:14.163217,False,,,17.52,False
1240,2026-09-23T22:59:14.191277,False,,,17.01,False
1241,2026-09-23T22:59:14.228339,False,,,18.02,False
1242,2026-09-23T22:59:14.273427,False,,,18.53,False
1243,2026-09-23T22:59:14.305468,False,,,20.02,False
1244,2026-09-23T22:59:14.334232,False,,,18.24,False
1245,2026-09-23T22:59:14.365140,False,,,17.88,False
1246,2026-09-23T22:59:14.395600,False,,,17.52,False
1247,2026-09-23T22:59:14.440379,False,,,17.52,False
1248,2026-09-23T22:59:14.472058,False,,,18.02,False
1249,2026-09-23T22:59:14.507184,False,,,18.00,False
1250,2026-09-23T22:59:14.535907,False,,,17.52,False
1251,2026-09-23T22:59:14.565954,False,,,18.04,False
1252,2026-09-23T22:59:14.595484,False,,,18.02,False
1253,2026-09-23T22:59:14.628724,False,,,17.52,False
1254,2026-09-23T22:59:14.661163,False,,,17.84,False
1255,2026-09-23T22:59:14.692456,False,,,18.01,False
1256,2026-09-23T22:59:14.723579,False,,,18.02,False
1257,2026-09-23T22:59:14.773867,False,,,17.68,False
1258,2026-09-23T22:59:14.816992,False,,,18.53,False
1259,2026-09-23T22:59:14.848034,False,,,18.53,False
1260,2026-09-23T22:59:14.876647,False,,,17.59,False
1261,2026-09-23T22:59:14.911655,False,,,18.46,False
1262,2026-09-23T22:59:14.941191,False,,,18.02,False
1263,2026-09-23T22:59:14.970548,False,,,16.84,False
1264,2026-09-23T22:59:15.007564,False,,,17.99,False
1265,2026-09-23T22:59:15.048126,False,,,18.53,False
1266,2026-09-23T22:59:15.079573,False,,,17.54,False
1267,2026-09-23T22:59:15.110662,False,,,17.02,False
1268,2026-09-23T22:59:15.143194,False,,,18.02,False
1269,2026-09-23T22:59:15.174611,False,,,18.59,False
1270,2026-09-23T22:59:15.209189,False,,,18.02,False
1271,2026-09-23T22:59:15.251376,False,,,18.02,False
1272,2026-09-23T22:59:15.283425,False,,,18.52,False
1273,2026-09-23T22:59:15.311943,False,,,18.01,False
1274,2026-09-23T22:59:15.343487,False,,,18.02,False
1275,2026-09-23T22:59:15.374698,False,,,17.51,False
1276,2026-09-23T22:59:15.407789,False,,,17.52,False
1277,2026-09-23T22:59:15.451488,True,0.184,0.179,18.16,False
1278,2026-09-23T22:59:15.479541,True,0.184,0.184,18.53,False
1279,2026-09-23T22:59:15.512519,True,0.301,0.213,18.34,False
1280,2026-09-23T22:59:15.548031,True,0.301,0.234,20.48,False
1281,2026-09-23T22:59:15.574581,False,,,17.53,False
1282,2026-09-23T22:59:15.607280,False,,,18.06,False
1283,2026-09-23T22:59:15.641269,False,,,18.02,False
1284,2026-09-23T22:59:15.672005,False,,,18.03,False
1285,2026-09-23T22:59:15.708706,False,,,17.52,False
1286,2026-09-23T22:59:15.748922,False,,,18.02,False
1287,2026-09-23T22:59:15.778532,False,,,17.53,False
1288,2026-09-23T22:59:15.810572,False,,,18.02,False
1289,2026-09-23T22:59:15.841619,False,,,18.02,False
1290,2026-09-23T22:59:15.874583,False,,,18.05,False
1291,2026-09-23T22:59:15.917279,False,,,18.52,False
1292,2026-09-23T22:59:15.947173,False,,,18.62,False
1293,2026-09-23T22:59:15.977220,False,,,17.52,False
1294,2026-09-23T22:59:16.007290,False,,,18.06,False
1295,2026-09-23T22:59:16.041325,False,,,18.02,False
1296,2026-09-23T22:59:16.072074,False,,,17.52,False
1297,2026-09-23T22:59:16.108381,False,,,18.80,False
1298,2026-09-23T22:59:16.146420,False,,,17.94,False
1299,2026-09-23T22:59:16.178478,False,,,17.54,False
1300,2026-09-23T22:59:16.209581,False,,,17.52,False
1301,2026-09-23T22:59:16.241627,False,,,18.02,False
1302,2026-09-23T22:59:16.274195,False,,,17.52,False
1303,2026-09-23T22:59:16.316954,True,0.570,0.308,18.53,False
1304,2026-09-23T22:59:16.347542,True,0.570,0.385,18.08,False
1305,2026-09-23T22:59:16.381523,True,0.363,0.421,17.53,False
1305,2026-09-23T22:59:16.381523,True,0.156,0.392,17.53,False
1306,2026-09-23T22:59:16.413503,True,0.363,0.405,18.10,False
1306,2026-09-23T22:59:16.413503,True,0.156,0.322,18.10,False
1307,2026-09-23T22:59:16.447547,True,0.156,0.239,18.03,False
1308,2026-09-23T22:59:16.488920,True,0.156,0.198,17.81,False
1309,2026-09-23T22:59:16.520948,False,,,17.52,False
1310,2026-09-23T22:59:16.549642,False,,,18.15,False
1311,2026-09-23T22:59:16.582539,False,,,18.57,False
1312,2026-09-23T22:59:16.611381,False,,,18.01,False
1313,2026-09-23T22:59:16.643414,False,,,18.02,False
1314,2026-09-23T22:59:16.673527,False,,,18.10,False
1315,2026-09-23T22:59:16.709069,False,,,17.53,False
1316,2026-09-23T22:59:16.749225,False,,,17.56,False
1317,2026-09-23T22:59:16.780806,False,,,17.01,False
1318,2026-09-23T22:59:16.810379,False,,,17.07,False
1319,2026-09-23T22:59:16.841410,False,,,18.02,False
1320,2026-09-23T22:59:16.873421,False,,,17.90,False
1321,2026-09-23T22:59:16.909078,False,,,17.64,False
1322,2026-09-23T22:59:16.951134,False,,,17.51,False
1323,2026-09-23T22:59:16.981966,False,,,18.02,False
1324,2026-09-23T22:59:17.012493,False,,,17.02,False
1325,2026-09-23T22:59:17.043180,False,,,17.67,False
1326,2026-09-23T22:59:17.074483,False,,,17.52,False
1327,2026-09-23T22:59:17.108571,False,,,18.04,False
1328,2026-09-23T22:59:17.150264,False,,,18.52,False
1329,2026-09-23T22:59:17.191576,False,,,18.01,False
1330,2026-09-23T22:59:17.227372,False,,,17.27,False
1331,2026-09-23T22:59:17.259497,False,,,18.11,False
1332,2026-09-23T22:59:17.290549,False,,,18.53,False
1333,2026-09-23T22:59:17.323298,False,,,18.01,False
1334,2026-09-23T22:59:17.365092,False,,,17.77,False
1335,2026-09-23T22:59:17.397616,False,,,18.02,False
1336,2026-09-23T22:59:17.427570,False,,,18.03,False
1337,2026-09-23T22:59:17.460731,False,,,19.53,False
1338,2026-09-23T22:59:17.491266,False,,,18.02,False
1339,2026-09-23T22:59:17.523281,False,,,18.01,False
1340,2026-09-23T22:59:17.551735,False,,,17.16,False
1341,2026-09-23T22:59:17.583501,False,,,17.55,False
1342,2026-09-23T22:59:17.615145,False,,,17.63,False
1343,2026-09-23T22:59:17.645903,False,,,17.52,False
1344,2026-09-23T22:59:17.677456,False,,,18.04,False
1345,2026-09-23T22:59:17.709303,False,,,18.02,False
1346,2026-09-23T22:59:17.739333,False,,,17.52,False
1347,2026-09-23T22:59:17.780463,True,0.184,0.203,18.03,False
1348,2026-09-23T22:59:17.818285,True,0.184,0.167,17.61,False
1349,2026-09-23T22:59:17.852356,True,0.344,0.205,20.52,False
1350,2026-09-23T22:59:17.882273,True,0.344,0.242,18.16,False
1351,2026-09-23T22:59:17.911760,True,0.344,0.280,17.40,False
1352,2026-09-23T22:59:17.948855,True,0.199,0.283,18.07,False
1353,2026-09-23T22:59:17.989250,True,0.199,0.286,17.59,False
1354,2026-09-23T22:59:18.021914,True,0.262,0.270,17.51,False
1355,2026-09-23T22:59:18.053445,True,0.430,0.287,18.01,False
1356,2026-09-23T22:59:18.084504,True,0.430,0.304,17.52,False
1357,2026-09-23T22:59:18.116816,True,0.363,0.337,18.01,False
1358,2026-09-23T22:59:18.147345,True,0.363,0.370,18.02,False
1359,2026-09-23T22:59:18.181896,True,0.430,0.403,18.02,False
1360,2026-09-23T22:59:18.223558,True,0.430,0.403,18.12,False
1361,2026-09-23T22:59:18.255593,True,0.430,0.403,18.02,False
1362,2026-09-23T22:59:18.285946,True,0.430,0.416,17.83,False
1363,2026-09-23T22:59:18.315978,True,0.430,0.430,18.03,False
1364,2026-09-23T22:59:18.347244,True,0.281,0.400,17.76,False
1365,2026-09-23T22:59:18.375331,True,0.281,0.370,17.53,False
1366,2026-09-23T22:59:18.407413,True,0.320,0.348,18.07,False
1367,2026-09-23T22:59:18.441451,True,0.320,0.327,18.02,False
1368,2026-09-23T22:59:18.468975,True,0.320,0.305,17.43,False
1369,2026-09-23T22:59:18.516341,True,0.262,0.301,17.68,False
1370,2026-09-23T22:59:18.545888,True,0.262,0.297,17.52,False
1371,2026-09-23T22:59:18.580511,True,0.387,0.310,18.53,False
1372,2026-09-23T22:59:18.610237,True,0.387,0.323,17.71,False
1373,2026-09-23T22:59:18.642416,True,0.387,0.337,18.02,False
1374,2026-09-23T22:59:18.672077,True,0.500,0.384,17.53,False
1375,2026-09-23T22:59:18.707237,True,0.500,0.432,18.06,False
1376,2026-09-23T22:59:18.751731,True,0.430,0.441,20.93,False
1377,2026-09-23T22:59:18.779472,True,0.430,0.449,18.21,False
1378,2026-09-23T22:59:18.810527,True,0.430,0.458,17.20,False
1378,2026-09-23T22:59:18.810527,True,0.168,0.391,17.20,False
1379,2026-09-23T22:59:18.852078,True,0.453,0.382,18.02,False
1380,2026-09-23T22:59:18.888657,True,0.453,0.387,18.05,False
1381,2026-09-23T22:59:18.918812,True,0.523,0.405,18.52,False
1381,2026-09-23T22:59:18.918812,True,0.156,0.351,18.52,False
1382,2026-09-23T22:59:18.951361,True,0.523,0.422,18.02,False
1382,2026-09-23T22:59:18.951361,True,0.156,0.362,18.02,False
1383,2026-09-23T22:59:18.981853,True,0.523,0.377,18.02,False
1383,2026-09-23T22:59:18.981853,True,0.156,0.303,18.02,False
1384,2026-09-23T22:59:19.012396,True,0.453,0.362,18.02,False
1384,2026-09-23T22:59:19.012396,True,0.156,0.289,18.02,False
1385,2026-09-23T22:59:19.043427,True,0.453,0.348,18.02,False
1385,2026-09-23T22:59:19.043427,True,0.156,0.275,18.02,False
1386,2026-09-23T22:59:19.074527,True,0.430,0.330,17.53,False
1387,2026-09-23T22:59:19.107817,True,0.430,0.325,17.52,False
1388,2026-09-23T22:59:19.139360,True,0.320,0.358,18.52,False
1389,2026-09-23T22:59:19.168960,True,0.320,0.331,18.53,False
1390,2026-09-23T22:59:19.201259,True,0.344,0.369,18.02,False
1391,2026-09-23T22:59:19.250816,False,,,17.56,False
1392,2026-09-23T22:59:19.293364,False,,,18.01,False
1393,2026-09-23T22:59:19.322067,False,,,18.02,False
1394,2026-09-23T22:59:19.355323,False,,,17.73,False
1395,2026-09-23T22:59:19.383367,False,,,17.01,False
1396,2026-09-23T22:59:19.414142,False,,,17.70,False
1397,2026-09-23T22:59:19.446424,False,,,18.02,False
1398,2026-09-23T22:59:19.476571,False,,,18.02,False
1399,2026-09-23T22:59:19.507596,False,,,18.02,False
1400,2026-09-23T22:59:19.539196,False,,,18.04,False
1401,2026-09-23T22:59:19.572022,False,,,17.53,False
1402,2026-09-23T22:59:19.606655,False,,,18.02,False
1403,2026-09-23T22:59:19.653199,False,,,18.01,False
1404,2026-09-23T22:59:19.693156,False,,,17.62,False
1405,2026-09-23T22:59:19.724330,False,,,18.01,False
1406,2026-09-23T22:59:19.756669,False,,,17.32,False
1407,2026-09-23T22:59:19.785795,False,,,17.52,False
1408,2026-09-23T22:59:19.815892,False,,,18.59,False
1409,2026-09-23T22:59:19.845423,False,,,18.02,False
1410,2026-09-23T22:59:19.876269,False,,,17.61,False
1411,2026-09-23T22:59:19.906324,False,,,17.04,False
1412,2026-09-23T22:59:19.939420,True,0.199,0.323,18.52,False
1413,2026-09-23T22:59:19.981518,True,0.199,0.277,18.07,False
1414,2026-09-23T22:59:20.016368,False,,,17.64,False
1415,2026-09-23T22:59:20.052499,False,,,18.72,False
1416,2026-09-23T22:59:20.092551,False,,,17.01,False
1417,2026-09-23T22:59:20.124706,False,,,17.55,False
1418,2026-09-23T22:59:20.158944,False,,,19.58,False
1419,2026-09-23T22:59:20.200466,False,,,17.24,False
1420,2026-09-23T22:59:20.231774,False,,,17.78,False
1421,2026-09-23T22:59:20.261831,False,,,17.52,False
1422,2026-09-23T22:59:20.294880,False,,,17.52,False
1423,2026-09-23T22:59:20.325440,False,,,17.03,False
1424,2026-09-23T22:59:20.355471,False,,,18.02,False
1425,2026-09-23T22:59:20.388583,False,,,17.52,False
1426,2026-09-23T22:59:20.419130,False,,,17.52,False
1427,2026-09-23T22:59:20.452428,False,,,18.18,False
1428,2026-09-23T22:59:20.482578,False,,,17.60,False
1429,2026-09-23T22:59:20.510604,False,,,17.02,False
1430,2026-09-23T22:59:20.543136,False,,,17.52,False
1431,2026-09-23T22:59:20.575247,False,,,17.07,False
1432,2026-09-23T22:59:20.606784,False,,,17.52,False
1433,2026-09-23T22:59:20.638334,False,,,17.52,False
1434,2026-09-23T22:59:20.667999,False,,,17.53,False
1435,2026-09-23T22:59:20.701566,False,,,18.06,False
1436,2026-09-23T22:59:20.728342,False,,,17.53,False
1437,2026-09-23T22:59:20.764046,False,,,17.66,False
1438,2026-09-23T22:59:20.806596,False,,,17.02,False
1439,2026-09-23T22:59:20.835648,False,,,17.54,False
1440,2026-09-23T22:59:20.865748,False,,,17.54,False
1441,2026-09-23T22:59:20.894852,False,,,17.52,False
1442,2026-09-23T22:59:20.929403,False,,,18.02,False
1443,2026-09-23T22:59:20.964185,False,,,17.74,False
1444,2026-09-23T22:59:21.007897,False,,,17.52,False
1445,2026-09-23T22:59:21.040435,False,,,17.01,False
1446,2026-09-23T22:59:21.083535,False,,,17.57,False
1447,2026-09-23T22:59:21.114074,False,,,17.52,False
1448,2026-09-23T22:59:21.144647,False,,,17.06,False
1449,2026-09-23T22:59:21.175238,False,,,17.56,False
1450,2026-09-23T22:59:21.207181,False,,,17.93,False
1451,2026-09-23T22:59:21.238751,False,,,17.52,False
1452,2026-09-23T22:59:21.269997,False,,,17.54,False
1453,2026-09-23T22:59:21.303196,False,,,19.63,False
1454,2026-09-23T22:59:21.331898,False,,,18.17,False
1455,2026-09-23T22:59:21.362098,False,,,17.64,False
1456,2026-09-23T22:59:21.393639,False,,,17.51,False
1457,2026-09-23T22:59:21.423506,False,,,17.59,False
1458,2026-09-23T22:59:21.460097,False,,,17.52,False
1459,2026-09-23T22:59:21.498728,False,,,17.07,False
1460,2026-09-23T22:59:21.530831,False,,,17.60,False
1461,2026-09-23T22:59:21.561499,False,,,17.13,False
1462,2026-09-23T22:59:21.594459,False,,,16.94,False
1463,2026-09-23T22:59:21.624489,False,,,17.02,False
1464,2026-09-23T22:59:21.656340,False,,,17.33,False
1465,2026-09-23T22:59:21.689384,False,,,17.52,False
1466,2026-09-23T22:59:21.718042,False,,,17.52,False
1467,2026-09-23T22:59:21.749816,False,,,18.21,False
1468,2026-09-23T22:59:21.779352,False,,,17.02,False
1469,2026-09-23T22:59:21.810424,False,,,17.06,False
1470,2026-09-23T22:59:21.860586,False,,,17.13,False
1471,2026-09-23T22:59:21.890170,False,,,17.99,False
1472,2026-09-23T22:59:21.924368,False,,,18.52,False
1473,2026-09-23T22:59:21.966911,False,,,17.52,False
1474,2026-09-23T22:59:22.000955,False,,,17.53,False
1475,2026-09-23T22:59:22.031571,False,,,18.10,False
1476,2026-09-23T22:59:22.062199,False,,,17.52,False
1477,2026-09-23T22:59:22.093633,False,,,18.17,False
1478,2026-09-23T22:59:22.126468,False,,,17.53,False
1479,2026-09-23T22:59:22.155600,False,,,18.03,False
1480,2026-09-23T22:59:22.197568,False,,,19.94,False
1481,2026-09-23T22:59:22.226803,False,,,17.54,False
1482,2026-09-23T22:59:22.263879,False,,,18.54,False
1483,2026-09-23T22:59:22.295922,False,,,18.53,False
1484,2026-09-23T22:59:22.335268,False,,,27.34,False
1485,2026-09-23T22:59:22.374693,False,,,20.16,False
1486,2026-09-23T22:59:22.405226,False,,,19.52,False
1487,2026-09-23T22:59:22.434396,False,,,17.54,False
1488,2026-09-23T22:59:22.464157,False,,,18.55,False
1489,2026-09-23T22:59:22.495699,False,,,19.03,False
1490,2026-09-23T22:59:22.528352,False,,,17.02,False
1491,2026-09-23T22:59:22.566909,False,,,24.54,False
1492,2026-09-23T22:59:22.607488,False,,,17.05,False
1493,2026-09-23T22:59:22.637326,False,,,17.33,False
1494,2026-09-23T22:59:22.669279,False,,,18.14,False
1495,2026-09-23T22:59:22.696255,False,,,17.60,False
1496,2026-09-23T22:59:22.729271,False,,,18.52,False
1497,2026-09-23T22:59:22.759855,False,,,17.57,False
1498,2026-09-23T22:59:22.791413,False,,,18.02,False
1499,2026-09-23T22:59:22.820952,False,,,17.52,False
1500,2026-09-23T22:59:22.852238,False,,,17.70,False
1501,2026-09-23T22:59:22.885368,False,,,18.03,False
1502,2026-09-23T22:59:22.931951,False,,,18.03,False
1503,2026-09-23T22:59:22.961986,False,,,17.52,False
1504,2026-09-23T22:59:22.994556,False,,,17.04,False
1505,2026-09-23T22:59:23.025548,False,,,18.36,False
1506,2026-09-23T22:59:23.060125,False,,,17.52,False
1507,2026-09-23T22:59:23.100598,False,,,18.03,False
1508,2026-09-23T22:59:23.132511,False,,,17.56,False
1509,2026-09-23T22:59:23.163589,False,,,17.97,False
1510,2026-09-23T22:59:23.195642,False,,,18.03,False
1511,2026-09-23T22:59:23.226325,False,,,17.27,False
1512,2026-09-23T22:59:23.257407,False,,,18.07,False
1513,2026-09-23T22:59:23.289602,False,,,18.59,False
1514,2026-09-23T22:59:23.331275,False,,,17.52,False
1515,2026-09-23T22:59:23.365875,False,,,17.52,False
1516,2026-09-23T22:59:23.397522,False,,,18.14,False
1517,2026-09-23T22:59:23.427559,False,,,18.02,False
1518,2026-09-23T22:59:23.461016,False,,,17.81,False
1519,2026-09-23T22:59:23.488203,False,,,17.10,False
1520,2026-09-23T22:59:23.524470,False,,,18.03,False
1521,2026-09-23T22:59:23.565226,False,,,17.72,False
1522,2026-09-23T22:59:23.596293,False,,,18.04,False
1523,2026-09-23T22:59:23.628131,False,,,19.75,False
1524,2026-09-23T22:59:23.671293,False,,,20.13,False
1525,2026-09-23T22:59:23.705915,False,,,18.54,False
1526,2026-09-23T22:59:23.734456,False,,,17.52,False
1527,2026-09-23T22:59:23.766677,False,,,18.03,False
1528,2026-09-23T22:59:23.797757,False,,,17.07,False
1529,2026-09-23T22:59:23.829457,False,,,17.19,False
1530,2026-09-23T22:59:23.864270,False,,,21.67,False
1531,2026-09-23T22:59:23.906504,False,,,17.02,False
1532,2026-09-23T22:59:23.936553,False,,,17.52,False
1533,2026-09-23T22:59:23.967104,False,,,18.03,False
1534,2026-09-23T22:59:23.998213,False,,,18.60,False
1535,2026-09-23T22:59:24.029364,False,,,18.02,False
1536,2026-09-23T22:59:24.068431,False,,,17.96,False
1537,2026-09-23T22:59:24.107357,False,,,17.85,False
1538,2026-09-23T22:59:24.138395,False,,,17.53,False
1539,2026-09-23T22:59:24.171002,False,,,17.86,False
1540,2026-09-23T22:59:24.200758,False,,,17.58,False
1541,2026-09-23T22:59:24.233352,False,,,18.89,False
1542,2026-09-23T22:59:24.261383,False,,,17.53,False
1543,2026-09-23T22:59:24.293416,False,,,18.01,False
1544,2026-09-23T22:59:24.325608,False,,,18.03,False
1545,2026-09-23T22:59:24.353445,False,,,17.51,False
1546,2026-09-23T22:59:24.404413,False,,,17.17,False
1547,2026-09-23T22:59:24.433437,False,,,17.52,False
1548,2026-09-23T22:59:24.468102,False,,,17.64,False
1549,2026-09-23T22:59:24.497995,False,,,18.39,False
1550,2026-09-23T22:59:24.532039,False,,,18.02,False
1551,2026-09-23T22:59:24.560697,False,,,18.15,False
1552,2026-09-23T22:59:24.594915,False,,,17.52,False
1553,2026-09-23T22:59:24.622040,False,,,17.60,False
1554,2026-09-23T22:59:24.661622,False,,,17.49,False
1555,2026-09-23T22:59:24.699236,False,,,17.65,False
1556,2026-09-23T22:59:24.730802,False,,,17.54,False
1557,2026-09-23T22:59:24.761941,False,,,17.58,False
1558,2026-09-23T22:59:24.803404,False,,,18.01,False
1559,2026-09-23T22:59:24.841635,False,,,17.02,False
1560,2026-09-23T22:59:24.870697,False,,,17.55,False
1561,2026-09-23T22:59:24.899114,False,,,17.63,False
1562,2026-09-23T22:59:24.932078,False,,,18.54,False
1563,2026-09-23T22:59:24.963614,False,,,18.02,False
1564,2026-09-23T22:59:24.996543,False,,,17.88,False
1565,2026-09-23T22:59:25.025588,False,,,18.03,False
1566,2026-09-23T22:59:25.060669,False,,,17.52,False
1567,2026-09-23T22:59:25.088316,False,,,17.07,False
1568,2026-09-23T22:59:25.141478,False,,,18.02,False
1569,2026-09-23T22:59:25.182025,False,,,17.01,False
1570,2026-09-23T22:59:25.213860,False,,,17.32,False
1571,2026-09-23T22:59:25.243190,False,,,17.68,False
1572,2026-09-23T22:59:25.275736,False,,,18.53,False
1573,2026-09-23T22:59:25.303261,False,,,17.51,False
1574,2026-09-23T22:59:25.335346,False,,,17.05,False
1575,2026-09-23T22:59:25.366930,False,,,17.57,False
1576,2026-09-23T22:59:25.400989,False,,,17.54,False
1577,2026-09-23T22:59:25.432631,False,,,19.13,False
1578,2026-09-23T22:59:25.463460,False,,,18.81,False
1579,2026-09-23T22:59:25.493517,False,,,18.03,False
1580,2026-09-23T22:59:25.539343,False,,,17.29,False
1581,2026-09-23T22:59:25.568104,False,,,18.03,False
1582,2026-09-23T22:59:25.603301,False,,,18.06,False
1583,2026-09-23T22:59:25.644388,False,,,17.07,False
1584,2026-09-23T22:59:25.676450,False,,,17.03,False
1585,2026-09-23T22:59:25.708611,False,,,17.12,False
1586,2026-09-23T22:59:25.738469,False,,,17.35,False
1587,2026-09-23T22:59:25.770997,False,,,17.52,False
1588,2026-09-23T22:59:25.802043,False,,,18.02,False
1589,2026-09-23T22:59:25.832074,False,,,18.02,False
1590,2026-09-23T22:59:25.863159,False,,,17.57,False
1591,2026-09-23T22:59:25.893599,False,,,17.36,False
1592,2026-09-23T22:59:25.941167,False,,,17.63,False
1593,2026-09-23T22:59:25.971696,False,,,17.01,False
1594,2026-09-23T22:59:26.004377,False,,,17.65,False
1595,2026-09-23T22:59:26.035406,False,,,17.52,False
1596,2026-09-23T22:59:26.068014,False,,,17.53,False
1597,2026-09-23T22:59:26.098576,False,,,17.55,False
1598,2026-09-23T22:59:26.132115,False,,,18.02,False
1599,2026-09-23T22:59:26.161156,False,,,17.53,False
1600,2026-09-23T22:59:26.194775,False,,,17.07,False
1601,2026-09-23T22:59:26.237338,False,,,17.52,False
1602,2026-09-23T22:59:26.276506,False,,,18.03,False
1603,2026-09-23T22:59:26.315456,False,,,17.85,False
1604,2026-09-23T22:59:26.347505,True,0.680,0.348,17.05,False
1605,2026-09-23T22:59:26.377539,True,0.680,0.420,18.02,False
1606,2026-09-23T22:59:26.408672,True,0.594,0.470,17.52,False
1607,2026-09-23T22:59:26.437207,True,0.594,0.549,17.52,False
1608,2026-09-23T22:59:26.471256,True,0.570,0.623,18.01,False
1609,2026-09-23T22:59:26.503376,True,0.570,0.602,18.05,False
1610,2026-09-23T22:59:26.534454,True,0.320,0.530,17.52,False
1611,2026-09-23T22:59:26.566087,True,0.320,0.475,17.53,False
1612,2026-09-23T22:59:26.597284,False,,,17.69,False
1613,2026-09-23T22:59:26.626578,False,,,18.03,False
1614,2026-09-23T22:59:26.675241,False,,,17.06,False
1615,2026-09-23T22:59:26.703850,False,,,17.58,False
1616,2026-09-23T22:59:26.741400,False,,,18.02,False
1617,2026-09-23T22:59:26.781950,False,,,18.02,False
1618,2026-09-23T22:59:26.813499,False,,,18.02,False
1619,2026-09-23T22:59:26.845539,False,,,18.02,False
1620,2026-09-23T22:59:26.875570,False,,,18.02,False
1621,2026-09-23T22:59:26.907328,False,,,17.64,False
1622,2026-09-23T22:59:26.938567,False,,,17.52,False
1623,2026-09-23T22:59:26.968808,False,,,17.54,False
1624,2026-09-23T22:59:27.013387,False,,,18.05,False
1625,2026-09-23T22:59:27.044433,False,,,17.02,False
1626,2026-09-23T22:59:27.077788,False,,,17.52,False
1627,2026-09-23T22:59:27.106380,False,,,17.51,False
1628,2026-09-23T22:59:27.138417,False,,,17.53,False
1629,2026-09-23T22:59:27.170930,False,,,17.51,False
1630,2026-09-23T22:59:27.205477,True,0.199,0.396,17.52,False
1631,2026-09-23T22:59:27.231725,True,0.199,0.322,16.72,False
1632,2026-09-23T22:59:27.267949,True,0.230,0.254,17.53,False
1633,2026-09-23T22:59:27.309532,True,0.230,0.236,17.52,False
1634,2026-09-23T22:59:27.340640,True,0.168,0.205,17.10,False
1635,2026-09-23T22:59:27.369673,True,0.168,0.199,16.52,False
1636,2026-09-23T22:59:27.411202,True,0.156,0.191,16.65,False
1637,2026-09-23T22:59:27.450253,True,0.156,0.176,17.02,False
1638,2026-09-23T22:59:27.481679,True,0.500,0.230,17.08,False
1639,2026-09-23T22:59:27.512495,True,0.500,0.296,17.28,False
1640,2026-09-23T22:59:27.544548,True,0.500,0.362,17.02,False
1641,2026-09-23T22:59:27.574577,True,0.453,0.422,17.02,False
1642,2026-09-23T22:59:27.606258,True,0.301,0.451,17.04,False
1643,2026-09-23T22:59:27.638244,True,0.301,0.411,17.54,False
1644,2026-09-23T22:59:27.670198,True,0.184,0.348,17.02,False
1644,2026-09-23T22:59:27.670198,True,0.156,0.279,17.02,False
1645,2026-09-23T22:59:27.700262,True,0.184,0.225,17.03,False
1645,2026-09-23T22:59:27.700262,True,0.156,0.196,17.03,False
1646,2026-09-23T22:59:27.748332,True,0.230,0.182,17.52,False
1647,2026-09-23T22:59:27.777526,True,0.230,0.191,17.02,False
1648,2026-09-23T22:59:27.811622,False,,,17.01,False
1649,2026-09-23T22:59:27.838186,False,,,17.04,False
1650,2026-09-23T22:59:27.870802,False,,,16.51,False
1651,2026-09-23T22:59:27.901605,True,0.246,0.209,17.22,False
1652,2026-09-23T22:59:27.931729,True,0.246,0.222,16.58,False
1653,2026-09-23T22:59:27.964762,True,0.262,0.243,17.52,False
1654,2026-09-23T22:59:28.004632,True,0.344,0.266,17.02,False
1655,2026-09-23T22:59:28.041208,True,0.344,0.288,17.56,False
1656,2026-09-23T22:59:28.073438,True,0.363,0.312,17.02,False
1657,2026-09-23T22:59:28.104578,True,0.363,0.335,17.02,False
1658,2026-09-23T22:59:28.147167,True,0.199,0.323,16.56,False
1659,2026-09-23T22:59:28.180714,True,0.199,0.294,17.52,False
1660,2026-09-23T22:59:28.214109,False,,,19.53,False
1661,2026-09-23T22:59:28.242629,False,,,17.01,False
1662,2026-09-23T22:59:28.275196,False,,,17.45,False
1663,2026-09-23T22:59:28.306230,False,,,17.52,False
1664,2026-09-23T22:59:28.339575,False,,,17.06,False
1665,2026-09-23T22:59:28.368167,False,,,17.03,False
1666,2026-09-23T22:59:28.403206,False,,,16.52,False
1667,2026-09-23T22:59:28.444386,False,,,16.62,False
1668,2026-09-23T22:59:28.482008,True,0.168,0.259,16.01,False
1669,2026-09-23T22:59:28.524562,True,0.168,0.220,17.03,False
1670,2026-09-23T22:59:28.554596,True,0.523,0.252,17.02,False
1671,2026-09-23T22:59:28.585632,True,0.523,0.316,17.52,False
1672,2026-09-23T22:59:28.616185,True,0.523,0.381,17.03,False
1673,2026-09-23T22:59:28.647255,True,0.387,0.425,16.06,False
1674,2026-09-23T22:59:28.679305,True,0.387,0.469,17.02,False
1675,2026-09-23T22:59:28.708859,False,,,16.52,False
1676,2026-09-23T22:59:28.742405,False,,,17.01,False
1677,2026-09-23T22:59:28.773242,False,,,17.01,False
1678,2026-09-23T22:59:28.805437,False,,,17.07,False
1679,2026-09-23T22:59:28.835467,False,,,16.52,False
1680,2026-09-23T22:59:28.883597,True,0.168,0.398,17.52,False
1681,2026-09-23T22:59:28.911651,True,0.168,0.327,16.65,False
1682,2026-09-23T22:59:28.948390,True,0.211,0.264,17.53,False
1683,2026-09-23T22:59:28.974421,True,0.211,0.229,16.52,False
1684,2026-09-23T22:59:29.006198,True,0.211,0.194,17.66,False
1685,2026-09-23T22:59:29.038282,False,,,17.07,False
1686,2026-09-23T22:59:29.070960,False,,,16.51,False
1687,2026-09-23T22:59:29.101645,False,,,17.15,False
1688,2026-09-23T22:59:29.131735,False,,,16.56,False
1689,2026-09-23T22:59:29.164794,False,,,17.02,False
1690,2026-09-23T22:59:29.218557,False,,,16.70,False
1691,2026-09-23T22:59:29.256651,False,,,17.08,False
1692,2026-09-23T22:59:29.285251,True,0.184,0.197,17.08,False
1693,2026-09-23T22:59:29.318315,True,0.184,0.200,16.64,False
1694,2026-09-23T22:59:29.348347,True,0.184,0.195,16.57,False
1695,2026-09-23T22:59:29.380893,False,,,17.52,False
1696,2026-09-23T22:59:29.408183,False,,,16.30,False
1697,2026-09-23T22:59:29.440708,True,0.156,0.184,17.01,False
1698,2026-09-23T22:59:29.474603,True,0.156,0.173,17.38,False
1699,2026-09-23T22:59:29.504193,True,0.168,0.170,16.58,False
1700,2026-09-23T22:59:29.535435,True,0.168,0.166,17.02,False
1701,2026-09-23T22:59:29.565708,True,0.156,0.161,17.24,False
1702,2026-09-23T22:59:29.622000,True,0.168,0.163,17.52,False
1703,2026-09-23T22:59:29.659209,True,0.168,0.166,16.69,False
1704,2026-09-23T22:59:29.690151,False,,,17.58,False
1705,2026-09-23T22:59:29.720674,False,,,16.49,False
1706,2026-09-23T22:59:29.750210,False,,,17.02,False
1707,2026-09-23T22:59:29.781056,False,,,16.51,False
1708,2026-09-23T22:59:29.812593,False,,,17.01,False
1709,2026-09-23T22:59:29.844639,False,,,17.02,False
1710,2026-09-23T22:59:29.877542,False,,,17.02,False
1711,2026-09-23T22:59:29.904643,True,0.184,0.169,17.02,False
1712,2026-09-23T22:59:29.939482,True,0.184,0.172,17.52,False
1713,2026-09-23T22:59:29.983324,True,0.301,0.201,17.52,False
1714,2026-09-23T22:59:30.021982,True,0.344,0.236,17.52,False
1715,2026-09-23T22:59:30.064149,True,0.344,0.271,17.54,False
1716,2026-09-23T22:59:30.094191,True,0.344,0.303,17.02,False
1717,2026-09-23T22:59:30.124725,True,0.453,0.357,17.52,False
1718,2026-09-23T22:59:30.155319,True,0.453,0.388,17.06,False
1719,2026-09-23T22:59:30.188859,True,0.301,0.379,17.03,False
1720,2026-09-23T22:59:30.218887,True,0.301,0.370,17.02,False
1721,2026-09-23T22:59:30.253434,True,0.500,0.402,18.02,False
1722,2026-09-23T22:59:30.283470,True,0.500,0.411,17.51,False
1723,2026-09-23T22:59:30.315079,True,0.430,0.406,17.60,False
1724,2026-09-23T22:59:30.344608,True,0.430,0.432,17.02,False
1725,2026-09-23T22:59:30.377679,True,0.570,0.486,16.52,False
1726,2026-09-23T22:59:30.421980,True,0.594,0.505,17.52,False
1727,2026-09-23T22:59:30.455194,True,0.594,0.523,16.66,False
1728,2026-09-23T22:59:30.485840,True,0.594,0.556,17.52,False
1729,2026-09-23T22:59:30.516929,True,0.637,0.598,17.02,False
1730,2026-09-23T22:59:30.547450,True,0.637,0.611,18.01,False
1731,2026-09-23T22:59:30.575620,True,0.594,0.611,17.03,False
1732,2026-09-23T22:59:30.610658,True,0.594,0.611,16.52,False
1733,2026-09-23T22:59:30.640383,True,0.594,0.611,17.04,False
1734,2026-09-23T22:59:30.672105,True,0.594,0.602,17.51,False
1735,2026-09-23T22:59:30.701135,True,0.613,0.598,17.52,False
1736,2026-09-23T22:59:30.730981,True,0.613,0.602,17.02,False
1737,2026-09-23T22:59:30.761254,True,0.594,0.602,16.72,False
1738,2026-09-23T22:59:30.819011,True,0.613,0.605,17.02,False
1739,2026-09-23T22:59:30.854484,True,0.613,0.609,16.95,False
1740,2026-09-23T22:59:30.884825,True,0.613,0.609,17.27,False
1741,2026-09-23T22:59:30.915938,True,0.477,0.582,17.55,False
1742,2026-09-23T22:59:30.947474,True,0.477,0.559,18.02,False
1743,2026-09-23T22:59:30.978614,True,0.523,0.541,17.03,False
1744,2026-09-23T22:59:31.010650,True,0.523,0.523,17.02,False
1745,2026-09-23T22:59:31.040742,True,0.594,0.519,17.52,False
1746,2026-09-23T22:59:31.067398,True,0.594,0.542,16.92,False
1747,2026-09-23T22:59:31.102574,True,0.613,0.570,17.26,False
1748,2026-09-23T22:59:31.132120,True,0.613,0.588,17.01,False
1749,2026-09-23T22:59:31.164747,True,0.570,0.597,17.52,False
1750,2026-09-23T22:59:31.195782,True,0.570,0.592,18.52,False
1751,2026-09-23T22:59:31.225642,True,0.613,0.596,17.69,False
1752,2026-09-23T22:59:31.255186,True,0.613,0.596,17.18,False
1753,2026-09-23T22:59:31.285717,True,0.656,0.605,16.52,False
1754,2026-09-23T22:59:31.315238,True,0.656,0.622,16.51,False
1755,2026-09-23T22:59:31.348329,True,0.656,0.639,17.59,False
1756,2026-09-23T22:59:31.391372,True,0.656,0.648,18.02,False
1757,2026-09-23T22:59:31.425756,True,0.656,0.656,17.51,False
1758,2026-09-23T22:59:31.455295,True,0.656,0.656,17.52,False
1759,2026-09-23T22:59:31.504371,True,0.523,0.630,28.05,False
1760,2026-09-23T22:59:31.533410,True,0.523,0.603,19.53,False
1761,2026-09-23T22:59:31.566937,True,0.477,0.567,17.53,False
1762,2026-09-23T22:59:31.597455,True,0.477,0.531,18.00,False
1763,2026-09-23T22:59:31.629484,True,0.387,0.477,17.02,False
1764,2026-09-23T22:59:31.660268,True,0.387,0.450,17.73,False
1765,2026-09-23T22:59:31.692049,True,0.301,0.405,18.63,False
1766,2026-09-23T22:59:31.723680,True,0.301,0.370,20.54,False
1767,2026-09-23T22:59:31.752339,True,0.301,0.335,19.01,False
1768,2026-09-23T22:59:31.781885,True,0.301,0.318,18.02,False
1769,2026-09-23T22:59:31.828453,False,,,18.03,False
1770,2026-09-23T22:59:31.860609,False,,,18.06,False
1771,2026-09-23T22:59:31.892672,True,0.184,0.277,18.59,False
1772,2026-09-23T22:59:31.921952,True,0.184,0.254,18.63,False
1773,2026-09-23T22:59:31.956284,False,,,17.57,False
1774,2026-09-23T22:59:31.999055,False,,,18.54,False
1775,2026-09-23T22:59:32.029323,False,,,18.02,False
1776,2026-09-23T22:59:32.060359,False,,,18.02,False
1777,2026-09-23T22:59:32.091390,False,,,18.02,False
1778,2026-09-23T22:59:32.123430,False,,,20.02,False
1779,2026-09-23T22:59:32.155473,True,0.246,0.243,18.02,False
1780,2026-09-23T22:59:32.185610,True,0.246,0.232,17.61,False
1781,2026-09-23T22:59:32.228509,True,0.453,0.263,17.95,False
1782,2026-09-23T22:59:32.263608,True,0.453,0.316,18.01,False
1783,2026-09-23T22:59:32.295664,True,0.523,0.384,17.03,False
1784,2026-09-23T22:59:32.326236,True,0.523,0.440,18.05,False
1785,2026-09-23T22:59:32.357366,True,0.430,0.477,18.12,False
1786,2026-09-23T22:59:32.388402,True,0.430,0.472,17.53,False
1787,2026-09-23T22:59:32.420000,True,0.387,0.459,17.53,False
1788,2026-09-23T22:59:32.451552,True,0.387,0.431,18.04,False
1789,2026-09-23T22:59:32.484610,True,0.570,0.441,17.52,False
1790,2026-09-23T22:59:32.511632,True,0.570,0.469,17.01,False
1791,2026-09-23T22:59:32.563806,True,0.500,0.483,17.52,False
1792,2026-09-23T22:59:32.607852,True,0.500,0.505,18.52,False
1793,2026-09-23T22:59:32.637395,True,0.547,0.537,18.52,False
1794,2026-09-23T22:59:32.668898,True,0.547,0.533,18.53,False
1795,2026-09-23T22:59:32.699221,True,0.547,0.528,18.31,False
1796,2026-09-23T22:59:32.729793,True,0.547,0.537,17.55,False
1797,2026-09-23T22:59:32.759878,True,0.363,0.510,17.55,False
1798,2026-09-23T22:59:32.799937,True,0.363,0.473,25.53,False
1799,2026-09-23T22:59:32.843290,True,0.301,0.424,22.33,False
1800,2026-09-23T22:59:32.885840,True,0.301,0.375,18.53,False
1801,2026-09-23T22:59:32.911657,True,0.430,0.352,17.82,False
1802,2026-09-23T22:59:32.947289,True,0.430,0.365,18.11,False
1803,2026-09-23T22:59:32.976218,True,0.320,0.356,17.57,False
1804,2026-09-23T22:59:33.008752,True,0.320,0.360,17.52,False
1805,2026-09-23T22:59:33.040354,True,0.301,0.360,17.08,False
1806,2026-09-23T22:59:33.071716,True,0.301,0.334,17.03,False
1807,2026-09-23T22:59:33.103274,True,0.363,0.321,16.54,False
1808,2026-09-23T22:59:33.133349,True,0.363,0.330,18.05,False
1809,2026-09-23T22:59:33.162540,True,0.406,0.347,18.16,False
1810,2026-09-23T22:59:33.194622,True,0.406,0.368,17.05,False
1811,2026-09-23T22:59:33.226535,True,0.430,0.394,18.32,False
1812,2026-09-23T22:59:33.253522,True,0.430,0.407,18.02,False
1813,2026-09-23T22:59:33.299763,True,0.406,0.416,18.02,False
1814,2026-09-23T22:59:33.330806,True,0.406,0.416,18.54,False
1815,2026-09-23T22:59:33.364906,True,0.453,0.425,18.52,False
1816,2026-09-23T22:59:33.393433,True,0.453,0.430,18.02,False
1817,2026-09-23T22:59:33.428469,True,0.387,0.421,18.02,False
1818,2026-09-23T22:59:33.455284,True,0.387,0.417,18.10,False
1819,2026-09-23T22:59:33.492223,True,0.344,0.405,17.55,False
1820,2026-09-23T22:59:33.533442,True,0.344,0.383,18.52,False
1821,2026-09-23T22:59:33.564115,True,0.406,0.373,17.53,False
1822,2026-09-23T22:59:33.595256,True,0.406,0.377,17.63,False
1823,2026-09-23T22:59:33.627781,True,0.344,0.369,18.51,False
1824,2026-09-23T22:59:33.658472,True,0.344,0.369,18.13,False
1825,2026-09-23T22:59:33.700275,True,0.363,0.373,18.28,False
1826,2026-09-23T22:59:33.735328,True,0.363,0.364,17.52,False
1827,2026-09-23T22:59:33.767966,True,0.387,0.360,18.05,False
1828,2026-09-23T22:59:33.798000,True,0.387,0.369,17.02,False
1829,2026-09-23T22:59:33.832035,True,0.301,0.360,18.02,False
1830,2026-09-23T22:59:33.859244,True,0.301,0.348,17.70,False
1831,2026-09-23T22:59:33.893282,True,0.281,0.331,18.04,False
1832,2026-09-23T22:59:33.923395,True,0.281,0.310,18.10,False
1833,2026-09-23T22:59:33.969067,True,0.301,0.293,19.52,False
1834,2026-09-23T22:59:33.999489,True,0.301,0.293,17.41,False
1835,2026-09-23T22:59:34.036576,True,0.281,0.289,18.53,False
1836,2026-09-23T22:59:34.076632,True,0.281,0.289,18.03,False
1837,2026-09-23T22:59:34.108742,True,0.344,0.302,18.24,False
1838,2026-09-23T22:59:34.139301,True,0.344,0.310,18.54,False
1839,2026-09-23T22:59:34.170888,True,0.363,0.323,17.58,False
1840,2026-09-23T22:59:34.201814,True,0.363,0.339,16.40,False
1841,2026-09-23T22:59:34.233347,True,0.477,0.378,17.52,False
1842,2026-09-23T22:59:34.264877,True,0.477,0.405,17.52,False
1843,2026-09-23T22:59:34.294904,True,0.406,0.417,17.52,False
1844,2026-09-23T22:59:34.325464,True,0.406,0.426,17.03,False
1845,2026-09-23T22:59:34.358679,False,,,17.20,False
1846,2026-09-23T22:59:34.389209,False,,,17.52,False
1847,2026-09-23T22:59:34.435849,False,,,17.52,False
1848,2026-09-23T22:59:34.468878,False,,,18.02,False
1849,2026-09-23T22:59:34.501409,False,,,18.01,False
1850,2026-09-23T22:59:34.529450,False,,,17.02,False
1851,2026-09-23T22:59:34.564993,False,,,17.52,False
1852,2026-09-23T22:59:34.595606,False,,,18.11,False
1853,2026-09-23T22:59:34.628013,False,,,17.39,False
1854,2026-09-23T22:59:34.656603,False,,,18.06,False
1855,2026-09-23T22:59:34.691197,False,,,17.58,False
1856,2026-09-23T22:59:34.731908,False,,,17.02,False
1857,2026-09-23T22:59:34.765010,False,,,17.59,False
1858,2026-09-23T22:59:34.795536,False,,,18.02,False
1859,2026-09-23T22:59:34.834205,False,,,17.11,False
1860,2026-09-23T22:59:34.875271,False,,,18.03,False
1861,2026-09-23T22:59:34.904396,False,,,17.55,False
1862,2026-09-23T22:59:34.934599,False,,,17.44,False
1863,2026-09-23T22:59:34.965364,False,,,17.76,False
1864,2026-09-23T22:59:34.995894,False,,,17.52,False
1865,2026-09-23T22:59:35.028466,False,,,18.03,False
1866,2026-09-23T22:59:35.059503,False,,,18.02,False
1867,2026-09-23T22:59:35.090543,False,,,17.02,False
1868,2026-09-23T22:59:35.121803,False,,,18.53,False
1869,2026-09-23T22:59:35.170851,False,,,17.02,False
1870,2026-09-23T22:59:35.210915,False,,,16.52,False
1871,2026-09-23T22:59:35.242503,False,,,17.01,False
1872,2026-09-23T22:59:35.273633,False,,,17.11,False
1873,2026-09-23T22:59:35.301796,False,,,16.59,False
1874,2026-09-23T22:59:35.334343,False,,,17.52,False
1875,2026-09-23T22:59:35.365952,False,,,18.59,False
1876,2026-09-23T22:59:35.396471,False,,,17.01,False
1877,2026-09-23T22:59:35.426572,False,,,16.54,False
1878,2026-09-23T22:59:35.458245,False,,,16.66,False
1879,2026-09-23T22:59:35.491365,False,,,17.01,False
1880,2026-09-23T22:59:35.520947,False,,,17.53,False
1881,2026-09-23T22:59:35.571002,False,,,17.52,False
1882,2026-09-23T22:59:35.599702,False,,,17.69,False
1883,2026-09-23T22:59:35.636769,False,,,17.52,False
1884,2026-09-23T22:59:35.676313,False,,,17.02,False
1885,2026-09-23T22:59:35.706867,False,,,17.54,False
1886,2026-09-23T22:59:35.736408,False,,,17.52,False
1887,2026-09-23T22:59:35.768947,False,,,17.03,False
1888,2026-09-23T22:59:35.801436,False,,,17.92,False
1889,2026-09-23T22:59:35.830493,False,,,17.03,False
1890,2026-09-23T22:59:35.862281,False,,,17.74,False
1891,2026-09-23T22:59:35.905893,False,,,17.50,False
1892,2026-09-23T22:59:35.936598,False,,,18.02,False
1893,2026-09-23T22:59:35.971268,False,,,17.01,False
1894,2026-09-23T22:59:36.000320,False,,,17.02,False
1895,2026-09-23T22:59:36.036392,False,,,17.52,False
1896,2026-09-23T22:59:36.076458,False,,,17.03,False
1897,2026-09-23T22:59:36.107023,False,,,17.04,False
1898,2026-09-23T22:59:36.138621,False,,,17.53,False
1899,2026-09-23T22:59:36.168165,False,,,17.03,False
1900,2026-09-23T22:59:36.200482,False,,,17.28,False
1901,2026-09-23T22:59:36.232041,False,,,18.53,False
1902,2026-09-23T22:59:36.261340,False,,,17.79,False
1903,2026-09-23T22:59:36.307910,False,,,17.54,False
1904,2026-09-23T22:59:36.338532,False,,,19.54,False
1905,2026-09-23T22:59:36.373403,False,,,17.73,False
1906,2026-09-23T22:59:36.413504,False,,,17.53,False
1907,2026-09-23T22:59:36.446552,False,,,17.02,False
1908,2026-09-23T22:59:36.477589,False,,,18.03,False
1909,2026-09-23T22:59:36.509166,False,,,17.56,False
1910,2026-09-23T22:59:36.540517,False,,,18.03,False
1911,2026-09-23T22:59:36.571103,False,,,18.51,False
1912,2026-09-23T22:59:36.600135,False,,,18.02,False
1913,2026-09-23T22:59:36.653261,False,,,26.57,False
1914,2026-09-23T22:59:36.694460,False,,,17.02,False
1915,2026-09-23T22:59:36.724455,False,,,17.33,False
1916,2026-09-23T22:59:36.755495,False,,,18.02,False
1917,2026-09-23T22:59:36.786571,False,,,17.56,False
1918,2026-09-23T22:59:36.816146,False,,,18.05,False
1919,2026-09-23T22:59:36.848239,False,,,17.59,False
1920,2026-09-23T22:59:36.879369,False,,,17.10,False
1921,2026-09-23T22:59:36.911990,False,,,17.53,False
1922,2026-09-23T22:59:36.942072,False,,,16.56,False
1923,2026-09-23T22:59:36.975621,False,,,18.03,False
1924,2026-09-23T22:59:37.005213,False,,,17.58,False
1925,2026-09-23T22:59:37.042042,False,,,16.56,False
1926,2026-09-23T22:59:37.166233,False,,,61.16,False
1927,2026-09-23T22:59:37.314973,False,,,53.66,False
1928,2026-09-23T22:59:37.442185,False,,,55.77,False
1929,2026-09-23T22:59:37.567911,False,,,58.95,False
1930,2026-09-23T22:59:37.686208,False,,,51.62,False
1931,2026-09-23T22:59:37.807885,False,,,49.56,False
1932,2026-09-23T22:59:37.929311,False,,,47.18,False
1933,2026-09-23T22:59:38.063279,False,,,52.54,False
1934,2026-09-23T22:59:38.223450,False,,,73.58,False
1935,2026-09-23T22:59:38.337324,False,,,49.69,False
1936,2026-09-23T22:59:38.464048,False,,,52.65,False
1937,2026-09-23T22:59:38.597387,False,,,47.56,False
1938,2026-09-23T22:59:38.724400,False,,,49.94,False
1939,2026-09-23T22:59:38.850780,False,,,51.62,False
1940,2026-09-23T22:59:38.997536,False,,,56.08,False
1941,2026-09-23T22:59:39.126389,False,,,45.37,False
1942,2026-09-23T22:59:39.253371,False,,,50.16,False
1943,2026-09-23T22:59:39.359212,False,,,45.15,False
1944,2026-09-23T22:59:39.484370,False,,,61.26,False
1945,2026-09-23T22:59:39.610977,False,,,49.56,False
1946,2026-09-23T22:59:39.744408,False,,,60.17,False
1947,2026-09-23T22:59:39.870991,False,,,48.70,False
1948,2026-09-23T22:59:39.993734,False,,,48.25,False
1949,2026-09-23T22:59:40.134285,False,,,45.95,False
1950,2026-09-23T22:59:40.261699,False,,,49.42,False
1951,2026-09-23T22:59:40.396359,False,,,62.07,False
1952,2026-09-23T22:59:40.553197,False,,,89.69,False
1953,2026-09-23T22:59:40.658330,False,,,45.08,False
1954,2026-09-23T22:59:40.839385,False,,,87.00,False
1955,2026-09-23T22:59:40.953755,False,,,44.22,False
1956,2026-09-23T22:59:41.104671,False,,,73.01,False
1957,2026-09-23T22:59:41.208592,False,,,54.18,False
1958,2026-09-23T22:59:41.336237,False,,,57.69,False
1959,2026-09-23T22:59:41.466870,False,,,50.04,False
1960,2026-09-23T22:59:41.601703,False,,,47.19,False
1961,2026-09-23T22:59:41.730600,False,,,53.08,False
1962,2026-09-23T22:59:41.867727,False,,,51.16,False
1963,2026-09-23T22:59:42.008179,False,,,54.68,False
1964,2026-09-23T22:59:42.119216,False,,,42.66,False
1965,2026-09-23T22:59:42.234161,False,,,49.58,False
1966,2026-09-23T22:59:42.367235,False,,,59.59,False
1967,2026-09-23T22:59:42.485328,False,,,51.70,False
1968,2026-09-23T22:59:42.605311,False,,,49.06,False
1969,2026-09-23T22:59:42.755163,False,,,60.90,False
1970,2026-09-23T22:59:42.890387,False,,,55.97,False
1971,2026-09-23T22:59:42.999653,False,,,40.05,False
1972,2026-09-23T22:59:43.155862,False,,,75.02,False
1973,2026-09-23T22:59:43.283383,False,,,47.55,False
1974,2026-09-23T22:59:43.408230,False,,,50.65,False
1975,2026-09-23T22:59:43.557650,False,,,58.67,False
1976,2026-09-23T22:59:43.695359,False,,,58.07,False
1977,2026-09-23T22:59:43.810544,False,,,49.08,False
1978,2026-09-23T22:59:43.957317,False,,,72.04,False
1979,2026-09-23T22:59:44.084380,False,,,57.48,False
1980,2026-09-23T22:59:44.214855,False,,,47.68,False
1981,2026-09-23T22:59:44.341229,False,,,48.95,False
1982,2026-09-23T22:59:44.477507,False,,,62.54,False
1983,2026-09-23T22:59:44.618039,False,,,49.87,False
1984,2026-09-23T22:59:44.745545,False,,,53.31,False
1985,2026-09-23T22:59:44.844970,False,,,46.22,False
1986,2026-09-23T22:59:44.925304,False,,,17.02,False
1987,2026-09-23T22:59:44.954886,False,,,17.52,False
1988,2026-09-23T22:59:44.981929,False,,,17.02,False
1989,2026-09-23T22:59:45.024749,False,,,17.52,False
1990,2026-09-23T22:59:45.056287,False,,,17.02,False
1991,2026-09-23T22:59:45.089316,False,,,17.52,False
1992,2026-09-23T22:59:45.115937,False,,,17.52,False
1993,2026-09-23T22:59:45.146474,False,,,17.52,False
1994,2026-09-23T22:59:45.178332,False,,,17.53,False
1995,2026-09-23T22:59:45.209477,False,,,18.13,False
1996,2026-09-23T22:59:45.239423,False,,,18.40,False
1997,2026-09-23T22:59:45.271952,False,,,16.51,False
1998,2026-09-23T22:59:45.301150,False,,,17.57,False
1999,2026-09-23T22:59:45.334312,False,,,17.02,False
2000,2026-09-23T22:59:45.361616,False,,,17.28,False
2001,2026-09-23T22:59:45.395364,False,,,17.73,False
2002,2026-09-23T22:59:45.421883,False,,,16.51,False
2003,2026-09-23T22:59:45.456411,False,,,17.04,False
2004,2026-09-23T22:59:45.484458,False,,,17.53,False
2005,2026-09-23T22:59:45.516171,False,,,17.63,False
2006,2026-09-23T22:59:45.544648,False,,,16.94,False
2007,2026-09-23T22:59:45.579591,False,,,19.53,False
2008,2026-09-23T22:59:45.606657,False,,,17.05,False
2009,2026-09-23T22:59:45.638340,False,,,17.12,False
2010,2026-09-23T22:59:45.669889,False,,,17.01,False
2011,2026-09-23T22:59:45.700925,False,,,17.52,False
2012,2026-09-23T22:59:45.733475,False,,,17.52,False
2013,2026-09-23T22:59:45.762498,False,,,17.01,False
2014,2026-09-23T22:59:45.794584,False,,,17.06,False
2015,2026-09-23T22:59:45.825612,False,,,18.01,False
2016,2026-09-23T22:59:45.860656,False,,,17.52,False
2017,2026-09-23T22:59:45.889226,False,,,18.04,False
2018,2026-09-23T22:59:45.940620,False,,,18.53,False
2019,2026-09-23T22:59:45.982125,False,,,18.02,False
2020,2026-09-23T22:59:46.013471,False,,,17.84,False
2021,2026-09-23T22:59:46.045524,False,,,17.53,False
2022,2026-09-23T22:59:46.076572,False,,,17.03,False
2023,2026-09-23T22:59:46.106809,False,,,17.52,False
2024,2026-09-23T22:59:46.140405,False,,,17.02,False
2025,2026-09-23T22:59:46.170951,False,,,17.53,False
2026,2026-09-23T22:59:46.203522,False,,,18.05,False
2027,2026-09-23T22:59:46.233554,False,,,17.52,False
2028,2026-09-23T22:59:46.275505,False,,,17.89,False
2029,2026-09-23T22:59:46.310538,False,,,18.02,False
2030,2026-09-23T22:59:46.340611,False,,,17.06,False
2031,2026-09-23T22:59:46.373149,False,,,17.52,False
2032,2026-09-23T22:59:46.407294,False,,,17.04,False
2033,2026-09-23T22:59:46.448394,False,,,17.53,False
2034,2026-09-23T22:59:46.480929,False,,,17.52,False
2035,2026-09-23T22:59:46.511540,False,,,17.02,False
2036,2026-09-23T22:59:46.543308,False,,,17.75,False
2037,2026-09-23T22:59:46.575338,False,,,18.02,False
2038,2026-09-23T22:59:46.607869,True,0.262,0.405,18.52,False
2038,2026-09-23T22:59:46.607869,True,0.156,0.341,18.52,False
2039,2026-09-23T22:59:46.635164,True,0.262,0.298,18.27,False
2039,2026-09-23T22:59:46.635164,True,0.156,0.248,18.27,False
2040,2026-09-23T22:59:46.676725,True,0.230,0.213,17.52,False
2041,2026-09-23T22:59:46.712312,True,0.230,0.207,17.73,False
2042,2026-09-23T22:59:46.744660,False,,,17.32,False
2043,2026-09-23T22:59:46.775509,False,,,17.29,False
2044,2026-09-23T22:59:46.807215,False,,,17.69,False
2045,2026-09-23T22:59:46.839253,False,,,18.02,False
2046,2026-09-23T22:59:46.867820,False,,,17.01,False
2047,2026-09-23T22:59:46.911184,False,,,17.84,False
2048,2026-09-23T22:59:46.943460,False,,,17.02,False
2049,2026-09-23T22:59:46.974529,False,,,17.02,False
2050,2026-09-23T22:59:47.011484,False,,,17.19,False
2051,2026-09-23T22:59:47.051249,False,,,18.02,False
2052,2026-09-23T22:59:47.081298,False,,,17.52,False
2053,2026-09-23T22:59:47.112457,False,,,18.12,False
2054,2026-09-23T22:59:47.143511,False,,,18.02,False
2055,2026-09-23T22:59:47.174335,False,,,17.01,False
2056,2026-09-23T22:59:47.206636,False,,,17.29,False
2057,2026-09-23T22:59:47.234599,False,,,17.42,False
2058,2026-09-23T22:59:47.268870,False,,,18.02,False
2059,2026-09-23T22:59:47.297402,False,,,16.52,False
2060,2026-09-23T22:59:47.331469,False,,,17.52,False
2061,2026-09-23T22:59:47.374761,False,,,17.51,False
2062,2026-09-23T22:59:47.413442,False,,,18.16,False
2063,2026-09-23T22:59:47.450009,False,,,17.52,False
2064,2026-09-23T22:59:47.482052,False,,,18.02,False
2065,2026-09-23T22:59:47.513215,False,,,17.65,False
2066,2026-09-23T22:59:47.543677,False,,,17.02,False
2067,2026-09-23T22:59:47.575773,False,,,17.56,False
2068,2026-09-23T22:59:47.607828,False,,,17.52,False
2069,2026-09-23T22:59:47.638880,False,,,18.03,False
2070,2026-09-23T22:59:47.667903,True,0.199,0.216,18.01,False
2071,2026-09-23T22:59:47.698725,True,0.199,0.203,17.81,False
2072,2026-09-23T22:59:47.748900,True,0.184,0.209,18.08,False
2073,2026-09-23T22:59:47.776421,True,0.184,0.199,17.02,False
2074,2026-09-23T22:59:47.813958,False,,,19.52,False
2075,2026-09-23T22:59:47.856529,False,,,18.02,False
2076,2026-09-23T22:59:47.885580,False,,,17.52,False
2077,2026-09-23T22:59:47.915127,False,,,17.96,False
2078,2026-09-23T22:59:47.948309,False,,,18.17,False
2079,2026-09-23T22:59:47.978180,False,,,17.52,False
2080,2026-09-23T22:59:48.008714,False,,,17.52,False
2081,2026-09-23T22:59:48.039396,False,,,17.67,False
2082,2026-09-23T22:59:48.073457,False,,,18.01,False
2083,2026-09-23T22:59:48.106614,False,,,18.06,False
2084,2026-09-23T22:59:48.148691,False,,,18.05,False
2085,2026-09-23T22:59:48.180519,False,,,16.82,False
2086,2026-09-23T22:59:48.211406,True,0.453,0.244,18.02,False
2087,2026-09-23T22:59:48.243465,True,0.453,0.295,18.05,False
2088,2026-09-23T22:59:48.276529,True,0.453,0.345,18.02,False
2089,2026-09-23T22:59:48.305222,True,0.477,0.404,18.02,False
2090,2026-09-23T22:59:48.335298,True,0.477,0.463,18.03,False
2091,2026-09-23T22:59:48.366675,True,0.387,0.449,18.02,False
2092,2026-09-23T22:59:48.407244,True,0.344,0.427,18.04,False
2093,2026-09-23T22:59:48.442443,True,0.344,0.405,18.02,False
2094,2026-09-23T22:59:48.483211,False,,,17.01,False
2095,2026-09-23T22:59:48.521958,False,,,17.52,False
2096,2026-09-23T22:59:48.549550,False,,,18.08,False
2097,2026-09-23T22:59:48.581074,False,,,17.52,False
2098,2026-09-23T22:59:48.612202,False,,,17.62,False
2099,2026-09-23T22:59:48.641766,False,,,17.52,False
2100,2026-09-23T22:59:48.676516,False,,,18.02,False
2101,2026-09-23T22:59:48.705208,False,,,17.65,False
2102,2026-09-23T22:59:48.736538,False,,,18.13,False
2103,2026-09-23T22:59:48.765700,False,,,17.06,False
2104,2026-09-23T22:59:48.804735,False,,,17.51,False
2105,2026-09-23T22:59:48.843322,False,,,18.06,False
2106,2026-09-23T22:59:48.883603,False,,,17.53,False
2107,2026-09-23T22:59:48.916968,False,,,17.66,False
2108,2026-09-23T22:59:48.951512,False,,,20.02,False
2109,2026-09-23T22:59:48.984462,False,,,17.52,False
2110,2026-09-23T22:59:49.011494,False,,,17.02,False
2111,2026-09-23T22:59:49.043528,False,,,17.01,False
2112,2026-09-23T22:59:49.074762,False,,,17.52,False
2113,2026-09-23T22:59:49.105315,False,,,17.06,False
2114,2026-09-23T22:59:49.134346,False,,,17.52,False
2115,2026-09-23T22:59:49.165901,False,,,18.02,False
2116,2026-09-23T22:59:49.205441,False,,,18.02,False
2117,2026-09-23T22:59:49.245437,False,,,17.03,False
2118,2026-09-23T22:59:49.284581,False,,,18.52,False
2119,2026-09-23T22:59:49.323625,False,,,18.01,False
2120,2026-09-23T22:59:49.351669,False,,,17.01,False
2121,2026-09-23T22:59:49.381847,False,,,17.56,False
2122,2026-09-23T22:59:49.411397,False,,,17.02,False
2123,2026-09-23T22:59:49.445434,False,,,18.02,False
2124,2026-09-23T22:59:49.478526,False,,,18.03,False
2125,2026-09-23T22:59:49.507281,False,,,18.06,False
2126,2026-09-23T22:59:49.540604,False,,,18.02,False
2127,2026-09-23T22:59:49.573646,True,0.156,0.341,18.02,False
2128,2026-09-23T22:59:49.621908,False,,,17.51,False
2129,2026-09-23T22:59:49.662492,False,,,17.03,False
2130,2026-09-23T22:59:49.693521,False,,,18.02,False
2131,2026-09-23T22:59:49.726297,False,,,17.07,False
2132,2026-09-23T22:59:49.762346,False,,,18.02,False
2133,2026-09-23T22:59:49.803401,True,0.199,0.286,18.03,False
2134,2026-09-23T22:59:49.831924,True,0.199,0.248,18.01,False
2135,2026-09-23T22:59:49.861467,False,,,17.01,False
2136,2026-09-23T22:59:49.895679,False,,,18.19,False
2137,2026-09-23T22:59:49.925430,False,,,20.68,False
2138,2026-09-23T22:59:49.956467,False,,,17.02,False
2139,2026-09-23T22:59:49.989506,False,,,17.53,False
2140,2026-09-23T22:59:50.020086,True,0.230,0.226,18.03,False
2141,2026-09-23T22:59:50.049261,True,0.230,0.203,17.52,False
2142,2026-09-23T22:59:50.083314,True,0.184,0.209,17.52,False
2143,2026-09-23T22:59:50.111848,True,0.184,0.205,17.01,False
2144,2026-09-23T22:59:50.142396,True,0.184,0.202,17.02,False
2145,2026-09-23T22:59:50.175454,False,,,18.02,False
2146,2026-09-23T22:59:50.205583,False,,,18.09,False
2147,2026-09-23T22:59:50.235614,False,,,17.53,False
2148,2026-09-23T22:59:50.267146,False,,,18.02,False
2149,2026-09-23T22:59:50.297468,False,,,17.54,False
2150,2026-09-23T22:59:50.328514,False,,,18.03,False
2151,2026-09-23T22:59:50.358829,False,,,17.52,False
2152,2026-09-23T22:59:50.421932,False,,,17.52,False
2153,2026-09-23T22:59:50.451961,False,,,16.51,False
2154,2026-09-23T22:59:50.483508,False,,,17.51,False
2155,2026-09-23T22:59:50.513573,False,,,18.53,False
2156,2026-09-23T22:59:50.544631,False,,,19.02,False
2157,2026-09-23T22:59:50.575194,False,,,17.55,False
2158,2026-09-23T22:59:50.606228,False,,,17.02,False
2159,2026-09-23T22:59:50.635370,False,,,17.07,False
2160,2026-09-23T22:59:50.668010,False,,,18.04,False
2161,2026-09-23T22:59:50.699411,False,,,17.62,False
2162,2026-09-23T22:59:50.730454,False,,,18.02,False
2163,2026-09-23T22:59:50.760661,False,,,17.19,False
2164,2026-09-23T22:59:50.822115,False,,,17.52,False
2165,2026-09-23T22:59:50.852166,False,,,17.52,False
2166,2026-09-23T22:59:50.881830,False,,,17.01,False
2167,2026-09-23T22:59:50.913964,False,,,18.06,False
2168,2026-09-23T22:59:50.947154,False,,,17.68,False
2169,2026-09-23T22:59:50.975605,False,,,17.54,False
2170,2026-09-23T22:59:51.003768,False,,,18.14,False
2171,2026-09-23T22:59:51.035408,False,,,18.11,False
2172,2026-09-23T22:59:51.064936,False,,,17.51,False
2173,2026-09-23T22:59:51.095974,False,,,16.52,False
2174,2026-09-23T22:59:51.127503,False,,,17.02,False
2175,2026-09-23T22:59:51.158572,False,,,17.02,False
2176,2026-09-23T22:59:51.189625,False,,,17.53,False
2177,2026-09-23T22:59:51.223603,False,,,17.53,False
2178,2026-09-23T22:59:51.252502,False,,,17.17,False
2179,2026-09-23T22:59:51.281927,False,,,17.02,False
2180,2026-09-23T22:59:51.313975,False,,,17.51,False
2181,2026-09-23T22:59:51.348059,False,,,17.57,False
2182,2026-09-23T22:59:51.376587,False,,,17.02,False
2183,2026-09-23T22:59:51.411308,False,,,17.07,False
2184,2026-09-23T22:59:51.439354,False,,,17.52,False
2185,2026-09-23T22:59:51.492411,False,,,17.01,False
2186,2026-09-23T22:59:51.533617,False,,,17.51,False
2187,2026-09-23T22:59:51.565155,False,,,18.03,False
2188,2026-09-23T22:59:51.594673,False,,,16.52,False
2189,2026-09-23T22:59:51.625816,False,,,17.56,False
2190,2026-09-23T22:59:51.656526,False,,,17.18,False
2191,2026-09-23T22:59:51.688559,False,,,17.52,False
2192,2026-09-23T22:59:51.716897,False,,,17.32,False
2193,2026-09-23T22:59:51.748697,False,,,17.79,False
2194,2026-09-23T22:59:51.778790,False,,,17.59,False
2195,2026-09-23T22:59:51.827475,False,,,17.02,False
2196,2026-09-23T22:59:51.872316,False,,,18.06,False
2197,2026-09-23T22:59:51.903226,False,,,17.88,False
2198,2026-09-23T22:59:51.931763,False,,,17.02,False
2199,2026-09-23T22:59:51.964888,False,,,17.60,False
2200,2026-09-23T22:59:51.994429,False,,,17.04,False
2201,2026-09-23T22:59:52.026651,False,,,17.01,False
2202,2026-09-23T22:59:52.059422,False,,,18.02,False
2203,2026-09-23T22:59:52.089464,False,,,17.52,False
2204,2026-09-23T22:59:52.123567,False,,,18.02,False
2205,2026-09-23T22:59:52.151136,False,,,17.56,False
2206,2026-09-23T22:59:52.183173,False,,,17.01,False
2207,2026-09-23T22:59:52.227628,False,,,17.03,False
2208,2026-09-23T22:59:52.259398,False,,,18.02,False
2209,2026-09-23T22:59:52.290426,False,,,17.01,False
2210,2026-09-23T22:59:52.319134,False,,,17.52,False
2211,2026-09-23T22:59:52.358582,False,,,18.07,False
2212,2026-09-23T22:59:52.394631,False,,,17.02,False
2213,2026-09-23T22:59:52.427674,False,,,18.03,False
2214,2026-09-23T22:59:52.458438,False,,,17.08,False
2215,2026-09-23T22:59:52.491473,False,,,18.02,False
2216,2026-09-23T22:59:52.520000,False,,,18.02,False
2217,2026-09-23T22:59:52.564756,False,,,17.59,False
2218,2026-09-23T22:59:52.602289,False,,,19.01,False
2219,2026-09-23T22:59:52.630915,True,0.168,0.190,17.02,False
2220,2026-09-23T22:59:52.661466,True,0.168,0.177,17.02,False
2221,2026-09-23T22:59:52.694513,True,0.211,0.183,17.02,False
2222,2026-09-23T22:59:52.725638,True,0.211,0.188,18.01,False
2223,2026-09-23T22:59:52.757314,True,0.320,0.216,17.52,False
2224,2026-09-23T22:59:52.789354,True,0.320,0.246,17.53,False
2225,2026-09-23T22:59:52.822121,True,0.523,0.317,17.52,False
2226,2026-09-23T22:59:52.865184,True,0.523,0.380,18.03,False
2227,2026-09-23T22:59:52.894732,True,0.344,0.406,17.52,False
2228,2026-09-23T22:59:52.923357,True,0.344,0.411,18.09,False
2229,2026-09-23T22:59:52.963955,True,0.637,0.474,17.55,False
2230,2026-09-23T22:59:53.005493,True,0.637,0.497,18.01,False
2231,2026-09-23T22:59:53.032523,True,0.547,0.502,17.52,False
2232,2026-09-23T22:59:53.064093,True,0.547,0.542,17.52,False
2233,2026-09-23T22:59:53.095293,True,0.523,0.578,17.69,False
2234,2026-09-23T22:59:53.125318,True,0.523,0.555,18.01,False
2235,2026-09-23T22:59:53.156364,True,0.477,0.523,17.03,False
2236,2026-09-23T22:59:53.189395,True,0.477,0.509,17.52,False
2237,2026-09-23T22:59:53.219527,True,0.500,0.500,17.53,False
2238,2026-09-23T22:59:53.248284,True,0.500,0.495,17.52,False
2239,2026-09-23T22:59:53.300102,True,0.594,0.509,18.02,False
2240,2026-09-23T22:59:53.341207,True,0.594,0.533,17.59,False
2241,2026-09-23T22:59:53.373581,True,0.594,0.556,18.34,False
2241,2026-09-23T22:59:53.373581,True,0.246,0.505,18.34,False
2242,2026-09-23T22:59:53.405620,True,0.594,0.524,18.02,False
2242,2026-09-23T22:59:53.405620,True,0.246,0.455,18.02,False
2243,2026-09-23T22:59:53.433640,True,0.430,0.422,17.52,False
2243,2026-09-23T22:59:53.433640,True,0.301,0.363,17.52,False
2244,2026-09-23T22:59:53.465177,True,0.430,0.400,18.02,False
2244,2026-09-23T22:59:53.465177,True,0.301,0.341,18.02,False
2245,2026-09-23T22:59:53.496543,True,0.477,0.388,18.02,False
2245,2026-09-23T22:59:53.496543,True,0.156,0.333,18.02,False
2246,2026-09-23T22:59:53.525576,True,0.477,0.368,17.01,False
2246,2026-09-23T22:59:53.525576,True,0.156,0.313,17.01,False
2247,2026-09-23T22:59:53.558656,True,0.453,0.344,17.52,False
2248,2026-09-23T22:59:53.588699,True,0.453,0.339,17.52,False
2249,2026-09-23T22:59:53.621886,True,0.613,0.430,17.51,False
2250,2026-09-23T22:59:53.653918,True,0.613,0.458,18.01,False
2251,2026-09-23T22:59:53.700514,True,0.523,0.531,17.06,False
2252,2026-09-23T22:59:53.730540,True,0.523,0.545,18.02,False
2253,2026-09-23T22:59:53.765197,True,0.570,0.569,17.60,False
2254,2026-09-23T22:59:53.807584,True,0.570,0.560,17.15,False
2255,2026-09-23T22:59:53.839621,True,0.637,0.565,17.53,False
2256,2026-09-23T22:59:53.869161,True,0.637,0.588,18.03,False
2257,2026-09-23T22:59:53.900320,True,0.547,0.592,17.70,False
2258,2026-09-23T22:59:53.931884,True,0.547,0.588,18.52,False
2259,2026-09-23T22:59:53.961454,True,0.523,0.578,17.02,False
2260,2026-09-23T22:59:53.992482,True,0.523,0.555,17.01,False
2261,2026-09-23T22:59:54.024289,True,0.680,0.564,17.52,False
2262,2026-09-23T22:59:54.057321,True,0.680,0.591,18.02,False
2263,2026-09-23T22:59:54.100811,True,0.344,0.550,17.44,False
2264,2026-09-23T22:59:54.135350,True,0.344,0.514,18.52,False
2265,2026-09-23T22:59:54.165884,True,0.547,0.519,18.53,False
2266,2026-09-23T22:59:54.197416,True,0.547,0.492,18.02,False
2267,2026-09-23T22:59:54.228469,True,0.301,0.416,17.02,False
2268,2026-09-23T22:59:54.258820,True,0.301,0.408,17.04,False
2269,2026-09-23T22:59:54.293375,True,0.301,0.399,18.02,False
2270,2026-09-23T22:59:54.320902,True,0.301,0.350,17.51,False
2271,2026-09-23T22:59:54.357580,True,0.246,0.290,18.16,False
2272,2026-09-23T22:59:54.398788,True,0.246,0.279,17.67,False
2273,2026-09-23T22:59:54.435327,True,0.320,0.283,17.52,False
2274,2026-09-23T22:59:54.477417,True,0.320,0.287,18.02,False
2275,2026-09-23T22:59:54.508463,True,0.363,0.299,17.03,False
2276,2026-09-23T22:59:54.541407,True,0.363,0.323,17.92,False
2277,2026-09-23T22:59:54.573434,True,0.211,0.316,18.01,False
2278,2026-09-23T22:59:54.605539,True,0.211,0.294,18.09,False
2279,2026-09-23T22:59:54.633584,True,0.199,0.270,17.52,False
2280,2026-09-23T22:59:54.665162,True,0.199,0.237,18.03,False
2281,2026-09-23T22:59:54.695279,True,0.699,0.304,17.07,False
2282,2026-09-23T22:59:54.725533,True,0.699,0.402,18.02,False
2283,2026-09-23T22:59:54.757615,True,0.680,0.495,17.02,False
2284,2026-09-23T22:59:54.789660,True,0.680,0.591,18.52,False
2285,2026-09-23T22:59:54.835365,True,0.680,0.688,17.06,False
2286,2026-09-23T22:59:54.864904,True,0.680,0.684,18.52,False
2287,2026-09-23T22:59:54.901512,True,0.656,0.675,18.09,False
2288,2026-09-23T22:59:54.940632,True,0.656,0.670,17.08,False
2289,2026-09-23T22:59:54.974722,True,0.656,0.666,17.08,False
2290,2026-09-23T22:59:55.007758,True,0.656,0.661,18.03,False
2291,2026-09-23T22:59:55.051314,True,0.613,0.648,17.02,False
2292,2026-09-23T22:59:55.081861,True,0.613,0.639,18.02,False
2293,2026-09-23T22:59:55.111659,True,0.637,0.635,17.15,False
2294,2026-09-23T22:59:55.144746,True,0.637,0.631,17.52,False
2295,2026-09-23T22:59:55.176506,True,0.656,0.631,17.74,False
2296,2026-09-23T22:59:55.208189,True,0.656,0.640,17.53,False
2297,2026-09-23T22:59:55.239624,True,0.699,0.657,17.27,False
2298,2026-09-23T22:59:55.272164,True,0.699,0.670,16.52,False
2299,2026-09-23T22:59:55.315179,True,0.719,0.686,17.60,False
2300,2026-09-23T22:59:55.345735,True,0.719,0.698,17.53,False
2301,2026-09-23T22:59:55.379211,True,0.680,0.703,18.52,False
2302,2026-09-23T22:59:55.409350,True,0.680,0.699,17.12,False
2303,2026-09-23T22:59:55.441378,True,0.699,0.699,18.02,False
2304,2026-09-23T22:59:55.471922,True,0.699,0.695,17.51,False
2305,2026-09-23T22:59:55.503462,True,0.570,0.666,18.02,False
2306,2026-09-23T22:59:55.532585,True,0.570,0.644,17.55,False
2307,2026-09-23T22:59:55.576313,True,0.406,0.589,18.02,False
2308,2026-09-23T22:59:55.611555,True,0.406,0.530,18.23,False
2309,2026-09-23T22:59:55.641586,True,0.320,0.455,18.02,False
2310,2026-09-23T22:59:55.675639,True,0.320,0.405,18.03,False
2311,2026-09-23T22:59:55.718033,True,0.387,0.368,17.53,False
2312,2026-09-23T22:59:55.751033,True,0.387,0.364,17.43,False
2313,2026-09-23T22:59:55.780571,True,0.406,0.364,18.03,False
2314,2026-09-23T22:59:55.811207,True,0.406,0.381,17.57,False
2315,2026-09-23T22:59:55.841428,True,0.230,0.363,17.01,False
2316,2026-09-23T22:59:55.873751,True,0.230,0.332,18.52,False
2317,2026-09-23T22:59:55.908065,True,0.500,0.355,17.85,False
2318,2026-09-23T22:59:55.950129,True,0.500,0.373,18.02,False
2319,2026-09-23T22:59:55.980654,True,0.281,0.348,18.02,False
2320,2026-09-23T22:59:56.010618,True,0.281,0.359,17.14,False
2321,2026-09-23T22:59:56.041646,True,0.613,0.435,18.01,False
2322,2026-09-23T22:59:56.076638,True,0.613,0.458,20.08,False
2323,2026-09-23T22:59:56.105229,True,0.613,0.480,16.95,False
2324,2026-09-23T22:59:56.136397,True,0.613,0.547,18.04,False
2325,2026-09-23T22:59:56.166048,True,0.613,0.613,17.51,False
2326,2026-09-23T22:59:56.197572,True,0.613,0.613,18.02,False
2327,2026-09-23T22:59:56.228297,True,0.680,0.627,17.53,False
2328,2026-09-23T22:59:56.256370,True,0.680,0.640,17.06,False
2329,2026-09-23T22:59:56.308429,True,0.594,0.636,18.03,False
2330,2026-09-23T22:59:56.350972,True,0.594,0.632,17.52,False
2331,2026-09-23T22:59:56.382004,True,0.656,0.641,17.02,False
2332,2026-09-23T22:59:56.414241,True,0.656,0.636,17.69,False
2333,2026-09-23T22:59:56.444362,True,0.637,0.627,17.07,False
2334,2026-09-23T22:59:56.475393,True,0.637,0.636,18.02,False
2335,2026-09-23T22:59:56.507743,True,0.680,0.653,18.34,False
2336,2026-09-23T22:59:56.539357,True,0.680,0.658,18.07,False
2337,2026-09-23T22:59:56.575391,True,0.699,0.666,18.01,False
2338,2026-09-23T22:59:56.614096,True,0.699,0.679,17.62,False
2339,2026-09-23T22:59:56.648152,True,0.637,0.679,18.54,False
2340,2026-09-23T22:59:56.677504,True,0.637,0.670,17.53,False
2341,2026-09-23T22:59:56.708680,True,0.680,0.670,17.16,False
2342,2026-09-23T22:59:56.739478,True,0.680,0.666,18.03,False
2343,2026-09-23T22:59:56.773553,True,0.680,0.662,18.02,False
2344,2026-09-23T22:59:56.814862,True,0.637,0.662,17.53,False
2345,2026-09-23T22:59:56.846574,True,0.613,0.658,17.20,False
2346,2026-09-23T22:59:56.877611,True,0.613,0.645,18.02,False
2347,2026-09-23T22:59:56.908824,True,0.680,0.645,17.54,False
2348,2026-09-23T22:59:56.940360,True,0.680,0.645,18.52,False
2349,2026-09-23T22:59:56.970952,True,0.613,0.640,17.58,False
2350,2026-09-23T22:59:57.002501,True,0.613,0.640,17.01,False
2351,2026-09-23T22:59:57.043578,True,0.699,0.657,17.01,False
2352,2026-09-23T22:59:57.079629,True,0.699,0.661,17.03,False
2353,2026-09-23T22:59:57.110870,True,0.680,0.661,17.69,False
2354,2026-09-23T22:59:57.142411,True,0.680,0.674,17.01,False
2355,2026-09-23T22:59:57.174641,True,0.680,0.688,17.03,False
2356,2026-09-23T22:59:57.204183,True,0.613,0.670,17.53,False
2357,2026-09-23T22:59:57.235444,True,0.281,0.587,17.14,False
2358,2026-09-23T22:59:57.266982,True,0.281,0.507,17.53,False
2359,2026-09-23T22:59:57.298643,True,0.262,0.423,17.08,False
2359,2026-09-23T22:59:57.298643,True,0.246,0.337,17.08,False
2360,2026-09-23T22:59:57.329688,True,0.262,0.266,18.03,False
2360,2026-09-23T22:59:57.329688,True,0.246,0.259,18.03,False
2361,2026-09-23T22:59:57.380582,True,0.363,0.276,18.02,False
2362,2026-09-23T22:59:57.423374,True,0.363,0.296,17.02,False
2363,2026-09-23T22:59:57.457396,True,0.184,0.284,18.01,False
2364,2026-09-23T22:59:57.498538,True,0.184,0.268,17.63,False
2365,2026-09-23T22:59:57.530582,True,0.184,0.255,18.02,False
2366,2026-09-23T22:59:57.561455,True,0.168,0.216,17.02,False
2367,2026-09-23T22:59:57.593664,True,0.168,0.177,18.19,False
2368,2026-09-23T22:59:57.625268,True,0.262,0.193,18.08,False
2369,2026-09-23T22:59:57.657339,True,0.523,0.261,17.06,False
2370,2026-09-23T22:59:57.688374,True,0.523,0.329,17.53,False
2371,2026-09-23T22:59:57.716898,True,0.637,0.423,17.52,False
2371,2026-09-23T22:59:57.717897,True,0.246,0.438,17.52,False
2372,2026-09-23T22:59:57.747429,True,0.637,0.513,18.02,False
2372,2026-09-23T22:59:57.747429,True,0.246,0.458,18.02,False
2373,2026-09-23T22:59:57.779487,True,0.738,0.501,17.03,False
2373,2026-09-23T22:59:57.779487,True,0.262,0.426,17.03,False
2374,2026-09-23T22:59:57.810459,True,0.738,0.524,18.02,False
2374,2026-09-23T22:59:57.810459,True,0.262,0.449,18.02,False
2375,2026-09-23T22:59:57.843500,True,0.680,0.536,18.02,False
2375,2026-09-23T22:59:57.843500,True,0.184,0.425,18.02,False
2376,2026-09-23T22:59:57.873540,True,0.680,0.509,18.03,False
2376,2026-09-23T22:59:57.873540,True,0.184,0.398,18.03,False
2377,2026-09-23T22:59:57.903726,True,0.680,0.481,18.17,False
2377,2026-09-23T22:59:57.903726,True,0.184,0.382,18.17,False
2378,2026-09-23T22:59:57.947315,True,0.719,0.489,17.86,False
2378,2026-09-23T22:59:57.947315,True,0.246,0.402,17.86,False
2379,2026-09-23T22:59:57.976359,True,0.719,0.509,17.01,False
2379,2026-09-23T22:59:57.976359,True,0.246,0.423,17.01,False
2380,2026-09-23T22:59:58.007450,True,0.738,0.534,18.08,False
2380,2026-09-23T22:59:58.007450,True,0.184,0.427,18.08,False
2381,2026-09-23T22:59:58.041486,True,0.738,0.525,18.02,False
2382,2026-09-23T22:59:58.073440,True,0.738,0.529,18.01,False
2383,2026-09-23T22:59:58.116167,True,0.637,0.607,17.60,False
2384,2026-09-23T22:59:58.145667,True,0.637,0.587,17.54,False
2385,2026-09-23T22:59:58.180604,True,0.594,0.669,17.42,False
2385,2026-09-23T22:59:58.180604,True,0.168,0.555,17.42,False
2386,2026-09-23T22:59:58.210641,True,0.594,0.526,17.02,False
2386,2026-09-23T22:59:58.210641,True,0.168,0.432,17.02,False
2387,2026-09-23T22:59:58.246185,True,0.594,0.423,17.52,False
2387,2026-09-23T22:59:58.246185,True,0.168,0.338,17.52,False
2388,2026-09-23T22:59:58.289441,True,0.680,0.441,17.52,False
2388,2026-09-23T22:59:58.289441,True,0.156,0.353,17.52,False
2389,2026-09-23T22:59:58.318062,True,0.680,0.455,17.53,False
2389,2026-09-23T22:59:58.318062,True,0.156,0.368,17.53,False
2390,2026-09-23T22:59:58.351143,True,0.613,0.457,17.57,False
2390,2026-09-23T22:59:58.351143,True,0.199,0.361,17.57,False
2391,2026-09-23T22:59:58.381184,True,0.613,0.452,19.54,False
2391,2026-09-23T22:59:58.381184,True,0.199,0.356,19.54,False
2392,2026-09-23T22:59:58.411218,True,0.594,0.444,17.02,False
2393,2026-09-23T22:59:58.440575,True,0.637,0.448,17.34,False
2394,2026-09-23T22:59:58.469108,True,0.637,0.536,18.02,False
2395,2026-09-23T22:59:58.515832,True,0.570,0.527,17.53,False
2396,2026-09-23T22:59:58.548370,True,0.570,0.602,17.53,False
2397,2026-09-23T22:59:58.580486,True,0.637,0.610,18.02,False
2398,2026-09-23T22:59:58.610603,True,0.637,0.610,18.05,False
2399,2026-09-23T22:59:58.640632,True,0.637,0.610,18.52,False
2400,2026-09-23T22:59:58.674534,True,0.570,0.610,18.01,False
2401,2026-09-23T22:59:58.704500,True,0.570,0.610,17.30,False
2402,2026-09-23T22:59:58.734541,True,0.637,0.610,17.52,False
2403,2026-09-23T22:59:58.765083,True,0.637,0.610,17.53,False
2404,2026-09-23T22:59:58.795611,True,0.637,0.610,18.02,False
2405,2026-09-23T22:59:58.838408,True,0.570,0.610,17.52,False
2406,2026-09-23T22:59:58.873459,True,0.570,0.610,18.02,False
2407,2026-09-23T22:59:58.916010,True,0.656,0.614,18.14,False
2408,2026-09-23T22:59:58.949308,True,0.656,0.618,17.52,False
2409,2026-09-23T22:59:58.980851,True,0.500,0.591,17.52,False
2410,2026-09-23T22:59:59.011611,True,0.500,0.577,17.09,False
2411,2026-09-23T22:59:59.043143,True,0.500,0.562,17.52,False
2412,2026-09-23T22:59:59.074637,True,0.637,0.559,18.02,False
2413,2026-09-23T22:59:59.104861,True,0.637,0.555,17.67,False
2414,2026-09-23T22:59:59.134398,True,0.656,0.586,17.52,False
2415,2026-09-23T22:59:59.170001,True,0.656,0.617,18.02,False
2416,2026-09-23T22:59:59.197535,True,0.656,0.648,18.03,False
2417,2026-09-23T22:59:59.256291,True,0.656,0.652,18.04,False
2418,2026-09-23T22:59:59.293313,True,0.656,0.656,18.01,False
2419,2026-09-23T22:59:59.321096,True,0.613,0.648,17.51,False
2420,2026-09-23T22:59:59.356194,True,0.613,0.639,17.54,False
2421,2026-09-23T22:59:59.383280,True,0.613,0.630,16.57,False
2422,2026-09-23T22:59:59.414944,True,0.523,0.604,17.65,False
2423,2026-09-23T22:59:59.444473,True,0.523,0.577,17.02,False
2424,2026-09-23T22:59:59.477520,True,0.246,0.504,18.03,False
2425,2026-09-23T22:59:59.508241,True,0.246,0.430,17.02,False
2426,2026-09-23T22:59:59.541666,True,0.477,0.403,17.01,False
2426,2026-09-23T22:59:59.541666,True,0.168,0.332,17.01,False
2427,2026-09-23T22:59:59.571806,True,0.477,0.323,17.51,False
2427,2026-09-23T22:59:59.571806,True,0.168,0.307,17.51,False
2428,2026-09-23T22:59:59.603441,True,0.262,0.310,18.12,False
2428,2026-09-23T22:59:59.603441,True,0.168,0.248,18.12,False
2429,2026-09-23T22:59:59.655552,True,0.168,0.248,17.06,False
2430,2026-09-23T22:59:59.697800,True,0.168,0.187,18.22,False
2431,2026-09-23T22:59:59.728354,True,0.211,0.195,18.02,False
2431,2026-09-23T22:59:59.728354,True,0.168,0.177,18.02,False
2432,2026-09-23T22:59:59.759405,True,0.211,0.185,18.04,False
2432,2026-09-23T22:59:59.759405,True,0.168,0.185,18.04,False
2433,2026-09-23T22:59:59.791437,True,0.211,0.194,18.02,False
2433,2026-09-23T22:59:59.791437,True,0.168,0.185,18.02,False
2434,2026-09-23T22:59:59.821806,True,0.754,0.302,18.02,False
2434,2026-09-23T22:59:59.821806,True,0.199,0.300,18.02,False
2435,2026-09-23T22:59:59.851983,True,0.754,0.417,16.66,False
2435,2026-09-23T22:59:59.851983,True,0.199,0.415,16.66,False
2436,2026-09-23T22:59:59.882022,True,0.832,0.548,18.02,False
2437,2026-09-23T22:59:59.914892,True,0.832,0.563,18.36,False
2438,2026-09-23T22:59:59.945919,True,0.816,0.687,17.52,False
2438,2026-09-23T22:59:59.945919,True,0.184,0.573,17.52,False
2439,2026-09-23T22:59:59.976465,True,0.816,0.696,18.03,False
2439,2026-09-23T22:59:59.976465,True,0.184,0.566,18.03,False
2440,2026-09-23T23:00:00.006680,True,0.844,0.569,17.17,False
2440,2026-09-23T23:00:00.006680,True,0.211,0.448,17.17,False
2441,2026-09-23T23:00:00.052149,True,0.719,0.555,16.74,False
2441,2026-09-23T23:00:00.052149,True,0.363,0.464,16.74,False
2442,2026-09-23T23:00:00.082168,True,0.719,0.571,17.01,False
2442,2026-09-23T23:00:00.082168,True,0.363,0.475,17.01,False
2443,2026-09-23T23:00:00.115091,True,0.719,0.577,17.58,False
2443,2026-09-23T23:00:00.115091,True,0.363,0.505,17.58,False
2444,2026-09-23T23:00:00.144617,False,,,17.02,False
2445,2026-09-23T23:00:00.179652,False,,,17.02,False
2446,2026-09-23T23:00:00.208241,False,,,17.04,False
2447,2026-09-23T23:00:00.240537,False,,,18.02,False
2448,2026-09-23T23:00:00.270071,True,0.387,0.510,18.02,False
2449,2026-09-23T23:00:00.299128,True,0.387,0.444,17.52,False
2450,2026-09-23T23:00:00.330940,True,0.680,0.507,17.53,False
2451,2026-09-23T23:00:00.360513,True,0.680,0.499,17.06,False
2452,2026-09-23T23:00:00.391555,True,0.613,0.549,18.01,False
2453,2026-09-23T23:00:00.452051,True,0.453,0.562,17.51,False
2454,2026-09-23T23:00:00.483598,True,0.453,0.576,17.52,False
2455,2026-09-23T23:00:00.516145,True,0.453,0.530,18.03,False
2456,2026-09-23T23:00:00.545405,True,0.344,0.463,17.75,False
2457,2026-09-23T23:00:00.575461,True,0.344,0.409,17.02,False
2458,2026-09-23T23:00:00.607413,True,0.570,0.433,17.94,False
2459,2026-09-23T23:00:00.639440,True,0.570,0.456,17.52,False
2460,2026-09-23T23:00:00.668842,True,0.613,0.488,18.01,False
2461,2026-09-23T23:00:00.700379,True,0.613,0.542,17.02,False
2462,2026-09-23T23:00:00.730929,True,0.594,0.592,17.52,False
2463,2026-09-23T23:00:00.762459,True,0.594,0.597,17.01,False
2464,2026-09-23T23:00:00.792488,True,0.680,0.619,17.01,False
2465,2026-09-23T23:00:00.823780,True,0.680,0.632,17.51,False
2466,2026-09-23T23:00:00.857556,True,0.613,0.632,20.02,False
2467,2026-09-23T23:00:00.899190,True,0.613,0.636,17.52,False
2468,2026-09-23T23:00:00.929368,True,0.523,0.622,17.02,False
2469,2026-09-23T23:00:00.960447,True,0.523,0.591,17.07,False
2470,2026-09-23T23:00:00.992483,True,0.570,0.569,17.01,False
2471,2026-09-23T23:00:01.023575,True,0.570,0.560,17.02,False
2472,2026-09-23T23:00:01.056698,True,0.680,0.573,17.52,False
2473,2026-09-23T23:00:01.084240,True,0.680,0.605,17.25,False
2474,2026-09-23T23:00:01.122044,True,0.699,0.640,16.52,False
2475,2026-09-23T23:00:01.163847,True,0.699,0.666,17.51,False
2476,2026-09-23T23:00:01.194877,True,0.699,0.691,17.52,False
2477,2026-09-23T23:00:01.226228,True,0.699,0.695,17.74,False
2478,2026-09-23T23:00:01.256537,True,0.637,0.687,18.02,False
2479,2026-09-23T23:00:01.288589,True,0.637,0.674,17.53,False
2480,2026-09-23T23:00:01.316843,True,0.680,0.670,17.54,False
2481,2026-09-23T23:00:01.348912,True,0.680,0.666,18.06,False
2482,2026-09-23T23:00:01.380942,True,0.754,0.677,17.52,False
2482,2026-09-23T23:00:01.380942,True,0.168,0.584,17.52,False
2483,2026-09-23T23:00:01.412376,True,0.754,0.607,16.87,False
2483,2026-09-23T23:00:01.412376,True,0.168,0.505,16.87,False
2484,2026-09-23T23:00:01.459635,True,0.719,0.512,17.23,False
2484,2026-09-23T23:00:01.460635,True,0.184,0.398,17.23,False
2485,2026-09-23T23:00:01.490293,True,0.719,0.509,18.15,False
2485,2026-09-23T23:00:01.490293,True,0.184,0.395,18.15,False
2486,2026-09-23T23:00:01.524368,True,0.547,0.470,18.01,False
2486,2026-09-23T23:00:01.524368,True,0.199,0.366,18.01,False
2487,2026-09-23T23:00:01.553572,True,0.547,0.439,18.19,False
2487,2026-09-23T23:00:01.553572,True,0.199,0.335,18.19,False
2488,2026-09-23T23:00:01.589616,True,0.719,0.442,18.53,False
2489,2026-09-23T23:00:01.629654,True,0.719,0.477,18.02,False
2490,2026-09-23T23:00:01.661223,True,0.719,0.580,18.04,False
2491,2026-09-23T23:00:01.691628,True,0.719,0.615,18.02,False
2492,2026-09-23T23:00:01.722172,True,0.637,0.702,17.53,False
2493,2026-09-23T23:00:01.751476,True,0.637,0.686,18.05,False
2494,2026-09-23T23:00:01.781541,True,0.453,0.633,17.53,False
2495,2026-09-23T23:00:01.813571,True,0.453,0.580,18.02,False
2496,2026-09-23T23:00:01.860248,True,0.453,0.527,17.63,False
2497,2026-09-23T23:00:01.891556,True,0.453,0.490,18.01,False
2498,2026-09-23T23:00:01.924492,True,0.453,0.453,18.05,False
2498,2026-09-23T23:00:01.924492,True,0.168,0.396,18.05,False
2499,2026-09-23T23:00:01.973365,True,0.453,0.396,18.01,False
2499,2026-09-23T23:00:01.973365,True,0.168,0.339,18.01,False
2500,2026-09-23T23:00:02.014920,True,0.477,0.344,19.52,False
2500,2026-09-23T23:00:02.014920,True,0.246,0.302,19.52,False
2500,2026-09-23T23:00:02.014920,True,0.156,0.300,19.52,False
2501,2026-09-23T23:00:02.044856,True,0.477,0.305,17.43,False
2501,2026-09-23T23:00:02.044856,True,0.246,0.320,17.43,False
2501,2026-09-23T23:00:02.044856,True,0.156,0.256,17.43,False
2502,2026-09-23T23:00:02.076445,True,0.453,0.298,18.03,False
2502,2026-09-23T23:00:02.076445,True,0.262,0.319,18.03,False
2503,2026-09-23T23:00:02.107521,True,0.453,0.314,17.06,False
2503,2026-09-23T23:00:02.107521,True,0.262,0.317,17.06,False
2504,2026-09-23T23:00:02.139552,True,0.320,0.350,17.53,False
2504,2026-09-23T23:00:02.139552,True,0.301,0.320,17.53,False
2505,2026-09-23T23:00:02.167038,True,0.320,0.331,18.03,False
2505,2026-09-23T23:00:02.167038,True,0.301,0.301,18.03,False
2506,2026-09-23T23:00:02.199277,True,0.453,0.339,17.52,False
2506,2026-09-23T23:00:02.199277,True,0.199,0.315,17.52,False
2507,2026-09-23T23:00:02.229431,True,0.453,0.345,18.03,False
2507,2026-09-23T23:00:02.229431,True,0.199,0.321,18.03,False
2508,2026-09-23T23:00:02.260466,True,0.523,0.366,18.02,False
2508,2026-09-23T23:00:02.260466,True,0.230,0.321,18.02,False
2509,2026-09-23T23:00:02.291519,True,0.523,0.386,18.02,False
2509,2026-09-23T23:00:02.291519,True,0.230,0.341,18.02,False
2510,2026-09-23T23:00:02.324656,True,0.477,0.397,18.02,False
2510,2026-09-23T23:00:02.324656,True,0.184,0.329,18.02,False
2510,2026-09-23T23:00:02.324656,True,0.168,0.316,18.02,False
2511,2026-09-23T23:00:02.369177,True,0.477,0.307,17.57,False
2511,2026-09-23T23:00:02.369177,True,0.184,0.298,17.57,False
2511,2026-09-23T23:00:02.369177,True,0.168,0.236,17.57,False
2512,2026-09-23T23:00:02.397848,True,0.547,0.309,18.57,False
2513,2026-09-23T23:00:02.431877,True,0.547,0.384,18.02,False
2514,2026-09-23T23:00:02.474630,True,0.523,0.394,18.01,False
2514,2026-09-23T23:00:02.474630,True,0.184,0.394,18.01,False
2514,2026-09-23T23:00:02.474630,True,0.168,0.394,18.01,False
2515,2026-09-23T23:00:02.503718,True,0.523,0.389,18.51,False
2515,2026-09-23T23:00:02.503718,True,0.184,0.316,18.51,False
2515,2026-09-23T23:00:02.503718,True,0.168,0.245,18.51,False
2516,2026-09-23T23:00:02.537615,True,0.570,0.323,19.97,False
2517,2026-09-23T23:00:02.575669,True,0.570,0.403,22.03,False
2518,2026-09-23T23:00:02.611450,False,,,18.20,False
2519,2026-09-23T23:00:02.642571,False,,,18.10,False
2520,2026-09-23T23:00:02.671126,True,0.184,0.335,17.53,False
2521,2026-09-23T23:00:02.703680,True,0.184,0.335,18.52,False
2522,2026-09-23T23:00:02.733210,True,0.320,0.366,18.52,False
2523,2026-09-23T23:00:02.761911,True,0.320,0.316,17.67,False
2524,2026-09-23T23:00:02.793452,False,,,18.01,False
2525,2026-09-23T23:00:02.824586,False,,,18.02,False
2526,2026-09-23T23:00:02.853539,False,,,17.94,False
2527,2026-09-23T23:00:02.884592,False,,,18.52,False
2528,2026-09-23T23:00:02.929347,False,,,18.07,False
2529,2026-09-23T23:00:02.958433,False,,,18.07,False
2530,2026-09-23T23:00:02.995878,False,,,18.42,False
2531,2026-09-23T23:00:03.037431,False,,,18.52,False
2532,2026-09-23T23:00:03.066020,False,,,18.04,False
2533,2026-09-23T23:00:03.098053,False,,,18.52,False
2534,2026-09-23T23:00:03.129679,False,,,18.53,False
2535,2026-09-23T23:00:03.163546,False,,,18.84,False
2536,2026-09-23T23:00:03.192241,False,,,18.67,False
2537,2026-09-23T23:00:03.221670,False,,,17.54,False
2538,2026-09-23T23:00:03.254198,False,,,17.52,False
2539,2026-09-23T23:00:03.284394,False,,,18.07,False
2540,2026-09-23T23:00:03.333648,False,,,19.07,False
2541,2026-09-23T23:00:03.361950,False,,,17.29,False
2542,2026-09-23T23:00:03.395576,False,,,18.09,False
2543,2026-09-23T23:00:03.422131,False,,,17.02,False
2544,2026-09-23T23:00:03.460420,False,,,18.05,False
2545,2026-09-23T23:00:03.503463,False,,,18.01,False
2546,2026-09-23T23:00:03.535533,False,,,18.52,False
2547,2026-09-23T23:00:03.566153,False,,,18.60,False
2548,2026-09-23T23:00:03.595504,False,,,17.54,False
2549,2026-09-23T23:00:03.626563,False,,,17.53,False
2550,2026-09-23T23:00:03.659304,False,,,18.07,False
2551,2026-09-23T23:00:03.691335,False,,,18.02,False
2552,2026-09-23T23:00:03.731026,False,,,17.53,False
2553,2026-09-23T23:00:03.766881,False,,,17.52,False
2554,2026-09-23T23:00:03.799415,False,,,18.52,False
2555,2026-09-23T23:00:03.830968,False,,,20.04,False
2556,2026-09-23T23:00:03.860213,False,,,17.73,False
2557,2026-09-23T23:00:03.890348,False,,,17.09,False
2558,2026-09-23T23:00:03.923599,False,,,18.55,False
2559,2026-09-23T23:00:03.951136,False,,,17.52,False
2560,2026-09-23T23:00:03.988222,False,,,18.06,False
2561,2026-09-23T23:00:04.029344,False,,,17.03,False
2562,2026-09-23T23:00:04.068794,False,,,17.56,False
2563,2026-09-23T23:00:04.107976,False,,,18.66,False
2564,2026-09-23T23:00:04.136537,False,,,17.53,False
2565,2026-09-23T23:00:04.169165,False,,,18.04,False
2566,2026-09-23T23:00:04.198700,False,,,18.03,False
2567,2026-09-23T23:00:04.230796,False,,,17.57,False
2568,2026-09-23T23:00:04.260485,False,,,17.02,False
2569,2026-09-23T23:00:04.291257,False,,,17.76,False
2570,2026-09-23T23:00:04.325611,False,,,18.55,False
2571,2026-09-23T23:00:04.369244,False,,,18.52,False
2572,2026-09-23T23:00:04.401277,False,,,18.02,False
2573,2026-09-23T23:00:04.429448,False,,,17.01,False
2574,2026-09-23T23:00:04.468000,False,,,17.52,False
2575,2026-09-23T23:00:04.510166,False,,,18.53,False
2576,2026-09-23T23:00:04.541248,False,,,18.64,False
2577,2026-09-23T23:00:04.569111,False,,,18.54,False
2578,2026-09-23T23:00:04.599688,False,,,18.03,False
2579,2026-09-23T23:00:04.630566,False,,,18.02,False
2580,2026-09-23T23:00:04.661237,False,,,17.01,False
2581,2026-09-23T23:00:04.692484,False,,,17.55,False
2582,2026-09-23T23:00:04.725217,False,,,18.01,False
2583,2026-09-23T23:00:04.757289,False,,,18.06,False
2584,2026-09-23T23:00:04.805392,False,,,18.07,False
2585,2026-09-23T23:00:04.833362,False,,,18.05,False
2586,2026-09-23T23:00:04.876422,False,,,19.02,False
2587,2026-09-23T23:00:04.905672,False,,,18.24,False
2588,2026-09-23T23:00:04.944638,False,,,18.01,False
2589,2026-09-23T23:00:04.975686,False,,,17.52,False
2590,2026-09-23T23:00:05.004336,False,,,17.04,False
2591,2026-09-23T23:00:05.036391,False,,,17.53,False
2592,2026-09-23T23:00:05.069107,False,,,18.52,False
2593,2026-09-23T23:00:05.099916,False,,,17.02,False
2594,2026-09-23T23:00:05.130457,False,,,18.53,False
2595,2026-09-23T23:00:05.161648,False,,,20.03,False
2596,2026-09-23T23:00:05.204697,False,,,17.46,False
2597,2026-09-23T23:00:05.238578,False,,,17.84,False
2598,2026-09-23T23:00:05.270122,False,,,18.03,False
2599,2026-09-23T23:00:05.298777,False,,,17.05,False
2600,2026-09-23T23:00:05.332545,False,,,18.07,False
2601,2026-09-23T23:00:05.361244,False,,,18.02,False
2602,2026-09-23T23:00:05.397264,False,,,18.08,False
2603,2026-09-23T23:00:05.436372,False,,,17.52,False
2604,2026-09-23T23:00:05.471198,False,,,20.58,False
2605,2026-09-23T23:00:05.500039,False,,,18.02,False
2606,2026-09-23T23:00:05.539635,False,,,17.57,False
2607,2026-09-23T23:00:05.577677,False,,,17.53,False
2608,2026-09-23T23:00:05.608210,False,,,17.73,False
2609,2026-09-23T23:00:05.638934,False,,,17.71,False
2610,2026-09-23T23:00:05.670038,False,,,17.52,False
2611,2026-09-23T23:00:05.701274,False,,,17.72,False
2612,2026-09-23T23:00:05.731821,False,,,18.02,False
2613,2026-09-23T23:00:05.761907,False,,,16.56,False
2614,2026-09-23T23:00:05.795450,False,,,18.02,False
2615,2026-09-23T23:00:05.824477,False,,,17.02,False
2616,2026-09-23T23:00:05.859524,False,,,17.52,False
2617,2026-09-23T23:00:05.901080,False,,,17.52,False
2618,2026-09-23T23:00:05.940087,False,,,17.54,False
2619,2026-09-23T23:00:06.004449,False,,,44.84,False
2620,2026-09-23T23:00:06.117956,False,,,57.28,False
2621,2026-09-23T23:00:06.234974,False,,,48.73,False
2622,2026-09-23T23:00:06.368983,False,,,60.69,False
2623,2026-09-23T23:00:06.503483,False,,,54.34,False
2624,2026-09-23T23:00:06.633317,False,,,60.03,False
2625,2026-09-23T23:00:06.763219,False,,,48.25,False
2626,2026-09-23T23:00:06.876380,False,,,56.54,False
2627,2026-09-23T23:00:07.016269,False,,,55.81,False
2628,2026-09-23T23:00:07.151747,False,,,51.11,False
2629,2026-09-23T23:00:07.294221,False,,,49.77,False
2630,2026-09-23T23:00:07.451904,False,,,88.62,False
2631,2026-09-23T23:00:07.571969,False,,,53.88,False
2632,2026-09-23T23:00:07.709031,False,,,67.34,False
2633,2026-09-23T23:00:07.811252,False,,,46.41,False
2634,2026-09-23T23:00:07.864987,False,,,17.60,False
2635,2026-09-23T23:00:07.893511,False,,,18.01,False
2636,2026-09-23T23:00:07.926500,False,,,18.27,False
2637,2026-09-23T23:00:07.959539,False,,,17.52,False
2638,2026-09-23T23:00:08.002092,False,,,16.51,False
2639,2026-09-23T23:00:08.036131,False,,,18.02,False
2640,2026-09-23T23:00:08.068176,False,,,17.03,False
2641,2026-09-23T23:00:08.098274,False,,,17.57,False
2642,2026-09-23T23:00:08.148426,False,,,17.61,False
2643,2026-09-23T23:00:08.191468,False,,,18.02,False
2644,2026-09-23T23:00:08.222043,False,,,18.03,False
2645,2026-09-23T23:00:08.256509,False,,,17.10,False
2646,2026-09-23T23:00:08.299163,False,,,17.53,False
2647,2026-09-23T23:00:08.329577,False,,,17.44,False
2648,2026-09-23T23:00:08.359640,False,,,17.02,False
2649,2026-09-23T23:00:08.391422,False,,,17.76,False
2650,2026-09-23T23:00:08.429532,False,,,18.09,False
2651,2026-09-23T23:00:08.469148,False,,,18.04,False
2652,2026-09-23T23:00:08.500223,False,,,17.52,False
2653,2026-09-23T23:00:08.531042,False,,,17.52,False
2654,2026-09-23T23:00:08.560443,False,,,17.02,False
2655,2026-09-23T23:00:08.595545,False,,,18.08,False
2656,2026-09-23T23:00:08.624718,False,,,18.09,False
2657,2026-09-23T23:00:08.656188,False,,,17.44,False
2658,2026-09-23T23:00:08.685441,False,,,17.22,False
2659,2026-09-23T23:00:08.716723,False,,,17.52,False
2660,2026-09-23T23:00:08.747255,False,,,18.02,False
2661,2026-09-23T23:00:08.776786,False,,,17.52,False
2662,2026-09-23T23:00:08.808392,False,,,17.07,False
2663,2026-09-23T23:00:08.840931,False,,,17.52,False
2664,2026-09-23T23:00:08.885492,False,,,17.53,False
2665,2026-09-23T23:00:08.926261,False,,,21.01,False
2666,2026-09-23T23:00:08.965810,False,,,17.02,False
2667,2026-09-23T23:00:08.997399,False,,,18.02,False
2668,2026-09-23T23:00:09.028337,False,,,17.54,False
2669,2026-09-23T23:00:09.060372,False,,,17.01,False
2670,2026-09-23T23:00:09.090406,False,,,17.02,False
2671,2026-09-23T23:00:09.123176,False,,,17.52,False
2672,2026-09-23T23:00:09.151721,False,,,16.52,False
2673,2026-09-23T23:00:09.182301,False,,,18.02,False
2674,2026-09-23T23:00:09.214047,False,,,17.52,False
2675,2026-09-23T23:00:09.245207,False,,,17.65,False
2676,2026-09-23T23:00:09.286833,False,,,18.53,False
2677,2026-09-23T23:00:09.323397,False,,,17.01,False
2678,2026-09-23T23:00:09.354581,False,,,17.66,False
2679,2026-09-23T23:00:09.390533,False,,,18.42,False
2680,2026-09-23T23:00:09.430638,False,,,17.01,False
2681,2026-09-23T23:00:09.461895,False,,,17.55,False
2682,2026-09-23T23:00:09.492434,False,,,17.01,False
2683,2026-09-23T23:00:09.525478,False,,,18.03,False
2684,2026-09-23T23:00:09.555605,False,,,18.12,False
2685,2026-09-23T23:00:09.590270,False,,,17.16,False
2686,2026-09-23T23:00:09.631946,False,,,18.02,False
2687,2026-09-23T23:00:09.664736,False,,,17.27,False
2688,2026-09-23T23:00:09.693257,False,,,18.01,False
2689,2026-09-23T23:00:09.724347,False,,,17.01,False
2690,2026-09-23T23:00:09.756516,False,,,17.07,False
2691,2026-09-23T23:00:09.788562,False,,,17.53,False
2692,2026-09-23T23:00:09.831187,False,,,18.03,False
2693,2026-09-23T23:00:09.862272,False,,,18.02,False
2694,2026-09-23T23:00:09.891853,False,,,17.01,False
2695,2026-09-23T23:00:09.923417,False,,,17.46,False
2696,2026-09-23T23:00:09.955296,False,,,17.86,False
2697,2026-09-23T23:00:09.991319,False,,,18.01,False
2698,2026-09-23T23:00:10.031881,False,,,18.02,False
2699,2026-09-23T23:00:10.064153,False,,,19.53,False
2700,2026-09-23T23:00:10.095475,False,,,17.52,False
2701,2026-09-23T23:00:10.124762,False,,,17.53,False
2702,2026-09-23T23:00:10.155643,False,,,18.05,False
2703,2026-09-23T23:00:10.190678,False,,,18.52,False
2704,2026-09-23T23:00:10.231753,False,,,18.05,False
2705,2026-09-23T23:00:10.265119,False,,,17.85,False
2706,2026-09-23T23:00:10.294647,False,,,17.02,False
2707,2026-09-23T23:00:10.325452,False,,,17.03,False
2708,2026-09-23T23:00:10.356529,False,,,18.02,False
2709,2026-09-23T23:00:10.388564,True,0.262,0.254,17.53,False
2710,2026-09-23T23:00:10.420106,False,,,18.02,False
2711,2026-09-23T23:00:10.447419,False,,,17.81,False
2712,2026-09-23T23:00:10.478666,False,,,17.53,False
2713,2026-09-23T23:00:10.510235,False,,,17.04,False
2714,2026-09-23T23:00:10.541966,False,,,17.52,False
2715,2026-09-23T23:00:10.573521,True,0.184,0.254,18.04,False
2715,2026-09-23T23:00:10.573521,True,0.184,0.254,18.04,False
2716,2026-09-23T23:00:10.605558,True,0.184,0.227,18.02,False
2716,2026-09-23T23:00:10.605558,True,0.184,0.199,18.02,False
2717,2026-09-23T23:00:10.648865,True,0.246,0.196,17.10,False
2717,2026-09-23T23:00:10.648865,True,0.199,0.199,17.10,False
2717,2026-09-23T23:00:10.648865,True,0.156,0.194,17.10,False
2718,2026-09-23T23:00:10.679386,True,0.246,0.206,17.01,False
2718,2026-09-23T23:00:10.679386,True,0.199,0.209,17.01,False
2718,2026-09-23T23:00:10.679386,True,0.156,0.191,17.01,False
2719,2026-09-23T23:00:10.710499,True,0.344,0.220,17.10,False
2719,2026-09-23T23:00:10.710499,True,0.246,0.238,17.10,False
2719,2026-09-23T23:00:10.710499,True,0.199,0.229,17.10,False
2720,2026-09-23T23:00:10.743550,True,0.344,0.258,17.93,False
2720,2026-09-23T23:00:10.743550,True,0.246,0.276,17.93,False
2720,2026-09-23T23:00:10.743550,True,0.199,0.247,17.93,False
2721,2026-09-23T23:00:10.774319,True,0.281,0.254,17.02,False
2721,2026-09-23T23:00:10.774319,True,0.281,0.270,17.02,False
2721,2026-09-23T23:00:10.774319,True,0.199,0.241,17.02,False
2721,2026-09-23T23:00:10.774319,True,0.168,0.226,17.02,False
2722,2026-09-23T23:00:10.818877,True,0.301,0.246,17.02,False
2722,2026-09-23T23:00:10.818877,True,0.199,0.230,17.02,False
2723,2026-09-23T23:00:10.854575,True,0.301,0.234,17.18,False
2723,2026-09-23T23:00:10.854575,True,0.199,0.234,17.18,False
2724,2026-09-23T23:00:10.885601,True,0.301,0.260,17.52,False
2724,2026-09-23T23:00:10.885601,True,0.199,0.240,17.52,False
2725,2026-09-23T23:00:10.912258,True,0.301,0.260,17.65,False
2725,2026-09-23T23:00:10.912258,True,0.246,0.249,17.65,False
2725,2026-09-23T23:00:10.912258,True,0.199,0.249,17.65,False
2726,2026-09-23T23:00:10.945404,True,0.301,0.249,16.55,False
2726,2026-09-23T23:00:10.946405,True,0.246,0.259,16.55,False
2726,2026-09-23T23:00:10.946405,True,0.199,0.238,16.55,False
2727,2026-09-23T23:00:10.974432,True,0.430,0.275,17.02,False
2727,2026-09-23T23:00:10.974432,True,0.281,0.291,17.02,False
2727,2026-09-23T23:00:10.974432,True,0.246,0.280,17.02,False
2727,2026-09-23T23:00:10.974432,True,0.230,0.277,17.02,False
2728,2026-09-23T23:00:11.007476,True,0.430,0.323,18.02,False
2728,2026-09-23T23:00:11.007476,True,0.281,0.294,18.02,False
2728,2026-09-23T23:00:11.007476,True,0.246,0.287,18.02,False
2728,2026-09-23T23:00:11.007476,True,0.230,0.284,18.02,False
2729,2026-09-23T23:00:11.038513,True,0.301,0.298,17.53,False
2729,2026-09-23T23:00:11.038513,True,0.246,0.261,17.53,False
2729,2026-09-23T23:00:11.038513,True,0.199,0.245,17.53,False
2729,2026-09-23T23:00:11.038513,True,0.168,0.229,17.53,False
2730,2026-09-23T23:00:11.072130,True,0.301,0.243,16.52,False
2730,2026-09-23T23:00:11.072130,True,0.246,0.232,16.52,False
2730,2026-09-23T23:00:11.072130,True,0.199,0.223,16.52,False
2730,2026-09-23T23:00:11.072130,True,0.168,0.216,16.52,False
2731,2026-09-23T23:00:11.114686,True,0.281,0.239,17.52,False
2731,2026-09-23T23:00:11.114686,True,0.246,0.228,17.52,False
2731,2026-09-23T23:00:11.114686,True,0.199,0.219,17.52,False
2732,2026-09-23T23:00:11.144220,True,0.281,0.235,17.02,False
2732,2026-09-23T23:00:11.144220,True,0.246,0.251,17.02,False
2732,2026-09-23T23:00:11.144220,True,0.199,0.234,17.02,False
2733,2026-09-23T23:00:11.176535,True,0.301,0.245,17.30,False
2733,2026-09-23T23:00:11.176535,True,0.301,0.266,17.30,False
2733,2026-09-23T23:00:11.176535,True,0.246,0.259,17.30,False
2734,2026-09-23T23:00:11.206627,True,0.301,0.270,17.08,False
2734,2026-09-23T23:00:11.206627,True,0.301,0.290,17.08,False
2734,2026-09-23T23:00:11.206627,True,0.246,0.279,17.08,False
2735,2026-09-23T23:00:11.238839,True,0.301,0.279,17.20,False
2735,2026-09-23T23:00:11.238839,True,0.262,0.282,17.20,False
2735,2026-09-23T23:00:11.238839,True,0.211,0.264,17.20,False
2736,2026-09-23T23:00:11.268702,True,0.301,0.264,17.53,False
2736,2026-09-23T23:00:11.268702,True,0.262,0.267,17.53,False
2736,2026-09-23T23:00:11.268702,True,0.211,0.249,17.53,False
2737,2026-09-23T23:00:11.300240,True,0.281,0.253,17.02,False
2737,2026-09-23T23:00:11.300240,True,0.246,0.260,17.02,False
2737,2026-09-23T23:00:11.300240,True,0.168,0.234,17.02,False
2737,2026-09-23T23:00:11.300240,True,0.156,0.212,17.02,False
2738,2026-09-23T23:00:11.332307,True,0.281,0.227,18.02,False
2738,2026-09-23T23:00:11.332307,True,0.246,0.220,18.02,False
2738,2026-09-23T23:00:11.332307,True,0.168,0.204,18.02,False
2738,2026-09-23T23:00:11.332307,True,0.156,0.202,18.02,False
2739,2026-09-23T23:00:11.361923,True,0.363,0.243,16.54,False
2739,2026-09-23T23:00:11.361923,True,0.262,0.239,16.54,False
2739,2026-09-23T23:00:11.361923,True,0.262,0.242,16.54,False
2740,2026-09-23T23:00:11.392462,True,0.363,0.281,17.01,False
2740,2026-09-23T23:00:11.392462,True,0.262,0.302,17.01,False
2740,2026-09-23T23:00:11.392462,True,0.262,0.282,17.01,False
2741,2026-09-23T23:00:11.424616,True,0.262,0.282,17.02,False
2741,2026-09-23T23:00:11.424616,True,0.262,0.282,17.02,False
2741,2026-09-23T23:00:11.424616,True,0.262,0.262,17.02,False
2742,2026-09-23T23:00:11.454650,True,0.262,0.262,17.02,False
2742,2026-09-23T23:00:11.454650,True,0.262,0.262,17.02,False
2742,2026-09-23T23:00:11.454650,True,0.262,0.262,17.02,False
2743,2026-09-23T23:00:11.490695,True,0.301,0.270,17.02,False
2743,2026-09-23T23:00:11.490695,True,0.281,0.273,17.02,False
2743,2026-09-23T23:00:11.490695,True,0.230,0.267,17.02,False
2743,2026-09-23T23:00:11.490695,True,0.168,0.248,17.02,False
2744,2026-09-23T23:00:11.529722,True,0.301,0.256,16.51,False
2744,2026-09-23T23:00:11.529722,True,0.281,0.252,16.51,False
2744,2026-09-23T23:00:11.529722,True,0.230,0.242,16.51,False
2744,2026-09-23T23:00:11.530722,True,0.168,0.230,16.51,False
2745,2026-09-23T23:00:11.560271,True,0.246,0.245,17.01,False
2745,2026-09-23T23:00:11.560271,True,0.211,0.227,17.01,False
2745,2026-09-23T23:00:11.560271,True,0.199,0.211,17.01,False
2745,2026-09-23T23:00:11.560271,True,0.184,0.202,17.01,False
2746,2026-09-23T23:00:11.591329,True,0.246,0.217,17.01,False
2746,2026-09-23T23:00:11.592329,True,0.211,0.210,17.01,False
2746,2026-09-23T23:00:11.592329,True,0.199,0.208,17.01,False
2746,2026-09-23T23:00:11.592329,True,0.184,0.205,17.01,False
2747,2026-09-23T23:00:11.621881,True,0.262,0.220,16.51,False
2747,2026-09-23T23:00:11.621881,True,0.211,0.213,16.51,False
2747,2026-09-23T23:00:11.621881,True,0.199,0.211,16.51,False
2748,2026-09-23T23:00:11.655655,True,0.262,0.223,17.24,False
2748,2026-09-23T23:00:11.655655,True,0.211,0.229,17.24,False
2748,2026-09-23T23:00:11.655655,True,0.199,0.216,17.24,False
2749,2026-09-23T23:00:11.684327,True,0.230,0.220,17.15,False
2749,2026-09-23T23:00:11.684327,True,0.199,0.220,17.15,False
2749,2026-09-23T23:00:11.684327,True,0.156,0.199,17.15,False
2750,2026-09-23T23:00:11.714867,True,0.230,0.203,17.01,False
2750,2026-09-23T23:00:11.714867,True,0.199,0.203,17.01,False
2750,2026-09-23T23:00:11.714867,True,0.156,0.188,17.01,False
2751,2026-09-23T23:00:11.747400,True,0.387,0.226,16.52,False
2751,2026-09-23T23:00:11.748404,True,0.281,0.251,16.52,False
2751,2026-09-23T23:00:11.748404,True,0.230,0.251,16.52,False
2752,2026-09-23T23:00:11.775443,True,0.387,0.288,17.03,False
2752,2026-09-23T23:00:11.775443,True,0.281,0.313,17.03,False
2752,2026-09-23T23:00:11.775443,True,0.230,0.282,17.03,False
2753,2026-09-23T23:00:11.827232,True,0.363,0.298,17.02,False
2753,2026-09-23T23:00:11.827232,True,0.344,0.321,17.02,False
2753,2026-09-23T23:00:11.827232,True,0.320,0.308,17.02,False
2754,2026-09-23T23:00:11.856337,True,0.363,0.324,17.09,False
2754,2026-09-23T23:00:11.856337,True,0.344,0.347,17.09,False
2754,2026-09-23T23:00:11.856337,True,0.320,0.338,17.09,False
2755,2026-09-23T23:00:11.892370,True,0.262,0.322,17.01,False
2755,2026-09-23T23:00:11.892370,True,0.262,0.310,17.01,False
2755,2026-09-23T23:00:11.892370,True,0.211,0.280,17.01,False
2756,2026-09-23T23:00:11.933415,True,0.262,0.263,17.52,False
2756,2026-09-23T23:00:11.933415,True,0.262,0.252,17.52,False
2756,2026-09-23T23:00:11.933415,True,0.211,0.241,17.52,False
2757,2026-09-23T23:00:11.981840,True,0.344,0.258,17.01,False
2757,2026-09-23T23:00:11.981840,True,0.320,0.280,17.01,False
2757,2026-09-23T23:00:11.981840,True,0.301,0.287,17.01,False
2757,2026-09-23T23:00:11.981840,True,0.211,0.277,17.01,False
2758,2026-09-23T23:00:12.012638,True,0.344,0.304,17.26,False
2758,2026-09-23T23:00:12.012638,True,0.320,0.299,17.26,False
2758,2026-09-23T23:00:12.012638,True,0.301,0.295,17.26,False
2758,2026-09-23T23:00:12.012638,True,0.211,0.277,17.26,False
2759,2026-09-23T23:00:12.046429,True,0.320,0.299,16.77,False
2759,2026-09-23T23:00:12.046429,True,0.246,0.280,16.77,False
2759,2026-09-23T23:00:12.046429,True,0.211,0.258,16.77,False
2760,2026-09-23T23:00:12.074463,True,0.320,0.262,17.02,False
2760,2026-09-23T23:00:12.074463,True,0.246,0.269,17.02,False
2760,2026-09-23T23:00:12.074463,True,0.211,0.247,17.02,False
2761,2026-09-23T23:00:12.106500,True,0.262,0.250,17.02,False
2761,2026-09-23T23:00:12.106500,True,0.230,0.254,17.02,False
2761,2026-09-23T23:00:12.106500,True,0.199,0.230,17.02,False
2762,2026-09-23T23:00:12.135670,True,0.262,0.233,17.65,False
2762,2026-09-23T23:00:12.135670,True,0.230,0.237,17.65,False
2762,2026-09-23T23:00:12.135670,True,0.199,0.224,17.65,False
2763,2026-09-23T23:00:12.165924,False,,,16.74,False
2764,2026-09-23T23:00:12.195953,False,,,16.52,False
2765,2026-09-23T23:00:12.228500,True,0.199,0.218,17.03,False
2765,2026-09-23T23:00:12.228500,True,0.156,0.209,17.03,False
2766,2026-09-23T23:00:12.259582,True,0.199,0.197,17.07,False
2766,2026-09-23T23:00:12.259582,True,0.156,0.182,17.07,False
2767,2026-09-23T23:00:12.290230,True,0.199,0.182,16.63,False
2768,2026-09-23T23:00:12.322263,True,0.199,0.182,17.01,False
2769,2026-09-23T23:00:12.356429,True,0.230,0.197,17.09,False
2769,2026-09-23T23:00:12.356429,True,0.184,0.194,17.09,False
2770,2026-09-23T23:00:12.388458,True,0.230,0.209,19.52,False
2770,2026-09-23T23:00:12.388458,True,0.184,0.205,19.52,False
2771,2026-09-23T23:00:12.418986,True,0.320,0.230,17.01,False
2771,2026-09-23T23:00:12.418986,True,0.262,0.236,17.01,False
2771,2026-09-23T23:00:12.418986,True,0.230,0.245,17.01,False
2772,2026-09-23T23:00:12.446511,True,0.320,0.263,17.02,False
2772,2026-09-23T23:00:12.446511,True,0.262,0.279,17.02,False
2772,2026-09-23T23:00:12.446511,True,0.230,0.261,17.02,False
2773,2026-09-23T23:00:12.485780,True,0.199,0.248,17.52,False
2774,2026-09-23T23:00:12.524309,True,0.199,0.242,17.01,False
2775,2026-09-23T23:00:12.564914,True,0.301,0.238,17.02,False
2775,2026-09-23T23:00:12.564914,True,0.199,0.226,17.02,False
2775,2026-09-23T23:00:12.564914,True,0.199,0.220,17.02,False
2776,2026-09-23T23:00:12.601704,True,0.301,0.240,16.27,False
2776,2026-09-23T23:00:12.601704,True,0.199,0.240,16.27,False
2776,2026-09-23T23:00:12.601704,True,0.199,0.220,16.27,False
2777,2026-09-23T23:00:12.633872,True,0.262,0.232,17.51,False
2777,2026-09-23T23:00:12.633872,True,0.211,0.234,17.51,False
2777,2026-09-23T23:00:12.633872,True,0.184,0.211,17.51,False
2778,2026-09-23T23:00:12.664901,True,0.262,0.223,17.52,False
2778,2026-09-23T23:00:12.664901,True,0.211,0.226,17.52,False
2778,2026-09-23T23:00:12.664901,True,0.184,0.210,17.52,False
2779,2026-09-23T23:00:12.696596,True,0.301,0.228,17.18,False
2779,2026-09-23T23:00:12.696596,True,0.246,0.241,17.18,False
2779,2026-09-23T23:00:12.696596,True,0.156,0.220,17.18,False
2780,2026-09-23T23:00:12.726582,True,0.301,0.237,17.36,False
2780,2026-09-23T23:00:12.726582,True,0.246,0.250,17.36,False
2780,2026-09-23T23:00:12.726582,True,0.156,0.221,17.36,False
2781,2026-09-23T23:00:12.756985,True,0.184,0.209,17.39,False
2781,2026-09-23T23:00:12.756985,True,0.184,0.214,17.39,False
2781,2026-09-23T23:00:12.756985,True,0.156,0.185,17.39,False
2782,2026-09-23T23:00:12.788613,True,0.184,0.173,17.53,False
2782,2026-09-23T23:00:12.788613,True,0.184,0.178,17.53,False
2782,2026-09-23T23:00:12.788613,True,0.156,0.173,17.53,False
2783,2026-09-23T23:00:12.822167,True,0.211,0.178,16.53,False
2783,2026-09-23T23:00:12.822167,True,0.199,0.187,16.53,False
2784,2026-09-23T23:00:12.866120,True,0.211,0.192,17.52,False
2784,2026-09-23T23:00:12.866120,True,0.199,0.195,17.52,False
2785,2026-09-23T23:00:12.894644,True,0.230,0.210,17.01,False
2785,2026-09-23T23:00:12.894644,True,0.211,0.210,17.01,False
2785,2026-09-23T23:00:12.894644,True,0.184,0.207,17.01,False
2786,2026-09-23T23:00:12.926671,True,0.230,0.211,17.02,False
2786,2026-09-23T23:00:12.926671,True,0.211,0.213,17.02,False
2786,2026-09-23T23:00:12.926671,True,0.184,0.204,17.02,False
2787,2026-09-23T23:00:12.972469,True,0.262,0.214,17.27,False
2787,2026-09-23T23:00:12.972469,True,0.211,0.220,17.27,False
2787,2026-09-23T23:00:12.972469,True,0.211,0.216,17.27,False
2788,2026-09-23T23:00:13.005508,True,0.262,0.226,17.02,False
2788,2026-09-23T23:00:13.005508,True,0.211,0.231,17.02,False
2788,2026-09-23T23:00:13.005508,True,0.211,0.221,17.02,False
2789,2026-09-23T23:00:13.034540,True,0.301,0.239,17.53,False
2789,2026-09-23T23:00:13.034540,True,0.262,0.249,17.53,False
2789,2026-09-23T23:00:13.034540,True,0.199,0.237,17.53,False
2790,2026-09-23T23:00:13.067350,True,0.301,0.255,17.12,False
2790,2026-09-23T23:00:13.067350,True,0.262,0.265,17.12,False
2790,2026-09-23T23:00:13.067350,True,0.199,0.245,17.12,False
2791,2026-09-23T23:00:13.096381,True,0.281,0.248,17.52,False
2792,2026-09-23T23:00:13.128411,True,0.281,0.265,19.02,False
2793,2026-09-23T23:00:13.158471,True,0.211,0.247,18.04,False
2793,2026-09-23T23:00:13.158471,True,0.168,0.228,18.04,False
2794,2026-09-23T23:00:13.191405,True,0.211,0.230,20.42,False
2794,2026-09-23T23:00:13.191405,True,0.168,0.208,20.42,False
2795,2026-09-23T23:00:13.221030,True,0.156,0.183,17.61,False
2796,2026-09-23T23:00:13.251278,True,0.156,0.172,17.75,False
2797,2026-09-23T23:00:13.283314,False,,,17.52,False
2798,2026-09-23T23:00:13.311672,False,,,17.08,False
2799,2026-09-23T23:00:13.364983,False,,,18.60,False
2800,2026-09-23T23:00:13.403296,False,,,17.80,False
2801,2026-09-23T23:00:13.436331,False,,,17.52,False
2802,2026-09-23T23:00:13.468260,False,,,17.52,False
2803,2026-09-23T23:00:13.498819,False,,,18.05,False
2804,2026-09-23T23:00:13.529345,False,,,17.02,False
2805,2026-09-23T23:00:13.561746,False,,,17.02,False
2806,2026-09-23T23:00:13.593787,False,,,18.52,False
2807,2026-09-23T23:00:13.621896,False,,,17.57,False
2808,2026-09-23T23:00:13.655624,False,,,18.21,False
2809,2026-09-23T23:00:13.699703,False,,,17.55,False
2810,2026-09-23T23:00:13.731260,False,,,18.05,False
2811,2026-09-23T23:00:13.764051,False,,,17.51,False
2812,2026-09-23T23:00:13.795583,False,,,18.02,False
2813,2026-09-23T23:00:13.828481,False,,,18.27,False
2814,2026-09-23T23:00:13.857270,False,,,18.08,False
2815,2026-09-23T23:00:13.892330,False,,,17.54,False
2816,2026-09-23T23:00:13.920255,False,,,17.84,False
2817,2026-09-23T23:00:13.957384,False,,,18.06,False
2818,2026-09-23T23:00:13.997431,False,,,18.03,False
2819,2026-09-23T23:00:14.027460,False,,,17.02,False
2820,2026-09-23T23:00:14.059590,False,,,18.12,False
2821,2026-09-23T23:00:14.099286,False,,,17.17,False
2822,2026-09-23T23:00:14.131835,False,,,17.01,False
2823,2026-09-23T23:00:14.166888,False,,,19.02,False
2824,2026-09-23T23:00:14.197203,False,,,17.81,False
2825,2026-09-23T23:00:14.228346,False,,,18.02,False
2826,2026-09-23T23:00:14.258585,False,,,18.22,False
2827,2026-09-23T23:00:14.291626,False,,,17.02,False
2828,2026-09-23T23:00:14.319388,False,,,18.15,False
2829,2026-09-23T23:00:14.356599,False,,,17.93,False
2830,2026-09-23T23:00:14.398183,False,,,18.56,False
2831,2026-09-23T23:00:14.435450,False,,,17.53,False
2832,2026-09-23T23:00:14.475686,False,,,19.02,False
2833,2026-09-23T23:00:14.505953,False,,,17.73,False
2834,2026-09-23T23:00:14.534500,False,,,17.52,False
2835,2026-09-23T23:00:14.567101,False,,,18.53,False
2836,2026-09-23T23:00:14.597160,False,,,17.55,False
2837,2026-09-23T23:00:14.629471,False,,,17.24,False
2838,2026-09-23T23:00:14.661540,False,,,18.06,False
2839,2026-09-23T23:00:14.695253,False,,,19.70,False
2840,2026-09-23T23:00:14.726798,False,,,19.53,False
2841,2026-09-23T23:00:14.770956,False,,,17.51,False
2842,2026-09-23T23:00:14.801995,False,,,18.52,False
2843,2026-09-23T23:00:14.836180,False,,,18.17,False
2844,2026-09-23T23:00:14.878357,False,,,18.02,False
2845,2026-09-23T23:00:14.909525,False,,,18.15,False
2846,2026-09-23T23:00:14.938681,False,,,19.20,False
2847,2026-09-23T23:00:14.970035,False,,,17.58,False
2848,2026-09-23T23:00:15.001076,False,,,17.52,False
2849,2026-09-23T23:00:15.031103,False,,,17.52,False
2850,2026-09-23T23:00:15.062197,False,,,17.54,False
2851,2026-09-23T23:00:15.093252,False,,,17.51,False
2852,2026-09-23T23:00:15.124852,False,,,17.58,False
2853,2026-09-23T23:00:15.172373,False,,,17.19,False
2854,2026-09-23T23:00:15.202037,False,,,18.64,False
2855,2026-09-23T23:00:15.236582,False,,,18.53,False
2856,2026-09-23T23:00:15.277367,False,,,18.01,False
2857,2026-09-23T23:00:15.307403,False,,,18.02,False
2858,2026-09-23T23:00:15.339438,False,,,17.53,False
2859,2026-09-23T23:00:15.370288,False,,,17.66,False
2860,2026-09-23T23:00:15.402594,False,,,18.07,False
2861,2026-09-23T23:00:15.431118,False,,,17.52,False
2862,2026-09-23T23:00:15.461662,False,,,17.02,False
2863,2026-09-23T23:00:15.492468,False,,,18.02,False
2864,2026-09-23T23:00:15.525613,False,,,18.94,False
2865,2026-09-23T23:00:15.570762,False,,,17.02,False
2866,2026-09-23T23:00:15.602300,False,,,17.01,False
2867,2026-09-23T23:00:15.636351,False,,,17.52,False
2868,2026-09-23T23:00:15.678434,False,,,17.24,False
2869,2026-09-23T23:00:15.709640,False,,,17.19,False
2870,2026-09-23T23:00:15.740476,False,,,17.33,False
2871,2026-09-23T23:00:15.770126,False,,,17.53,False
2872,2026-09-23T23:00:15.801166,False,,,17.52,False
2873,2026-09-23T23:00:15.831818,False,,,17.54,False
2874,2026-09-23T23:00:15.861522,False,,,17.02,False
2875,2026-09-23T23:00:15.908581,False,,,18.02,False
2876,2026-09-23T23:00:15.935654,False,,,17.37,False
2877,2026-09-23T23:00:15.972246,False,,,18.05,False
2878,2026-09-23T23:00:15.999457,False,,,17.20,False
2879,2026-09-23T23:00:16.035552,False,,,17.52,False
2880,2026-09-23T23:00:16.076668,False,,,17.04,False
2881,2026-09-23T23:00:16.108208,False,,,17.77,False
2882,2026-09-23T23:00:16.140321,False,,,18.07,False
2883,2026-09-23T23:00:16.172093,False,,,17.53,False
2884,2026-09-23T23:00:16.200337,False,,,18.23,False
2885,2026-09-23T23:00:16.258666,False,,,43.79,False
2886,2026-09-23T23:00:16.376584,False,,,46.05,False
2887,2026-09-23T23:00:16.485596,False,,,46.06,False
2888,2026-09-23T23:00:16.596605,True,0.156,0.170,49.98,False
2889,2026-09-23T23:00:16.729265,False,,,61.16,False
2890,2026-09-23T23:00:16.857243,False,,,51.70,False
2891,2026-09-23T23:00:16.989644,False,,,59.11,False
2892,2026-09-23T23:00:17.116917,False,,,48.58,False
2893,2026-09-23T23:00:17.263510,False,,,52.27,False
2894,2026-09-23T23:00:17.380540,False,,,48.73,False
2895,2026-09-23T23:00:17.490211,False,,,50.62,False
2896,2026-09-23T23:00:17.609202,False,,,61.05,False
2897,2026-09-23T23:00:17.738608,False,,,50.55,False
2898,2026-09-23T23:00:17.893276,False,,,79.32,False
2899,2026-09-23T23:00:18.014185,False,,,47.02,False
2900,2026-09-23T23:00:18.149017,False,,,57.96,False
2901,2026-09-23T23:00:18.289443,False,,,62.85,False
2902,2026-09-23T23:00:18.418141,False,,,50.24,False
2903,2026-09-23T23:00:18.536327,False,,,48.92,False
2904,2026-09-23T23:00:18.662650,False,,,51.14,False
2905,2026-09-23T23:00:18.783489,False,,,49.92,False
2906,2026-09-23T23:00:18.923549,False,,,60.96,False
2907,2026-09-23T23:00:19.067244,False,,,50.40,False
2908,2026-09-23T23:00:19.193351,False,,,54.71,False
2909,2026-09-23T23:00:19.323218,False,,,44.86,False
2910,2026-09-23T23:00:19.464989,False,,,63.31,False
2911,2026-09-23T23:00:19.592394,False,,,49.77,False
2912,2026-09-23T23:00:19.736353,False,,,53.52,False
2913,2026-09-23T23:00:19.870631,False,,,67.30,False
2914,2026-09-23T23:00:19.994909,False,,,51.67,False
2915,2026-09-23T23:00:20.127631,False,,,44.12,False
2916,2026-09-23T23:00:20.266949,False,,,61.74,False
2917,2026-09-23T23:00:20.400731,False,,,53.44,False
2918,2026-09-23T23:00:20.538204,False,,,53.94,False
2919,2026-09-23T23:00:20.658585,False,,,50.06,False
2920,2026-09-23T23:00:20.794279,False,,,48.88,False
2921,2026-09-23T23:00:20.935944,False,,,49.70,False
2922,2026-09-23T23:00:21.057111,False,,,45.62,False
2923,2026-09-23T23:00:21.184450,False,,,50.04,False
2924,2026-09-23T23:00:21.307387,False,,,48.93,False
2925,2026-09-23T23:00:21.438440,False,,,56.70,False
2926,2026-09-23T23:00:21.574597,False,,,68.39,False
2927,2026-09-23T23:00:21.694609,False,,,50.19,False
2928,2026-09-23T23:00:21.826308,False,,,44.41,False
2929,2026-09-23T23:00:21.944475,False,,,54.19,False
2930,2026-09-23T23:00:22.061242,False,,,48.91,False
2931,2026-09-23T23:00:22.201075,False,,,80.13,False
2932,2026-09-23T23:00:22.334021,False,,,43.63,False
2933,2026-09-23T23:00:22.489031,False,,,72.62,False
2934,2026-09-23T23:00:22.620370,False,,,52.54,False
2935,2026-09-23T23:00:22.750123,False,,,60.62,False
2936,2026-09-23T23:00:22.880626,False,,,49.83,False
2937,2026-09-23T23:00:22.998140,False,,,44.52,False
2938,2026-09-23T23:00:23.143867,False,,,49.17,False
2939,2026-09-23T23:00:23.268025,False,,,53.15,False
2940,2026-09-23T23:00:23.388382,False,,,51.35,False
2941,2026-09-23T23:00:23.498740,False,,,52.98,False
2942,2026-09-23T23:00:23.605132,False,,,53.60,False
2943,2026-09-23T23:00:23.729343,False,,,53.86,False
2944,2026-09-23T23:00:23.853244,False,,,54.77,False
2945,2026-09-23T23:00:23.970998,False,,,48.80,False
2946,2026-09-23T23:00:24.100932,False,,,52.11,False
2947,2026-09-23T23:00:24.224396,False,,,49.85,False
2948,2026-09-23T23:00:24.342123,False,,,42.84,False
2949,2026-09-23T23:00:24.470801,False,,,48.81,False
2950,2026-09-23T23:00:24.603248,False,,,43.26,False
2951,2026-09-23T23:00:24.723472,False,,,38.54,False
2952,2026-09-23T23:00:24.823593,False,,,47.05,False
2953,2026-09-23T23:00:24.919433,False,,,19.04,False
2954,2026-09-23T23:00:24.951967,False,,,18.73,False
2955,2026-09-23T23:00:24.988733,False,,,18.74,False
2956,2026-09-23T23:00:25.022015,False,,,17.51,False
2957,2026-09-23T23:00:25.048402,False,,,16.72,False
2958,2026-09-23T23:00:25.080949,False,,,16.52,False
2959,2026-09-23T23:00:25.111525,False,,,17.02,False
2960,2026-09-23T23:00:25.142378,False,,,16.83,False
2961,2026-09-23T23:00:25.172082,False,,,17.51,False
2962,2026-09-23T23:00:25.205637,False,,,17.03,False
2963,2026-09-23T23:00:25.231660,False,,,16.52,False
2964,2026-09-23T23:00:25.267910,False,,,17.02,False
2965,2026-09-23T23:00:25.310464,False,,,17.01,False
2966,2026-09-23T23:00:25.343517,False,,,17.03,False
2967,2026-09-23T23:00:25.373609,False,,,17.40,False
2968,2026-09-23T23:00:25.405312,False,,,17.06,False
2969,2026-09-23T23:00:25.441331,False,,,18.52,False
2970,2026-09-23T23:00:25.482490,False,,,17.53,False
2971,2026-09-23T23:00:25.511720,False,,,17.02,False
2972,2026-09-23T23:00:25.544311,False,,,17.05,False
2973,2026-09-23T23:00:25.682581,False,,,57.05,False
2974,2026-09-23T23:00:25.818268,False,,,51.33,False
2975,2026-09-23T23:00:25.935147,False,,,44.22,False
2976,2026-09-23T23:00:26.060684,False,,,54.53,False
2977,2026-09-23T23:00:26.178966,False,,,55.75,False
2978,2026-09-23T23:00:26.327284,False,,,80.97,False
2979,2026-09-23T23:00:26.438450,False,,,37.55,False
2980,2026-09-23T23:00:26.546611,False,,,53.99,False
2981,2026-09-23T23:00:26.683518,False,,,52.78,False
2982,2026-09-23T23:00:26.820145,False,,,51.05,False
2983,2026-09-23T23:00:26.945680,False,,,53.18,False
2984,2026-09-23T23:00:27.053393,False,,,20.02,False
2985,2026-09-23T23:00:27.081924,False,,,18.02,False
2986,2026-09-23T23:00:27.123483,False,,,18.01,False
2987,2026-09-23T23:00:27.151111,False,,,17.52,False
2988,2026-09-23T23:00:27.180660,False,,,17.03,False
2989,2026-09-23T23:00:27.211587,False,,,17.12,False
2990,2026-09-23T23:00:27.243202,False,,,17.60,False
2991,2026-09-23T23:00:27.273504,False,,,17.01,False
2992,2026-09-23T23:00:27.304541,False,,,17.02,False
2993,2026-09-23T23:00:27.338251,False,,,17.20,False
2994,2026-09-23T23:00:27.366835,False,,,16.57,False
2995,2026-09-23T23:00:27.411447,False,,,17.02,False
2996,2026-09-23T23:00:27.446561,False,,,17.08,False
2997,2026-09-23T23:00:27.476623,False,,,17.02,False
2998,2026-09-23T23:00:27.508388,False,,,17.02,False
2999,2026-09-23T23:00:27.539426,False,,,17.53,False
3000,2026-09-23T23:00:27.573462,False,,,18.02,False
3001,2026-09-23T23:00:27.605612,False,,,18.14,False
3002,2026-09-23T23:00:27.647432,False,,,17.78,False
3003,2026-09-23T23:00:27.677428,False,,,16.53,False
3004,2026-09-23T23:00:27.708968,False,,,17.53,False
3005,2026-09-23T23:00:27.741503,False,,,18.02,False
3006,2026-09-23T23:00:27.772264,False,,,18.01,False
3007,2026-09-23T23:00:27.811537,False,,,17.01,False
3008,2026-09-23T23:00:27.849188,False,,,17.53,False
3009,2026-09-23T23:00:27.878920,False,,,16.71,False
3010,2026-09-23T23:00:27.915925,False,,,17.17,False
3011,2026-09-23T23:00:27.971987,False,,,16.51,False
3012,2026-09-23T23:00:28.002538,False,,,17.02,False
3013,2026-09-23T23:00:28.033569,False,,,16.01,False
3014,2026-09-23T23:00:28.064258,False,,,17.02,False
3015,2026-09-23T23:00:28.093398,False,,,17.01,False
3016,2026-09-23T23:00:28.124582,False,,,17.03,False
3017,2026-09-23T23:00:28.156284,False,,,16.79,False
3018,2026-09-23T23:00:28.188315,False,,,16.52,False
3019,2026-09-23T23:00:28.220883,False,,,16.51,False
3020,2026-09-23T23:00:28.250416,False,,,17.02,False
3021,2026-09-23T23:00:28.280947,False,,,17.52,False
3022,2026-09-23T23:00:28.312066,False,,,17.01,False
3023,2026-09-23T23:00:28.342305,False,,,16.71,False
3024,2026-09-23T23:00:28.373515,False,,,17.02,False
3025,2026-09-23T23:00:28.406566,True,0.199,0.167,17.04,False
3026,2026-09-23T23:00:28.438600,True,0.199,0.173,16.52,False
3027,2026-09-23T23:00:28.480991,True,0.246,0.191,17.53,False
3028,2026-09-23T23:00:28.511612,True,0.246,0.209,16.52,False
3029,2026-09-23T23:00:28.548148,False,,,17.52,False
3030,2026-09-23T23:00:28.589258,False,,,17.10,False
3031,2026-09-23T23:00:28.623481,True,0.320,0.242,17.52,False
3032,2026-09-23T23:00:28.652518,True,0.320,0.266,18.01,False
3033,2026-09-23T23:00:28.681060,True,0.320,0.291,17.02,False
3034,2026-09-23T23:00:28.712647,True,0.570,0.355,18.03,False
3035,2026-09-23T23:00:28.741676,True,0.570,0.420,16.01,False
3036,2026-09-23T23:00:28.773515,True,0.699,0.496,17.07,False
3036,2026-09-23T23:00:28.773515,True,0.281,0.488,17.07,False
3036,2026-09-23T23:00:28.773515,True,0.199,0.464,17.07,False
3037,2026-09-23T23:00:28.805201,True,0.770,0.504,16.63,False
3037,2026-09-23T23:00:28.805201,True,0.246,0.439,16.63,False
3038,2026-09-23T23:00:28.834282,True,0.770,0.453,17.04,False
3038,2026-09-23T23:00:28.834282,True,0.246,0.446,17.04,False
3039,2026-09-23T23:00:28.886286,True,0.770,0.560,19.04,False
3039,2026-09-23T23:00:28.886286,True,0.230,0.452,19.04,False
3040,2026-09-23T23:00:28.926414,True,0.770,0.557,17.03,False
3040,2026-09-23T23:00:28.926414,True,0.230,0.449,17.03,False
3041,2026-09-23T23:00:28.978660,True,0.738,0.548,17.09,False
3041,2026-09-23T23:00:28.978660,True,0.477,0.489,17.09,False
3042,2026-09-23T23:00:29.017908,True,0.754,0.594,17.02,False
3042,2026-09-23T23:00:29.017908,True,0.453,0.530,17.02,False
3042,2026-09-23T23:00:29.017908,True,0.168,0.518,17.02,False
3043,2026-09-23T23:00:29.075501,True,0.789,0.528,18.01,False
3043,2026-09-23T23:00:29.075501,True,0.500,0.533,18.01,False
3043,2026-09-23T23:00:29.075501,True,0.156,0.413,18.01,False
3044,2026-09-23T23:00:29.109620,True,0.789,0.480,17.02,False
3044,2026-09-23T23:00:29.109620,True,0.500,0.547,17.02,False
3044,2026-09-23T23:00:29.109620,True,0.156,0.420,17.02,False
3045,2026-09-23T23:00:29.141661,True,0.770,0.474,18.02,False
3045,2026-09-23T23:00:29.141661,True,0.477,0.538,18.02,False
3045,2026-09-23T23:00:29.141661,True,0.168,0.414,18.02,False
3046,2026-09-23T23:00:29.205398,True,0.754,0.465,18.03,False
3046,2026-09-23T23:00:29.205398,True,0.570,0.548,18.03,False
3046,2026-09-23T23:00:29.205398,True,0.230,0.440,18.03,False
3047,2026-09-23T23:00:29.233437,True,0.754,0.495,17.53,False
3047,2026-09-23T23:00:29.233437,True,0.570,0.576,17.53,False
3047,2026-09-23T23:00:29.233437,True,0.230,0.471,17.53,False
3048,2026-09-23T23:00:29.284698,True,0.754,0.508,17.52,False
3048,2026-09-23T23:00:29.284698,True,0.453,0.552,17.52,False
3048,2026-09-23T23:00:29.284698,True,0.199,0.441,17.52,False
3049,2026-09-23T23:00:29.325770,True,0.754,0.478,17.03,False
3049,2026-09-23T23:00:29.325770,True,0.453,0.523,17.03,False
3049,2026-09-23T23:00:29.325770,True,0.199,0.412,17.03,False
3050,2026-09-23T23:00:29.356839,True,0.770,0.475,17.52,False
3050,2026-09-23T23:00:29.356839,True,0.363,0.508,17.52,False
3050,2026-09-23T23:00:29.356839,True,0.168,0.391,17.52,False
3051,2026-09-23T23:00:29.388433,True,0.770,0.454,17.53,False
3051,2026-09-23T23:00:29.389433,True,0.363,0.487,17.53,False
3051,2026-09-23T23:00:29.389433,True,0.168,0.366,17.53,False
3052,2026-09-23T23:00:29.418990,True,0.770,0.448,17.53,False
3052,2026-09-23T23:00:29.418990,True,0.363,0.487,17.53,False
3052,2026-09-23T23:00:29.418990,True,0.168,0.366,17.53,False
3053,2026-09-23T23:00:29.450665,True,0.770,0.448,17.15,False
3053,2026-09-23T23:00:29.450665,True,0.406,0.495,17.15,False
3053,2026-09-23T23:00:29.450665,True,0.199,0.381,17.15,False
3054,2026-09-23T23:00:29.481209,True,0.770,0.463,17.01,False
3054,2026-09-23T23:00:29.481209,True,0.406,0.510,17.01,False
3054,2026-09-23T23:00:29.481209,True,0.199,0.396,17.01,False
3055,2026-09-23T23:00:29.510810,True,0.770,0.469,16.53,False
3055,2026-09-23T23:00:29.510810,True,0.320,0.493,16.53,False
3055,2026-09-23T23:00:29.511810,True,0.168,0.373,16.53,False
3056,2026-09-23T23:00:29.544579,True,0.770,0.445,17.25,False
3056,2026-09-23T23:00:29.544579,True,0.320,0.470,17.25,False
3056,2026-09-23T23:00:29.544579,True,0.168,0.349,17.25,False
3057,2026-09-23T23:00:29.574621,True,0.770,0.439,17.03,False
3057,2026-09-23T23:00:29.574621,True,0.363,0.478,17.03,False
3058,2026-09-23T23:00:29.623815,True,0.789,0.482,17.57,False
3058,2026-09-23T23:00:29.623815,True,0.430,0.504,17.57,False
3058,2026-09-23T23:00:29.623815,True,0.199,0.510,17.57,False
3059,2026-09-23T23:00:29.652398,True,0.789,0.514,18.02,False
3059,2026-09-23T23:00:29.652398,True,0.430,0.527,18.02,False
3059,2026-09-23T23:00:29.652398,True,0.199,0.409,18.02,False
3060,2026-09-23T23:00:29.683437,True,0.770,0.477,17.52,False
3060,2026-09-23T23:00:29.683437,True,0.453,0.528,17.52,False
3061,2026-09-23T23:00:29.714986,True,0.770,0.524,17.01,False
3061,2026-09-23T23:00:29.714986,True,0.453,0.529,17.01,False
3062,2026-09-23T23:00:29.745687,True,0.770,0.643,16.19,False
3062,2026-09-23T23:00:29.745687,True,0.453,0.580,16.19,False
3063,2026-09-23T23:00:29.777536,True,0.770,0.643,17.32,False
3063,2026-09-23T23:00:29.777536,True,0.547,0.598,17.32,False
3064,2026-09-23T23:00:29.810409,True,0.770,0.662,17.01,False
3064,2026-09-23T23:00:29.810409,True,0.547,0.617,17.01,False
3065,2026-09-23T23:00:29.838441,True,0.754,0.677,17.52,False
3065,2026-09-23T23:00:29.838441,True,0.246,0.573,17.52,False
3066,2026-09-23T23:00:29.872055,True,0.754,0.614,17.52,False
3066,2026-09-23T23:00:29.872055,True,0.246,0.509,17.52,False
3067,2026-09-23T23:00:29.899061,True,0.770,0.554,17.29,False
3067,2026-09-23T23:00:29.899061,True,0.320,0.467,17.29,False
3067,2026-09-23T23:00:29.899061,True,0.301,0.478,17.29,False
3067,2026-09-23T23:00:29.899061,True,0.246,0.377,17.29,False
3068,2026-09-23T23:00:29.931092,True,0.770,0.481,17.02,False
3068,2026-09-23T23:00:29.931092,True,0.320,0.391,17.02,False
3068,2026-09-23T23:00:29.931092,True,0.301,0.388,17.02,False
3068,2026-09-23T23:00:29.931092,True,0.246,0.377,17.02,False
3069,2026-09-23T23:00:29.958394,True,0.738,0.475,17.15,False
3069,2026-09-23T23:00:29.958394,True,0.453,0.412,17.15,False
3069,2026-09-23T23:00:29.958394,True,0.301,0.408,17.15,False
3069,2026-09-23T23:00:29.958394,True,0.301,0.408,17.15,False
3070,2026-09-23T23:00:30.024550,True,0.754,0.509,17.02,False
3070,2026-09-23T23:00:30.024550,True,0.430,0.448,17.02,False
3070,2026-09-23T23:00:30.024550,True,0.320,0.421,17.02,False
3070,2026-09-23T23:00:30.024550,True,0.211,0.403,17.02,False
3071,2026-09-23T23:00:30.051508,True,0.754,0.494,17.79,False
3071,2026-09-23T23:00:30.051508,True,0.430,0.429,17.79,False
3071,2026-09-23T23:00:30.051508,True,0.320,0.407,17.79,False
3071,2026-09-23T23:00:30.051508,True,0.211,0.385,17.79,False
3072,2026-09-23T23:00:30.086392,True,0.754,0.494,16.52,False
3072,2026-09-23T23:00:30.086392,True,0.387,0.420,16.52,False
3072,2026-09-23T23:00:30.086392,True,0.211,0.377,16.52,False
3073,2026-09-23T23:00:30.115288,True,0.754,0.463,16.63,False
3073,2026-09-23T23:00:30.116289,True,0.387,0.498,16.63,False
3073,2026-09-23T23:00:30.116289,True,0.211,0.390,16.63,False
3074,2026-09-23T23:00:30.145841,True,0.754,0.463,16.52,False
3074,2026-09-23T23:00:30.145841,True,0.387,0.498,16.52,False
3074,2026-09-23T23:00:30.145841,True,0.211,0.390,16.52,False
3075,2026-09-23T23:00:30.177417,True,0.770,0.466,17.02,False
3075,2026-09-23T23:00:30.177417,True,0.246,0.473,17.02,False
3075,2026-09-23T23:00:30.177417,True,0.211,0.365,17.02,False
3076,2026-09-23T23:00:30.210508,True,0.770,0.441,17.08,False
3076,2026-09-23T23:00:30.210508,True,0.246,0.448,17.08,False
3076,2026-09-23T23:00:30.210508,True,0.211,0.337,17.08,False
3077,2026-09-23T23:00:30.241249,True,0.770,0.441,17.67,False
3077,2026-09-23T23:00:30.241249,True,0.320,0.463,17.67,False
3077,2026-09-23T23:00:30.241249,True,0.230,0.355,17.67,False
3078,2026-09-23T23:00:30.271857,True,0.770,0.460,17.51,False
3078,2026-09-23T23:00:30.271857,True,0.320,0.482,17.51,False
3078,2026-09-23T23:00:30.271857,True,0.230,0.374,17.51,False
3079,2026-09-23T23:00:30.313939,True,0.770,0.464,17.54,False
3079,2026-09-23T23:00:30.313939,True,0.211,0.460,17.54,False
3080,2026-09-23T23:00:30.346522,True,0.770,0.460,17.07,False
3080,2026-09-23T23:00:30.346522,True,0.211,0.438,17.07,False
3081,2026-09-23T23:00:30.376571,True,0.754,0.543,17.03,False
3081,2026-09-23T23:00:30.376571,True,0.246,0.438,17.03,False
3081,2026-09-23T23:00:30.376571,True,0.184,0.433,17.03,False
3082,2026-09-23T23:00:30.423375,True,0.754,0.430,17.01,False
3082,2026-09-23T23:00:30.423375,True,0.230,0.434,17.01,False
3082,2026-09-23T23:00:30.423375,True,0.168,0.316,17.01,False
3083,2026-09-23T23:00:30.456907,True,0.754,0.418,17.52,False
3083,2026-09-23T23:00:30.456907,True,0.230,0.427,17.52,False
3083,2026-09-23T23:00:30.456907,True,0.168,0.310,17.52,False
3084,2026-09-23T23:00:30.488456,True,0.754,0.415,17.53,False
3084,2026-09-23T23:00:30.488456,True,0.230,0.427,17.53,False
3084,2026-09-23T23:00:30.488456,True,0.168,0.310,17.53,False
3085,2026-09-23T23:00:30.523515,True,0.754,0.415,18.03,False
3085,2026-09-23T23:00:30.523515,True,0.184,0.418,18.03,False
3085,2026-09-23T23:00:30.523515,True,0.156,0.298,18.03,False
3086,2026-09-23T23:00:30.564162,True,0.754,0.403,17.03,False
3086,2026-09-23T23:00:30.564162,True,0.184,0.406,17.03,False
3086,2026-09-23T23:00:30.564162,True,0.156,0.287,17.03,False
3087,2026-09-23T23:00:30.598160,True,0.754,0.401,18.21,False
3087,2026-09-23T23:00:30.598160,True,0.211,0.412,18.21,False
3088,2026-09-23T23:00:30.626236,True,0.754,0.412,16.57,False
3088,2026-09-23T23:00:30.627236,True,0.211,0.417,16.57,False
3089,2026-09-23T23:00:30.658270,True,0.738,0.534,17.02,False
3089,2026-09-23T23:00:30.658270,True,0.184,0.420,17.02,False
3090,2026-09-23T23:00:30.689452,True,0.738,0.525,17.17,False
3090,2026-09-23T23:00:30.689452,True,0.184,0.411,17.17,False
3091,2026-09-23T23:00:30.721990,True,0.699,0.509,16.51,False
3091,2026-09-23T23:00:30.721990,True,0.246,0.410,16.51,False
3091,2026-09-23T23:00:30.721990,True,0.199,0.413,16.51,False
3092,2026-09-23T23:00:30.751075,True,0.699,0.405,17.52,False
3092,2026-09-23T23:00:30.751075,True,0.246,0.418,17.52,False
3092,2026-09-23T23:00:30.751075,True,0.199,0.318,17.52,False
3093,2026-09-23T23:00:30.781109,True,0.699,0.409,17.01,False
3093,2026-09-23T23:00:30.781109,True,0.211,0.411,17.01,False
3093,2026-09-23T23:00:30.781109,True,0.184,0.308,17.01,False
3093,2026-09-23T23:00:30.781109,True,0.156,0.290,17.01,False
3094,2026-09-23T23:00:30.823177,True,0.754,0.401,17.52,False
3094,2026-09-23T23:00:30.823177,True,0.262,0.313,17.52,False
3094,2026-09-23T23:00:30.823177,True,0.199,0.311,17.52,False
3094,2026-09-23T23:00:30.823177,True,0.184,0.311,17.52,False
3094,2026-09-23T23:00:30.823177,True,0.156,0.311,17.52,False
3095,2026-09-23T23:00:30.857491,True,0.754,0.311,17.08,False
3095,2026-09-23T23:00:30.857491,True,0.262,0.311,17.08,False
3095,2026-09-23T23:00:30.857491,True,0.199,0.311,17.08,False
3095,2026-09-23T23:00:30.857491,True,0.184,0.311,17.08,False
3095,2026-09-23T23:00:30.857491,True,0.156,0.311,17.08,False
3096,2026-09-23T23:00:30.890222,True,0.754,0.311,16.71,False
3096,2026-09-23T23:00:30.890222,True,0.262,0.311,16.71,False
3096,2026-09-23T23:00:30.890222,True,0.199,0.311,16.71,False
3096,2026-09-23T23:00:30.890222,True,0.184,0.311,16.71,False
3096,2026-09-23T23:00:30.890222,True,0.156,0.311,16.71,False
3097,2026-09-23T23:00:30.921847,True,0.719,0.304,17.53,False
3097,2026-09-23T23:00:30.921847,True,0.344,0.320,17.53,False
3097,2026-09-23T23:00:30.921847,True,0.246,0.330,17.53,False
3097,2026-09-23T23:00:30.921847,True,0.211,0.335,17.53,False
3098,2026-09-23T23:00:30.951540,True,0.719,0.448,17.12,False
3098,2026-09-23T23:00:30.951540,True,0.344,0.373,17.12,False
3098,2026-09-23T23:00:30.951540,True,0.246,0.353,17.12,False
3098,2026-09-23T23:00:30.951540,True,0.211,0.346,17.12,False
3099,2026-09-23T23:00:30.984663,True,0.719,0.448,16.59,False
3099,2026-09-23T23:00:30.984663,True,0.363,0.377,16.59,False
3099,2026-09-23T23:00:30.984663,True,0.230,0.354,16.59,False
3099,2026-09-23T23:00:30.984663,True,0.168,0.338,16.59,False
3100,2026-09-23T23:00:31.014743,True,0.719,0.440,17.56,False
3100,2026-09-23T23:00:31.014743,True,0.363,0.369,17.56,False
3100,2026-09-23T23:00:31.014743,True,0.230,0.342,17.56,False
3100,2026-09-23T23:00:31.014743,True,0.168,0.330,17.56,False
3101,2026-09-23T23:00:31.044308,True,0.738,0.444,17.05,False
3101,2026-09-23T23:00:31.044308,True,0.406,0.381,17.05,False
3101,2026-09-23T23:00:31.044308,True,0.246,0.358,17.05,False
3101,2026-09-23T23:00:31.044308,True,0.199,0.352,17.05,False
3102,2026-09-23T23:00:31.076207,True,0.738,0.466,17.83,False
3102,2026-09-23T23:00:31.076207,True,0.406,0.399,17.83,False
3102,2026-09-23T23:00:31.076207,True,0.246,0.367,17.83,False
3102,2026-09-23T23:00:31.076207,True,0.199,0.358,17.83,False
3103,2026-09-23T23:00:31.107883,True,0.770,0.472,17.41,False
3103,2026-09-23T23:00:31.107883,True,0.363,0.397,17.41,False
3103,2026-09-23T23:00:31.107883,True,0.184,0.352,17.41,False
3103,2026-09-23T23:00:31.107883,True,0.168,0.337,17.41,False
3104,2026-09-23T23:00:31.139475,True,0.770,0.451,17.53,False
3104,2026-09-23T23:00:31.139475,True,0.363,0.370,17.53,False
3104,2026-09-23T23:00:31.139475,True,0.184,0.334,17.53,False
3104,2026-09-23T23:00:31.139475,True,0.168,0.330,17.53,False
3105,2026-09-23T23:00:31.172001,True,0.770,0.451,18.51,False
3105,2026-09-23T23:00:31.172001,True,0.387,0.374,18.51,False
3105,2026-09-23T23:00:31.172001,True,0.168,0.335,18.51,False
3106,2026-09-23T23:00:31.203547,True,0.770,0.452,18.02,False
3106,2026-09-23T23:00:31.203547,True,0.387,0.496,18.02,False
3106,2026-09-23T23:00:31.203547,True,0.168,0.376,18.02,False
3107,2026-09-23T23:00:31.246349,True,0.770,0.452,16.75,False
3107,2026-09-23T23:00:31.246349,True,0.363,0.491,16.75,False
3107,2026-09-23T23:00:31.246349,True,0.156,0.369,16.75,False
3108,2026-09-23T23:00:31.275904,True,0.770,0.445,17.23,False
3108,2026-09-23T23:00:31.275904,True,0.363,0.484,17.23,False
3108,2026-09-23T23:00:31.275904,True,0.156,0.362,17.23,False
3109,2026-09-23T23:00:31.307752,True,0.801,0.449,17.02,False
3109,2026-09-23T23:00:31.307752,True,0.211,0.460,17.02,False
3110,2026-09-23T23:00:31.338952,True,0.801,0.466,17.52,False
3110,2026-09-23T23:00:31.338952,True,0.211,0.436,17.52,False
3111,2026-09-23T23:00:31.371996,True,0.789,0.562,16.52,False
3111,2026-09-23T23:00:31.371996,True,0.156,0.434,16.52,False
3112,2026-09-23T23:00:31.404881,True,0.789,0.549,17.34,False
3112,2026-09-23T23:00:31.404881,True,0.156,0.420,17.34,False
3113,2026-09-23T23:00:31.431919,True,0.789,0.536,17.01,False
3113,2026-09-23T23:00:31.431919,True,0.246,0.427,17.01,False
3113,2026-09-23T23:00:31.431919,True,0.184,0.433,17.01,False
3114,2026-09-23T23:00:31.463954,True,0.789,0.433,17.51,False
3114,2026-09-23T23:00:31.463954,True,0.246,0.451,17.51,False
3114,2026-09-23T23:00:31.463954,True,0.184,0.330,17.51,False
3115,2026-09-23T23:00:31.496048,True,0.789,0.438,16.58,False
3115,2026-09-23T23:00:31.496048,True,0.199,0.441,16.58,False
3115,2026-09-23T23:00:31.496048,True,0.199,0.323,16.58,False
3116,2026-09-23T23:00:31.525585,True,0.789,0.432,16.52,False
3116,2026-09-23T23:00:31.525585,True,0.199,0.435,16.52,False
3116,2026-09-23T23:00:31.525585,True,0.199,0.317,16.52,False
3117,2026-09-23T23:00:31.557840,True,0.770,0.431,17.19,False
3117,2026-09-23T23:00:31.557840,True,0.199,0.431,17.19,False
3117,2026-09-23T23:00:31.557840,True,0.184,0.310,17.19,False
3117,2026-09-23T23:00:31.557840,True,0.184,0.307,17.19,False
3118,2026-09-23T23:00:31.588448,True,0.770,0.421,17.53,False
3118,2026-09-23T23:00:31.588448,True,0.199,0.307,17.53,False
3118,2026-09-23T23:00:31.588448,True,0.184,0.304,17.53,False
3118,2026-09-23T23:00:31.588448,True,0.184,0.304,17.53,False
3119,2026-09-23T23:00:31.622258,True,0.754,0.418,17.05,False
3119,2026-09-23T23:00:31.622258,True,0.199,0.304,17.05,False
3120,2026-09-23T23:00:31.651847,True,0.754,0.415,16.55,False
3120,2026-09-23T23:00:31.651847,True,0.199,0.418,16.55,False
3121,2026-09-23T23:00:31.681872,True,0.754,0.532,16.01,False
3121,2026-09-23T23:00:31.681872,True,0.230,0.427,16.01,False
3121,2026-09-23T23:00:31.681872,True,0.168,0.421,16.01,False
3122,2026-09-23T23:00:31.710914,True,0.754,0.421,16.51,False
3122,2026-09-23T23:00:31.710914,True,0.230,0.427,16.51,False
3122,2026-09-23T23:00:31.710914,True,0.168,0.310,16.51,False
3123,2026-09-23T23:00:31.748007,True,0.754,0.415,17.06,False
3123,2026-09-23T23:00:31.748007,True,0.184,0.418,17.06,False
3124,2026-09-23T23:00:31.790552,True,0.754,0.418,17.02,False
3124,2026-09-23T23:00:31.790552,True,0.184,0.409,17.02,False
3125,2026-09-23T23:00:31.823284,True,0.719,0.519,16.61,False
3125,2026-09-23T23:00:31.823284,True,0.344,0.437,16.61,False
3125,2026-09-23T23:00:31.823284,True,0.320,0.464,16.61,False
3125,2026-09-23T23:00:31.823284,True,0.168,0.347,16.61,False
3126,2026-09-23T23:00:31.851964,True,0.719,0.454,16.65,False
3126,2026-09-23T23:00:31.851964,True,0.344,0.379,16.65,False
3126,2026-09-23T23:00:31.851964,True,0.320,0.374,16.65,False
3126,2026-09-23T23:00:31.851964,True,0.168,0.344,16.65,False
3127,2026-09-23T23:00:31.890304,True,0.656,0.441,16.82,False
3127,2026-09-23T23:00:31.890304,True,0.363,0.370,16.82,False
3127,2026-09-23T23:00:31.890304,True,0.211,0.344,16.82,False
3127,2026-09-23T23:00:31.890304,True,0.211,0.322,16.82,False
3128,2026-09-23T23:00:31.927507,True,0.656,0.420,17.03,False
3128,2026-09-23T23:00:31.927507,True,0.363,0.361,17.03,False
3128,2026-09-23T23:00:31.927507,True,0.211,0.330,17.03,False
3128,2026-09-23T23:00:31.927507,True,0.211,0.330,17.03,False
3129,2026-09-23T23:00:31.957552,True,0.637,0.416,16.52,False
3129,2026-09-23T23:00:31.957552,True,0.301,0.345,16.52,False
3129,2026-09-23T23:00:31.958553,True,0.281,0.328,16.52,False
3130,2026-09-23T23:00:31.990289,True,0.637,0.413,16.73,False
3130,2026-09-23T23:00:31.990289,True,0.301,0.431,16.73,False
3130,2026-09-23T23:00:31.990289,True,0.281,0.360,16.73,False
3131,2026-09-23T23:00:32.023573,True,0.656,0.431,17.02,False
3131,2026-09-23T23:00:32.023573,True,0.344,0.444,17.02,False
3131,2026-09-23T23:00:32.023573,True,0.246,0.366,17.02,False
3132,2026-09-23T23:00:32.064844,True,0.656,0.437,16.53,False
3132,2026-09-23T23:00:32.065846,True,0.344,0.449,16.53,False
3132,2026-09-23T23:00:32.065846,True,0.246,0.367,16.53,False
3133,2026-09-23T23:00:32.095871,True,0.656,0.430,16.52,False
3133,2026-09-23T23:00:32.095871,True,0.230,0.427,16.52,False
3133,2026-09-23T23:00:32.095871,True,0.211,0.338,16.52,False
3134,2026-09-23T23:00:32.127507,True,0.656,0.400,17.02,False
3134,2026-09-23T23:00:32.127507,True,0.230,0.397,17.02,False
3134,2026-09-23T23:00:32.127507,True,0.211,0.308,17.02,False
3135,2026-09-23T23:00:32.158779,True,0.719,0.405,16.59,False
3135,2026-09-23T23:00:32.158779,True,0.320,0.427,16.59,False
3135,2026-09-23T23:00:32.158779,True,0.168,0.330,16.59,False
3136,2026-09-23T23:00:32.188592,True,0.719,0.427,17.02,False
3136,2026-09-23T23:00:32.190594,True,0.320,0.449,17.02,False
3136,2026-09-23T23:00:32.190594,True,0.168,0.339,17.02,False
3137,2026-09-23T23:00:32.227657,True,0.719,0.419,17.03,False
3137,2026-09-23T23:00:32.227657,True,0.199,0.425,17.03,False
3138,2026-09-23T23:00:32.266011,True,0.719,0.425,16.56,False
3138,2026-09-23T23:00:32.266011,True,0.199,0.401,16.56,False
3139,2026-09-23T23:00:32.296067,True,0.680,0.503,16.55,False
3139,2026-09-23T23:00:32.296067,True,0.211,0.402,16.55,False
3139,2026-09-23T23:00:32.296067,True,0.168,0.395,16.55,False
3140,2026-09-23T23:00:32.326620,True,0.680,0.388,17.03,False
3140,2026-09-23T23:00:32.326620,True,0.211,0.390,17.03,False
3140,2026-09-23T23:00:32.326620,True,0.168,0.287,17.03,False
3141,2026-09-23T23:00:32.357619,True,0.719,0.389,17.46,False
3141,2026-09-23T23:00:32.357619,True,0.168,0.389,17.46,False
3142,2026-09-23T23:00:32.389510,True,0.719,0.397,17.38,False
3142,2026-09-23T23:00:32.389510,True,0.168,0.388,17.38,False
3143,2026-09-23T23:00:32.419064,True,0.699,0.495,17.53,False
3143,2026-09-23T23:00:32.419064,True,0.246,0.400,17.53,False
3143,2026-09-23T23:00:32.419064,True,0.184,0.403,17.53,False
3144,2026-09-23T23:00:32.448619,True,0.699,0.399,17.02,False
3144,2026-09-23T23:00:32.448619,True,0.246,0.415,17.02,False
3144,2026-09-23T23:00:32.448619,True,0.184,0.312,17.02,False
3145,2026-09-23T23:00:32.484421,True,0.719,0.406,17.52,False
3145,2026-09-23T23:00:32.484421,True,0.230,0.416,17.52,False
3145,2026-09-23T23:00:32.484421,True,0.168,0.309,17.52,False
3146,2026-09-23T23:00:32.526509,True,0.719,0.404,18.03,False
3146,2026-09-23T23:00:32.526509,True,0.230,0.413,18.03,False
3146,2026-09-23T23:00:32.526509,True,0.168,0.303,18.03,False
3147,2026-09-23T23:00:32.558346,True,0.699,0.397,17.71,False
3147,2026-09-23T23:00:32.558346,True,0.262,0.416,17.71,False
3147,2026-09-23T23:00:32.558346,True,0.262,0.324,17.71,False
3147,2026-09-23T23:00:32.558346,True,0.168,0.312,17.71,False
3148,2026-09-23T23:00:32.589380,True,0.699,0.418,17.52,False
3148,2026-09-23T23:00:32.589380,True,0.262,0.330,17.52,False
3148,2026-09-23T23:00:32.589380,True,0.262,0.330,17.52,False
3148,2026-09-23T23:00:32.589380,True,0.168,0.312,17.52,False
3149,2026-09-23T23:00:32.627485,True,0.754,0.429,17.03,False
3149,2026-09-23T23:00:32.627485,True,0.344,0.358,17.03,False
3149,2026-09-23T23:00:32.627485,True,0.320,0.370,17.03,False
3149,2026-09-23T23:00:32.627485,True,0.184,0.354,17.03,False
3150,2026-09-23T23:00:32.665093,True,0.754,0.471,17.55,False
3150,2026-09-23T23:00:32.665093,True,0.344,0.389,17.55,False
3150,2026-09-23T23:00:32.665093,True,0.320,0.384,17.55,False
3150,2026-09-23T23:00:32.665093,True,0.184,0.357,17.55,False
3151,2026-09-23T23:00:32.694631,True,0.754,0.471,17.02,False
3151,2026-09-23T23:00:32.694631,True,0.262,0.373,17.02,False
3151,2026-09-23T23:00:32.694631,True,0.246,0.353,17.02,False
3151,2026-09-23T23:00:32.694631,True,0.184,0.326,17.02,False
3152,2026-09-23T23:00:32.725677,True,0.754,0.440,17.02,False
3152,2026-09-23T23:00:32.725677,True,0.262,0.341,17.02,False
3152,2026-09-23T23:00:32.725677,True,0.246,0.338,17.02,False
3152,2026-09-23T23:00:32.725677,True,0.184,0.326,17.02,False
3153,2026-09-23T23:00:32.757416,True,0.770,0.443,17.18,False
3153,2026-09-23T23:00:32.757416,True,0.230,0.338,17.18,False
3153,2026-09-23T23:00:32.757416,True,0.199,0.326,17.18,False
3153,2026-09-23T23:00:32.757416,True,0.184,0.313,17.18,False
3154,2026-09-23T23:00:32.788446,True,0.770,0.430,17.52,False
3154,2026-09-23T23:00:32.788446,True,0.230,0.323,17.52,False
3154,2026-09-23T23:00:32.788446,True,0.199,0.316,17.52,False
3154,2026-09-23T23:00:32.788446,True,0.184,0.313,17.52,False
3155,2026-09-23T23:00:32.821077,True,0.770,0.430,16.52,False
3155,2026-09-23T23:00:32.822078,True,0.199,0.316,16.52,False
3156,2026-09-23T23:00:32.864121,True,0.770,0.424,17.52,False
3156,2026-09-23T23:00:32.865124,True,0.199,0.424,17.52,False
3157,2026-09-23T23:00:32.894653,True,0.770,0.541,17.02,False
3157,2026-09-23T23:00:32.894653,True,0.168,0.421,17.02,False
3157,2026-09-23T23:00:32.894653,True,0.156,0.412,17.02,False
3158,2026-09-23T23:00:32.926393,True,0.770,0.412,17.15,False
3158,2026-09-23T23:00:32.926393,True,0.168,0.406,17.15,False
3158,2026-09-23T23:00:32.926393,True,0.156,0.284,17.15,False
3159,2026-09-23T23:00:32.975441,True,0.523,0.355,17.02,False
3160,2026-09-23T23:00:33.007477,True,0.523,0.428,18.02,False
3161,2026-09-23T23:00:33.034797,True,0.344,0.343,16.80,False
3162,2026-09-23T23:00:33.068225,True,0.344,0.378,17.54,False
3163,2026-09-23T23:00:33.094870,True,0.637,0.474,16.14,False
3164,2026-09-23T23:00:33.125522,True,0.637,0.497,17.02,False
3165,2026-09-23T23:00:33.157487,True,0.547,0.502,17.41,False
3166,2026-09-23T23:00:33.188522,True,0.547,0.542,17.53,False
3167,2026-09-23T23:00:33.221829,True,0.680,0.609,16.51,False
3168,2026-09-23T23:00:33.251984,True,0.680,0.618,16.62,False
3169,2026-09-23T23:00:33.283524,True,0.211,0.533,16.01,False
3170,2026-09-23T23:00:33.311193,True,0.211,0.466,16.63,False
3171,2026-09-23T23:00:33.363479,True,0.199,0.396,17.01,False
3171,2026-09-23T23:00:33.364008,True,0.199,0.300,17.01,False
3171,2026-09-23T23:00:33.364008,True,0.184,0.201,17.01,False
3172,2026-09-23T23:00:33.404472,True,0.199,0.198,17.08,False
3172,2026-09-23T23:00:33.404472,True,0.199,0.196,17.08,False
3172,2026-09-23T23:00:33.404472,True,0.184,0.193,17.08,False
3173,2026-09-23T23:00:33.435506,True,0.500,0.253,17.53,False
3173,2026-09-23T23:00:33.435506,True,0.211,0.259,17.53,False
3173,2026-09-23T23:00:33.435506,True,0.184,0.255,17.53,False
3173,2026-09-23T23:00:33.435506,True,0.156,0.247,17.53,False
3174,2026-09-23T23:00:33.465056,True,0.500,0.310,17.04,False
3174,2026-09-23T23:00:33.466055,True,0.211,0.252,17.04,False
3174,2026-09-23T23:00:33.466055,True,0.184,0.247,17.04,False
3174,2026-09-23T23:00:33.466055,True,0.156,0.241,17.04,False
3175,2026-09-23T23:00:33.498592,True,0.199,0.250,19.03,False
3176,2026-09-23T23:00:33.526437,True,0.199,0.190,17.53,False
3177,2026-09-23T23:00:33.555970,False,,,16.52,False
3178,2026-09-23T23:00:33.588561,False,,,17.52,False
3179,2026-09-23T23:00:33.623312,True,0.199,0.188,17.01,False
3179,2026-09-23T23:00:33.623312,True,0.168,0.184,17.01,False
3180,2026-09-23T23:00:33.664121,True,0.199,0.193,17.72,False
3180,2026-09-23T23:00:33.664121,True,0.168,0.187,17.72,False
3181,2026-09-23T23:00:33.699185,True,0.184,0.184,17.52,False
3181,2026-09-23T23:00:33.699185,True,0.184,0.180,17.52,False
3181,2026-09-23T23:00:33.699185,True,0.168,0.180,17.52,False
3181,2026-09-23T23:00:33.699185,True,0.156,0.172,17.52,False
3182,2026-09-23T23:00:33.725470,True,0.184,0.175,17.26,False
3182,2026-09-23T23:00:33.725470,True,0.184,0.175,17.26,False
3182,2026-09-23T23:00:33.726471,True,0.168,0.172,17.26,False
3182,2026-09-23T23:00:33.726471,True,0.156,0.170,17.26,False
3183,2026-09-23T23:00:33.764011,False,,,16.85,False
3184,2026-09-23T23:00:33.805679,False,,,17.02,False
3185,2026-09-23T23:00:33.835432,False,,,18.23,False
3186,2026-09-23T23:00:33.863703,False,,,17.27,False
3187,2026-09-23T23:00:33.893379,True,0.387,0.216,17.02,False
3188,2026-09-23T23:00:33.924467,True,0.387,0.256,17.06,False
3189,2026-09-23T23:00:33.968185,True,0.156,0.251,17.03,False
3190,2026-09-23T23:00:34.000480,True,0.156,0.248,17.01,False
3191,2026-09-23T23:00:34.032013,False,,,17.02,False
3192,2026-09-23T23:00:34.061906,False,,,17.38,False
3193,2026-09-23T23:00:34.101452,True,0.262,0.270,18.01,False
3194,2026-09-23T23:00:34.140413,True,0.262,0.245,17.02,False
3195,2026-09-23T23:00:34.171081,True,0.320,0.231,16.59,False
3196,2026-09-23T23:00:34.204867,True,0.320,0.264,17.52,False
3197,2026-09-23T23:00:34.234405,True,0.406,0.314,17.52,False
3198,2026-09-23T23:00:34.266111,True,0.406,0.343,17.53,False
3199,2026-09-23T23:00:34.297134,True,0.594,0.409,16.51,False
3200,2026-09-23T23:00:34.327622,True,0.594,0.464,17.35,False
3201,2026-09-23T23:00:34.357680,True,0.199,0.440,17.02,False
3202,2026-09-23T23:00:34.388690,True,0.199,0.398,17.02,False
3203,2026-09-23T23:00:34.434312,True,0.387,0.395,16.52,False
3204,2026-09-23T23:00:34.466988,True,0.387,0.353,16.53,False
3205,2026-09-23T23:00:34.498533,True,0.184,0.271,16.53,False
3206,2026-09-23T23:00:34.528563,True,0.184,0.268,17.02,False
3207,2026-09-23T23:00:34.564118,True,0.246,0.277,17.51,False
3208,2026-09-23T23:00:34.590642,True,0.246,0.249,17.01,False
3209,2026-09-23T23:00:34.627745,True,0.387,0.249,17.08,False
3210,2026-09-23T23:00:34.671863,True,0.387,0.290,16.51,False
3211,2026-09-23T23:00:34.701941,True,0.281,0.309,16.51,False
3212,2026-09-23T23:00:34.730966,True,0.281,0.316,17.02,False
3213,2026-09-23T23:00:34.764029,True,0.387,0.345,16.55,False
3214,2026-09-23T23:00:34.797731,True,0.387,0.345,18.18,False
3215,2026-09-23T23:00:34.835810,True,0.430,0.353,17.52,False
3216,2026-09-23T23:00:34.874342,True,0.430,0.383,17.02,False
3217,2026-09-23T23:00:34.906418,True,0.453,0.417,17.06,False
3218,2026-09-23T23:00:34.938176,True,0.453,0.430,17.22,False
3219,2026-09-23T23:00:34.967833,True,0.570,0.467,17.53,False
3220,2026-09-23T23:00:34.997904,True,0.570,0.495,17.06,False
3221,2026-09-23T23:00:35.028433,True,0.594,0.528,17.02,False
3222,2026-09-23T23:00:35.059467,True,0.594,0.556,17.02,False
3223,2026-09-23T23:00:35.090495,True,0.613,0.588,17.02,False
3224,2026-09-23T23:00:35.122083,True,0.613,0.597,16.51,False
3225,2026-09-23T23:00:35.172223,True,0.699,0.623,17.01,False
3226,2026-09-23T23:00:35.215957,True,0.699,0.644,17.02,False
3227,2026-09-23T23:00:35.246355,True,0.637,0.652,16.89,False
3228,2026-09-23T23:00:35.276787,True,0.637,0.657,16.52,False
3229,2026-09-23T23:00:35.308379,True,0.637,0.662,17.04,False
3230,2026-09-23T23:00:35.339409,True,0.637,0.649,17.52,False
3231,2026-09-23T23:00:35.372199,True,0.477,0.605,17.52,False
3232,2026-09-23T23:00:35.400767,True,0.477,0.573,17.53,False
3233,2026-09-23T23:00:35.431463,True,0.699,0.585,17.02,False
3234,2026-09-23T23:00:35.462647,True,0.699,0.598,17.06,False
3235,2026-09-23T23:00:35.492100,True,0.523,0.575,16.01,False
3236,2026-09-23T23:00:35.524302,True,0.523,0.584,17.02,False
3237,2026-09-23T23:00:35.572168,True,0.477,0.584,17.52,False
3238,2026-09-23T23:00:35.600864,True,0.477,0.540,17.53,False
3239,2026-09-23T23:00:35.639401,True,0.570,0.514,17.52,False
3240,2026-09-23T23:00:35.677350,True,0.570,0.523,16.53,False
3241,2026-09-23T23:00:35.709395,True,0.570,0.533,17.03,False
3242,2026-09-23T23:00:35.740429,True,0.570,0.552,17.02,False
3243,2026-09-23T23:00:35.771901,True,0.594,0.575,16.51,False
3244,2026-09-23T23:00:35.801943,True,0.594,0.580,16.52,False
3245,2026-09-23T23:00:35.835484,True,0.523,0.570,17.53,False
3246,2026-09-23T23:00:35.867021,True,0.523,0.561,17.53,False
3247,2026-09-23T23:00:35.906770,True,0.547,0.556,16.57,False
3248,2026-09-23T23:00:35.943336,True,0.547,0.547,17.53,False
3249,2026-09-23T23:00:35.973740,True,0.656,0.559,17.10,False
3250,2026-09-23T23:00:36.006335,True,0.656,0.586,17.07,False
3251,2026-09-23T23:00:36.036364,True,0.547,0.591,18.52,False
3252,2026-09-23T23:00:36.069366,True,0.547,0.591,18.60,False
3253,2026-09-23T23:00:36.099072,True,0.570,0.595,17.03,False
3254,2026-09-23T23:00:36.128615,True,0.570,0.578,17.03,False
3255,2026-09-23T23:00:36.164166,True,0.613,0.570,17.02,False
3256,2026-09-23T23:00:36.190332,True,0.613,0.583,16.66,False
3257,2026-09-23T23:00:36.227659,True,0.594,0.592,17.03,False
3258,2026-09-23T23:00:36.268765,True,0.594,0.597,17.52,False
3259,2026-09-23T23:00:36.307308,True,0.656,0.614,17.02,False
3260,2026-09-23T23:00:36.344845,True,0.656,0.623,16.52,False
3261,2026-09-23T23:00:36.375393,True,0.637,0.627,17.01,False
3262,2026-09-23T23:00:36.408226,True,0.637,0.636,16.81,False
3263,2026-09-23T23:00:36.440618,True,0.680,0.653,17.02,False
3264,2026-09-23T23:00:36.472163,True,0.680,0.658,16.51,False
3265,2026-09-23T23:00:36.500045,True,0.594,0.645,17.58,False
3266,2026-09-23T23:00:36.531085,True,0.594,0.637,17.53,False
3267,2026-09-23T23:00:36.563782,True,0.570,0.623,17.18,False
3268,2026-09-23T23:00:36.592328,True,0.570,0.602,17.54,False
3269,2026-09-23T23:00:36.627522,True,0.754,0.616,17.53,False
3270,2026-09-23T23:00:36.654551,True,0.754,0.648,17.02,False
3271,2026-09-23T23:00:36.707618,True,0.477,0.625,17.03,False
3272,2026-09-23T23:00:36.744221,True,0.477,0.606,16.58,False
3273,2026-09-23T23:00:36.777341,True,0.156,0.523,17.02,False
3274,2026-09-23T23:00:36.808486,True,0.156,0.404,17.13,False
3275,2026-09-23T23:00:36.839530,False,,,17.52,False
3276,2026-09-23T23:00:36.872129,False,,,17.52,False
3277,2026-09-23T23:00:36.899663,False,,,17.52,False
3278,2026-09-23T23:00:36.930863,False,,,17.66,False
3279,2026-09-23T23:00:36.972135,True,0.230,0.299,16.51,False
3280,2026-09-23T23:00:37.006368,True,0.230,0.250,17.13,False
3281,2026-09-23T23:00:37.042413,True,0.547,0.264,17.01,False
3282,2026-09-23T23:00:37.071978,True,0.547,0.342,16.52,False
3283,2026-09-23T23:00:37.107525,True,0.594,0.430,17.03,False
3284,2026-09-23T23:00:37.148068,True,0.594,0.502,17.02,False
3285,2026-09-23T23:00:37.197126,True,0.594,0.575,17.53,False
3286,2026-09-23T23:00:37.224658,True,0.500,0.566,17.02,False
3287,2026-09-23T23:00:37.256334,True,0.211,0.498,16.73,False
3288,2026-09-23T23:00:37.290364,True,0.211,0.422,17.02,False
3289,2026-09-23T23:00:37.317238,False,,,16.52,False
3290,2026-09-23T23:00:37.348690,False,,,16.52,False
3291,2026-09-23T23:00:37.380722,False,,,17.53,False
3292,2026-09-23T23:00:37.411785,False,,,16.53,False
3293,2026-09-23T23:00:37.443829,False,,,16.52,False
3294,2026-09-23T23:00:37.473552,False,,,17.01,False
3295,2026-09-23T23:00:37.507818,True,0.547,0.412,17.24,False
3296,2026-09-23T23:00:37.541356,True,0.547,0.403,18.02,False
3297,2026-09-23T23:00:37.581917,True,0.547,0.412,17.02,False
3298,2026-09-23T23:00:37.614116,True,0.281,0.427,17.08,False
3298,2026-09-23T23:00:37.614116,True,0.262,0.437,17.08,False
3299,2026-09-23T23:00:37.644646,True,0.344,0.396,17.02,False
3299,2026-09-23T23:00:37.644646,True,0.246,0.336,17.02,False
3299,2026-09-23T23:00:37.644646,True,0.184,0.263,17.02,False
3300,2026-09-23T23:00:37.674683,True,0.344,0.276,17.02,False
3300,2026-09-23T23:00:37.674683,True,0.246,0.273,17.02,False
3300,2026-09-23T23:00:37.674683,True,0.184,0.241,17.02,False
3301,2026-09-23T23:00:37.706599,True,0.387,0.269,17.31,False
3301,2026-09-23T23:00:37.706599,True,0.199,0.272,17.31,False
3302,2026-09-23T23:00:37.739633,True,0.387,0.280,16.52,False
3302,2026-09-23T23:00:37.739633,True,0.199,0.271,16.52,False
3303,2026-09-23T23:00:37.779678,True,0.570,0.348,17.03,False
3304,2026-09-23T23:00:37.816632,True,0.570,0.385,16.87,False
3305,2026-09-23T23:00:37.844663,False,,,17.02,False
3306,2026-09-23T23:00:37.874704,False,,,17.03,False
3307,2026-09-23T23:00:37.906292,False,,,16.56,False
3308,2026-09-23T23:00:37.940354,False,,,17.03,False
3309,2026-09-23T23:00:37.971901,False,,,17.51,False
3310,2026-09-23T23:00:38.001937,False,,,16.52,False
3311,2026-09-23T23:00:38.034479,False,,,16.52,False
3312,2026-09-23T23:00:38.065810,False,,,19.31,False
3313,2026-09-23T23:00:38.102349,False,,,19.02,False
3314,2026-09-23T23:00:38.140233,False,,,17.02,False
3315,2026-09-23T23:00:38.179793,False,,,17.52,False
3316,2026-09-23T23:00:38.216901,False,,,17.03,False
3317,2026-09-23T23:00:38.247969,False,,,17.06,False
3318,2026-09-23T23:00:38.278510,False,,,17.03,False
3319,2026-09-23T23:00:38.309654,False,,,17.13,False
3320,2026-09-23T23:00:38.340194,False,,,17.02,False
3321,2026-09-23T23:00:38.370956,False,,,16.51,False
3322,2026-09-23T23:00:38.400287,False,,,17.07,False
3323,2026-09-23T23:00:38.435554,False,,,16.58,False
3324,2026-09-23T23:00:38.463959,False,,,17.40,False
3325,2026-09-23T23:00:38.515125,False,,,16.60,False
3326,2026-09-23T23:00:38.556214,False,,,18.57,False
3327,2026-09-23T23:00:38.586436,False,,,18.02,False
3328,2026-09-23T23:00:38.616087,False,,,17.53,False
3329,2026-09-23T23:00:38.647311,False,,,17.72,False
3330,2026-09-23T23:00:38.677368,False,,,17.02,False
3331,2026-09-23T23:00:38.709419,False,,,17.04,False
3332,2026-09-23T23:00:38.740456,False,,,17.02,False
3333,2026-09-23T23:00:38.773693,False,,,17.03,False
3334,2026-09-23T23:00:38.800885,False,,,17.60,False
3335,2026-09-23T23:00:38.835436,False,,,16.52,False
3336,2026-09-23T23:00:38.863965,False,,,17.51,False
3337,2026-09-23T23:00:38.915070,True,0.156,0.377,17.04,False
3338,2026-09-23T23:00:38.955643,True,0.156,0.330,17.51,False
3339,2026-09-23T23:00:38.988046,True,0.230,0.337,16.89,False
3340,2026-09-23T23:00:39.016842,True,0.230,0.269,18.06,False
3341,2026-09-23T23:00:39.047411,True,0.230,0.201,16.56,False
3342,2026-09-23T23:00:39.077392,True,0.199,0.209,16.53,False
3343,2026-09-23T23:00:39.109432,True,0.199,0.218,17.03,False
3344,2026-09-23T23:00:39.142463,False,,,17.01,False
3345,2026-09-23T23:00:39.174339,False,,,17.02,False
3346,2026-09-23T23:00:39.206483,False,,,17.13,False
3347,2026-09-23T23:00:39.251882,False,,,18.48,False
3348,2026-09-23T23:00:39.280911,False,,,17.02,False
3349,2026-09-23T23:00:39.315712,False,,,17.02,False
3350,2026-09-23T23:00:39.344286,False,,,17.07,False
3351,2026-09-23T23:00:39.374316,False,,,17.02,False
3352,2026-09-23T23:00:39.406445,False,,,17.11,False
3353,2026-09-23T23:00:39.440477,False,,,19.52,False
3354,2026-09-23T23:00:39.467948,False,,,17.02,False
3355,2026-09-23T23:00:39.499071,False,,,16.52,False
3356,2026-09-23T23:00:39.528373,True,0.301,0.232,17.53,False
3357,2026-09-23T23:00:39.559957,True,0.301,0.246,17.57,False
3358,2026-09-23T23:00:39.590335,True,0.168,0.234,16.85,False
3359,2026-09-23T23:00:39.653441,True,0.500,0.294,18.02,False
3360,2026-09-23T23:00:39.681757,True,0.500,0.354,17.80,False
3361,2026-09-23T23:00:39.714807,True,0.547,0.403,17.02,False
3362,2026-09-23T23:00:39.742324,True,0.547,0.452,17.01,False
3363,2026-09-23T23:00:39.774667,True,0.547,0.528,17.03,False
3364,2026-09-23T23:00:39.806402,True,0.500,0.528,17.71,False
3365,2026-09-23T23:00:39.835429,True,0.500,0.528,17.52,False
3366,2026-09-23T23:00:39.864981,True,0.656,0.550,17.02,False
3367,2026-09-23T23:00:39.898515,True,0.656,0.572,17.52,False
3368,2026-09-23T23:00:39.928558,True,0.637,0.590,17.02,False
3369,2026-09-23T23:00:39.960209,True,0.637,0.617,17.02,False
3370,2026-09-23T23:00:39.989538,True,0.699,0.657,17.02,False
3371,2026-09-23T23:00:40.051115,True,0.613,0.648,17.52,False
3372,2026-09-23T23:00:40.079650,True,0.613,0.640,17.03,False
3373,2026-09-23T23:00:40.110396,True,0.613,0.635,17.04,False
3374,2026-09-23T23:00:40.143420,True,0.699,0.648,18.01,False
3375,2026-09-23T23:00:40.174530,True,0.699,0.648,17.03,False
3376,2026-09-23T23:00:40.206421,True,0.570,0.639,16.88,False
3377,2026-09-23T23:00:40.236462,True,0.570,0.630,17.53,False
3378,2026-09-23T23:00:40.265991,True,0.637,0.635,17.02,False
3379,2026-09-23T23:00:40.299052,True,0.637,0.623,16.52,False
3380,2026-09-23T23:00:40.328610,True,0.500,0.583,17.03,False
3381,2026-09-23T23:00:40.360420,True,0.500,0.569,17.23,False
3382,2026-09-23T23:00:40.390450,True,0.477,0.550,17.02,False
3383,2026-09-23T23:00:40.451127,True,0.500,0.523,17.52,False
3384,2026-09-23T23:00:40.481953,True,0.500,0.495,16.81,False
3385,2026-09-23T23:00:40.515066,True,0.500,0.495,17.59,False
3386,2026-09-23T23:00:40.544590,True,0.547,0.505,17.02,False
3387,2026-09-23T23:00:40.573699,True,0.547,0.519,17.02,False
3388,2026-09-23T23:00:40.606346,True,0.570,0.533,17.07,False
3389,2026-09-23T23:00:40.640379,True,0.570,0.547,17.02,False
3390,2026-09-23T23:00:40.672633,True,0.344,0.516,17.39,False
3391,2026-09-23T23:00:40.702666,True,0.344,0.475,17.02,False
3392,2026-09-23T23:00:40.730703,False,,,17.53,False
3393,2026-09-23T23:00:40.761284,False,,,17.01,False
3394,2026-09-23T23:00:40.792316,False,,,17.01,False
3395,2026-09-23T23:00:40.821967,False,,,16.52,False
3396,2026-09-23T23:00:40.854297,False,,,16.67,False
3397,2026-09-23T23:00:40.883322,False,,,16.01,False
3398,2026-09-23T23:00:40.914972,False,,,17.12,False
3399,2026-09-23T23:00:40.943658,False,,,16.97,False
3400,2026-09-23T23:00:40.980488,True,0.637,0.493,17.02,False
3401,2026-09-23T23:00:41.022484,True,0.637,0.506,17.28,False
3402,2026-09-23T23:00:41.056676,True,0.547,0.502,16.52,False
3403,2026-09-23T23:00:41.084413,True,0.547,0.542,17.22,False
3404,2026-09-23T23:00:41.123553,True,0.523,0.578,18.03,False
3405,2026-09-23T23:00:41.159551,True,0.523,0.555,17.21,False
3406,2026-09-23T23:00:41.190587,True,0.230,0.474,17.01,False
3407,2026-09-23T23:00:41.223240,True,0.230,0.411,17.54,False
3408,2026-09-23T23:00:41.252608,True,0.523,0.406,17.30,False
3409,2026-09-23T23:00:41.281150,True,0.523,0.406,17.02,False
3410,2026-09-23T23:00:41.316698,True,0.320,0.366,16.52,False
3411,2026-09-23T23:00:41.358738,True,0.320,0.384,17.52,False
3412,2026-09-23T23:00:41.389275,False,,,17.52,False
3413,2026-09-23T23:00:41.419895,False,,,16.51,False
3414,2026-09-23T23:00:41.452426,False,,,17.01,False
3415,2026-09-23T23:00:41.481969,False,,,17.01,False
3416,2026-09-23T23:00:41.523558,True,0.387,0.415,17.02,False
3417,2026-09-23T23:00:41.563297,True,0.387,0.388,19.72,False
3418,2026-09-23T23:00:41.592326,True,0.500,0.383,17.02,False
3419,2026-09-23T23:00:41.621185,True,0.500,0.419,16.53,False
3420,2026-09-23T23:00:41.654944,True,0.613,0.477,17.51,False
3421,2026-09-23T23:00:41.684676,True,0.613,0.523,17.71,False
3422,2026-09-23T23:00:41.716748,True,0.500,0.545,17.56,False
3423,2026-09-23T23:00:41.745295,True,0.500,0.545,18.04,False
3424,2026-09-23T23:00:41.780792,True,0.613,0.568,17.54,False
3425,2026-09-23T23:00:41.823547,True,0.613,0.568,17.01,False
3426,2026-09-23T23:00:41.859530,True,0.637,0.573,17.18,False
3427,2026-09-23T23:00:41.899133,True,0.637,0.600,17.52,False
3428,2026-09-23T23:00:41.930915,True,0.184,0.537,17.53,False
3429,2026-09-23T23:00:41.971023,True,0.184,0.451,16.52,False
3430,2026-09-23T23:00:42.006512,False,,,16.97,False
3431,2026-09-23T23:00:42.039547,False,,,17.53,False
3432,2026-09-23T23:00:42.068336,False,,,17.64,False
3433,2026-09-23T23:00:42.097571,False,,,17.07,False
3434,2026-09-23T23:00:42.130886,False,,,16.69,False
3435,2026-09-23T23:00:42.161544,False,,,17.02,False
3436,2026-09-23T23:00:42.193602,False,,,18.02,False
3437,2026-09-23T23:00:42.223714,False,,,17.09,False
3438,2026-09-23T23:00:42.259445,False,,,17.15,False
3439,2026-09-23T23:00:42.301075,False,,,16.51,False
3440,2026-09-23T23:00:42.332026,False,,,17.02,False
3441,2026-09-23T23:00:42.363839,False,,,17.26,False
3442,2026-09-23T23:00:42.393867,False,,,16.52,False
3443,2026-09-23T23:00:42.425427,False,,,17.03,False
3444,2026-09-23T23:00:42.456458,False,,,17.02,False
3445,2026-09-23T23:00:42.488499,False,,,17.53,False
3446,2026-09-23T23:00:42.522187,False,,,17.52,False
3447,2026-09-23T23:00:42.550071,False,,,16.53,False
3448,2026-09-23T23:00:42.594632,False,,,17.02,False
3449,2026-09-23T23:00:42.627053,False,,,16.41,False
3450,2026-09-23T23:00:42.659584,False,,,17.02,False
3451,2026-09-23T23:00:42.688610,False,,,16.52,False
3452,2026-09-23T23:00:42.724458,False,,,17.02,False
3453,2026-09-23T23:00:42.764199,False,,,17.02,False
3454,2026-09-23T23:00:42.794647,False,,,17.03,False
3455,2026-09-23T23:00:42.826675,False,,,17.02,False
3456,2026-09-23T23:00:42.861220,False,,,16.93,False
3457,2026-09-23T23:00:42.891346,False,,,17.01,False
3458,2026-09-23T23:00:42.924482,False,,,16.58,False
3459,2026-09-23T23:00:42.969169,False,,,17.02,False
3460,2026-09-23T23:00:42.999064,False,,,17.02,False
3461,2026-09-23T23:00:43.030621,False,,,17.03,False
3462,2026-09-23T23:00:43.060367,False,,,17.06,False
3463,2026-09-23T23:00:43.090392,False,,,17.02,False
3464,2026-09-23T23:00:43.121967,False,,,17.02,False
3465,2026-09-23T23:00:43.155669,False,,,18.02,False
3466,2026-09-23T23:00:43.190364,False,,,18.17,False
3467,2026-09-23T23:00:43.229446,False,,,17.53,False
3468,2026-09-23T23:00:43.260544,True,0.301,0.388,17.08,False
3469,2026-09-23T23:00:43.291357,True,0.301,0.321,17.80,False
3470,2026-09-23T23:00:43.331006,True,0.184,0.230,17.59,False
3471,2026-09-23T23:00:43.372186,True,0.184,0.230,17.52,False
3472,2026-09-23T23:00:43.400947,True,0.262,0.246,17.57,False
3473,2026-09-23T23:00:43.431993,True,0.262,0.238,17.01,False
3474,2026-09-23T23:00:43.461570,True,0.363,0.251,17.01,False
3475,2026-09-23T23:00:43.494609,True,0.363,0.287,17.02,False
3476,2026-09-23T23:00:43.524662,True,0.168,0.284,17.53,False
3477,2026-09-23T23:00:43.556657,True,0.168,0.265,17.42,False
3478,2026-09-23T23:00:43.589613,False,,,17.44,False
3479,2026-09-23T23:00:43.618161,False,,,17.04,False
3480,2026-09-23T23:00:43.650372,True,0.430,0.298,17.02,False
3481,2026-09-23T23:00:43.680904,True,0.430,0.312,17.01,False
3482,2026-09-23T23:00:43.732004,True,0.754,0.390,18.02,False
3483,2026-09-23T23:00:43.774567,True,0.754,0.507,17.01,False
3484,2026-09-23T23:00:43.805788,True,0.754,0.624,17.19,False
3485,2026-09-23T23:00:43.834332,True,0.754,0.689,17.52,False
3486,2026-09-23T23:00:43.868062,True,0.754,0.754,19.60,False
3487,2026-09-23T23:00:43.897215,True,0.754,0.754,17.64,False
3488,2026-09-23T23:00:43.926706,True,0.719,0.747,17.53,False
3489,2026-09-23T23:00:43.959554,True,0.719,0.740,16.52,False
3490,2026-09-23T23:00:43.990660,True,0.523,0.694,17.02,False
3491,2026-09-23T23:00:44.018900,True,0.523,0.648,17.22,False
3492,2026-09-23T23:00:44.068031,True,0.477,0.592,17.53,False
3493,2026-09-23T23:00:44.110973,True,0.477,0.544,17.35,False
3494,2026-09-23T23:00:44.140518,True,0.246,0.449,17.02,False
3495,2026-09-23T23:00:44.172054,True,0.246,0.394,16.51,False
3496,2026-09-23T23:00:44.206196,True,0.320,0.353,16.53,False
3497,2026-09-23T23:00:44.235275,True,0.320,0.322,17.03,False
3498,2026-09-23T23:00:44.264832,True,0.281,0.283,17.54,False
3499,2026-09-23T23:00:44.294861,True,0.281,0.290,17.52,False
3500,2026-09-23T23:00:44.325446,True,0.547,0.350,17.02,False
3501,2026-09-23T23:00:44.356300,True,0.547,0.395,16.84,False
3502,2026-09-23T23:00:44.388333,True,0.363,0.404,17.53,False
3503,2026-09-23T23:00:44.422022,True,0.363,0.420,17.52,False
3504,2026-09-23T23:00:44.468397,True,0.500,0.464,17.21,False
3505,2026-09-23T23:00:44.497521,True,0.500,0.455,17.06,False
3506,2026-09-23T23:00:44.530472,True,0.500,0.445,17.03,False
3507,2026-09-23T23:00:44.559538,True,0.500,0.473,17.12,False
3508,2026-09-23T23:00:44.594573,True,0.453,0.491,17.02,False
3509,2026-09-23T23:00:44.638398,True,0.453,0.481,17.52,False
3510,2026-09-23T23:00:44.664937,True,0.594,0.500,17.02,False
3511,2026-09-23T23:00:44.698165,True,0.594,0.519,17.21,False
3512,2026-09-23T23:00:44.730964,True,0.547,0.528,17.53,False
3513,2026-09-23T23:00:44.761582,True,0.547,0.547,17.01,False
3514,2026-09-23T23:00:44.804573,True,0.523,0.561,17.14,False
3515,2026-09-23T23:00:44.840620,True,0.523,0.547,17.02,False
3516,2026-09-23T23:00:44.872149,True,0.477,0.523,16.51,False
3517,2026-09-23T23:00:44.900275,True,0.477,0.509,17.01,False
3518,2026-09-23T23:00:44.930859,True,0.477,0.495,17.01,False
3519,2026-09-23T23:00:44.961710,True,0.477,0.486,17.01,False
3520,2026-09-23T23:00:44.995452,True,0.246,0.430,17.02,False
3521,2026-09-23T23:00:45.025296,True,0.246,0.384,17.52,False
3522,2026-09-23T23:00:45.059375,True,0.500,0.389,17.06,False
3523,2026-09-23T23:00:45.088406,True,0.500,0.394,17.52,False
3524,2026-09-23T23:00:45.123441,True,0.387,0.376,17.07,False
3525,2026-09-23T23:00:45.152254,True,0.387,0.404,16.80,False
3526,2026-09-23T23:00:45.204402,True,0.363,0.427,17.06,False
3527,2026-09-23T23:00:45.241958,True,0.363,0.400,16.52,False
3528,2026-09-23T23:00:45.274360,True,0.500,0.400,17.02,False
3529,2026-09-23T23:00:45.306932,True,0.500,0.423,17.56,False
3530,2026-09-23T23:00:45.338479,True,0.523,0.450,17.52,False
3531,2026-09-23T23:00:45.367843,True,0.523,0.482,17.02,False
3532,2026-09-23T23:00:45.398371,True,0.547,0.519,17.52,False
3533,2026-09-23T23:00:45.428635,True,0.547,0.528,17.01,False
3534,2026-09-23T23:00:45.460254,True,0.594,0.547,17.07,False
3535,2026-09-23T23:00:45.489368,True,0.594,0.561,17.07,False
3536,2026-09-23T23:00:45.524552,True,0.613,0.579,16.90,False
3536,2026-09-23T23:00:45.524552,True,0.156,0.501,16.90,False
3537,2026-09-23T23:00:45.566140,True,0.613,0.514,16.52,False
3537,2026-09-23T23:00:45.566140,True,0.156,0.427,16.52,False
3538,2026-09-23T23:00:45.604534,True,0.570,0.422,17.31,False
3538,2026-09-23T23:00:45.604534,True,0.156,0.330,17.31,False
3539,2026-09-23T23:00:45.642534,True,0.570,0.413,17.01,False
3539,2026-09-23T23:00:45.642534,True,0.156,0.322,17.01,False
3540,2026-09-23T23:00:45.674342,True,0.570,0.405,17.67,False
3541,2026-09-23T23:00:45.704869,True,0.570,0.405,17.52,False
3542,2026-09-23T23:00:45.739410,True,0.523,0.478,17.53,False
3543,2026-09-23T23:00:45.768805,True,0.523,0.469,17.53,False
3544,2026-09-23T23:00:45.797384,True,0.500,0.537,16.57,False
3545,2026-09-23T23:00:45.828342,True,0.500,0.523,17.01,False
3546,2026-09-23T23:00:45.860393,True,0.406,0.491,17.04,False
3547,2026-09-23T23:00:45.892420,True,0.406,0.467,17.01,False
3548,2026-09-23T23:00:45.938597,True,0.570,0.477,16.52,False
3548,2026-09-23T23:00:45.939596,True,0.199,0.416,16.52,False
3549,2026-09-23T23:00:45.981145,True,0.570,0.430,17.52,False
3549,2026-09-23T23:00:45.981145,True,0.199,0.389,17.52,False
3550,2026-09-23T23:00:46.016198,True,0.301,0.368,17.03,False
3551,2026-09-23T23:00:46.047787,True,0.301,0.314,17.05,False
3552,2026-09-23T23:00:46.079314,True,0.453,0.365,17.02,False
3553,2026-09-23T23:00:46.109879,True,0.453,0.341,16.55,False
3554,2026-09-23T23:00:46.140431,True,0.500,0.402,17.02,False
3555,2026-09-23T23:00:46.173643,True,0.500,0.441,19.02,False
3556,2026-09-23T23:00:46.201013,False,,,17.52,False
3557,2026-09-23T23:00:46.230472,False,,,16.51,False
3558,2026-09-23T23:00:46.262647,True,0.230,0.427,17.01,False
3559,2026-09-23T23:00:46.294678,True,0.230,0.383,17.02,False
3560,2026-09-23T23:00:46.339491,True,0.387,0.370,17.52,False
3561,2026-09-23T23:00:46.372107,True,0.387,0.347,17.51,False
3562,2026-09-23T23:00:46.407248,True,0.387,0.324,17.62,False
3563,2026-09-23T23:00:46.447426,True,0.387,0.355,17.76,False
3564,2026-09-23T23:00:46.476477,True,0.477,0.405,17.54,False
3565,2026-09-23T23:00:46.508975,True,0.477,0.423,17.52,False
3566,2026-09-23T23:00:46.540518,True,0.477,0.441,17.03,False
3567,2026-09-23T23:00:46.572049,True,0.477,0.459,16.51,False
3568,2026-09-23T23:00:46.601409,True,0.430,0.467,17.75,False
3569,2026-09-23T23:00:46.634431,True,0.430,0.458,17.46,False
3570,2026-09-23T23:00:46.675570,True,0.168,0.396,17.03,False
3571,2026-09-23T23:00:46.710762,True,0.168,0.334,17.32,False
3572,2026-09-23T23:00:46.743380,True,0.230,0.285,18.51,False
3573,2026-09-23T23:00:46.771003,True,0.230,0.245,19.04,False
3574,2026-09-23T23:00:46.805552,False,,,18.02,False
3575,2026-09-23T23:00:46.836637,False,,,17.55,False
3576,2026-09-23T23:00:46.868177,True,0.184,0.196,17.03,False
3577,2026-09-23T23:00:46.898078,True,0.184,0.199,17.52,False
3578,2026-09-23T23:00:46.930630,False,,,17.03,False
3579,2026-09-23T23:00:46.959503,False,,,17.65,False
3580,2026-09-23T23:00:46.994727,True,0.168,0.199,17.12,False
3581,2026-09-23T23:00:47.034209,True,0.168,0.187,17.52,False
3582,2026-09-23T23:00:47.075322,False,,,17.02,False
3583,2026-09-23T23:00:47.110880,False,,,16.52,False
3584,2026-09-23T23:00:47.142419,False,,,17.01,False
3585,2026-09-23T23:00:47.174538,False,,,17.02,False
3586,2026-09-23T23:00:47.205129,False,,,17.49,False
3587,2026-09-23T23:00:47.235241,False,,,17.10,False
3588,2026-09-23T23:00:47.268167,False,,,17.53,False
3589,2026-09-23T23:00:47.298649,False,,,18.17,False
3590,2026-09-23T23:00:47.331913,False,,,17.02,False
3591,2026-09-23T23:00:47.400913,False,,,43.96,False
3592,2026-09-23T23:00:47.444684,False,,,24.53,False
3593,2026-09-23T23:00:47.483512,False,,,18.23,False
3594,2026-09-23T23:00:47.548373,False,,,25.04,False
3595,2026-09-23T23:00:47.611711,False,,,24.27,False
3596,2026-09-23T23:00:47.654637,False,,,17.70,False
3597,2026-09-23T23:00:47.685688,False,,,18.53,False
3598,2026-09-23T23:00:47.715110,False,,,17.91,False
3599,2026-09-23T23:00:47.750369,False,,,22.75,False
3600,2026-09-23T23:00:47.794938,False,,,18.52,False
3601,2026-09-23T23:00:47.823559,False,,,18.10,False
3602,2026-09-23T23:00:47.861608,False,,,24.02,False
3603,2026-09-23T23:00:47.901680,False,,,20.53,False
3604,2026-09-23T23:00:47.945273,False,,,17.68,False
3605,2026-09-23T23:00:47.986322,False,,,16.53,False
3606,2026-09-23T23:00:48.018004,False,,,17.54,False
3607,2026-09-23T23:00:48.052253,False,,,16.73,False
3608,2026-09-23T23:00:48.083711,False,,,17.21,False
3609,2026-09-23T23:00:48.114939,False,,,17.72,False
3610,2026-09-23T23:00:48.140463,False,,,17.02,False
3611,2026-09-23T23:00:48.177544,False,,,18.03,False
3612,2026-09-23T23:00:48.208125,False,,,17.53,False
3613,2026-09-23T23:00:48.238410,False,,,17.18,False
3614,2026-09-23T23:00:48.270863,False,,,16.52,False
3615,2026-09-23T23:00:48.301903,False,,,16.51,False
3616,2026-09-23T23:00:48.333438,False,,,16.01,False
3617,2026-09-23T23:00:48.364968,False,,,17.52,False
3618,2026-09-23T23:00:48.394497,False,,,17.02,False
3619,2026-09-23T23:00:48.426526,False,,,17.02,False
3620,2026-09-23T23:00:48.456225,False,,,16.69,False
3621,2026-09-23T23:00:48.487655,False,,,17.01,False
3622,2026-09-23T23:00:48.518833,False,,,17.53,False
3623,2026-09-23T23:00:48.550917,False,,,16.57,False
3624,2026-09-23T23:00:48.579445,False,,,17.02,False
3625,2026-09-23T23:00:48.611550,False,,,17.08,False
3626,2026-09-23T23:00:48.640590,False,,,17.02,False
3627,2026-09-23T23:00:48.674808,False,,,17.14,False
3628,2026-09-23T23:00:48.702366,False,,,17.01,False
3629,2026-09-23T23:00:48.734416,False,,,17.52,False
3630,2026-09-23T23:00:48.765114,False,,,16.51,False
3631,2026-09-23T23:00:48.802182,False,,,16.51,False
3632,2026-09-23T23:00:48.842543,False,,,17.01,False
3633,2026-09-23T23:00:48.883334,False,,,17.26,False
3634,2026-09-23T23:00:48.921028,False,,,17.03,False
3635,2026-09-23T23:00:48.952847,False,,,18.22,False
3636,2026-09-23T23:00:48.981916,False,,,17.01,False
3637,2026-09-23T23:00:49.014965,False,,,17.52,False
3638,2026-09-23T23:00:49.044492,False,,,17.02,False
3639,2026-09-23T23:00:49.076528,False,,,17.02,False
3640,2026-09-23T23:00:49.106584,False,,,17.02,False
3641,2026-09-23T23:00:49.138631,False,,,17.52,False
3642,2026-09-23T23:00:49.166180,False,,,17.04,False
3643,2026-09-23T23:00:49.204850,False,,,17.52,False
3644,2026-09-23T23:00:49.243918,False,,,17.03,False
3645,2026-09-23T23:00:49.283382,False,,,17.52,False
3646,2026-09-23T23:00:49.322431,False,,,17.02,False
3647,2026-09-23T23:00:49.352134,False,,,17.52,False
3648,2026-09-23T23:00:49.382160,False,,,17.01,False
3649,2026-09-23T23:00:49.414722,False,,,17.52,False
3650,2026-09-23T23:00:49.443751,False,,,16.52,False
3651,2026-09-23T23:00:49.475301,False,,,17.02,False
3652,2026-09-23T23:00:49.506334,False,,,17.02,False
3653,2026-09-23T23:00:49.535562,False,,,16.52,False
3654,2026-09-23T23:00:49.561583,False,,,17.01,False
3655,2026-09-23T23:00:49.618885,False,,,17.09,False
3656,2026-09-23T23:00:49.660479,False,,,17.07,False
3657,2026-09-23T23:00:49.692626,False,,,17.13,False
3658,2026-09-23T23:00:49.723245,False,,,16.09,False
3659,2026-09-23T23:00:49.755300,False,,,18.04,False
3660,2026-09-23T23:00:49.785332,False,,,16.52,False
3661,2026-09-23T23:00:49.818550,False,,,20.02,False
3662,2026-09-23T23:00:49.844580,False,,,17.02,False
3663,2026-09-23T23:00:49.877621,False,,,17.03,False
3664,2026-09-23T23:00:49.908653,False,,,17.02,False
3665,2026-09-23T23:00:49.939708,False,,,17.02,False
3666,2026-09-23T23:00:49.969131,False,,,17.60,False
3667,2026-09-23T23:00:50.020386,False,,,17.21,False
3668,2026-09-23T23:00:50.048179,False,,,17.58,False
3669,2026-09-23T23:00:50.082105,False,,,16.01,False
3670,2026-09-23T23:00:50.110692,False,,,17.08,False
3671,2026-09-23T23:00:50.142316,False,,,17.60,False
3672,2026-09-23T23:00:50.174372,False,,,17.01,False
3673,2026-09-23T23:00:50.204907,False,,,17.52,False
3674,2026-09-23T23:00:50.236963,False,,,17.52,False
3675,2026-09-23T23:00:50.268256,False,,,17.53,False
3676,2026-09-23T23:00:50.298318,False,,,17.53,False
3677,2026-09-23T23:00:50.329864,False,,,17.53,False
3678,2026-09-23T23:00:50.359699,False,,,16.52,False
3679,2026-09-23T23:00:50.419508,False,,,17.75,False
3680,2026-09-23T23:00:50.452271,False,,,17.02,False
3681,2026-09-23T23:00:50.480835,False,,,19.05,False
3682,2026-09-23T23:00:50.510884,False,,,20.53,False
3683,2026-09-23T23:00:50.547940,False,,,19.01,False
3684,2026-09-23T23:00:50.592667,False,,,19.17,False
3685,2026-09-23T23:00:50.621493,False,,,17.54,False
3686,2026-09-23T23:00:50.653540,False,,,18.21,False
3687,2026-09-23T23:00:50.682126,False,,,17.01,False
3688,2026-09-23T23:00:50.716240,False,,,18.99,False
3689,2026-09-23T23:00:50.744331,False,,,17.07,False
3690,2026-09-23T23:00:50.775454,False,,,17.53,False
3691,2026-09-23T23:00:50.820032,False,,,18.03,False
3692,2026-09-23T23:00:50.854222,False,,,17.52,False
3693,2026-09-23T23:00:50.883796,False,,,17.52,False
3694,2026-09-23T23:00:50.915157,False,,,17.85,False
3695,2026-09-23T23:00:50.948851,False,,,18.67,False
3696,2026-09-23T23:00:50.990393,False,,,17.10,False
3697,2026-09-23T23:00:51.020259,False,,,17.06,False
3698,2026-09-23T23:00:51.052546,False,,,17.24,False
3699,2026-09-23T23:00:51.082085,False,,,16.01,False
3700,2026-09-23T23:00:51.114129,False,,,17.52,False
3701,2026-09-23T23:00:51.144655,False,,,17.02,False
3702,2026-09-23T23:00:51.174698,False,,,17.02,False
3703,2026-09-23T23:00:51.218812,False,,,17.02,False
3704,2026-09-23T23:00:51.254247,False,,,17.41,False
3705,2026-09-23T23:00:51.284719,False,,,17.46,False
3706,2026-09-23T23:00:51.315847,False,,,17.53,False
3707,2026-09-23T23:00:51.346435,False,,,17.08,False
3708,2026-09-23T23:00:51.376569,False,,,17.53,False
3709,2026-09-23T23:00:51.407617,False,,,16.52,False
3710,2026-09-23T23:00:51.437650,False,,,17.53,False
3711,2026-09-23T23:00:51.467188,False,,,16.53,False
3712,2026-09-23T23:00:51.498290,False,,,17.60,False
3713,2026-09-23T23:00:51.530956,False,,,17.02,False
3714,2026-09-23T23:00:51.559497,False,,,17.02,False
3715,2026-09-23T23:00:51.590379,False,,,16.85,False
3716,2026-09-23T23:00:51.621922,False,,,16.51,False
3717,2026-09-23T23:00:51.654457,False,,,17.01,False
3718,2026-09-23T23:00:51.685512,False,,,17.52,False
3719,2026-09-23T23:00:51.716045,False,,,17.02,False
3720,2026-09-23T23:00:51.748149,False,,,17.59,False
3721,2026-09-23T23:00:51.778686,False,,,17.03,False
3722,2026-09-23T23:00:51.811297,False,,,17.02,False
3723,2026-09-23T23:00:51.840841,False,,,17.53,False
3724,2026-09-23T23:00:51.892398,False,,,17.01,False
3725,2026-09-23T23:00:51.933977,False,,,17.03,False
3726,2026-09-23T23:00:51.976362,False,,,17.10,False
3727,2026-09-23T23:00:52.011814,False,,,16.42,False
3728,2026-09-23T23:00:52.044385,False,,,17.04,False
3729,2026-09-23T23:00:52.073472,False,,,16.53,False
3730,2026-09-23T23:00:52.104523,False,,,17.03,False
3731,2026-09-23T23:00:52.138788,False,,,17.75,False
3732,2026-09-23T23:00:52.165870,False,,,16.56,False
3733,2026-09-23T23:00:52.198415,False,,,17.53,False
3734,2026-09-23T23:00:52.230968,False,,,17.02,False
3735,2026-09-23T23:00:52.260521,False,,,17.02,False
3736,2026-09-23T23:00:52.293553,False,,,18.02,False
3737,2026-09-23T23:00:52.323750,False,,,17.10,False
3738,2026-09-23T23:00:52.355845,False,,,17.52,False
3739,2026-09-23T23:00:52.384403,False,,,17.53,False
3740,2026-09-23T23:00:52.418944,False,,,17.53,False
3741,2026-09-23T23:00:52.461043,False,,,16.52,False
3742,2026-09-23T23:00:52.491153,False,,,17.58,False
3743,2026-09-23T23:00:52.523733,False,,,17.61,False
3744,2026-09-23T23:00:52.557274,False,,,17.52,False
3745,2026-09-23T23:00:52.584810,False,,,17.52,False
3746,2026-09-23T23:00:52.627368,False,,,17.02,False
3747,2026-09-23T23:00:52.662435,False,,,17.02,False
3748,2026-09-23T23:00:52.694472,False,,,17.02,False
3749,2026-09-23T23:00:52.725530,False,,,17.86,False
3750,2026-09-23T23:00:52.756747,False,,,17.73,False
3751,2026-09-23T23:00:52.788310,False,,,17.04,False
3752,2026-09-23T23:00:52.818858,False,,,17.02,False
3753,2026-09-23T23:00:52.847405,False,,,17.04,False
3754,2026-09-23T23:00:52.883451,False,,,17.52,False
3755,2026-09-23T23:00:52.924706,False,,,17.23,False
3756,2026-09-23T23:00:52.964062,False,,,18.26,False
3757,2026-09-23T23:00:53.000410,False,,,16.76,False
3758,2026-09-23T23:00:53.030949,False,,,16.02,False
3759,2026-09-23T23:00:53.062498,False,,,17.02,False
3760,2026-09-23T23:00:53.094744,False,,,17.22,False
3761,2026-09-23T23:00:53.125326,False,,,17.01,False
3762,2026-09-23T23:00:53.157749,False,,,16.89,False
3763,2026-09-23T23:00:53.184283,False,,,17.52,False
3764,2026-09-23T23:00:53.220847,False,,,17.52,False
3765,2026-09-23T23:00:53.250613,False,,,17.25,False
3766,2026-09-23T23:00:53.283208,False,,,17.05,False
3767,2026-09-23T23:00:53.325774,False,,,16.52,False
3768,2026-09-23T23:00:53.364826,False,,,16.51,False
3769,2026-09-23T23:00:53.404416,False,,,17.07,False
3770,2026-09-23T23:00:53.437961,False,,,17.04,False
3771,2026-09-23T23:00:53.467866,False,,,17.31,False
3772,2026-09-23T23:00:53.500403,False,,,17.02,False
3773,2026-09-23T23:00:53.530949,False,,,17.52,False
3774,2026-09-23T23:00:53.564759,False,,,17.23,False
3775,2026-09-23T23:00:53.592286,False,,,17.02,False
3776,2026-09-23T23:00:53.618867,False,,,17.02,False
3777,2026-09-23T23:00:53.656427,False,,,17.53,False
3778,2026-09-23T23:00:53.700977,False,,,17.52,False
3779,2026-09-23T23:00:53.732004,False,,,17.01,False
3780,2026-09-23T23:00:53.765054,False,,,17.52,False
3781,2026-09-23T23:00:53.794583,False,,,17.02,False
3782,2026-09-23T23:00:53.827616,False,,,17.02,False
3783,2026-09-23T23:00:53.858723,False,,,16.52,False
3784,2026-09-23T23:00:53.891467,False,,,17.01,False
3785,2026-09-23T23:00:53.922030,False,,,16.53,False
3786,2026-09-23T23:00:53.955329,False,,,17.23,False
3787,2026-09-23T23:00:53.984387,False,,,17.52,False
3788,2026-09-23T23:00:54.018935,False,,,17.02,False
3789,2026-09-23T23:00:54.046482,False,,,17.04,False
3790,2026-09-23T23:00:54.100409,False,,,17.02,False
3791,2026-09-23T23:00:54.140983,False,,,16.53,False
3792,2026-09-23T23:00:54.172118,False,,,17.50,False
3793,2026-09-23T23:00:54.201154,False,,,17.52,False
3794,2026-09-23T23:00:54.230720,False,,,17.06,False
3795,2026-09-23T23:00:54.261286,False,,,17.01,False
3796,2026-09-23T23:00:54.294327,False,,,17.02,False
3797,2026-09-23T23:00:54.324361,False,,,17.02,False
3798,2026-09-23T23:00:54.357457,False,,,17.07,False
3799,2026-09-23T23:00:54.464356,False,,,17.09,False
3800,2026-09-23T23:00:54.497451,False,,,16.58,False
3801,2026-09-23T23:00:54.530484,False,,,17.02,False
3802,2026-09-23T23:00:54.559471,False,,,17.61,False
3803,2026-09-23T23:00:54.590505,False,,,17.02,False
3804,2026-09-23T23:00:54.622041,False,,,16.52,False
3805,2026-09-23T23:00:54.651074,False,,,17.52,False
3806,2026-09-23T23:00:54.681109,False,,,17.01,False
3807,2026-09-23T23:00:54.711318,False,,,16.61,False
3808,2026-09-23T23:00:54.744358,False,,,17.02,False
3809,2026-09-23T23:00:54.774435,False,,,17.01,False
3810,2026-09-23T23:00:54.806471,False,,,17.02,False
3811,2026-09-23T23:00:54.841010,False,,,17.52,False
3812,2026-09-23T23:00:54.872025,False,,,16.51,False
3813,2026-09-23T23:00:54.915090,False,,,17.53,False
3814,2026-09-23T23:00:54.943621,False,,,16.02,False
3815,2026-09-23T23:00:54.975522,False,,,17.01,False
3816,2026-09-23T23:00:55.010375,False,,,16.84,False
3817,2026-09-23T23:00:55.038913,False,,,17.03,False
3818,2026-09-23T23:00:55.074385,False,,,17.02,False
3819,2026-09-23T23:00:55.115127,False,,,16.49,False
3820,2026-09-23T23:00:55.146343,False,,,16.71,False
3821,2026-09-23T23:00:55.176375,False,,,17.02,False
3822,2026-09-23T23:00:55.206456,False,,,17.07,False
3823,2026-09-23T23:00:55.242393,False,,,16.86,False
3824,2026-09-23T23:00:55.269138,False,,,17.47,False
3825,2026-09-23T23:00:55.299262,False,,,17.53,False
3826,2026-09-23T23:00:55.329336,False,,,16.01,False
3827,2026-09-23T23:00:55.362592,False,,,17.05,False
3828,2026-09-23T23:00:55.393218,False,,,17.61,False
3829,2026-09-23T23:00:55.423517,False,,,17.02,False
3830,2026-09-23T23:00:55.458680,False,,,20.08,False
3831,2026-09-23T23:00:55.488655,False,,,16.46,False
3832,2026-09-23T23:00:55.515186,False,,,17.53,False
3833,2026-09-23T23:00:55.550480,False,,,17.14,False
3834,2026-09-23T23:00:55.579515,False,,,19.03,False
3835,2026-09-23T23:00:55.629381,False,,,17.03,False
3836,2026-09-23T23:00:55.668933,False,,,17.02,False
3837,2026-09-23T23:00:55.700467,False,,,17.01,False
3838,2026-09-23T23:00:55.728492,False,,,17.02,False
3839,2026-09-23T23:00:55.762639,False,,,17.01,False
3840,2026-09-23T23:00:55.792665,False,,,17.01,False
3841,2026-09-23T23:00:55.825302,False,,,17.06,False
3842,2026-09-23T23:00:55.855350,False,,,17.02,False
3843,2026-09-23T23:00:55.885387,False,,,17.52,False
3844,2026-09-23T23:00:55.916921,False,,,16.52,False
3845,2026-09-23T23:00:55.948022,False,,,17.09,False
3846,2026-09-23T23:00:55.979560,False,,,17.03,False
3847,2026-09-23T23:00:56.010619,False,,,17.01,False
3848,2026-09-23T23:00:56.042150,False,,,16.52,False
3849,2026-09-23T23:00:56.075114,False,,,17.45,False
3850,2026-09-23T23:00:56.105644,False,,,17.02,False
3851,2026-09-23T23:00:56.135282,False,,,17.13,False
3852,2026-09-23T23:00:56.165813,False,,,17.01,False
3853,2026-09-23T23:00:56.196391,False,,,17.07,False
3854,2026-09-23T23:00:56.228439,False,,,17.04,False
3855,2026-09-23T23:00:56.259462,False,,,17.50,False
3856,2026-09-23T23:00:56.307056,False,,,16.89,False
3857,2026-09-23T23:00:56.338728,False,,,17.60,False
3858,2026-09-23T23:00:56.372592,True,0.230,0.187,17.34,False
3859,2026-09-23T23:00:56.400472,True,0.230,0.196,16.82,False
3860,2026-09-23T23:00:56.435527,True,0.363,0.232,16.52,False
3861,2026-09-23T23:00:56.462575,True,0.363,0.271,17.51,False
3862,2026-09-23T23:00:56.499117,True,0.477,0.333,17.02,False
3863,2026-09-23T23:00:56.540155,True,0.477,0.382,16.52,False
3864,2026-09-23T23:00:56.573603,True,0.320,0.400,17.02,False
3865,2026-09-23T23:00:56.601137,True,0.320,0.391,17.52,False
3866,2026-09-23T23:00:56.631179,True,0.477,0.414,17.53,False
3867,2026-09-23T23:00:56.661284,True,0.477,0.414,16.58,False
3868,2026-09-23T23:00:56.707334,True,0.637,0.446,17.02,False
3869,2026-09-23T23:00:56.739367,True,0.637,0.509,18.53,False
3870,2026-09-23T23:00:56.770912,True,0.754,0.596,16.51,False
3871,2026-09-23T23:00:56.802523,True,0.754,0.652,17.09,False
3872,2026-09-23T23:00:56.835569,True,0.816,0.720,16.52,False
3873,2026-09-23T23:00:56.864131,True,0.816,0.755,17.55,False
3874,2026-09-23T23:00:56.900349,True,0.832,0.795,17.02,False
3875,2026-09-23T23:00:56.940491,True,0.832,0.810,17.03,False
3876,2026-09-23T23:00:56.968055,True,0.801,0.820,17.38,False
3876,2026-09-23T23:00:56.968055,True,0.168,0.690,17.38,False
3877,2026-09-23T23:00:57.000609,True,0.801,0.687,17.04,False
3877,2026-09-23T23:00:57.000609,True,0.168,0.554,17.04,False
3878,2026-09-23T23:00:57.042667,True,0.801,0.548,17.01,False
3878,2026-09-23T23:00:57.042667,True,0.246,0.437,17.01,False
3879,2026-09-23T23:00:57.076739,True,0.801,0.563,17.05,False
3879,2026-09-23T23:00:57.076739,True,0.246,0.452,17.05,False
3880,2026-09-23T23:00:57.107921,True,0.801,0.579,17.52,False
3880,2026-09-23T23:00:57.107921,True,0.281,0.475,17.52,False
3881,2026-09-23T23:00:57.139460,True,0.801,0.586,17.52,False
3881,2026-09-23T23:00:57.139460,True,0.281,0.482,17.52,False
3882,2026-09-23T23:00:57.175011,True,0.801,0.593,17.54,False
3882,2026-09-23T23:00:57.175011,True,0.281,0.489,17.54,False
3883,2026-09-23T23:00:57.205662,True,0.816,0.596,17.02,False
3883,2026-09-23T23:00:57.205662,True,0.168,0.470,17.02,False
3884,2026-09-23T23:00:57.235689,True,0.789,0.571,17.52,False
3885,2026-09-23T23:00:57.264904,True,0.789,0.569,17.51,False
3886,2026-09-23T23:00:57.299042,True,0.754,0.663,17.09,False
3887,2026-09-23T23:00:57.340582,True,0.754,0.651,17.02,False
3888,2026-09-23T23:00:57.377159,True,0.789,0.775,17.55,False
3888,2026-09-23T23:00:57.377159,True,0.168,0.651,17.55,False
3888,2026-09-23T23:00:57.377159,True,0.156,0.524,17.55,False
3889,2026-09-23T23:00:57.419097,True,0.789,0.531,17.53,False
3889,2026-09-23T23:00:57.419097,True,0.168,0.414,17.53,False
3889,2026-09-23T23:00:57.419097,True,0.156,0.287,17.53,False
3890,2026-09-23T23:00:57.447621,True,0.789,0.412,16.52,False
3891,2026-09-23T23:00:57.478164,True,0.789,0.538,16.53,False
3892,2026-09-23T23:00:57.509702,True,0.816,0.544,16.52,False
3892,2026-09-23T23:00:57.510704,True,0.199,0.550,16.52,False
3892,2026-09-23T23:00:57.510704,True,0.168,0.552,16.52,False
3893,2026-09-23T23:00:57.540458,True,0.816,0.558,17.07,False
3893,2026-09-23T23:00:57.540458,True,0.199,0.440,17.07,False
3893,2026-09-23T23:00:57.540458,True,0.168,0.310,17.07,False
3894,2026-09-23T23:00:57.571059,True,0.816,0.434,16.51,False
3894,2026-09-23T23:00:57.572061,True,0.199,0.440,16.51,False
3894,2026-09-23T23:00:57.572061,True,0.168,0.310,16.51,False
3895,2026-09-23T23:00:57.601612,True,0.816,0.434,17.01,False
3896,2026-09-23T23:00:57.635194,True,0.816,0.563,17.06,False
3897,2026-09-23T23:00:57.665841,True,0.816,0.563,18.63,False
3898,2026-09-23T23:00:57.700412,True,0.816,0.687,17.02,False
3899,2026-09-23T23:00:57.742584,True,0.816,0.816,17.11,False
3900,2026-09-23T23:00:57.779408,True,0.801,0.813,17.02,False
3901,2026-09-23T23:00:57.821924,True,0.801,0.810,17.03,False
3902,2026-09-23T23:00:57.851780,True,0.816,0.810,16.34,False
3903,2026-09-23T23:00:57.885316,True,0.816,0.810,19.52,False
3904,2026-09-23T23:00:57.913878,True,0.816,0.810,17.54,False
3905,2026-09-23T23:00:57.944923,True,0.816,0.813,17.53,False
3906,2026-09-23T23:00:57.971811,True,0.816,0.816,16.62,False
3907,2026-09-23T23:00:58.006850,True,0.801,0.813,16.52,False
3908,2026-09-23T23:00:58.037404,True,0.801,0.810,16.53,False
3908,2026-09-23T23:00:58.037404,True,0.156,0.678,16.53,False
3909,2026-09-23T23:00:58.064976,True,0.801,0.675,17.03,False
3909,2026-09-23T23:00:58.064976,True,0.156,0.543,17.03,False
3910,2026-09-23T23:00:58.098533,True,0.816,0.546,16.65,False
3910,2026-09-23T23:00:58.098533,True,0.156,0.417,16.65,False
3911,2026-09-23T23:00:58.129566,True,0.816,0.549,17.02,False
3911,2026-09-23T23:00:58.129566,True,0.156,0.420,17.02,False
3912,2026-09-23T23:00:58.182117,True,0.816,0.552,19.52,False
3913,2026-09-23T23:00:58.223215,True,0.816,0.552,16.56,False
3914,2026-09-23T23:00:58.254326,True,0.816,0.684,17.06,False
3915,2026-09-23T23:00:58.287874,True,0.816,0.684,17.04,False
3916,2026-09-23T23:00:58.317934,True,0.816,0.816,16.54,False
3917,2026-09-23T23:00:58.350466,True,0.832,0.820,17.01,False
3917,2026-09-23T23:00:58.350466,True,0.168,0.690,17.01,False
3918,2026-09-23T23:00:58.380993,True,0.832,0.693,17.02,False
3918,2026-09-23T23:00:58.380993,True,0.168,0.563,17.02,False
3919,2026-09-23T23:00:58.412591,True,0.816,0.563,17.07,False
3919,2026-09-23T23:00:58.412591,True,0.168,0.430,17.07,False
3919,2026-09-23T23:00:58.412591,True,0.156,0.428,17.07,False
3920,2026-09-23T23:00:58.444344,True,0.832,0.428,16.74,False
3920,2026-09-23T23:00:58.444344,True,0.156,0.426,16.74,False
3921,2026-09-23T23:00:58.474375,True,0.832,0.429,17.02,False
3921,2026-09-23T23:00:58.474375,True,0.156,0.427,17.02,False
3922,2026-09-23T23:00:58.514977,True,0.816,0.559,17.57,False
3922,2026-09-23T23:00:58.514977,True,0.211,0.434,17.57,False
3922,2026-09-23T23:00:58.514977,True,0.156,0.434,17.57,False
3923,2026-09-23T23:00:58.555709,True,0.816,0.431,17.02,False
3923,2026-09-23T23:00:58.555709,True,0.211,0.442,17.02,False
3923,2026-09-23T23:00:58.555709,True,0.156,0.310,17.02,False
3924,2026-09-23T23:00:58.583763,True,0.832,0.434,17.03,False
3924,2026-09-23T23:00:58.583763,True,0.184,0.440,17.03,False
3924,2026-09-23T23:00:58.583763,True,0.184,0.313,17.03,False
3925,2026-09-23T23:00:58.614862,True,0.832,0.438,17.59,False
3925,2026-09-23T23:00:58.614862,True,0.184,0.443,17.59,False
3925,2026-09-23T23:00:58.614862,True,0.184,0.313,17.59,False
3926,2026-09-23T23:00:58.647394,True,0.832,0.443,16.52,False
3926,2026-09-23T23:00:58.648398,True,0.184,0.443,16.52,False
3926,2026-09-23T23:00:58.648398,True,0.184,0.313,16.52,False
3927,2026-09-23T23:00:58.675430,True,0.832,0.443,17.01,False
3927,2026-09-23T23:00:58.676430,True,0.168,0.440,17.01,False
3927,2026-09-23T23:00:58.676430,True,0.168,0.307,17.01,False
3928,2026-09-23T23:00:58.722071,True,0.832,0.437,16.51,False
3928,2026-09-23T23:00:58.722071,True,0.168,0.434,16.51,False
3928,2026-09-23T23:00:58.722071,True,0.168,0.301,16.51,False
3929,2026-09-23T23:00:58.754361,True,0.816,0.430,16.84,False
3929,2026-09-23T23:00:58.754361,True,0.211,0.439,16.84,False
3929,2026-09-23T23:00:58.754361,True,0.199,0.312,16.84,False
3930,2026-09-23T23:00:58.787913,True,0.816,0.442,17.04,False
3930,2026-09-23T23:00:58.787913,True,0.211,0.451,17.04,False
3930,2026-09-23T23:00:58.787913,True,0.199,0.327,17.04,False
3931,2026-09-23T23:00:58.815944,True,0.816,0.448,17.02,False
3931,2026-09-23T23:00:58.815944,True,0.211,0.451,17.02,False
3931,2026-09-23T23:00:58.815944,True,0.184,0.324,17.02,False
3932,2026-09-23T23:00:58.849039,True,0.801,0.442,17.52,False
3932,2026-09-23T23:00:58.849039,True,0.246,0.452,17.52,False
3933,2026-09-23T23:00:58.880573,True,0.801,0.448,18.03,False
3933,2026-09-23T23:00:58.880573,True,0.246,0.455,18.03,False
3934,2026-09-23T23:00:58.915318,True,0.832,0.585,16.57,False
3934,2026-09-23T23:00:58.915318,True,0.344,0.494,16.57,False
3935,2026-09-23T23:00:58.957351,True,0.832,0.611,16.97,False
3935,2026-09-23T23:00:58.957351,True,0.344,0.520,16.97,False
3936,2026-09-23T23:00:58.987881,True,0.832,0.637,17.02,False
3936,2026-09-23T23:00:58.987881,True,0.406,0.552,17.02,False
3937,2026-09-23T23:00:59.020905,True,0.832,0.649,17.51,False
3937,2026-09-23T23:00:59.020905,True,0.406,0.564,17.51,False
3938,2026-09-23T23:00:59.053199,True,0.832,0.662,16.77,False
3938,2026-09-23T23:00:59.053199,True,0.406,0.577,16.77,False
3939,2026-09-23T23:00:59.082391,True,0.816,0.659,17.01,False
3939,2026-09-23T23:00:59.082391,True,0.281,0.548,17.01,False
3939,2026-09-23T23:00:59.082391,True,0.168,0.501,17.01,False
3940,2026-09-23T23:00:59.111493,True,0.816,0.498,17.01,False
3940,2026-09-23T23:00:59.111493,True,0.281,0.473,17.01,False
3940,2026-09-23T23:00:59.111493,True,0.168,0.343,17.01,False
3941,2026-09-23T23:00:59.144637,True,0.816,0.450,17.12,False
3941,2026-09-23T23:00:59.144637,True,0.301,0.477,17.12,False
3942,2026-09-23T23:00:59.175678,True,0.816,0.477,18.02,False
3942,2026-09-23T23:00:59.175678,True,0.301,0.480,18.02,False
3943,2026-09-23T23:00:59.204214,True,0.832,0.613,16.52,False
3943,2026-09-23T23:00:59.205217,True,0.211,0.492,16.52,False
3944,2026-09-23T23:00:59.255565,True,0.832,0.598,16.79,False
3944,2026-09-23T23:00:59.255565,True,0.262,0.487,16.79,False
3944,2026-09-23T23:00:59.255565,True,0.156,0.459,16.79,False
3945,2026-09-23T23:00:59.285175,True,0.832,0.459,17.10,False
3945,2026-09-23T23:00:59.285175,True,0.262,0.469,17.10,False
3945,2026-09-23T23:00:59.285175,True,0.156,0.334,17.10,False
3946,2026-09-23T23:00:59.314205,True,0.816,0.445,17.02,False
3946,2026-09-23T23:00:59.314205,True,0.301,0.473,17.02,False
3947,2026-09-23T23:00:59.345345,True,0.816,0.470,17.06,False
3947,2026-09-23T23:00:59.345345,True,0.301,0.478,17.06,False
3948,2026-09-23T23:00:59.378372,True,0.816,0.610,17.02,False
3948,2026-09-23T23:00:59.378372,True,0.301,0.507,17.02,False
3949,2026-09-23T23:00:59.406415,True,0.816,0.610,17.51,False
3949,2026-09-23T23:00:59.406415,True,0.211,0.489,17.51,False
3950,2026-09-23T23:00:59.439445,True,0.816,0.592,17.52,False
3950,2026-09-23T23:00:59.439445,True,0.211,0.471,17.52,False
3951,2026-09-23T23:00:59.474477,True,0.816,0.574,17.02,False
3951,2026-09-23T23:00:59.474477,True,0.246,0.460,17.02,False
3952,2026-09-23T23:00:59.516044,True,0.816,0.581,17.02,False
3952,2026-09-23T23:00:59.516044,True,0.246,0.467,17.02,False
3953,2026-09-23T23:00:59.548577,True,0.832,0.591,17.52,False
3953,2026-09-23T23:00:59.548577,True,0.281,0.484,17.52,False
3954,2026-09-23T23:00:59.577598,True,0.832,0.602,17.01,False
3954,2026-09-23T23:00:59.577598,True,0.281,0.495,17.01,False
3955,2026-09-23T23:00:59.608709,True,0.801,0.605,17.53,False
3955,2026-09-23T23:00:59.608709,True,0.211,0.481,17.53,False
3955,2026-09-23T23:00:59.608709,True,0.184,0.462,17.53,False
3956,2026-09-23T23:00:59.652256,True,0.816,0.459,17.01,False
3956,2026-09-23T23:00:59.652256,True,0.246,0.452,17.01,False
3957,2026-09-23T23:00:59.687918,True,0.816,0.455,17.03,False
3957,2026-09-23T23:00:59.687918,True,0.246,0.462,17.03,False
3958,2026-09-23T23:00:59.715957,True,0.801,0.585,17.03,False
3958,2026-09-23T23:00:59.715957,True,0.184,0.459,17.03,False
3958,2026-09-23T23:00:59.715957,True,0.156,0.441,17.03,False
3959,2026-09-23T23:00:59.747485,True,0.801,0.438,16.52,False
3959,2026-09-23T23:00:59.748610,True,0.184,0.425,16.52,False
3959,2026-09-23T23:00:59.748610,True,0.156,0.296,16.52,False
3960,2026-09-23T23:00:59.779634,True,0.801,0.420,17.02,False
3960,2026-09-23T23:00:59.779634,True,0.184,0.425,17.02,False
3960,2026-09-23T23:00:59.779634,True,0.156,0.296,17.02,False
3961,2026-09-23T23:00:59.809560,True,0.816,0.423,17.02,False
3961,2026-09-23T23:00:59.809560,True,0.262,0.444,17.02,False
3961,2026-09-23T23:00:59.809560,True,0.211,0.326,17.02,False
3962,2026-09-23T23:00:59.842591,True,0.816,0.452,17.01,False
3962,2026-09-23T23:00:59.842591,True,0.262,0.473,17.01,False
3962,2026-09-23T23:00:59.842591,True,0.211,0.352,17.01,False
3963,2026-09-23T23:00:59.872133,True,0.801,0.460,16.52,False
3963,2026-09-23T23:00:59.872133,True,0.430,0.504,16.52,False
3963,2026-09-23T23:00:59.872133,True,0.211,0.383,16.52,False
3964,2026-09-23T23:00:59.901181,True,0.801,0.491,17.53,False
3964,2026-09-23T23:00:59.901181,True,0.430,0.534,17.53,False
3964,2026-09-23T23:00:59.901181,True,0.211,0.416,17.53,False
3965,2026-09-23T23:00:59.931722,True,0.816,0.494,17.53,False
3965,2026-09-23T23:00:59.931722,True,0.301,0.512,17.53,False
3965,2026-09-23T23:00:59.931722,True,0.184,0.388,17.53,False
3966,2026-09-23T23:00:59.964174,True,0.816,0.466,17.92,False
3966,2026-09-23T23:00:59.964174,True,0.301,0.484,17.92,False
3966,2026-09-23T23:00:59.964174,True,0.184,0.357,17.92,False
3967,2026-09-23T23:00:59.994246,True,0.816,0.460,16.56,False
3967,2026-09-23T23:00:59.994246,True,0.594,0.542,16.56,False
3967,2026-09-23T23:00:59.994246,True,0.168,0.412,16.56,False
3968,2026-09-23T23:01:00.050066,True,0.801,0.512,16.52,False
3968,2026-09-23T23:01:00.050066,True,0.406,0.557,16.52,False
3969,2026-09-23T23:01:00.085611,True,0.801,0.554,17.52,False
3969,2026-09-23T23:01:00.085611,True,0.406,0.516,17.52,False
3970,2026-09-23T23:01:00.116035,True,0.801,0.643,17.03,False
3970,2026-09-23T23:01:00.116035,True,0.406,0.564,17.03,False
3971,2026-09-23T23:01:00.149098,True,0.770,0.637,17.52,False
3971,2026-09-23T23:01:00.149098,True,0.363,0.549,17.52,False
3971,2026-09-23T23:01:00.149098,True,0.156,0.499,17.52,False
3972,2026-09-23T23:01:00.181891,True,0.770,0.493,20.28,False
3972,2026-09-23T23:01:00.181891,True,0.363,0.484,20.28,False
3972,2026-09-23T23:01:00.181891,True,0.156,0.362,20.28,False
3973,2026-09-23T23:01:00.208941,True,0.770,0.443,17.04,False
3973,2026-09-23T23:01:00.208941,True,0.344,0.480,17.04,False
3973,2026-09-23T23:01:00.208941,True,0.156,0.358,17.04,False
3974,2026-09-23T23:01:00.242056,True,0.770,0.439,16.59,False
3974,2026-09-23T23:01:00.242056,True,0.344,0.477,16.59,False
3974,2026-09-23T23:01:00.242056,True,0.156,0.354,16.59,False
3975,2026-09-23T23:01:00.272096,True,0.770,0.439,16.53,False
3975,2026-09-23T23:01:00.272096,True,0.387,0.485,16.53,False
3975,2026-09-23T23:01:00.272096,True,0.168,0.365,16.53,False
3976,2026-09-23T23:01:00.301134,True,0.770,0.450,16.52,False
3976,2026-09-23T23:01:00.301134,True,0.387,0.496,16.52,False
3976,2026-09-23T23:01:00.301134,True,0.168,0.376,16.52,False
3977,2026-09-23T23:01:00.332167,True,0.770,0.452,17.01,False
3977,2026-09-23T23:01:00.332167,True,0.387,0.496,17.01,False
3978,2026-09-23T23:01:00.364710,True,0.770,0.496,17.52,False
3978,2026-09-23T23:01:00.364710,True,0.387,0.496,17.52,False
3979,2026-09-23T23:01:00.394244,True,0.789,0.620,17.02,False
3979,2026-09-23T23:01:00.394244,True,0.430,0.552,17.02,False
3979,2026-09-23T23:01:00.394244,True,0.246,0.524,17.02,False
3980,2026-09-23T23:01:00.451838,True,0.789,0.528,16.55,False
3980,2026-09-23T23:01:00.451838,True,0.281,0.507,16.55,False
3980,2026-09-23T23:01:00.451838,True,0.281,0.405,16.55,False
3981,2026-09-23T23:01:00.488877,True,0.789,0.477,17.02,False
3981,2026-09-23T23:01:00.488877,True,0.281,0.484,17.02,False
3981,2026-09-23T23:01:00.488877,True,0.281,0.383,17.02,False
3982,2026-09-23T23:01:00.518907,True,0.789,0.484,18.01,False
3982,2026-09-23T23:01:00.518907,True,0.281,0.484,18.01,False
3982,2026-09-23T23:01:00.518907,True,0.281,0.383,18.01,False
3983,2026-09-23T23:01:00.550441,True,0.789,0.484,17.02,False
3983,2026-09-23T23:01:00.550441,True,0.344,0.497,17.02,False
3984,2026-09-23T23:01:00.582037,True,0.789,0.497,17.02,False
3984,2026-09-23T23:01:00.583539,True,0.344,0.509,17.02,False
3985,2026-09-23T23:01:00.614115,True,0.699,0.593,17.54,False
3985,2026-09-23T23:01:00.614115,True,0.477,0.530,17.54,False
3986,2026-09-23T23:01:00.644645,True,0.699,0.602,17.02,False
3986,2026-09-23T23:01:00.644645,True,0.477,0.539,17.02,False
3987,2026-09-23T23:01:00.674681,True,0.719,0.614,17.02,False
3987,2026-09-23T23:01:00.674681,True,0.613,0.597,17.02,False
3987,2026-09-23T23:01:00.674681,True,0.156,0.533,17.02,False
3988,2026-09-23T23:01:00.707568,True,0.719,0.537,17.02,False
3988,2026-09-23T23:01:00.707568,True,0.613,0.564,17.02,False
3988,2026-09-23T23:01:00.707568,True,0.156,0.452,17.02,False
3989,2026-09-23T23:01:00.739615,True,0.613,0.452,17.53,False
3989,2026-09-23T23:01:00.739615,True,0.594,0.539,17.53,False
3990,2026-09-23T23:01:00.768139,True,0.613,0.518,17.01,False
3990,2026-09-23T23:01:00.768139,True,0.594,0.514,17.01,False
3991,2026-09-23T23:01:00.798720,True,0.680,0.619,17.02,False
3991,2026-09-23T23:01:00.798720,True,0.680,0.632,17.02,False
3992,2026-09-23T23:01:00.852144,True,0.738,0.661,17.51,False
3992,2026-09-23T23:01:00.852144,True,0.656,0.670,17.51,False
3992,2026-09-23T23:01:00.852144,True,0.168,0.584,17.51,False
3993,2026-09-23T23:01:00.890469,True,0.738,0.596,16.81,False
3993,2026-09-23T23:01:00.890469,True,0.656,0.591,16.81,False
3993,2026-09-23T23:01:00.890469,True,0.168,0.477,16.81,False
3994,2026-09-23T23:01:00.922115,True,0.738,0.494,17.54,False
3994,2026-09-23T23:01:00.922115,True,0.656,0.591,17.54,False
3994,2026-09-23T23:01:00.922115,True,0.168,0.477,17.54,False
3995,2026-09-23T23:01:00.952163,True,0.719,0.490,16.53,False
3995,2026-09-23T23:01:00.952163,True,0.477,0.552,16.53,False
3996,2026-09-23T23:01:00.982529,True,0.719,0.548,17.34,False
3996,2026-09-23T23:01:00.982529,True,0.477,0.512,17.34,False
3997,2026-09-23T23:01:01.015140,True,0.719,0.622,17.58,False
3997,2026-09-23T23:01:01.015140,True,0.406,0.559,17.58,False
3998,2026-09-23T23:01:01.047178,True,0.719,0.608,17.53,False
3998,2026-09-23T23:01:01.047178,True,0.406,0.545,17.53,False
3999,2026-09-23T23:01:01.077443,True,0.719,0.594,17.21,False
3999,2026-09-23T23:01:01.077443,True,0.406,0.531,17.21,False
4000,2026-09-23T23:01:01.107577,True,0.719,0.594,17.35,False
4000,2026-09-23T23:01:01.107577,True,0.406,0.531,17.35,False
4001,2026-09-23T23:01:01.140207,True,0.738,0.598,17.03,False
4001,2026-09-23T23:01:01.140207,True,0.477,0.549,17.03,False
4001,2026-09-23T23:01:01.140207,True,0.246,0.517,17.03,False
4002,2026-09-23T23:01:01.172277,True,0.738,0.521,17.04,False
4002,2026-09-23T23:01:01.172277,True,0.477,0.535,17.04,False
4002,2026-09-23T23:01:01.172277,True,0.246,0.437,17.04,False
4003,2026-09-23T23:01:01.200865,True,0.738,0.489,17.57,False
4003,2026-09-23T23:01:01.200865,True,0.500,0.540,17.57,False
4003,2026-09-23T23:01:01.200865,True,0.301,0.452,17.57,False
4004,2026-09-23T23:01:01.230889,True,0.738,0.505,17.01,False
4004,2026-09-23T23:01:01.230889,True,0.500,0.555,17.01,False
4004,2026-09-23T23:01:01.230889,True,0.301,0.468,17.01,False
4005,2026-09-23T23:01:01.262269,True,0.738,0.516,16.86,False
4005,2026-09-23T23:01:01.262269,True,0.406,0.537,16.86,False
4005,2026-09-23T23:01:01.262269,True,0.199,0.429,16.86,False
4006,2026-09-23T23:01:01.293620,True,0.738,0.477,17.02,False
4006,2026-09-23T23:01:01.293620,True,0.406,0.498,17.02,False
4006,2026-09-23T23:01:01.293620,True,0.199,0.390,17.02,False
4007,2026-09-23T23:01:01.324665,True,0.754,0.459,17.02,False
4007,2026-09-23T23:01:01.324665,True,0.430,0.505,17.02,False
4008,2026-09-23T23:01:01.358218,True,0.754,0.509,19.53,False
4008,2026-09-23T23:01:01.358218,True,0.430,0.513,19.53,False
4009,2026-09-23T23:01:01.388778,True,0.719,0.617,16.53,False
4009,2026-09-23T23:01:01.388778,True,0.523,0.571,16.53,False
4010,2026-09-23T23:01:01.415928,True,0.719,0.629,16.53,False
4010,2026-09-23T23:01:01.415928,True,0.523,0.583,16.53,False
4011,2026-09-23T23:01:01.450965,True,0.738,0.645,17.52,False
4011,2026-09-23T23:01:01.450965,True,0.613,0.623,17.52,False
4012,2026-09-23T23:01:01.477487,True,0.738,0.666,17.02,False
4012,2026-09-23T23:01:01.477487,True,0.613,0.645,17.02,False
4013,2026-09-23T23:01:01.524550,True,0.738,0.688,17.02,False
4013,2026-09-23T23:01:01.524550,True,0.637,0.668,17.02,False
4014,2026-09-23T23:01:01.558584,True,0.738,0.693,17.02,False
4014,2026-09-23T23:01:01.558584,True,0.637,0.673,17.02,False
4015,2026-09-23T23:01:01.589118,True,0.699,0.690,17.02,False
4015,2026-09-23T23:01:01.590117,True,0.547,0.652,17.02,False
4016,2026-09-23T23:01:01.622142,True,0.699,0.664,16.51,False
4016,2026-09-23T23:01:01.622142,True,0.547,0.626,16.51,False
4017,2026-09-23T23:01:01.649763,True,0.738,0.646,16.56,False
4017,2026-09-23T23:01:01.650764,True,0.199,0.546,16.56,False
4018,2026-09-23T23:01:01.680785,True,0.738,0.584,17.51,False
4018,2026-09-23T23:01:01.680785,True,0.199,0.484,17.51,False
4019,2026-09-23T23:01:01.714919,True,0.754,0.526,17.01,False
4019,2026-09-23T23:01:01.714919,True,0.500,0.478,17.01,False
4020,2026-09-23T23:01:01.744950,True,0.754,0.589,17.52,False
4020,2026-09-23T23:01:01.744950,True,0.500,0.541,17.52,False
4021,2026-09-23T23:01:01.779486,True,0.770,0.655,17.02,False
4021,2026-09-23T23:01:01.779486,True,0.406,0.586,17.02,False
4022,2026-09-23T23:01:01.806524,True,0.770,0.640,17.52,False
4022,2026-09-23T23:01:01.806524,True,0.406,0.570,17.52,False
4023,2026-09-23T23:01:01.859605,True,0.770,0.624,17.02,False
4023,2026-09-23T23:01:01.859605,True,0.211,0.512,17.02,False
4024,2026-09-23T23:01:01.898158,True,0.770,0.585,16.53,False
4024,2026-09-23T23:01:01.898158,True,0.211,0.473,16.53,False
4025,2026-09-23T23:01:01.928384,True,0.738,0.540,17.53,False
4025,2026-09-23T23:01:01.928384,True,0.281,0.442,17.53,False
4026,2026-09-23T23:01:01.958904,True,0.738,0.548,16.51,False
4026,2026-09-23T23:01:01.958904,True,0.281,0.450,16.51,False
4027,2026-09-23T23:01:01.989956,True,0.738,0.555,16.53,False
4027,2026-09-23T23:01:01.990958,True,0.184,0.445,16.53,False
4028,2026-09-23T23:01:02.022276,True,0.738,0.536,17.02,False
4028,2026-09-23T23:01:02.022276,True,0.184,0.425,17.02,False
4029,2026-09-23T23:01:02.054228,True,0.738,0.516,16.64,False
4030,2026-09-23T23:01:02.083312,True,0.738,0.516,17.05,False
4031,2026-09-23T23:01:02.114910,True,0.801,0.640,17.02,False
4031,2026-09-23T23:01:02.114910,True,0.387,0.570,17.02,False
4032,2026-09-23T23:01:02.148447,True,0.801,0.693,17.52,False
4032,2026-09-23T23:01:02.148447,True,0.387,0.623,17.52,False
4033,2026-09-23T23:01:02.180475,True,0.801,0.635,18.02,False
4033,2026-09-23T23:01:02.180475,True,0.363,0.548,18.02,False
4034,2026-09-23T23:01:02.209230,True,0.801,0.630,17.52,False
4034,2026-09-23T23:01:02.209230,True,0.363,0.543,17.52,False
4035,2026-09-23T23:01:02.259399,True,0.738,0.613,17.03,False
4035,2026-09-23T23:01:02.259399,True,0.500,0.553,17.03,False
4036,2026-09-23T23:01:02.301945,True,0.738,0.628,16.52,False
4036,2026-09-23T23:01:02.301945,True,0.500,0.568,16.52,False
4037,2026-09-23T23:01:02.331994,True,0.738,0.643,17.01,False
4037,2026-09-23T23:01:02.331994,True,0.320,0.559,17.01,False
4038,2026-09-23T23:01:02.365063,True,0.738,0.607,17.56,False
4038,2026-09-23T23:01:02.365063,True,0.320,0.523,17.56,False
4039,2026-09-23T23:01:02.394598,True,0.738,0.571,17.03,False
4039,2026-09-23T23:01:02.394598,True,0.363,0.496,17.03,False
4040,2026-09-23T23:01:02.426639,True,0.738,0.580,17.02,False
4040,2026-09-23T23:01:02.426639,True,0.363,0.505,17.02,False
4041,2026-09-23T23:01:02.456682,True,0.699,0.580,16.52,False
4041,2026-09-23T23:01:02.457683,True,0.363,0.505,16.52,False
4042,2026-09-23T23:01:02.488792,True,0.699,0.573,16.05,False
4042,2026-09-23T23:01:02.488792,True,0.363,0.498,16.05,False
4043,2026-09-23T23:01:02.520823,True,0.637,0.552,17.51,False
4043,2026-09-23T23:01:02.520823,True,0.523,0.517,17.51,False
4044,2026-09-23T23:01:02.552362,True,0.637,0.572,17.01,False
4044,2026-09-23T23:01:02.552362,True,0.523,0.537,17.01,False
4045,2026-09-23T23:01:02.596477,True,0.477,0.559,17.03,False
4045,2026-09-23T23:01:02.596477,True,0.387,0.509,17.03,False
4046,2026-09-23T23:01:02.629690,True,0.477,0.500,17.03,False
4046,2026-09-23T23:01:02.629690,True,0.387,0.450,17.03,False
4047,2026-09-23T23:01:02.660258,True,0.184,0.382,17.04,False
4047,2026-09-23T23:01:02.660258,True,0.156,0.318,17.04,False
4048,2026-09-23T23:01:02.692125,True,0.184,0.277,16.52,False
4048,2026-09-23T23:01:02.692125,True,0.156,0.213,16.52,False
4049,2026-09-23T23:01:02.722224,True,0.230,0.182,16.58,False
4049,2026-09-23T23:01:02.723224,True,0.211,0.188,16.58,False
4050,2026-09-23T23:01:02.756319,True,0.230,0.202,17.06,False
4050,2026-09-23T23:01:02.756319,True,0.211,0.208,17.06,False
4051,2026-09-23T23:01:02.790851,False,,,17.52,False
4052,2026-09-23T23:01:02.831085,False,,,17.52,False
4053,2026-09-23T23:01:02.861612,False,,,17.01,False
4054,2026-09-23T23:01:02.892192,False,,,16.57,False
4055,2026-09-23T23:01:02.925544,False,,,17.08,False
4056,2026-09-23T23:01:02.952667,False,,,17.11,False
4057,2026-09-23T23:01:02.994493,True,0.199,0.216,17.03,False
4058,2026-09-23T23:01:03.029522,True,0.199,0.210,17.02,False
4059,2026-09-23T23:01:03.065136,True,0.301,0.228,17.60,False
4059,2026-09-23T23:01:03.065136,True,0.281,0.238,17.60,False
4060,2026-09-23T23:01:03.106853,True,0.301,0.256,17.53,False
4060,2026-09-23T23:01:03.106853,True,0.281,0.273,17.53,False
4061,2026-09-23T23:01:03.142472,True,0.320,0.297,17.01,False
4061,2026-09-23T23:01:03.142472,True,0.281,0.293,17.01,False
4062,2026-09-23T23:01:03.174521,True,0.320,0.301,17.03,False
4062,2026-09-23T23:01:03.174521,True,0.281,0.297,17.03,False
4063,2026-09-23T23:01:03.215013,True,0.453,0.331,16.56,False
4063,2026-09-23T23:01:03.215013,True,0.230,0.313,16.56,False
4064,2026-09-23T23:01:03.246549,True,0.453,0.348,17.02,False
4064,2026-09-23T23:01:03.246549,True,0.230,0.330,17.02,False
4065,2026-09-23T23:01:03.278579,True,0.453,0.364,17.53,False
4065,2026-09-23T23:01:03.278579,True,0.156,0.305,17.53,False
4066,2026-09-23T23:01:03.309218,True,0.453,0.349,17.12,False
4066,2026-09-23T23:01:03.309218,True,0.156,0.290,17.12,False
4067,2026-09-23T23:01:03.340467,True,0.523,0.348,17.05,False
4067,2026-09-23T23:01:03.340467,True,0.281,0.314,17.05,False
4067,2026-09-23T23:01:03.340467,True,0.184,0.320,17.05,False
4068,2026-09-23T23:01:03.369999,True,0.523,0.334,16.52,False
4068,2026-09-23T23:01:03.369999,True,0.281,0.359,16.52,False
4068,2026-09-23T23:01:03.371000,True,0.184,0.291,16.52,False
4069,2026-09-23T23:01:03.404542,True,0.500,0.334,17.02,False
4069,2026-09-23T23:01:03.404542,True,0.281,0.354,17.02,False
4070,2026-09-23T23:01:03.435587,True,0.500,0.349,17.53,False
4070,2026-09-23T23:01:03.435587,True,0.281,0.349,17.53,False
4071,2026-09-23T23:01:03.464119,True,0.387,0.390,17.52,False
4071,2026-09-23T23:01:03.464119,True,0.211,0.332,17.52,False
4072,2026-09-23T23:01:03.494656,True,0.387,0.353,17.03,False
4072,2026-09-23T23:01:03.494656,True,0.211,0.295,17.03,False
4073,2026-09-23T23:01:03.524694,True,0.320,0.303,17.02,False
4073,2026-09-23T23:01:03.524694,True,0.262,0.278,17.02,False
4074,2026-09-23T23:01:03.556267,True,0.320,0.300,17.02,False
4074,2026-09-23T23:01:03.556267,True,0.262,0.275,17.02,False
4075,2026-09-23T23:01:03.588802,True,0.246,0.282,17.52,False
4075,2026-09-23T23:01:03.588802,True,0.230,0.264,17.52,False
4076,2026-09-23T23:01:03.621841,True,0.246,0.261,17.02,False
4076,2026-09-23T23:01:03.621841,True,0.230,0.243,17.02,False
4077,2026-09-23T23:01:03.652372,True,0.246,0.240,17.01,False
4077,2026-09-23T23:01:03.652372,True,0.168,0.224,17.01,False
4078,2026-09-23T23:01:03.680930,True,0.246,0.227,17.52,False
4078,2026-09-23T23:01:03.680930,True,0.168,0.212,17.52,False
4079,2026-09-23T23:01:03.730535,True,0.230,0.212,16.51,False
4079,2026-09-23T23:01:03.730535,True,0.211,0.205,16.51,False
4080,2026-09-23T23:01:03.758559,True,0.230,0.217,17.02,False
4080,2026-09-23T23:01:03.758559,True,0.211,0.210,17.02,False
4081,2026-09-23T23:01:03.794614,True,0.363,0.249,17.03,False
4081,2026-09-23T23:01:03.794614,True,0.199,0.243,17.03,False
4082,2026-09-23T23:01:03.837654,True,0.363,0.273,18.52,False
4082,2026-09-23T23:01:03.837654,True,0.199,0.267,18.52,False
4083,2026-09-23T23:01:03.869032,True,0.406,0.306,17.53,False
4084,2026-09-23T23:01:03.896566,True,0.406,0.315,17.02,False
4085,2026-09-23T23:01:03.928216,True,0.344,0.344,17.53,False
4086,2026-09-23T23:01:03.958723,True,0.344,0.340,17.49,False
4087,2026-09-23T23:01:03.988305,True,0.387,0.377,17.03,False
4087,2026-09-23T23:01:03.988305,True,0.184,0.333,17.03,False
4088,2026-09-23T23:01:04.020228,True,0.387,0.329,17.02,False
4088,2026-09-23T23:01:04.020228,True,0.184,0.297,17.02,False
4089,2026-09-23T23:01:04.066841,True,0.281,0.284,17.02,False
4090,2026-09-23T23:01:04.098886,True,0.281,0.263,19.54,False
4091,2026-09-23T23:01:04.130911,True,0.184,0.263,17.02,False
4092,2026-09-23T23:01:04.158934,True,0.184,0.223,16.51,False
4093,2026-09-23T23:01:04.194701,False,,,17.24,False
4094,2026-09-23T23:01:04.235336,False,,,17.04,False
4095,2026-09-23T23:01:04.269199,True,0.230,0.232,18.53,False
4095,2026-09-23T23:01:04.269199,True,0.168,0.209,18.53,False
4096,2026-09-23T23:01:04.301443,True,0.230,0.199,18.23,False
4096,2026-09-23T23:01:04.301443,True,0.168,0.196,18.23,False
4097,2026-09-23T23:01:04.330498,True,0.363,0.232,18.03,False
4098,2026-09-23T23:01:04.360671,True,0.363,0.259,17.08,False
4099,2026-09-23T23:01:04.393435,True,0.262,0.277,19.02,False
4099,2026-09-23T23:01:04.393435,True,0.199,0.271,19.02,False
4100,2026-09-23T23:01:04.422177,True,0.262,0.290,17.51,False
4100,2026-09-23T23:01:04.422177,True,0.199,0.257,17.51,False
4101,2026-09-23T23:01:04.468387,True,0.281,0.241,17.09,False
4101,2026-09-23T23:01:04.468387,True,0.211,0.230,17.09,False
4102,2026-09-23T23:01:04.499939,True,0.281,0.247,16.52,False
4102,2026-09-23T23:01:04.499939,True,0.211,0.237,16.52,False
4103,2026-09-23T23:01:04.530970,True,0.344,0.266,17.02,False
4103,2026-09-23T23:01:04.530970,True,0.199,0.249,17.02,False
4104,2026-09-23T23:01:04.560398,True,0.344,0.276,16.92,False
4104,2026-09-23T23:01:04.561398,True,0.199,0.259,16.92,False
4105,2026-09-23T23:01:04.596447,True,0.230,0.263,17.03,False
4105,2026-09-23T23:01:04.596447,True,0.211,0.237,17.03,False
4106,2026-09-23T23:01:04.635698,True,0.230,0.243,17.52,False
4106,2026-09-23T23:01:04.635698,True,0.211,0.216,17.52,False
4107,2026-09-23T23:01:04.668234,True,0.246,0.226,17.52,False
4108,2026-09-23T23:01:04.700800,True,0.246,0.229,17.52,False
4109,2026-09-23T23:01:04.730827,True,0.547,0.296,17.02,False
4110,2026-09-23T23:01:04.761601,True,0.547,0.359,17.21,False
4111,2026-09-23T23:01:04.793365,True,0.406,0.398,17.75,False
4112,2026-09-23T23:01:04.825400,True,0.406,0.430,18.01,False
4113,2026-09-23T23:01:04.867967,True,0.363,0.454,18.03,False
4114,2026-09-23T23:01:04.901005,True,0.363,0.417,17.52,False
4115,2026-09-23T23:01:04.932183,True,0.199,0.348,17.01,False
4116,2026-09-23T23:01:04.963864,True,0.199,0.306,17.70,False
4117,2026-09-23T23:01:04.997406,False,,,18.03,False
4118,2026-09-23T23:01:05.024512,False,,,17.52,False
4119,2026-09-23T23:01:05.059606,True,0.301,0.285,17.07,False
4120,2026-09-23T23:01:05.102200,True,0.301,0.273,17.51,False
4121,2026-09-23T23:01:05.132157,True,0.230,0.246,17.02,False
4121,2026-09-23T23:01:05.132157,True,0.211,0.248,17.02,False
4122,2026-09-23T23:01:05.163353,True,0.230,0.255,17.68,False
4122,2026-09-23T23:01:05.163857,True,0.211,0.237,17.68,False
4123,2026-09-23T23:01:05.205408,True,0.387,0.254,18.03,False
4123,2026-09-23T23:01:05.205408,True,0.320,0.272,18.03,False
4124,2026-09-23T23:01:05.243445,True,0.387,0.307,18.03,False
4124,2026-09-23T23:01:05.243445,True,0.320,0.325,18.03,False
4125,2026-09-23T23:01:05.275547,True,0.387,0.360,18.03,False
4125,2026-09-23T23:01:05.275547,True,0.301,0.343,18.03,False
4126,2026-09-23T23:01:05.307633,True,0.387,0.356,20.07,False
4126,2026-09-23T23:01:05.307633,True,0.301,0.339,20.07,False
4127,2026-09-23T23:01:05.334345,True,0.453,0.366,17.20,False
4127,2026-09-23T23:01:05.334345,True,0.230,0.334,17.20,False
4128,2026-09-23T23:01:05.366874,True,0.453,0.365,17.52,False
4128,2026-09-23T23:01:05.366874,True,0.230,0.334,17.52,False
4129,2026-09-23T23:01:05.397407,True,0.523,0.378,18.02,False
4129,2026-09-23T23:01:05.397407,True,0.246,0.337,18.02,False
4130,2026-09-23T23:01:05.426653,True,0.523,0.395,17.03,False
4130,2026-09-23T23:01:05.426653,True,0.246,0.354,17.03,False
4131,2026-09-23T23:01:05.459277,True,0.363,0.380,17.07,False
4131,2026-09-23T23:01:05.459277,True,0.199,0.316,17.07,False
4132,2026-09-23T23:01:05.489832,True,0.363,0.339,17.53,False
4132,2026-09-23T23:01:05.489832,True,0.199,0.274,17.53,False
4133,2026-09-23T23:01:05.525316,True,0.453,0.316,18.02,False
4133,2026-09-23T23:01:05.525316,True,0.168,0.277,18.02,False
4134,2026-09-23T23:01:05.567970,True,0.453,0.327,17.57,False
4134,2026-09-23T23:01:05.567970,True,0.168,0.288,17.57,False
4135,2026-09-23T23:01:05.606689,True,0.320,0.312,18.03,False
4135,2026-09-23T23:01:05.606689,True,0.246,0.271,18.03,False
4136,2026-09-23T23:01:05.645782,True,0.320,0.302,17.52,False
4136,2026-09-23T23:01:05.645782,True,0.246,0.260,17.52,False
4137,2026-09-23T23:01:05.676331,True,0.387,0.304,18.02,False
4137,2026-09-23T23:01:05.676331,True,0.230,0.286,18.02,False
4138,2026-09-23T23:01:05.707405,True,0.387,0.314,18.06,False
4138,2026-09-23T23:01:05.707405,True,0.230,0.296,18.06,False
4139,2026-09-23T23:01:05.741526,True,0.406,0.328,17.02,False
4139,2026-09-23T23:01:05.741526,True,0.320,0.315,17.02,False
4140,2026-09-23T23:01:05.768602,True,0.406,0.350,17.88,False
4140,2026-09-23T23:01:05.768602,True,0.320,0.337,17.88,False
4141,2026-09-23T23:01:05.800244,True,0.406,0.372,18.52,False
4141,2026-09-23T23:01:05.800244,True,0.156,0.322,18.52,False
4142,2026-09-23T23:01:05.831338,True,0.406,0.339,18.07,False
4142,2026-09-23T23:01:05.831338,True,0.156,0.289,18.07,False
4143,2026-09-23T23:01:05.863413,True,0.387,0.302,19.02,False
4143,2026-09-23T23:01:05.863413,True,0.156,0.252,19.02,False
4144,2026-09-23T23:01:05.894948,True,0.387,0.298,17.52,False
4144,2026-09-23T23:01:05.894948,True,0.156,0.248,17.52,False
4145,2026-09-23T23:01:05.940226,True,0.406,0.298,18.25,False
4145,2026-09-23T23:01:05.940226,True,0.199,0.261,18.25,False
4146,2026-09-23T23:01:05.970857,True,0.406,0.311,17.51,False
4146,2026-09-23T23:01:05.970857,True,0.199,0.273,17.51,False
4147,2026-09-23T23:01:06.005438,True,0.301,0.302,18.07,False
4147,2026-09-23T23:01:06.005438,True,0.168,0.255,18.07,False
4148,2026-09-23T23:01:06.033466,True,0.301,0.275,17.51,False
4148,2026-09-23T23:01:06.033466,True,0.168,0.227,17.51,False
4149,2026-09-23T23:01:06.068112,True,0.262,0.240,17.54,False
4149,2026-09-23T23:01:06.068112,True,0.246,0.229,17.54,False
4150,2026-09-23T23:01:06.110718,True,0.262,0.248,17.09,False
4150,2026-09-23T23:01:06.110718,True,0.246,0.237,17.09,False
4151,2026-09-23T23:01:06.141901,True,0.320,0.267,17.01,False
4151,2026-09-23T23:01:06.141901,True,0.246,0.264,17.01,False
4152,2026-09-23T23:01:06.171928,True,0.320,0.279,16.50,False
4152,2026-09-23T23:01:06.171928,True,0.246,0.276,16.50,False
4153,2026-09-23T23:01:06.205431,True,0.363,0.299,17.98,False
4154,2026-09-23T23:01:06.235459,True,0.363,0.308,17.52,False
4155,2026-09-23T23:01:06.271820,True,0.230,0.305,17.51,False
4156,2026-09-23T23:01:06.314985,True,0.230,0.287,17.63,False
4157,2026-09-23T23:01:06.345518,True,0.406,0.319,18.02,False
4158,2026-09-23T23:01:06.375651,True,0.406,0.327,17.03,False
4159,2026-09-23T23:01:06.406720,True,0.363,0.327,17.52,False
4160,2026-09-23T23:01:06.438549,True,0.363,0.354,17.16,False
4161,2026-09-23T23:01:06.473571,True,0.262,0.360,18.01,False
4162,2026-09-23T23:01:06.501099,True,0.262,0.331,18.02,False
4163,2026-09-23T23:01:06.532141,True,0.320,0.314,18.02,False
4163,2026-09-23T23:01:06.532141,True,0.168,0.275,18.02,False
4164,2026-09-23T23:01:06.562670,True,0.320,0.266,18.01,False
4164,2026-09-23T23:01:06.562670,True,0.168,0.248,18.01,False
4165,2026-09-23T23:01:06.595215,True,0.230,0.241,17.52,False
4165,2026-09-23T23:01:06.595215,True,0.156,0.209,17.52,False
4166,2026-09-23T23:01:06.625432,True,0.230,0.221,18.01,False
4166,2026-09-23T23:01:06.625432,True,0.156,0.188,18.01,False
4167,2026-09-23T23:01:06.674482,True,0.184,0.191,17.02,False
4167,2026-09-23T23:01:06.675482,True,0.156,0.177,17.02,False
4168,2026-09-23T23:01:06.705517,True,0.184,0.182,18.02,False
4168,2026-09-23T23:01:06.705517,True,0.156,0.167,18.02,False
4169,2026-09-23T23:01:06.739543,True,0.230,0.182,17.52,False
4169,2026-09-23T23:01:06.739543,True,0.230,0.191,17.52,False
4170,2026-09-23T23:01:06.780578,True,0.230,0.206,18.02,False
4170,2026-09-23T23:01:06.780578,True,0.230,0.216,18.02,False
4171,2026-09-23T23:01:06.811612,True,0.387,0.262,18.02,False
4171,2026-09-23T23:01:06.811612,True,0.230,0.262,18.02,False
4171,2026-09-23T23:01:06.811612,True,0.168,0.249,18.02,False
4172,2026-09-23T23:01:06.842637,True,0.387,0.280,17.01,False
4172,2026-09-23T23:01:06.843641,True,0.230,0.280,17.01,False
4172,2026-09-23T23:01:06.843641,True,0.168,0.237,17.01,False
4173,2026-09-23T23:01:06.875675,True,0.262,0.243,18.02,False
4173,2026-09-23T23:01:06.875675,True,0.199,0.249,18.02,False
4173,2026-09-23T23:01:06.875675,True,0.184,0.209,18.02,False
4174,2026-09-23T23:01:06.905708,True,0.262,0.215,18.02,False
4174,2026-09-23T23:01:06.905708,True,0.199,0.221,18.02,False
4174,2026-09-23T23:01:06.905708,True,0.184,0.205,18.02,False
4175,2026-09-23T23:01:06.935838,True,0.387,0.243,17.52,False
4176,2026-09-23T23:01:06.980956,True,0.387,0.284,17.53,False
4177,2026-09-23T23:01:07.013453,True,0.363,0.304,17.97,False
4177,2026-09-23T23:01:07.013453,True,0.168,0.298,17.97,False
4178,2026-09-23T23:01:07.043490,True,0.363,0.334,18.02,False
4178,2026-09-23T23:01:07.043490,True,0.168,0.290,18.02,False
4179,2026-09-23T23:01:07.075615,True,0.363,0.285,17.08,False
4179,2026-09-23T23:01:07.075615,True,0.156,0.244,17.08,False
4180,2026-09-23T23:01:07.106665,True,0.363,0.283,17.52,False
4180,2026-09-23T23:01:07.106665,True,0.156,0.241,17.52,False
4181,2026-09-23T23:01:07.140214,True,0.430,0.294,18.03,False
4182,2026-09-23T23:01:07.180978,True,0.430,0.307,17.73,False
4183,2026-09-23T23:01:07.213523,True,0.320,0.340,18.02,False
4184,2026-09-23T23:01:07.243579,True,0.320,0.331,18.02,False
4185,2026-09-23T23:01:07.274458,True,0.363,0.373,18.02,False
4185,2026-09-23T23:01:07.274458,True,0.168,0.320,18.02,False
4186,2026-09-23T23:01:07.306492,True,0.363,0.307,18.02,False
4186,2026-09-23T23:01:07.306492,True,0.168,0.277,18.02,False
4187,2026-09-23T23:01:07.341638,True,0.430,0.298,18.13,False
4187,2026-09-23T23:01:07.341638,True,0.262,0.278,18.13,False
4188,2026-09-23T23:01:07.382177,True,0.430,0.330,18.02,False
4188,2026-09-23T23:01:07.382177,True,0.262,0.310,18.02,False
4189,2026-09-23T23:01:07.413919,True,0.523,0.381,17.62,False
4190,2026-09-23T23:01:07.444949,True,0.523,0.400,17.52,False
4191,2026-09-23T23:01:07.475500,True,0.500,0.448,17.03,False
4192,2026-09-23T23:01:07.508287,True,0.500,0.462,17.52,False
4193,2026-09-23T23:01:07.538325,True,0.500,0.509,17.53,False
4194,2026-09-23T23:01:07.571951,True,0.387,0.482,17.51,False
4194,2026-09-23T23:01:07.571951,True,0.199,0.417,17.51,False
4195,2026-09-23T23:01:07.606240,True,0.387,0.395,17.52,False
4196,2026-09-23T23:01:07.648859,True,0.387,0.372,18.07,False
4197,2026-09-23T23:01:07.679377,True,0.430,0.358,17.01,False
4198,2026-09-23T23:01:07.711424,True,0.430,0.366,17.02,False
4199,2026-09-23T23:01:07.740456,True,0.430,0.412,17.02,False
4200,2026-09-23T23:01:07.772171,True,0.430,0.421,17.52,False
4201,2026-09-23T23:01:07.810536,True,0.406,0.425,17.02,False
4201,2026-09-23T23:01:07.810536,True,0.387,0.416,17.02,False
4202,2026-09-23T23:01:07.848381,True,0.406,0.412,17.33,False
4202,2026-09-23T23:01:07.848381,True,0.387,0.403,17.33,False
4203,2026-09-23T23:01:07.879425,True,0.387,0.395,17.02,False
4204,2026-09-23T23:01:07.911586,True,0.387,0.391,18.13,False
4205,2026-09-23T23:01:07.964956,True,0.387,0.391,17.42,False
4206,2026-09-23T23:01:08.006476,True,0.430,0.395,17.52,False
4206,2026-09-23T23:01:08.006476,True,0.230,0.364,17.52,False
4207,2026-09-23T23:01:08.033644,True,0.406,0.368,17.66,False
4208,2026-09-23T23:01:08.067194,True,0.406,0.372,18.03,False
4209,2026-09-23T23:01:08.095665,True,0.387,0.372,17.03,False
4210,2026-09-23T23:01:08.126487,True,0.387,0.363,18.03,False
4211,2026-09-23T23:01:08.156517,True,0.363,0.390,17.02,False
4212,2026-09-23T23:01:08.189124,True,0.363,0.381,18.10,False
4213,2026-09-23T23:01:08.217162,True,0.363,0.373,18.03,False
4214,2026-09-23T23:01:08.249712,True,0.363,0.368,18.03,False
4215,2026-09-23T23:01:08.280455,True,0.363,0.363,18.24,False
4216,2026-09-23T23:01:08.310505,True,0.320,0.355,17.02,False
4217,2026-09-23T23:01:08.341554,True,0.320,0.346,18.02,False
4218,2026-09-23T23:01:08.373588,True,0.387,0.351,16.51,False
4219,2026-09-23T23:01:08.406641,True,0.406,0.359,17.52,False
4220,2026-09-23T23:01:08.449005,True,0.406,0.368,17.84,False
4221,2026-09-23T23:01:08.479547,True,0.363,0.377,17.03,False
4222,2026-09-23T23:01:08.511671,True,0.363,0.385,18.02,False
4223,2026-09-23T23:01:08.548286,False,,,17.59,False
4224,2026-09-23T23:01:08.590447,False,,,17.13,False
4225,2026-09-23T23:01:08.622479,True,0.246,0.357,17.28,False
4225,2026-09-23T23:01:08.622479,True,0.199,0.316,17.28,False
4226,2026-09-23T23:01:08.652009,True,0.246,0.284,17.51,False
4226,2026-09-23T23:01:08.652009,True,0.199,0.251,17.51,False
4227,2026-09-23T23:01:08.682033,True,0.246,0.227,17.01,False
4227,2026-09-23T23:01:08.682033,True,0.199,0.218,17.01,False
4228,2026-09-23T23:01:08.715128,True,0.301,0.238,17.58,False
4229,2026-09-23T23:01:08.744654,True,0.301,0.249,17.02,False
4230,2026-09-23T23:01:08.779686,True,0.230,0.255,18.02,False
4230,2026-09-23T23:01:08.779686,True,0.211,0.248,18.02,False
4231,2026-09-23T23:01:08.813554,True,0.246,0.258,18.02,False
4231,2026-09-23T23:01:08.813554,True,0.168,0.231,18.02,False
4232,2026-09-23T23:01:08.855439,True,0.246,0.220,18.06,False
4232,2026-09-23T23:01:08.855439,True,0.168,0.208,18.06,False
4233,2026-09-23T23:01:08.884488,True,0.184,0.202,18.54,False
4234,2026-09-23T23:01:08.916148,True,0.184,0.190,17.04,False
4235,2026-09-23T23:01:08.948234,True,0.262,0.209,17.58,False
4236,2026-09-23T23:01:08.978352,True,0.262,0.212,17.01,False
4237,2026-09-23T23:01:09.011389,True,0.262,0.230,17.02,False
4238,2026-09-23T23:01:09.040428,False,,,17.02,False
4239,2026-09-23T23:01:09.074539,False,,,17.08,False
4240,2026-09-23T23:01:09.104506,True,0.406,0.275,17.01,False
4240,2026-09-23T23:01:09.104506,True,0.168,0.272,17.01,False
4241,2026-09-23T23:01:09.135552,True,0.406,0.301,17.53,False
4241,2026-09-23T23:01:09.135552,True,0.168,0.282,17.53,False
4242,2026-09-23T23:01:09.166091,False,,,18.03,False
4243,2026-09-23T23:01:09.204557,False,,,17.61,False
4244,2026-09-23T23:01:09.241089,False,,,17.52,False
4245,2026-09-23T23:01:09.284203,False,,,18.13,False
4246,2026-09-23T23:01:09.316019,False,,,17.53,False
4247,2026-09-23T23:01:09.348655,False,,,18.13,False
4248,2026-09-23T23:01:09.378571,False,,,17.53,False
4249,2026-09-23T23:01:09.410247,False,,,17.02,False
4250,2026-09-23T23:01:09.440491,False,,,17.02,False
4251,2026-09-23T23:01:09.474538,False,,,19.02,False
4252,2026-09-23T23:01:09.517710,False,,,18.52,False
4253,2026-09-23T23:01:09.546293,False,,,17.08,False
4254,2026-09-23T23:01:09.575394,False,,,17.02,False
4255,2026-09-23T23:01:09.611441,True,0.184,0.266,20.52,False
4256,2026-09-23T23:01:09.655484,True,0.184,0.222,18.02,False
4257,2026-09-23T23:01:09.685595,True,0.184,0.225,17.60,False
4258,2026-09-23T23:01:09.716969,True,0.184,0.180,17.57,False
4259,2026-09-23T23:01:09.748084,False,,,17.61,False
4260,2026-09-23T23:01:09.777620,False,,,17.03,False
4261,2026-09-23T23:01:09.807673,False,,,17.02,False
4262,2026-09-23T23:01:09.841512,False,,,17.54,False
4263,2026-09-23T23:01:09.873558,False,,,18.02,False
4264,2026-09-23T23:01:09.901183,False,,,17.61,False
4265,2026-09-23T23:01:09.930995,False,,,17.52,False
4266,2026-09-23T23:01:09.971800,False,,,16.51,False
4267,2026-09-23T23:01:10.018856,False,,,17.02,False
4268,2026-09-23T23:01:10.056453,False,,,17.08,False
4269,2026-09-23T23:01:10.088509,False,,,17.54,False
4270,2026-09-23T23:01:10.117034,False,,,18.01,False
4271,2026-09-23T23:01:10.147427,False,,,17.88,False
4272,2026-09-23T23:01:10.178373,True,0.301,0.207,17.53,False
4272,2026-09-23T23:01:10.178373,True,0.184,0.207,17.53,False
4273,2026-09-23T23:01:10.210520,True,0.301,0.230,17.12,False
4273,2026-09-23T23:01:10.210520,True,0.184,0.230,17.12,False
4274,2026-09-23T23:01:10.241553,True,0.387,0.271,18.02,False
4274,2026-09-23T23:01:10.241553,True,0.211,0.253,18.02,False
4275,2026-09-23T23:01:10.273598,True,0.387,0.294,18.02,False
4275,2026-09-23T23:01:10.273598,True,0.211,0.276,18.02,False
4276,2026-09-23T23:01:10.301136,True,0.363,0.312,17.53,False
4276,2026-09-23T23:01:10.301136,True,0.184,0.271,17.53,False
4277,2026-09-23T23:01:10.332161,True,0.363,0.302,18.01,False
4277,2026-09-23T23:01:10.332161,True,0.184,0.261,18.01,False
4278,2026-09-23T23:01:10.365211,True,0.211,0.261,18.03,False
4279,2026-09-23T23:01:10.418822,False,,,17.01,False
4280,2026-09-23T23:01:10.457386,False,,,17.04,False
4281,2026-09-23T23:01:10.488923,False,,,18.03,False
4282,2026-09-23T23:01:10.516037,False,,,17.52,False
4283,2026-09-23T23:01:10.549351,False,,,17.52,False
4284,2026-09-23T23:01:10.579459,False,,,18.03,False
4285,2026-09-23T23:01:10.610994,False,,,17.50,False
4286,2026-09-23T23:01:10.640540,False,,,17.02,False
4287,2026-09-23T23:01:10.673581,False,,,18.02,False
4288,2026-09-23T23:01:10.700971,True,0.301,0.248,17.52,False
4289,2026-09-23T23:01:10.731521,True,0.301,0.272,17.54,False
4290,2026-09-23T23:01:10.764050,False,,,19.48,False
4291,2026-09-23T23:01:10.819256,False,,,17.52,False
4292,2026-09-23T23:01:10.852313,False,,,17.01,False
4293,2026-09-23T23:01:10.884697,False,,,17.53,False
4294,2026-09-23T23:01:10.914825,False,,,17.61,False
4295,2026-09-23T23:01:10.947362,False,,,18.03,False
4296,2026-09-23T23:01:10.977470,False,,,17.02,False
4297,2026-09-23T23:01:11.007280,False,,,17.52,False
4298,2026-09-23T23:01:11.040316,True,0.523,0.304,17.52,False
4299,2026-09-23T23:01:11.088851,True,0.523,0.372,17.51,False
4300,2026-09-23T23:01:11.130885,True,0.406,0.411,17.52,False
4301,2026-09-23T23:01:11.161444,True,0.406,0.432,17.02,False
4302,2026-09-23T23:01:11.190976,True,0.430,0.458,17.52,False
4303,2026-09-23T23:01:11.223602,True,0.430,0.439,17.57,False
4304,2026-09-23T23:01:11.255686,True,0.430,0.420,18.07,False
4305,2026-09-23T23:01:11.285277,True,0.430,0.425,18.06,False
4306,2026-09-23T23:01:11.315854,True,0.246,0.393,17.01,False
4307,2026-09-23T23:01:11.346581,True,0.246,0.356,17.22,False
4308,2026-09-23T23:01:11.376623,False,,,17.03,False
4309,2026-09-23T23:01:11.406713,False,,,17.52,False
4310,2026-09-23T23:01:11.438766,False,,,17.52,False
4311,2026-09-23T23:01:11.471862,False,,,17.51,False
4312,2026-09-23T23:01:11.500788,False,,,17.41,False
4313,2026-09-23T23:01:11.531817,False,,,18.02,False
4314,2026-09-23T23:01:11.566069,False,,,17.65,False
4315,2026-09-23T23:01:11.594600,False,,,17.03,False
4316,2026-09-23T23:01:11.625630,True,0.281,0.327,18.02,False
4317,2026-09-23T23:01:11.657664,True,0.281,0.297,17.02,False
4318,2026-09-23T23:01:11.688792,True,0.199,0.251,17.55,False
4319,2026-09-23T23:01:11.719833,True,0.199,0.241,18.03,False
4320,2026-09-23T23:01:11.750911,True,0.453,0.283,17.56,False
4321,2026-09-23T23:01:11.781937,True,0.453,0.317,17.01,False
4322,2026-09-23T23:01:11.815050,False,,,17.60,False
4323,2026-09-23T23:01:11.844589,False,,,17.02,False
4324,2026-09-23T23:01:11.891344,False,,,17.74,False
4325,2026-09-23T23:01:11.930947,False,,,19.57,False
4326,2026-09-23T23:01:11.970053,False,,,17.53,False
4327,2026-09-23T23:01:12.001864,False,,,17.28,False
4328,2026-09-23T23:01:12.031894,False,,,17.02,False
4329,2026-09-23T23:01:12.065063,False,,,17.65,False
4330,2026-09-23T23:01:12.105612,False,,,17.52,False
4331,2026-09-23T23:01:12.144651,False,,,17.02,False
4332,2026-09-23T23:01:12.175674,False,,,18.01,False
4333,2026-09-23T23:01:12.205708,False,,,17.52,False
4334,2026-09-23T23:01:12.238244,False,,,17.52,False
4335,2026-09-23T23:01:12.268222,False,,,17.52,False
4336,2026-09-23T23:01:12.300762,True,0.156,0.292,17.50,False
4337,2026-09-23T23:01:12.331290,True,0.156,0.284,18.02,False
4338,2026-09-23T23:01:12.363316,True,0.184,0.280,18.01,False
4339,2026-09-23T23:01:12.393323,True,0.184,0.227,17.99,False
4340,2026-09-23T23:01:12.423405,True,0.168,0.170,18.07,False
4341,2026-09-23T23:01:12.456941,True,0.168,0.172,17.52,False
4342,2026-09-23T23:01:12.489996,False,,,18.03,False
4343,2026-09-23T23:01:12.517030,False,,,18.02,False
4344,2026-09-23T23:01:12.549241,True,0.168,0.174,17.52,False
4344,2026-09-23T23:01:12.549241,True,0.156,0.169,17.52,False
4345,2026-09-23T23:01:12.579773,True,0.168,0.166,17.52,False
4345,2026-09-23T23:01:12.579773,True,0.156,0.163,17.52,False
4346,2026-09-23T23:01:12.628545,False,,,18.03,False
4347,2026-09-23T23:01:12.657581,False,,,18.02,False
4348,2026-09-23T23:01:12.691114,True,0.281,0.186,17.52,False
4349,2026-09-23T23:01:12.732165,True,0.281,0.209,17.02,False
4350,2026-09-23T23:01:12.765205,True,0.363,0.250,18.03,False
4351,2026-09-23T23:01:12.797744,True,0.363,0.289,20.53,False
4352,2026-09-23T23:01:12.824846,True,0.211,0.300,17.59,False
4353,2026-09-23T23:01:12.856692,True,0.211,0.286,18.02,False
4354,2026-09-23T23:01:12.888778,True,0.344,0.298,17.57,False
4355,2026-09-23T23:01:12.916823,True,0.344,0.295,18.03,False
4356,2026-09-23T23:01:12.974383,True,0.246,0.271,17.67,False
4357,2026-09-23T23:01:13.008427,True,0.246,0.278,17.52,False
4358,2026-09-23T23:01:13.041467,False,,,17.02,False
4359,2026-09-23T23:01:13.070994,False,,,17.51,False
4360,2026-09-23T23:01:13.103533,True,0.301,0.296,18.02,False
4360,2026-09-23T23:01:13.103533,True,0.262,0.280,18.02,False
4361,2026-09-23T23:01:13.135567,True,0.301,0.271,17.53,False
4361,2026-09-23T23:01:13.135567,True,0.262,0.274,17.53,False
4362,2026-09-23T23:01:13.164121,True,0.406,0.306,17.51,False
4362,2026-09-23T23:01:13.164121,True,0.156,0.277,17.51,False
4363,2026-09-23T23:01:13.195658,True,0.406,0.306,17.03,False
4363,2026-09-23T23:01:13.195658,True,0.156,0.277,17.03,False
4364,2026-09-23T23:01:13.227687,True,0.523,0.330,20.01,False
4365,2026-09-23T23:01:13.257323,True,0.523,0.353,18.08,False
4366,2026-09-23T23:01:13.290864,True,0.500,0.422,17.52,False
4367,2026-09-23T23:01:13.322032,True,0.500,0.441,17.52,False
4368,2026-09-23T23:01:13.369064,True,0.406,0.491,20.03,False
4369,2026-09-23T23:01:13.408611,True,0.406,0.467,17.52,False
4370,2026-09-23T23:01:13.445640,False,,,18.02,False
4371,2026-09-23T23:01:13.475685,False,,,18.03,False
4372,2026-09-23T23:01:13.506360,True,0.184,0.399,18.03,False
4373,2026-09-23T23:01:13.538402,True,0.184,0.336,17.52,False
4374,2026-09-23T23:01:13.566044,False,,,17.50,False
4375,2026-09-23T23:01:13.597583,False,,,18.03,False
4376,2026-09-23T23:01:13.627692,False,,,17.03,False
4377,2026-09-23T23:01:13.660263,False,,,18.04,False
4378,2026-09-23T23:01:13.700070,True,0.168,0.270,18.04,False
4379,2026-09-23T23:01:13.735612,True,0.168,0.222,17.53,False
4380,2026-09-23T23:01:13.766274,True,0.168,0.174,18.02,False
4381,2026-09-23T23:01:13.796316,True,0.168,0.171,17.83,False
4382,2026-09-23T23:01:13.829360,False,,,18.02,False
4383,2026-09-23T23:01:13.859408,False,,,17.04,False
4384,2026-09-23T23:01:13.890941,False,,,17.52,False
4385,2026-09-23T23:01:13.928579,False,,,18.42,False
4386,2026-09-23T23:01:13.975648,False,,,18.03,False
4387,2026-09-23T23:01:14.011841,False,,,16.61,False
4388,2026-09-23T23:01:14.044888,False,,,17.52,False
4389,2026-09-23T23:01:14.076439,False,,,18.02,False
4390,2026-09-23T23:01:14.106477,False,,,17.02,False
4391,2026-09-23T23:01:14.144559,False,,,17.02,False
4392,2026-09-23T23:01:14.183592,False,,,17.51,False
4393,2026-09-23T23:01:14.217138,False,,,19.53,False
4394,2026-09-23T23:01:14.260178,False,,,17.52,False
4395,2026-09-23T23:01:14.290996,False,,,17.52,False
4396,2026-09-23T23:01:14.323269,True,0.453,0.225,18.01,False
4397,2026-09-23T23:01:14.357464,True,0.453,0.282,17.02,False
4398,2026-09-23T23:01:14.384246,True,0.406,0.330,17.27,False
4399,2026-09-23T23:01:14.416135,True,0.406,0.377,17.53,False
4400,2026-09-23T23:01:14.447168,True,0.387,0.421,17.53,False
4401,2026-09-23T23:01:14.478863,True,0.387,0.408,17.19,False
4402,2026-09-23T23:01:14.509461,True,0.281,0.373,17.03,False
4403,2026-09-23T23:01:14.541255,True,0.281,0.348,17.77,False
4404,2026-09-23T23:01:14.573315,True,0.344,0.336,18.01,False
4405,2026-09-23T23:01:14.605596,True,0.344,0.327,18.26,False
4406,2026-09-23T23:01:14.633689,True,0.387,0.327,17.57,False
4407,2026-09-23T23:01:14.664718,True,0.387,0.348,17.51,False
4408,2026-09-23T23:01:14.694256,True,0.301,0.352,17.03,False
4409,2026-09-23T23:01:14.725286,True,0.301,0.344,17.02,False
4410,2026-09-23T23:01:14.756818,True,0.168,0.309,17.52,False
4411,2026-09-23T23:01:14.789370,True,0.168,0.265,18.52,False
4412,2026-09-23T23:01:14.835623,True,0.344,0.256,17.52,False
4413,2026-09-23T23:01:14.865170,True,0.344,0.265,18.04,False
4414,2026-09-23T23:01:14.900023,True,0.320,0.269,17.84,False
4415,2026-09-23T23:01:14.932088,True,0.320,0.299,18.04,False
4416,2026-09-23T23:01:14.971243,True,0.344,0.334,18.13,False
4417,2026-09-23T23:01:15.001800,True,0.344,0.334,18.03,False
4418,2026-09-23T23:01:15.031832,True,0.211,0.308,17.02,False
4419,2026-09-23T23:01:15.065051,True,0.211,0.286,18.68,False
4420,2026-09-23T23:01:15.095305,True,0.406,0.303,17.75,False
4421,2026-09-23T23:01:15.126333,True,0.406,0.316,19.02,False
4422,2026-09-23T23:01:15.157869,True,0.199,0.287,18.52,False
4422,2026-09-23T23:01:15.157869,True,0.168,0.278,18.52,False
4423,2026-09-23T23:01:15.188418,True,0.199,0.276,19.53,False
4423,2026-09-23T23:01:15.188418,True,0.168,0.228,19.53,False
4424,2026-09-23T23:01:15.236425,True,0.230,0.193,18.52,False
4425,2026-09-23T23:01:15.280808,True,0.230,0.199,18.52,False
4426,2026-09-23T23:01:15.310459,False,,,17.12,False
4427,2026-09-23T23:01:15.341497,False,,,18.02,False
4428,2026-09-23T23:01:15.375551,True,0.184,0.202,20.03,False
4429,2026-09-23T23:01:15.406603,True,0.184,0.199,21.04,False
4430,2026-09-23T23:01:15.450155,False,,,19.02,False
4431,2026-09-23T23:01:15.479000,False,,,17.34,False
4432,2026-09-23T23:01:15.510604,False,,,17.54,False
4433,2026-09-23T23:01:15.541651,False,,,18.03,False
4434,2026-09-23T23:01:15.571236,False,,,17.54,False
4435,2026-09-23T23:01:15.601207,False,,,18.03,False
4436,2026-09-23T23:01:15.636383,False,,,18.08,False
4437,2026-09-23T23:01:15.679540,False,,,18.26,False
4438,2026-09-23T23:01:15.710595,False,,,18.54,False
4439,2026-09-23T23:01:15.741631,False,,,18.03,False
4440,2026-09-23T23:01:15.771192,False,,,17.53,False
4441,2026-09-23T23:01:15.801270,False,,,18.05,False
4442,2026-09-23T23:01:15.833358,False,,,18.52,False
4443,2026-09-23T23:01:15.862409,False,,,18.01,False
4444,2026-09-23T23:01:15.895451,False,,,18.02,False
4445,2026-09-23T23:01:15.927320,False,,,18.06,False
4446,2026-09-23T23:01:15.973435,False,,,17.03,False
4447,2026-09-23T23:01:16.003264,False,,,17.82,False
4448,2026-09-23T23:01:16.036410,False,,,18.07,False
4449,2026-09-23T23:01:16.079451,False,,,18.02,False
4450,2026-09-23T23:01:16.110561,False,,,18.10,False
4451,2026-09-23T23:01:16.141604,False,,,18.02,False
4452,2026-09-23T23:01:16.171125,False,,,17.51,False
4453,2026-09-23T23:01:16.202161,False,,,17.52,False
4454,2026-09-23T23:01:16.231737,False,,,18.07,False
4455,2026-09-23T23:01:16.261307,False,,,17.01,False
4456,2026-09-23T23:01:16.307945,False,,,17.61,False
4457,2026-09-23T23:01:16.339390,False,,,17.42,False
4458,2026-09-23T23:01:16.373435,False,,,18.01,False
4459,2026-09-23T23:01:16.405489,False,,,18.03,False
4460,2026-09-23T23:01:16.435274,False,,,17.27,False
4461,2026-09-23T23:01:16.467836,False,,,20.03,False
4462,2026-09-23T23:01:16.505518,False,,,22.16,False
4463,2026-09-23T23:01:16.546354,False,,,20.80,False
4464,2026-09-23T23:01:16.575539,False,,,18.03,False
4465,2026-09-23T23:01:16.605605,False,,,18.05,False
4466,2026-09-23T23:01:16.636206,False,,,18.09,False
4467,2026-09-23T23:01:16.665997,False,,,17.58,False
4468,2026-09-23T23:01:16.708567,False,,,18.05,False
4469,2026-09-23T23:01:16.745604,False,,,18.02,False
4470,2026-09-23T23:01:16.774793,False,,,17.52,False
4471,2026-09-23T23:01:16.805515,False,,,18.04,False
4472,2026-09-23T23:01:16.835564,False,,,17.53,False
4473,2026-09-23T23:01:16.866181,False,,,17.53,False
4474,2026-09-23T23:01:16.899666,False,,,17.55,False
4475,2026-09-23T23:01:16.941288,False,,,18.08,False
4476,2026-09-23T23:01:16.973573,False,,,17.61,False
4477,2026-09-23T23:01:17.005663,False,,,18.04,False
4478,2026-09-23T23:01:17.044466,False,,,18.02,False
4479,2026-09-23T23:01:17.083503,False,,,17.01,False
4480,2026-09-23T23:01:17.113812,False,,,17.28,False
4481,2026-09-23T23:01:17.144843,False,,,17.52,False
4482,2026-09-23T23:01:17.175378,False,,,17.52,False
4483,2026-09-23T23:01:17.207436,False,,,17.04,False
4484,2026-09-23T23:01:17.236463,False,,,17.52,False
4485,2026-09-23T23:01:17.269080,False,,,17.53,False
4486,2026-09-23T23:01:17.300134,False,,,18.04,False
4487,2026-09-23T23:01:17.329669,False,,,18.03,False
4488,2026-09-23T23:01:17.366111,False,,,18.03,False
4489,2026-09-23T23:01:17.395442,False,,,17.82,False
4490,2026-09-23T23:01:17.443500,False,,,17.03,False
4491,2026-09-23T23:01:17.484649,False,,,17.52,False
4492,2026-09-23T23:01:17.514798,False,,,17.62,False
4493,2026-09-23T23:01:17.547336,False,,,16.52,False
4494,2026-09-23T23:01:17.578382,False,,,18.02,False
4495,2026-09-23T23:01:17.608921,False,,,17.52,False
4496,2026-09-23T23:01:17.641689,False,,,18.24,False
4497,2026-09-23T23:01:17.673388,False,,,17.51,False
4498,2026-09-23T23:01:17.703198,False,,,17.79,False
4499,2026-09-23T23:01:17.731736,False,,,17.02,False
4500,2026-09-23T23:01:17.779322,False,,,17.03,False
4501,2026-09-23T23:01:17.810383,False,,,17.05,False
4502,2026-09-23T23:01:17.844757,False,,,17.35,False
4503,2026-09-23T23:01:17.871804,False,,,17.51,False
4504,2026-09-23T23:01:17.906371,False,,,17.05,False
4505,2026-09-23T23:01:17.933599,False,,,17.51,False
4506,2026-09-23T23:01:17.964882,False,,,17.27,False
4507,2026-09-23T23:01:17.995916,False,,,16.52,False
4508,2026-09-23T23:01:18.035574,False,,,17.52,False
4509,2026-09-23T23:01:18.074291,False,,,17.02,False
4510,2026-09-23T23:01:18.106828,False,,,17.52,False
4511,2026-09-23T23:01:18.136370,False,,,17.52,False
4512,2026-09-23T23:01:18.179448,False,,,17.52,False
4513,2026-09-23T23:01:18.214992,False,,,17.52,False
4514,2026-09-23T23:01:18.246526,False,,,17.02,False
4515,2026-09-23T23:01:18.275703,False,,,17.03,False
4516,2026-09-23T23:01:18.308266,False,,,18.02,False
4517,2026-09-23T23:01:18.338481,False,,,17.02,False
4518,2026-09-23T23:01:18.372365,False,,,17.61,False
4519,2026-09-23T23:01:18.399304,False,,,16.92,False
4520,2026-09-23T23:01:18.435366,False,,,17.52,False
4521,2026-09-23T23:01:18.476028,False,,,16.76,False
4522,2026-09-23T23:01:18.516281,False,,,17.52,False
4523,2026-09-23T23:01:18.552165,False,,,16.51,False
4524,2026-09-23T23:01:18.581720,False,,,16.53,False
4525,2026-09-23T23:01:18.613256,False,,,17.52,False
4526,2026-09-23T23:01:18.644923,False,,,16.52,False
4527,2026-09-23T23:01:18.675782,False,,,17.02,False
4528,2026-09-23T23:01:18.702322,False,,,17.01,False
4529,2026-09-23T23:01:18.739376,False,,,17.52,False
4530,2026-09-23T23:01:18.770379,False,,,17.12,False
4531,2026-09-23T23:01:18.802046,False,,,18.52,False
4532,2026-09-23T23:01:18.834588,False,,,16.53,False
4533,2026-09-23T23:01:18.861619,False,,,17.02,False
4534,2026-09-23T23:01:18.915785,False,,,17.05,False
4535,2026-09-23T23:01:18.956829,False,,,17.52,False
4536,2026-09-23T23:01:18.983450,False,,,17.06,False
4537,2026-09-23T23:01:19.015782,False,,,17.02,False
4538,2026-09-23T23:01:19.047361,False,,,16.57,False
4539,2026-09-23T23:01:19.077844,False,,,16.58,False
4540,2026-09-23T23:01:19.109568,False,,,17.19,False
4541,2026-09-23T23:01:19.140669,False,,,17.08,False
4542,2026-09-23T23:01:19.171150,False,,,17.52,False
4543,2026-09-23T23:01:19.200300,False,,,17.02,False
4544,2026-09-23T23:01:19.234357,False,,,16.52,False
