frame_number,timestamp,detected,raw_score,avg_score,latency_ms,resized
1,2026-09-23T22:17:58.294080,False,,,23.52,False
2,2026-09-23T22:17:58.350332,False,,,17.01,False
3,2026-09-23T22:17:58.383619,False,,,17.01,False
4,2026-09-23T22:17:58.413138,False,,,17.01,False
5,2026-09-23T22:17:58.449988,False,,,23.34,False
6,2026-09-23T22:17:58.491127,False,,,17.51,False
7,2026-09-23T22:17:58.521232,False,,,18.01,False
8,2026-09-23T22:17:58.553459,False,,,17.01,False
9,2026-09-23T22:17:58.585569,False,,,18.04,False
10,2026-09-23T22:17:58.613089,False,,,17.01,False
11,2026-09-23T22:17:58.647631,False,,,20.03,False
12,2026-09-23T22:17:58.677155,False,,,17.02,False
13,2026-09-23T22:17:58.720288,False,,,17.51,False
14,2026-09-23T22:17:58.754477,False,,,17.02,False
15,2026-09-23T22:17:58.786878,False,,,19.02,False
16,2026-09-23T22:17:58.830917,False,,,16.51,False
17,2026-09-23T22:17:58.862449,False,,,17.51,False
18,2026-09-23T22:17:58.913061,False,,,17.52,False
19,2026-09-23T22:17:58.945692,False,,,21.62,False
20,2026-09-23T22:17:58.988433,False,,,19.01,False
21,2026-09-23T22:17:59.018480,False,,,17.04,False
22,2026-09-23T22:17:59.051001,False,,,17.51,False
23,2026-09-23T22:17:59.081017,False,,,16.50,False
24,2026-09-23T22:17:59.111077,False,,,17.51,False
25,2026-09-23T22:17:59.143160,False,,,18.01,False
26,2026-09-23T22:17:59.173185,False,,,17.01,False
27,2026-09-23T22:17:59.203706,False,,,17.01,False
28,2026-09-23T22:17:59.235231,False,,,17.02,False
29,2026-09-23T22:17:59.265750,False,,,17.01,False
30,2026-09-23T22:17:59.313281,False,,,17.01,False
31,2026-09-23T22:17:59.343413,False,,,17.12,False
32,2026-09-23T22:17:59.376499,False,,,17.02,False
33,2026-09-23T22:17:59.407527,False,,,17.52,False
34,2026-09-23T22:17:59.440108,False,,,16.57,False
35,2026-09-23T22:17:59.468655,False,,,17.51,False
36,2026-09-23T22:17:59.504261,False,,,17.01,False
37,2026-09-23T22:17:59.533510,False,,,18.02,False
38,2026-09-23T22:17:59.569543,False,,,17.52,False
39,2026-09-23T22:17:59.607426,False,,,17.02,False
40,2026-09-23T22:17:59.648543,False,,,17.39,False
41,2026-09-23T22:17:59.685164,False,,,17.10,False
42,2026-09-23T22:17:59.716188,True,0.199,0.199,18.02,False
43,2026-09-23T22:17:59.747785,True,0.199,0.199,17.55,False
44,2026-09-23T22:17:59.777320,True,0.168,0.189,17.02,False
45,2026-09-23T22:17:59.807503,True,0.168,0.184,17.02,False
46,2026-09-23T22:17:59.841066,True,0.344,0.216,17.01,False
47,2026-09-23T22:17:59.869590,True,0.344,0.245,17.52,False
48,2026-09-23T22:17:59.904697,False,,,17.01,False
49,2026-09-23T22:17:59.933180,False,,,18.01,False
50,2026-09-23T22:17:59.969707,False,,,16.51,False
51,2026-09-23T22:18:00.010759,False,,,16.51,False
52,2026-09-23T22:18:00.048786,False,,,17.01,False
53,2026-09-23T22:18:00.090931,False,,,19.53,False
54,2026-09-23T22:18:00.120457,False,,,17.01,False
55,2026-09-23T22:18:00.151475,False,,,17.01,False
56,2026-09-23T22:18:00.184011,False,,,17.52,False
57,2026-09-23T22:18:00.215554,False,,,17.03,False
58,2026-09-23T22:18:00.245092,False,,,17.53,False
59,2026-09-23T22:18:00.275655,False,,,17.53,False
60,2026-09-23T22:18:00.306680,False,,,17.01,False
61,2026-09-23T22:18:00.336483,False,,,16.77,False
62,2026-09-23T22:18:00.385066,False,,,17.47,False
63,2026-09-23T22:18:00.416106,False,,,17.53,False
64,2026-09-23T22:18:00.449205,False,,,18.01,False
65,2026-09-23T22:18:00.478473,False,,,17.18,False
66,2026-09-23T22:18:00.514080,False,,,18.01,False
67,2026-09-23T22:18:00.555330,False,,,17.18,False
68,2026-09-23T22:18:00.587459,False,,,17.07,False
69,2026-09-23T22:18:00.617561,False,,,17.10,False
70,2026-09-23T22:18:00.648078,False,,,17.01,False
71,2026-09-23T22:18:00.679170,False,,,17.07,False
72,2026-09-23T22:18:00.710551,False,,,17.01,False
73,2026-09-23T22:18:00.743407,False,,,17.33,False
74,2026-09-23T22:18:00.784482,False,,,17.06,False
75,2026-09-23T22:18:00.819571,False,,,17.54,False
76,2026-09-23T22:18:00.849240,False,,,17.16,False
77,2026-09-23T22:18:00.880292,False,,,17.51,False
78,2026-09-23T22:18:00.912386,False,,,16.82,False
79,2026-09-23T22:18:00.943512,False,,,17.11,False
80,2026-09-23T22:18:00.976537,False,,,17.02,False
81,2026-09-23T22:18:01.003059,False,,,17.52,False
82,2026-09-23T22:18:01.040375,False,,,17.01,False
83,2026-09-23T22:18:01.082155,False,,,18.01,False
84,2026-09-23T22:18:01.121236,False,,,17.07,False
85,2026-09-23T22:18:01.160290,False,,,17.51,False
86,2026-09-23T22:18:01.190389,False,,,17.01,False
87,2026-09-23T22:18:01.223416,False,,,17.01,False
88,2026-09-23T22:18:01.254842,True,0.211,0.247,17.02,False
89,2026-09-23T22:18:01.285368,True,0.211,0.255,17.02,False
90,2026-09-23T22:18:01.316997,True,0.199,0.262,17.52,False
90,2026-09-23T22:18:01.316997,True,0.184,0.230,17.52,False
91,2026-09-23T22:18:01.349021,True,0.199,0.201,17.52,False
91,2026-09-23T22:18:01.349021,True,0.184,0.195,17.52,False
92,2026-09-23T22:18:01.379304,False,,,17.06,False
93,2026-09-23T22:18:01.409459,False,,,17.01,False
94,2026-09-23T22:18:01.442058,False,,,17.59,False
95,2026-09-23T22:18:01.471264,False,,,17.20,False
96,2026-09-23T22:18:01.520577,False,,,17.02,False
97,2026-09-23T22:18:01.550175,False,,,18.09,False
98,2026-09-23T22:18:01.586815,False,,,19.02,False
99,2026-09-23T22:18:01.624435,False,,,17.01,False
100,2026-09-23T22:18:01.654538,True,0.320,0.217,17.02,False
101,2026-09-23T22:18:01.684560,True,0.320,0.241,17.01,False
102,2026-09-23T22:18:01.717598,False,,,16.53,False
103,2026-09-23T22:18:01.748545,False,,,17.44,False
104,2026-09-23T22:18:01.778223,False,,,17.17,False
105,2026-09-23T22:18:01.810303,False,,,17.02,False
106,2026-09-23T22:18:01.857062,False,,,17.52,False
107,2026-09-23T22:18:01.887141,False,,,17.01,False
108,2026-09-23T22:18:01.920714,False,,,16.56,False
109,2026-09-23T22:18:01.963340,False,,,17.10,False
110,2026-09-23T22:18:01.995377,False,,,17.53,False
111,2026-09-23T22:18:02.027273,False,,,17.02,False
112,2026-09-23T22:18:02.059310,False,,,18.02,False
113,2026-09-23T22:18:02.089449,False,,,17.13,False
114,2026-09-23T22:18:02.120985,False,,,16.51,False
115,2026-09-23T22:18:02.154007,False,,,18.01,False
116,2026-09-23T22:18:02.185537,False,,,17.02,False
117,2026-09-23T22:18:02.215110,False,,,17.57,False
118,2026-09-23T22:18:02.256509,False,,,16.94,False
119,2026-09-23T22:18:02.291047,False,,,17.51,False
120,2026-09-23T22:18:02.323575,False,,,17.51,False
121,2026-09-23T22:18:02.356078,False,,,18.00,False
122,2026-09-23T22:18:02.387128,False,,,20.01,False
123,2026-09-23T22:18:02.416043,False,,,16.87,False
124,2026-09-23T22:18:02.449150,True,0.320,0.269,17.94,False
124,2026-09-23T22:18:02.449150,True,0.211,0.271,17.94,False
124,2026-09-23T22:18:02.449150,True,0.211,0.277,17.94,False
125,2026-09-23T22:18:02.477435,True,0.320,0.277,17.14,False
125,2026-09-23T22:18:02.477435,True,0.211,0.255,17.14,False
125,2026-09-23T22:18:02.477435,True,0.211,0.233,17.14,False
126,2026-09-23T22:18:02.513049,False,,,17.01,False
127,2026-09-23T22:18:02.552217,False,,,17.01,False
128,2026-09-23T22:18:02.593182,False,,,17.94,False
129,2026-09-23T22:18:02.632176,False,,,16.84,False
130,2026-09-23T22:18:02.664494,False,,,17.02,False
131,2026-09-23T22:18:02.694287,False,,,17.74,False
132,2026-09-23T22:18:02.724888,False,,,17.51,False
133,2026-09-23T22:18:02.756404,True,0.184,0.227,18.01,False
133,2026-09-23T22:18:02.756404,True,0.156,0.216,18.01,False
134,2026-09-23T22:18:02.785434,False,,,17.02,False
135,2026-09-23T22:18:02.817502,False,,,17.06,False
136,2026-09-23T22:18:02.850540,False,,,17.01,False
137,2026-09-23T22:18:02.885127,False,,,22.03,False
138,2026-09-23T22:18:02.925271,False,,,17.13,False
139,2026-09-23T22:18:02.955495,False,,,17.51,False
140,2026-09-23T22:18:02.992019,True,0.363,0.225,17.50,False
141,2026-09-23T22:18:03.033062,True,0.363,0.255,17.01,False
142,2026-09-23T22:18:03.064586,True,0.156,0.245,17.02,False
143,2026-09-23T22:18:03.093942,True,0.156,0.239,17.85,False
144,2026-09-23T22:18:03.125475,True,0.156,0.239,17.03,False
145,2026-09-23T22:18:03.156550,False,,,17.07,False
146,2026-09-23T22:18:03.189553,True,0.230,0.212,17.49,False
147,2026-09-23T22:18:03.220091,True,0.230,0.186,17.01,False
148,2026-09-23T22:18:03.251218,True,0.301,0.215,17.05,False
149,2026-09-23T22:18:03.283403,True,0.301,0.244,18.02,False
150,2026-09-23T22:18:03.329557,True,0.262,0.265,17.53,False
151,2026-09-23T22:18:03.360758,True,0.262,0.271,17.51,False
152,2026-09-23T22:18:03.393287,True,0.363,0.298,18.01,False
153,2026-09-23T22:18:03.422319,True,0.363,0.310,17.01,False
154,2026-09-23T22:18:03.456410,True,0.363,0.323,17.58,False
155,2026-09-23T22:18:03.492454,True,0.301,0.330,18.01,False
156,2026-09-23T22:18:03.532158,True,0.301,0.338,17.51,False
157,2026-09-23T22:18:03.567243,True,0.211,0.308,17.57,False
158,2026-09-23T22:18:03.596371,False,,,16.81,False
159,2026-09-23T22:18:03.626534,False,,,17.02,False
160,2026-09-23T22:18:03.657066,True,0.406,0.316,17.51,False
160,2026-09-23T22:18:03.657066,True,0.199,0.284,17.51,False
160,2026-09-23T22:18:03.657066,True,0.156,0.255,17.51,False
161,2026-09-23T22:18:03.689439,True,0.406,0.276,17.23,False
161,2026-09-23T22:18:03.689439,True,0.199,0.273,17.23,False
161,2026-09-23T22:18:03.689439,True,0.156,0.223,17.23,False
162,2026-09-23T22:18:03.728675,False,,,17.52,False
163,2026-09-23T22:18:03.764583,False,,,17.02,False
164,2026-09-23T22:18:03.797104,True,0.156,0.215,17.02,False
165,2026-09-23T22:18:03.832228,True,0.156,0.215,17.51,False
166,2026-09-23T22:18:03.875369,True,0.156,0.165,17.01,False
167,2026-09-23T22:18:03.907390,True,0.156,0.156,18.02,False
168,2026-09-23T22:18:03.938453,True,0.156,0.156,17.51,False
169,2026-09-23T22:18:03.973534,False,,,17.02,False
170,2026-09-23T22:18:04.015068,True,0.406,0.206,17.52,False
171,2026-09-23T22:18:04.050799,True,0.406,0.256,21.01,False
172,2026-09-23T22:18:04.093404,True,0.523,0.330,17.01,False
172,2026-09-23T22:18:04.093404,True,0.156,0.330,17.01,False
173,2026-09-23T22:18:04.127475,True,0.523,0.403,17.06,False
173,2026-09-23T22:18:04.127475,True,0.156,0.353,17.06,False
174,2026-09-23T22:18:04.156518,False,,,17.02,False
175,2026-09-23T22:18:04.186540,False,,,17.02,False
176,2026-09-23T22:18:04.217078,False,,,17.53,False
177,2026-09-23T22:18:04.249695,True,0.281,0.328,17.60,False
177,2026-09-23T22:18:04.249695,True,0.184,0.260,17.60,False
178,2026-09-23T22:18:04.282337,True,0.281,0.285,17.51,False
178,2026-09-23T22:18:04.282337,True,0.184,0.217,17.51,False
179,2026-09-23T22:18:04.314364,False,,,17.02,False
180,2026-09-23T22:18:04.348419,False,,,18.02,False
181,2026-09-23T22:18:04.391458,False,,,18.01,False
182,2026-09-23T22:18:04.422369,True,0.301,0.246,16.86,False
183,2026-09-23T22:18:04.450498,True,0.301,0.250,17.07,False
184,2026-09-23T22:18:04.484547,False,,,17.01,False
185,2026-09-23T22:18:04.515569,False,,,17.52,False
186,2026-09-23T22:18:04.543090,True,0.211,0.255,17.01,False
187,2026-09-23T22:18:04.576133,True,0.211,0.241,18.02,False
188,2026-09-23T22:18:04.606446,True,0.211,0.247,17.02,False
189,2026-09-23T22:18:04.634277,False,,,17.51,False
190,2026-09-23T22:18:04.667798,False,,,17.02,False
191,2026-09-23T22:18:04.700882,False,,,19.58,False
192,2026-09-23T22:18:04.733415,False,,,19.52,False
193,2026-09-23T22:18:04.775580,False,,,18.02,False
194,2026-09-23T22:18:04.807365,False,,,17.28,False
195,2026-09-23T22:18:04.839536,False,,,17.47,False
196,2026-09-23T22:18:04.871057,False,,,17.51,False
197,2026-09-23T22:18:04.899598,False,,,17.53,False
198,2026-09-23T22:18:04.933640,False,,,17.01,False
199,2026-09-23T22:18:04.961263,False,,,17.09,False
200,2026-09-23T22:18:04.990782,False,,,16.51,False
201,2026-09-23T22:18:05.022372,False,,,17.02,False
202,2026-09-23T22:18:05.053394,False,,,18.01,False
203,2026-09-23T22:18:05.084419,False,,,17.02,False
204,2026-09-23T22:18:05.114463,False,,,17.02,False
205,2026-09-23T22:18:05.154506,False,,,20.02,False
206,2026-09-23T22:18:05.200762,False,,,17.51,False
207,2026-09-23T22:18:05.230784,False,,,17.01,False
208,2026-09-23T22:18:05.263808,False,,,17.01,False
209,2026-09-23T22:18:05.306341,False,,,18.02,False
210,2026-09-23T22:18:05.335367,False,,,17.01,False
211,2026-09-23T22:18:05.367888,False,,,17.51,False
212,2026-09-23T22:18:05.397409,False,,,17.02,False
213,2026-09-23T22:18:05.429200,False,,,16.78,False
214,2026-09-23T22:18:05.458106,False,,,16.57,False
215,2026-09-23T22:18:05.490704,False,,,17.44,False
216,2026-09-23T22:18:05.522321,False,,,17.01,False
217,2026-09-23T22:18:05.552235,False,,,17.90,False
218,2026-09-23T22:18:05.599883,False,,,16.51,False
219,2026-09-23T22:18:05.627407,False,,,17.02,False
220,2026-09-23T22:18:05.665113,False,,,17.57,False
221,2026-09-23T22:18:05.706740,False,,,17.52,False
222,2026-09-23T22:18:05.734454,False,,,17.14,False
223,2026-09-23T22:18:05.765525,False,,,18.06,False
224,2026-09-23T22:18:05.796566,False,,,17.01,False
225,2026-09-23T22:18:05.827597,False,,,17.52,False
226,2026-09-23T22:18:05.859669,False,,,17.57,False
227,2026-09-23T22:18:05.890503,False,,,17.14,False
228,2026-09-23T22:18:05.922536,False,,,17.02,False
229,2026-09-23T22:18:05.954063,False,,,18.01,False
230,2026-09-23T22:18:06.000489,False,,,17.01,False
231,2026-09-23T22:18:06.031512,False,,,17.01,False
232,2026-09-23T22:18:06.064540,False,,,17.02,False
233,2026-09-23T22:18:06.107429,False,,,17.38,False
234,2026-09-23T22:18:06.134450,False,,,16.51,False
235,2026-09-23T22:18:06.167528,False,,,17.07,False
236,2026-09-23T22:18:06.197048,False,,,16.51,False
237,2026-09-23T22:18:06.229583,False,,,17.53,False
238,2026-09-23T22:18:06.259324,False,,,17.23,False
239,2026-09-23T22:18:06.290345,False,,,18.02,False
240,2026-09-23T22:18:06.322491,False,,,17.06,False
241,2026-09-23T22:18:06.352513,False,,,17.01,False
242,2026-09-23T22:18:06.400551,False,,,17.01,False
243,2026-09-23T22:18:06.430083,False,,,17.01,False
244,2026-09-23T22:18:06.456777,False,,,17.19,False
245,2026-09-23T22:18:06.491079,False,,,17.51,False
246,2026-09-23T22:18:06.522498,False,,,16.71,False
247,2026-09-23T22:18:06.551079,False,,,17.51,False
248,2026-09-23T22:18:06.582491,False,,,17.10,False
249,2026-09-23T22:18:06.614514,False,,,17.01,False
250,2026-09-23T22:18:06.646571,False,,,17.02,False
251,2026-09-23T22:18:06.675091,False,,,17.01,False
252,2026-09-23T22:18:06.708508,False,,,17.27,False
253,2026-09-23T22:18:06.737380,False,,,17.52,False
254,2026-09-23T22:18:06.767095,False,,,16.71,False
255,2026-09-23T22:18:06.800202,False,,,17.01,False
256,2026-09-23T22:18:06.830332,False,,,17.01,False
257,2026-09-23T22:18:06.865051,False,,,17.52,False
258,2026-09-23T22:18:06.906441,False,,,17.02,False
259,2026-09-23T22:18:06.939801,False,,,17.51,False
260,2026-09-23T22:18:06.968419,False,,,18.11,False
261,2026-09-23T22:18:06.997986,False,,,16.56,False
262,2026-09-23T22:18:07.032537,False,,,17.02,False
263,2026-09-23T22:18:07.076083,False,,,18.02,False
264,2026-09-23T22:18:07.106191,False,,,17.02,False
265,2026-09-23T22:18:07.136210,False,,,17.01,False
266,2026-09-23T22:18:07.167736,False,,,18.02,False
267,2026-09-23T22:18:07.209437,False,,,26.01,False
268,2026-09-23T22:18:07.246563,False,,,17.01,False
269,2026-09-23T22:18:07.276201,False,,,18.11,False
270,2026-09-23T22:18:07.306726,False,,,17.02,False
271,2026-09-23T22:18:07.339391,False,,,17.07,False
272,2026-09-23T22:18:07.369412,False,,,18.01,False
273,2026-09-23T22:18:07.409446,False,,,17.01,False
274,2026-09-23T22:18:07.447410,False,,,16.59,False
275,2026-09-23T22:18:07.476437,False,,,17.02,False
276,2026-09-23T22:18:07.506911,False,,,17.01,False
277,2026-09-23T22:18:07.540055,False,,,17.56,False
278,2026-09-23T22:18:07.571156,False,,,17.09,False
279,2026-09-23T22:18:07.604308,False,,,17.02,False
280,2026-09-23T22:18:07.647534,False,,,17.20,False
281,2026-09-23T22:18:07.689564,False,,,17.51,False
282,2026-09-23T22:18:07.722428,False,,,17.02,False
283,2026-09-23T22:18:07.751462,False,,,18.01,False
284,2026-09-23T22:18:07.780536,False,,,17.01,False
285,2026-09-23T22:18:07.813703,False,,,16.64,False
286,2026-09-23T22:18:07.847551,False,,,17.02,False
287,2026-09-23T22:18:07.877177,False,,,19.12,False
288,2026-09-23T22:18:07.906203,False,,,17.01,False
289,2026-09-23T22:18:07.939737,False,,,17.51,False
290,2026-09-23T22:18:07.970263,False,,,17.51,False
291,2026-09-23T22:18:08.000543,False,,,17.01,False
292,2026-09-23T22:18:08.031074,False,,,17.01,False
293,2026-09-23T22:18:08.064758,False,,,17.56,False
294,2026-09-23T22:18:08.093279,False,,,17.01,False
295,2026-09-23T22:18:08.148707,False,,,17.63,False
296,2026-09-23T22:18:08.188320,False,,,17.02,False
297,2026-09-23T22:18:08.232199,True,0.477,0.282,16.77,False
298,2026-09-23T22:18:08.260259,True,0.477,0.317,17.23,False
299,2026-09-23T22:18:08.292281,True,0.523,0.380,18.01,False
299,2026-09-23T22:18:08.292281,True,0.477,0.433,18.01,False
299,2026-09-23T22:18:08.292281,True,0.168,0.424,18.01,False
300,2026-09-23T22:18:08.322403,True,0.523,0.434,17.09,False
300,2026-09-23T22:18:08.322403,True,0.477,0.434,17.09,False
300,2026-09-23T22:18:08.322403,True,0.168,0.362,17.09,False
301,2026-09-23T22:18:08.354944,True,0.387,0.345,19.52,False
302,2026-09-23T22:18:08.385471,True,0.387,0.388,19.02,False
303,2026-09-23T22:18:08.414542,True,0.430,0.370,17.02,False
304,2026-09-23T22:18:08.447554,True,0.430,0.360,17.26,False
305,2026-09-23T22:18:08.477069,True,0.320,0.391,17.01,False
306,2026-09-23T22:18:08.508444,True,0.320,0.377,17.02,False
307,2026-09-23T22:18:08.546072,True,0.477,0.395,17.88,False
308,2026-09-23T22:18:08.594110,True,0.477,0.405,21.52,False
309,2026-09-23T22:18:08.633638,True,0.320,0.383,17.52,False
310,2026-09-23T22:18:08.665161,True,0.320,0.383,17.01,False
311,2026-09-23T22:18:08.696275,True,0.246,0.368,17.02,False
312,2026-09-23T22:18:08.724401,True,0.246,0.322,17.02,False
313,2026-09-23T22:18:08.756612,True,0.387,0.304,17.01,False
314,2026-09-23T22:18:08.789682,True,0.387,0.317,17.56,False
315,2026-09-23T22:18:08.820286,True,0.301,0.313,17.01,False
316,2026-09-23T22:18:08.851308,True,0.301,0.324,17.01,False
317,2026-09-23T22:18:08.883340,True,0.387,0.352,17.01,False
318,2026-09-23T22:18:08.914366,True,0.387,0.352,17.02,False
319,2026-09-23T22:18:08.948415,True,0.477,0.370,18.03,False
319,2026-09-23T22:18:08.948415,True,0.184,0.347,18.03,False
320,2026-09-23T22:18:08.975478,True,0.477,0.382,17.05,False
320,2026-09-23T22:18:08.975478,True,0.184,0.341,17.05,False
321,2026-09-23T22:18:09.008504,True,0.523,0.369,17.02,False
321,2026-09-23T22:18:09.008504,True,0.184,0.310,17.02,False
321,2026-09-23T22:18:09.008504,True,0.156,0.305,17.02,False
322,2026-09-23T22:18:09.039532,True,0.523,0.314,17.01,False
322,2026-09-23T22:18:09.039532,True,0.184,0.314,17.01,False
322,2026-09-23T22:18:09.039532,True,0.156,0.241,17.01,False
323,2026-09-23T22:18:09.074466,True,0.453,0.295,18.02,False
323,2026-09-23T22:18:09.074466,True,0.199,0.303,18.02,False
323,2026-09-23T22:18:09.074466,True,0.156,0.230,18.02,False
324,2026-09-23T22:18:09.114500,True,0.453,0.284,17.02,False
324,2026-09-23T22:18:09.114500,True,0.199,0.292,17.02,False
324,2026-09-23T22:18:09.114500,True,0.156,0.233,17.02,False
325,2026-09-23T22:18:09.146248,True,0.453,0.284,16.74,False
326,2026-09-23T22:18:09.176273,True,0.453,0.343,17.52,False
327,2026-09-23T22:18:09.208450,True,0.500,0.352,17.04,False
328,2026-09-23T22:18:09.239476,True,0.500,0.412,17.01,False
329,2026-09-23T22:18:09.280081,True,0.320,0.445,17.52,False
330,2026-09-23T22:18:09.317125,True,0.320,0.419,17.02,False
331,2026-09-23T22:18:09.348160,True,0.363,0.401,16.87,False
332,2026-09-23T22:18:09.380675,True,0.363,0.373,16.51,False
333,2026-09-23T22:18:09.410787,True,0.406,0.355,17.51,False
334,2026-09-23T22:18:09.444547,True,0.406,0.372,17.60,False
335,2026-09-23T22:18:09.475066,True,0.363,0.380,17.01,False
336,2026-09-23T22:18:09.505714,True,0.363,0.380,17.60,False
337,2026-09-23T22:18:09.536352,True,0.363,0.380,17.01,False
338,2026-09-23T22:18:09.564546,True,0.363,0.372,17.07,False
339,2026-09-23T22:18:09.603081,True,0.387,0.368,17.52,False
340,2026-09-23T22:18:09.640499,True,0.387,0.373,17.01,False
341,2026-09-23T22:18:09.682052,True,0.406,0.381,17.01,False
342,2026-09-23T22:18:09.715099,True,0.406,0.390,17.53,False
343,2026-09-23T22:18:09.752132,True,0.301,0.377,21.02,False
344,2026-09-23T22:18:09.793563,True,0.301,0.360,17.02,False
345,2026-09-23T22:18:09.823092,True,0.477,0.378,17.52,False
346,2026-09-23T22:18:09.855242,True,0.477,0.392,17.13,False
347,2026-09-23T22:18:09.889522,True,0.570,0.425,17.27,False
348,2026-09-23T22:18:09.919604,True,0.570,0.479,17.52,False
349,2026-09-23T22:18:09.951123,True,0.477,0.514,17.51,False
350,2026-09-23T22:18:09.980644,True,0.477,0.514,17.37,False
351,2026-09-23T22:18:10.016580,True,0.500,0.519,17.07,False
352,2026-09-23T22:18:10.056203,True,0.500,0.505,17.02,False
353,2026-09-23T22:18:10.089075,True,0.523,0.495,16.51,False
354,2026-09-23T22:18:10.118627,True,0.523,0.505,17.52,False
355,2026-09-23T22:18:10.149322,True,0.547,0.519,17.18,False
356,2026-09-23T22:18:10.183427,True,0.547,0.528,18.09,False
357,2026-09-23T22:18:10.211191,True,0.406,0.509,17.51,False
358,2026-09-23T22:18:10.239770,True,0.406,0.486,17.55,False
359,2026-09-23T22:18:10.275418,True,0.430,0.467,17.02,False
360,2026-09-23T22:18:10.305443,True,0.430,0.444,17.02,False
361,2026-09-23T22:18:10.337414,True,0.430,0.420,17.74,False
362,2026-09-23T22:18:10.367433,True,0.430,0.425,17.01,False
363,2026-09-23T22:18:10.416498,True,0.406,0.425,17.02,False
364,2026-09-23T22:18:10.447864,True,0.406,0.420,17.36,False
365,2026-09-23T22:18:10.480394,True,0.320,0.398,17.01,False
366,2026-09-23T22:18:10.509981,True,0.320,0.377,17.56,False
367,2026-09-23T22:18:10.546080,True,0.301,0.351,17.02,False
368,2026-09-23T22:18:10.588375,True,0.301,0.330,17.02,False
369,2026-09-23T22:18:10.618899,True,0.363,0.321,17.52,False
370,2026-09-23T22:18:10.652524,True,0.363,0.330,19.03,False
371,2026-09-23T22:18:10.680546,True,0.387,0.343,17.01,False
372,2026-09-23T22:18:10.714621,True,0.387,0.360,17.02,False
373,2026-09-23T22:18:10.753409,True,0.363,0.373,17.01,False
373,2026-09-23T22:18:10.753409,True,0.156,0.331,17.01,False
374,2026-09-23T22:18:10.792460,True,0.363,0.331,17.04,False
374,2026-09-23T22:18:10.792460,True,0.156,0.285,17.04,False
375,2026-09-23T22:18:10.822409,True,0.430,0.294,16.39,False
375,2026-09-23T22:18:10.823413,True,0.184,0.258,16.39,False
376,2026-09-23T22:18:10.860935,True,0.430,0.312,19.52,False
376,2026-09-23T22:18:10.860935,True,0.184,0.277,19.52,False
377,2026-09-23T22:18:10.903474,True,0.477,0.341,17.02,False
377,2026-09-23T22:18:10.903474,True,0.184,0.291,17.02,False
377,2026-09-23T22:18:10.903474,True,0.184,0.291,17.02,False
378,2026-09-23T22:18:10.933506,True,0.477,0.301,17.02,False
378,2026-09-23T22:18:10.933506,True,0.184,0.301,17.02,False
378,2026-09-23T22:18:10.933506,True,0.184,0.242,17.02,False
379,2026-09-23T22:18:10.965539,True,0.523,0.310,17.02,False
379,2026-09-23T22:18:10.965539,True,0.230,0.320,17.02,False
380,2026-09-23T22:18:10.995066,True,0.523,0.329,17.52,False
380,2026-09-23T22:18:10.995066,True,0.230,0.338,17.52,False
381,2026-09-23T22:18:11.024220,True,0.477,0.397,17.13,False
382,2026-09-23T22:18:11.056252,True,0.477,0.388,17.02,False
383,2026-09-23T22:18:11.088384,True,0.387,0.419,17.02,False
384,2026-09-23T22:18:11.115410,True,0.387,0.391,16.51,False
385,2026-09-23T22:18:11.152475,True,0.344,0.414,17.05,False
386,2026-09-23T22:18:11.197596,True,0.344,0.388,16.52,False
387,2026-09-23T22:18:11.225369,True,0.281,0.348,17.27,False
388,2026-09-23T22:18:11.256425,True,0.281,0.327,17.02,False
389,2026-09-23T22:18:11.286992,True,0.387,0.327,17.56,False
390,2026-09-23T22:18:11.317519,True,0.387,0.336,17.02,False
391,2026-09-23T22:18:11.349553,True,0.387,0.345,17.01,False
392,2026-09-23T22:18:11.380138,True,0.387,0.366,17.04,False
393,2026-09-23T22:18:11.410169,True,0.363,0.382,17.51,False
393,2026-09-23T22:18:11.410169,True,0.156,0.336,17.51,False
394,2026-09-23T22:18:11.440340,True,0.363,0.331,17.09,False
394,2026-09-23T22:18:11.440340,True,0.156,0.285,17.09,False
395,2026-09-23T22:18:11.488534,True,0.430,0.294,17.02,False
395,2026-09-23T22:18:11.488534,True,0.156,0.252,17.02,False
396,2026-09-23T22:18:11.516568,True,0.430,0.307,17.02,False
396,2026-09-23T22:18:11.516568,True,0.156,0.266,17.02,False
397,2026-09-23T22:18:11.552742,True,0.406,0.316,17.54,False
398,2026-09-23T22:18:11.597410,True,0.406,0.311,17.15,False
399,2026-09-23T22:18:11.626442,False,,,17.03,False
400,2026-09-23T22:18:11.656496,False,,,17.55,False
401,2026-09-23T22:18:11.689541,True,0.246,0.329,17.01,False
401,2026-09-23T22:18:11.689541,True,0.199,0.283,17.01,False
402,2026-09-23T22:18:11.719148,True,0.246,0.301,17.10,False
402,2026-09-23T22:18:11.719148,True,0.199,0.259,17.10,False
403,2026-09-23T22:18:11.750781,True,0.246,0.227,17.50,False
403,2026-09-23T22:18:11.750781,True,0.184,0.215,17.50,False
403,2026-09-23T22:18:11.750781,True,0.168,0.209,17.50,False
404,2026-09-23T22:18:11.783510,True,0.246,0.209,17.72,False
404,2026-09-23T22:18:11.783510,True,0.184,0.205,17.72,False
404,2026-09-23T22:18:11.784509,True,0.168,0.190,17.72,False
405,2026-09-23T22:18:11.820153,True,0.246,0.202,21.64,False
405,2026-09-23T22:18:11.820153,True,0.184,0.205,21.64,False
405,2026-09-23T22:18:11.820153,True,0.156,0.188,21.64,False
406,2026-09-23T22:18:11.864532,True,0.246,0.200,16.83,False
406,2026-09-23T22:18:11.864532,True,0.184,0.203,16.83,False
406,2026-09-23T22:18:11.864532,True,0.156,0.185,16.83,False
407,2026-09-23T22:18:11.894071,True,0.211,0.191,18.53,False
407,2026-09-23T22:18:11.894071,True,0.199,0.199,18.53,False
407,2026-09-23T22:18:11.895073,True,0.168,0.184,18.53,False
408,2026-09-23T22:18:11.923094,True,0.211,0.189,16.52,False
408,2026-09-23T22:18:11.923094,True,0.199,0.198,16.52,False
408,2026-09-23T22:18:11.924096,True,0.168,0.189,16.52,False
409,2026-09-23T22:18:11.957130,True,0.199,0.189,18.01,False
410,2026-09-23T22:18:11.995704,True,0.199,0.195,23.64,False
411,2026-09-23T22:18:12.034238,False,,,17.52,False
412,2026-09-23T22:18:12.064683,False,,,17.02,False
413,2026-09-23T22:18:12.097418,False,,,17.23,False
414,2026-09-23T22:18:12.130475,False,,,17.01,False
415,2026-09-23T22:18:12.162507,False,,,18.01,False
416,2026-09-23T22:18:12.192059,False,,,17.66,False
417,2026-09-23T22:18:12.224705,False,,,17.52,False
418,2026-09-23T22:18:12.255412,False,,,19.20,False
419,2026-09-23T22:18:12.290100,True,0.184,0.190,17.68,False
420,2026-09-23T22:18:12.331129,True,0.184,0.187,17.01,False
421,2026-09-23T22:18:12.360904,False,,,16.50,False
422,2026-09-23T22:18:12.392329,False,,,17.90,False
423,2026-09-23T22:18:12.423529,False,,,17.19,False
424,2026-09-23T22:18:12.453496,False,,,17.16,False
425,2026-09-23T22:18:12.483548,False,,,17.01,False
426,2026-09-23T22:18:12.512063,False,,,16.51,False
427,2026-09-23T22:18:12.545687,True,0.301,0.213,17.51,False
428,2026-09-23T22:18:12.576368,True,0.301,0.234,18.17,False
429,2026-09-23T22:18:12.623411,True,0.184,0.230,17.02,False
430,2026-09-23T22:18:12.653433,True,0.184,0.230,17.51,False
431,2026-09-23T22:18:12.689550,False,,,17.02,False
432,2026-09-23T22:18:12.730133,False,,,17.01,False
433,2026-09-23T22:18:12.763462,True,0.156,0.225,18.01,False
434,2026-09-23T22:18:12.795543,True,0.156,0.196,18.02,False
435,2026-09-23T22:18:12.825066,False,,,17.51,False
436,2026-09-23T22:18:12.854098,False,,,17.01,False
437,2026-09-23T22:18:12.889628,True,0.246,0.185,21.02,False
438,2026-09-23T22:18:12.917349,True,0.246,0.198,17.21,False
439,2026-09-23T22:18:12.963454,False,,,19.02,False
440,2026-09-23T22:18:12.997615,False,,,18.65,False
441,2026-09-23T22:18:13.028139,False,,,17.02,False
442,2026-09-23T22:18:13.059715,False,,,17.56,False
443,2026-09-23T22:18:13.091313,False,,,18.01,False
444,2026-09-23T22:18:13.120831,True,0.246,0.210,16.51,False
444,2026-09-23T22:18:13.120831,True,0.184,0.216,16.51,False
445,2026-09-23T22:18:13.153330,True,0.168,0.218,17.95,False
446,2026-09-23T22:18:13.182347,True,0.168,0.202,17.01,False
447,2026-09-23T22:18:13.216432,False,,,17.07,False
448,2026-09-23T22:18:13.244526,False,,,18.02,False
449,2026-09-23T22:18:13.280550,False,,,17.01,False
450,2026-09-23T22:18:13.322087,False,,,17.01,False
451,2026-09-23T22:18:13.360474,False,,,17.51,False
452,2026-09-23T22:18:13.400515,False,,,17.01,False
453,2026-09-23T22:18:13.430567,False,,,17.01,False
454,2026-09-23T22:18:13.463164,False,,,17.03,False
455,2026-09-23T22:18:13.494387,False,,,17.03,False
456,2026-09-23T22:18:13.525426,False,,,17.53,False
457,2026-09-23T22:18:13.556573,False,,,17.02,False
458,2026-09-23T22:18:13.587868,False,,,16.79,False
459,2026-09-23T22:18:13.618390,False,,,17.02,False
460,2026-09-23T22:18:13.649927,False,,,17.51,False
461,2026-09-23T22:18:13.680505,False,,,17.01,False
462,2026-09-23T22:18:13.713089,False,,,17.02,False
463,2026-09-23T22:18:13.761150,False,,,17.51,False
464,2026-09-23T22:18:13.788316,False,,,17.01,False
465,2026-09-23T22:18:13.825352,False,,,17.02,False
466,2026-09-23T22:18:13.864389,False,,,17.02,False
467,2026-09-23T22:18:13.896513,False,,,17.12,False
468,2026-09-23T22:18:13.927550,False,,,17.02,False
469,2026-09-23T22:18:13.960578,False,,,20.02,False
470,2026-09-23T22:18:13.990388,False,,,18.30,False
471,2026-09-23T22:18:14.019922,False,,,17.52,False
472,2026-09-23T22:18:14.051459,False,,,17.01,False
473,2026-09-23T22:18:14.097546,False,,,18.02,False
474,2026-09-23T22:18:14.129735,False,,,17.67,False
475,2026-09-23T22:18:14.162263,False,,,19.51,False
476,2026-09-23T22:18:14.205538,False,,,17.03,False
477,2026-09-23T22:18:14.235077,False,,,17.52,False
478,2026-09-23T22:18:14.263799,False,,,16.73,False
479,2026-09-23T22:18:14.297326,False,,,17.02,False
480,2026-09-23T22:18:14.329337,False,,,17.03,False
481,2026-09-23T22:18:14.359601,False,,,17.25,False
482,2026-09-23T22:18:14.390618,False,,,17.10,False
483,2026-09-23T22:18:14.422276,False,,,17.01,False
484,2026-09-23T22:18:14.453943,False,,,17.57,False
485,2026-09-23T22:18:14.497472,False,,,18.01,False
486,2026-09-23T22:18:14.529059,False,,,17.02,False
487,2026-09-23T22:18:14.560087,False,,,17.51,False
488,2026-09-23T22:18:14.590385,False,,,17.18,False
489,2026-09-23T22:18:14.623849,False,,,17.72,False
490,2026-09-23T22:18:14.653870,False,,,17.51,False
491,2026-09-23T22:18:14.683567,False,,,17.19,False
492,2026-09-23T22:18:14.715094,False,,,17.02,False
493,2026-09-23T22:18:14.754131,False,,,18.02,False
494,2026-09-23T22:18:14.793671,False,,,17.54,False
495,2026-09-23T22:18:14.832227,False,,,17.01,False
496,2026-09-23T22:18:14.869621,False,,,16.51,False
497,2026-09-23T22:18:14.900748,False,,,17.51,False
498,2026-09-23T22:18:14.930783,False,,,16.51,False
499,2026-09-23T22:18:14.963189,False,,,17.56,False
500,2026-09-23T22:18:14.995617,False,,,17.92,False
501,2026-09-23T22:18:15.027659,False,,,17.54,False
502,2026-09-23T22:18:15.058369,False,,,17.20,False
503,2026-09-23T22:18:15.088512,False,,,17.03,False
504,2026-09-23T22:18:15.118538,False,,,16.51,False
505,2026-09-23T22:18:15.154415,False,,,18.36,False
506,2026-09-23T22:18:15.196518,False,,,17.57,False
507,2026-09-23T22:18:15.233549,False,,,18.02,False
508,2026-09-23T22:18:15.273098,False,,,17.53,False
509,2026-09-23T22:18:15.308629,False,,,19.02,False
510,2026-09-23T22:18:15.337611,False,,,17.47,False
511,2026-09-23T22:18:15.369693,False,,,17.58,False
512,2026-09-23T22:18:15.400327,False,,,17.13,False
513,2026-09-23T22:18:15.429396,False,,,17.06,False
514,2026-09-23T22:18:15.462495,False,,,18.07,False
515,2026-09-23T22:18:15.496084,False,,,19.02,False
516,2026-09-23T22:18:15.522580,False,,,17.01,False
517,2026-09-23T22:18:15.569616,False,,,17.51,False
518,2026-09-23T22:18:15.602335,False,,,17.10,False
519,2026-09-23T22:18:15.632421,False,,,17.01,False
520,2026-09-23T22:18:15.665453,False,,,17.52,False
521,2026-09-23T22:18:15.695499,False,,,18.02,False
522,2026-09-23T22:18:15.725553,False,,,18.02,False
523,2026-09-23T22:18:15.755186,False,,,17.13,False
524,2026-09-23T22:18:15.786649,False,,,17.02,False
525,2026-09-23T22:18:15.817175,False,,,17.02,False
526,2026-09-23T22:18:15.848613,False,,,17.39,False
527,2026-09-23T22:18:15.880722,False,,,17.51,False
528,2026-09-23T22:18:15.911274,False,,,17.04,False
529,2026-09-23T22:18:15.968323,False,,,17.52,False
530,2026-09-23T22:18:16.003350,False,,,17.01,False
531,2026-09-23T22:18:16.034108,False,,,16.52,False
532,2026-09-23T22:18:16.064149,False,,,17.02,False
533,2026-09-23T22:18:16.096346,False,,,17.02,False
534,2026-09-23T22:18:16.128883,False,,,17.51,False
535,2026-09-23T22:18:16.162406,False,,,18.01,False
536,2026-09-23T22:18:16.190526,False,,,17.01,False
537,2026-09-23T22:18:16.220550,False,,,17.01,False
538,2026-09-23T22:18:16.251515,False,,,18.03,False
539,2026-09-23T22:18:16.281342,False,,,17.01,False
540,2026-09-23T22:18:16.312372,False,,,17.01,False
541,2026-09-23T22:18:16.368494,False,,,17.02,False
542,2026-09-23T22:18:16.411055,False,,,19.52,False
543,2026-09-23T22:18:16.439481,False,,,18.62,False
544,2026-09-23T22:18:16.469289,False,,,16.80,False
545,2026-09-23T22:18:16.500305,False,,,17.01,False
546,2026-09-23T22:18:16.531320,False,,,17.01,False
547,2026-09-23T22:18:16.561495,False,,,17.51,False
548,2026-09-23T22:18:16.600144,False,,,22.01,False
549,2026-09-23T22:18:16.638341,False,,,17.02,False
550,2026-09-23T22:18:16.669404,False,,,17.06,False
551,2026-09-23T22:18:16.700427,False,,,18.02,False
552,2026-09-23T22:18:16.730532,False,,,17.01,False
553,2026-09-23T22:18:16.769077,False,,,16.52,False
554,2026-09-23T22:18:16.809390,False,,,18.02,False
555,2026-09-23T22:18:16.839413,False,,,17.01,False
556,2026-09-23T22:18:16.873941,False,,,17.52,False
557,2026-09-23T22:18:16.902462,False,,,18.01,False
558,2026-09-23T22:18:16.934492,False,,,18.02,False
559,2026-09-23T22:18:16.963514,False,,,17.01,False
560,2026-09-23T22:18:16.993538,False,,,17.02,False
561,2026-09-23T22:18:17.025066,False,,,17.52,False
562,2026-09-23T22:18:17.058098,False,,,18.64,False
563,2026-09-23T22:18:17.105361,False,,,17.02,False
564,2026-09-23T22:18:17.132426,False,,,17.01,False
565,2026-09-23T22:18:17.163451,False,,,17.01,False
566,2026-09-23T22:18:17.197491,False,,,17.52,False
567,2026-09-23T22:18:17.227536,False,,,17.04,False
568,2026-09-23T22:18:17.258066,False,,,17.52,False
569,2026-09-23T22:18:17.290177,False,,,17.09,False
570,2026-09-23T22:18:17.318419,False,,,17.01,False
571,2026-09-23T22:18:17.350490,False,,,18.06,False
572,2026-09-23T22:18:17.381047,False,,,16.52,False
573,2026-09-23T22:18:17.410414,False,,,17.51,False
574,2026-09-23T22:18:17.441504,False,,,18.01,False
575,2026-09-23T22:18:17.472197,False,,,17.08,False
576,2026-09-23T22:18:17.506390,False,,,17.02,False
577,2026-09-23T22:18:17.535426,False,,,18.02,False
578,2026-09-23T22:18:17.570450,False,,,19.01,False
579,2026-09-23T22:18:17.603261,False,,,20.80,False
580,2026-09-23T22:18:17.634438,False,,,19.02,False
581,2026-09-23T22:18:17.667469,False,,,25.03,False
582,2026-09-23T22:18:17.709506,False,,,17.01,False
583,2026-09-23T22:18:17.741470,False,,,17.40,False
584,2026-09-23T22:18:17.777006,False,,,17.52,False
585,2026-09-23T22:18:17.818615,False,,,16.51,False
586,2026-09-23T22:18:17.849217,False,,,17.09,False
587,2026-09-23T22:18:17.882244,False,,,17.02,False
588,2026-09-23T22:18:17.911182,False,,,17.04,False
589,2026-09-23T22:18:17.943497,False,,,17.24,False
590,2026-09-23T22:18:17.973220,False,,,17.65,False
591,2026-09-23T22:18:18.005784,False,,,17.06,False
592,2026-09-23T22:18:18.035320,False,,,17.02,False
593,2026-09-23T22:18:18.066355,False,,,17.02,False
594,2026-09-23T22:18:18.098504,False,,,17.02,False
595,2026-09-23T22:18:18.129576,False,,,17.07,False
596,2026-09-23T22:18:18.177162,False,,,17.52,False
597,2026-09-23T22:18:18.206407,False,,,17.02,False
598,2026-09-23T22:18:18.240429,False,,,17.01,False
599,2026-09-23T22:18:18.272099,False,,,17.57,False
600,2026-09-23T22:18:18.306786,False,,,17.52,False
601,2026-09-23T22:18:18.347435,False,,,17.64,False
602,2026-09-23T22:18:18.376469,False,,,17.02,False
603,2026-09-23T22:18:18.407501,False,,,17.02,False
604,2026-09-23T22:18:18.439534,False,,,17.02,False
605,2026-09-23T22:18:18.469082,False,,,16.53,False
606,2026-09-23T22:18:18.499570,False,,,17.51,False
607,2026-09-23T22:18:18.531466,False,,,17.02,False
608,2026-09-23T22:18:18.577013,False,,,16.52,False
609,2026-09-23T22:18:18.610088,False,,,17.57,False
610,2026-09-23T22:18:18.643213,False,,,16.58,False
611,2026-09-23T22:18:18.673230,False,,,17.51,False
612,2026-09-23T22:18:18.708386,False,,,17.13,False
613,2026-09-23T22:18:18.750413,False,,,18.01,False
614,2026-09-23T22:18:18.783460,False,,,18.01,False
615,2026-09-23T22:18:18.819492,False,,,23.02,False
616,2026-09-23T22:18:18.859556,False,,,17.02,False
617,2026-09-23T22:18:18.890580,False,,,16.51,False
618,2026-09-23T22:18:18.923187,False,,,20.03,False
619,2026-09-23T22:18:18.954713,False,,,21.01,False
620,2026-09-23T22:18:18.985239,False,,,17.02,False
621,2026-09-23T22:18:19.014492,False,,,17.02,False
622,2026-09-23T22:18:19.044529,False,,,17.52,False
623,2026-09-23T22:18:19.074561,False,,,17.03,False
624,2026-09-23T22:18:19.107548,False,,,17.46,False
625,2026-09-23T22:18:19.133084,False,,,17.52,False
626,2026-09-23T22:18:19.168743,False,,,17.52,False
627,2026-09-23T22:18:19.214396,False,,,17.02,False
628,2026-09-23T22:18:19.256545,False,,,17.07,False
629,2026-09-23T22:18:19.289570,False,,,17.51,False
630,2026-09-23T22:18:19.319247,False,,,17.17,False
631,2026-09-23T22:18:19.350861,False,,,17.51,False
632,2026-09-23T22:18:19.382391,False,,,17.01,False
633,2026-09-23T22:18:19.416462,False,,,18.02,False
634,2026-09-23T22:18:19.444508,False,,,16.52,False
635,2026-09-23T22:18:19.475472,False,,,16.70,False
636,2026-09-23T22:18:19.507547,False,,,17.07,False
637,2026-09-23T22:18:19.535113,False,,,17.54,False
638,2026-09-23T22:18:19.584127,False,,,31.97,False
639,2026-09-23T22:18:19.615089,False,,,17.52,False
640,2026-09-23T22:18:19.649210,False,,,17.11,False
641,2026-09-23T22:18:19.690495,False,,,17.01,False
642,2026-09-23T22:18:19.725063,False,,,17.53,False
643,2026-09-23T22:18:19.756084,False,,,18.02,False
644,2026-09-23T22:18:19.785154,False,,,17.01,False
645,2026-09-23T22:18:19.816277,False,,,17.02,False
646,2026-09-23T22:18:19.849532,False,,,17.02,False
647,2026-09-23T22:18:19.893068,False,,,17.52,False
648,2026-09-23T22:18:19.924160,False,,,17.04,False
649,2026-09-23T22:18:19.957328,False,,,18.02,False
650,2026-09-23T22:18:19.984699,False,,,17.01,False
651,2026-09-23T22:18:20.020306,False,,,17.07,False
652,2026-09-23T22:18:20.053406,False,,,20.02,False
653,2026-09-23T22:18:20.086434,False,,,21.02,False
654,2026-09-23T22:18:20.128656,False,,,18.20,False
655,2026-09-23T22:18:20.161382,False,,,18.01,False
656,2026-09-23T22:18:20.190403,False,,,17.01,False
657,2026-09-23T22:18:20.222431,False,,,18.01,False
658,2026-09-23T22:18:20.251484,False,,,17.04,False
659,2026-09-23T22:18:20.280543,False,,,17.03,False
660,2026-09-23T22:18:20.310068,False,,,16.51,False
661,2026-09-23T22:18:20.342199,False,,,17.51,False
662,2026-09-23T22:18:20.385155,False,,,16.58,False
663,2026-09-23T22:18:20.422704,False,,,17.01,False
664,2026-09-23T22:18:20.453509,False,,,17.01,False
665,2026-09-23T22:18:20.483355,False,,,17.27,False
666,2026-09-23T22:18:20.516388,False,,,17.02,False
667,2026-09-23T22:18:20.548427,False,,,17.52,False
668,2026-09-23T22:18:20.576457,False,,,17.02,False
669,2026-09-23T22:18:20.607524,False,,,17.56,False
670,2026-09-23T22:18:20.641153,False,,,17.01,False
671,2026-09-23T22:18:20.669667,False,,,17.51,False
672,2026-09-23T22:18:20.706241,False,,,17.03,False
673,2026-09-23T22:18:20.746511,False,,,17.11,False
674,2026-09-23T22:18:20.785090,False,,,17.01,False
675,2026-09-23T22:18:20.823616,False,,,17.51,False
676,2026-09-23T22:18:20.853099,False,,,16.87,False
677,2026-09-23T22:18:20.884354,False,,,17.74,False
678,2026-09-23T22:18:20.915402,False,,,16.53,False
679,2026-09-23T22:18:20.947432,False,,,17.52,False
680,2026-09-23T22:18:20.978458,False,,,17.02,False
681,2026-09-23T22:18:21.009530,False,,,17.07,False
682,2026-09-23T22:18:21.043064,False,,,17.02,False
683,2026-09-23T22:18:21.082094,False,,,26.52,False
684,2026-09-23T22:18:21.209465,False,,,55.16,False
685,2026-09-23T22:18:21.320593,False,,,40.77,False
686,2026-09-23T22:18:21.415923,False,,,44.63,False
687,2026-09-23T22:18:21.526144,False,,,44.93,False
688,2026-09-23T22:18:21.667149,False,,,46.69,False
689,2026-09-23T22:18:21.791341,False,,,46.63,False
690,2026-09-23T22:18:21.923422,False,,,54.26,False
691,2026-09-23T22:18:22.042640,False,,,48.70,False
692,2026-09-23T22:18:22.175442,False,,,56.08,False
693,2026-09-23T22:18:22.293062,False,,,50.56,False
694,2026-09-23T22:18:22.410681,False,,,43.53,False
695,2026-09-23T22:18:22.536074,False,,,45.53,False
696,2026-09-23T22:18:22.670468,False,,,55.93,False
697,2026-09-23T22:18:22.770517,False,,,47.19,False
698,2026-09-23T22:18:22.923067,False,,,73.70,False
699,2026-09-23T22:18:23.056406,False,,,53.11,False
700,2026-09-23T22:18:23.179113,False,,,51.58,False
701,2026-09-23T22:18:23.294364,False,,,44.22,False
702,2026-09-23T22:18:23.421382,False,,,48.07,False
703,2026-09-23T22:18:23.545192,False,,,47.34,False
704,2026-09-23T22:18:23.695842,False,,,74.34,False
705,2026-09-23T22:18:23.842141,False,,,65.02,False
706,2026-09-23T22:18:23.964698,False,,,50.34,False
707,2026-09-23T22:18:24.091289,False,,,52.17,False
708,2026-09-23T22:18:24.152541,False,,,16.52,False
709,2026-09-23T22:18:24.180061,False,,,16.51,False
710,2026-09-23T22:18:24.207216,False,,,17.05,False
711,2026-09-23T22:18:24.234301,False,,,17.01,False
712,2026-09-23T22:18:24.266182,False,,,16.80,False
713,2026-09-23T22:18:24.299394,False,,,17.03,False
714,2026-09-23T22:18:24.327454,False,,,17.05,False
715,2026-09-23T22:18:24.358551,False,,,17.08,False
716,2026-09-23T22:18:24.388641,False,,,16.58,False
717,2026-09-23T22:18:24.420249,False,,,17.01,False
718,2026-09-23T22:18:24.463512,False,,,17.38,False
719,2026-09-23T22:18:24.499554,False,,,17.02,False
720,2026-09-23T22:18:24.528657,False,,,17.59,False
721,2026-09-23T22:18:24.559259,False,,,17.09,False
722,2026-09-23T22:18:24.593513,False,,,18.01,False
723,2026-09-23T22:18:24.622531,False,,,17.01,False
724,2026-09-23T22:18:24.649076,False,,,17.04,False
725,2026-09-23T22:18:24.684142,False,,,17.02,False
726,2026-09-23T22:18:24.714480,False,,,17.08,False
727,2026-09-23T22:18:24.745150,False,,,17.52,False
728,2026-09-23T22:18:24.784785,False,,,17.51,False
729,2026-09-23T22:18:24.812137,False,,,17.85,False
730,2026-09-23T22:18:24.865628,False,,,16.56,False
731,2026-09-23T22:18:24.890641,False,,,16.51,False
732,2026-09-23T22:18:24.927733,False,,,17.02,False
733,2026-09-23T22:18:24.963260,False,,,17.01,False
734,2026-09-23T22:18:24.993779,False,,,17.01,False
735,2026-09-23T22:18:25.021295,False,,,17.01,False
736,2026-09-23T22:18:25.058397,False,,,17.02,False
737,2026-09-23T22:18:25.088427,False,,,17.02,False
738,2026-09-23T22:18:25.119475,False,,,17.02,False
739,2026-09-23T22:18:25.150835,False,,,16.85,False
740,2026-09-23T22:18:25.200388,False,,,17.01,False
741,2026-09-23T22:18:25.230417,False,,,17.52,False
742,2026-09-23T22:18:25.263522,False,,,16.52,False
743,2026-09-23T22:18:25.292546,False,,,17.02,False
744,2026-09-23T22:18:25.319071,False,,,17.02,False
745,2026-09-23T22:18:25.354348,False,,,17.02,False
746,2026-09-23T22:18:25.384407,False,,,17.02,False
747,2026-09-23T22:18:26.416348,False,,,18.02,False
748,2026-09-23T22:18:26.451022,False,,,17.01,False
749,2026-09-23T22:18:26.482520,False,,,17.84,False
750,2026-09-23T22:18:26.514785,False,,,16.76,False
751,2026-09-23T22:18:26.543387,False,,,17.10,False
752,2026-09-23T22:18:26.576917,False,,,16.52,False
753,2026-09-23T22:18:26.607944,False,,,17.52,False
754,2026-09-23T22:18:26.639466,False,,,17.01,False
755,2026-09-23T22:18:26.670541,False,,,16.06,False
756,2026-09-23T22:18:26.702066,False,,,18.51,False
757,2026-09-23T22:18:26.737412,False,,,18.21,False
758,2026-09-23T22:18:26.779558,False,,,17.13,False
759,2026-09-23T22:18:26.808640,False,,,17.58,False
760,2026-09-23T22:18:26.839264,False,,,17.12,False
761,2026-09-23T22:18:26.872300,False,,,18.01,False
762,2026-09-23T22:18:26.900422,False,,,17.01,False
763,2026-09-23T22:18:26.933463,False,,,17.01,False
764,2026-09-23T22:18:26.966490,False,,,20.02,False
765,2026-09-23T22:18:26.994560,False,,,17.06,False
766,2026-09-23T22:18:27.025076,False,,,17.01,False
767,2026-09-23T22:18:27.071443,False,,,17.01,False
768,2026-09-23T22:18:27.101487,False,,,17.01,False
769,2026-09-23T22:18:27.137054,False,,,17.51,False
770,2026-09-23T22:18:27.178583,False,,,16.51,False
771,2026-09-23T22:18:27.209606,False,,,17.51,False
772,2026-09-23T22:18:27.242296,False,,,19.01,False
773,2026-09-23T22:18:27.268115,False,,,16.65,False
774,2026-09-23T22:18:27.304352,False,,,18.02,False
775,2026-09-23T22:18:27.333368,False,,,17.01,False
776,2026-09-23T22:18:27.364398,False,,,17.02,False
777,2026-09-23T22:18:27.396446,False,,,17.02,False
778,2026-09-23T22:18:27.429470,False,,,18.02,False
779,2026-09-23T22:18:27.474661,False,,,17.57,False
780,2026-09-23T22:18:27.505182,False,,,17.02,False
781,2026-09-23T22:18:27.535908,False,,,16.51,False
782,2026-09-23T22:18:27.568440,False,,,18.52,False
783,2026-09-23T22:18:27.603066,False,,,17.52,False
784,2026-09-23T22:18:27.631077,False,,,17.51,False
785,2026-09-23T22:18:27.665338,False,,,16.74,False
786,2026-09-23T22:18:27.691421,False,,,17.07,False
787,2026-09-23T22:18:27.729451,False,,,18.02,False
788,2026-09-23T22:18:27.769646,False,,,17.51,False
789,2026-09-23T22:18:27.808453,False,,,17.19,False
790,2026-09-23T22:18:27.847522,False,,,17.46,False
791,2026-09-23T22:18:27.879550,False,,,19.02,False
792,2026-09-23T22:18:27.908576,False,,,18.02,False
793,2026-09-23T22:18:27.941258,False,,,17.16,False
794,2026-09-23T22:18:27.970283,False,,,18.01,False
795,2026-09-23T22:18:28.000398,False,,,17.01,False
796,2026-09-23T22:18:28.032465,False,,,17.01,False
797,2026-09-23T22:18:28.065662,False,,,17.66,False
798,2026-09-23T22:18:28.093181,False,,,17.02,False
799,2026-09-23T22:18:28.130618,False,,,18.50,False
800,2026-09-23T22:18:28.162291,False,,,17.01,False
801,2026-09-23T22:18:28.209569,False,,,17.51,False
802,2026-09-23T22:18:28.244594,False,,,17.01,False
803,2026-09-23T22:18:28.277364,False,,,17.15,False
804,2026-09-23T22:18:28.308447,False,,,17.01,False
805,2026-09-23T22:18:28.341256,False,,,19.12,False
806,2026-09-23T22:18:28.370365,False,,,18.10,False
807,2026-09-23T22:18:28.400974,False,,,17.51,False
808,2026-09-23T22:18:28.430058,False,,,16.51,False
809,2026-09-23T22:18:28.466252,False,,,18.17,False
810,2026-09-23T22:18:28.508384,False,,,17.01,False
811,2026-09-23T22:18:28.544078,False,,,16.67,False
812,2026-09-23T22:18:28.583830,False,,,16.51,False
813,2026-09-23T22:18:28.617489,False,,,17.15,False
814,2026-09-23T22:18:28.649079,False,,,17.01,False
815,2026-09-23T22:18:28.681207,False,,,17.51,False
816,2026-09-23T22:18:28.709726,False,,,17.51,False
817,2026-09-23T22:18:28.740764,False,,,17.50,False
818,2026-09-23T22:18:28.772315,False,,,15.50,False
819,2026-09-23T22:18:28.803869,False,,,17.51,False
820,2026-09-23T22:18:28.837402,False,,,17.03,False
821,2026-09-23T22:18:28.866431,False,,,18.02,False
822,2026-09-23T22:18:28.899957,False,,,18.52,False
823,2026-09-23T22:18:28.945539,False,,,18.06,False
824,2026-09-23T22:18:28.977118,False,,,17.01,False
825,2026-09-23T22:18:29.008346,False,,,17.09,False
826,2026-09-23T22:18:29.038637,False,,,16.28,False
827,2026-09-23T22:18:29.073168,False,,,17.01,False
828,2026-09-23T22:18:29.113215,False,,,17.01,False
829,2026-09-23T22:18:29.144482,False,,,17.25,False
830,2026-09-23T22:18:29.174576,False,,,17.07,False
831,2026-09-23T22:18:29.207093,False,,,17.01,False
832,2026-09-23T22:18:29.237122,False,,,18.01,False
833,2026-09-23T22:18:29.282837,False,,,19.51,False
834,2026-09-23T22:18:29.308858,False,,,16.51,False
835,2026-09-23T22:18:29.345384,False,,,18.01,False
836,2026-09-23T22:18:29.375481,False,,,17.09,False
837,2026-09-23T22:18:29.408508,False,,,17.52,False
838,2026-09-23T22:18:29.439685,False,,,17.51,False
839,2026-09-23T22:18:29.472352,False,,,17.01,False
840,2026-09-23T22:18:29.499428,False,,,17.22,False
841,2026-09-23T22:18:29.537487,False,,,18.01,False
842,2026-09-23T22:18:29.582126,False,,,17.51,False
843,2026-09-23T22:18:29.609716,False,,,17.51,False
844,2026-09-23T22:18:29.640239,False,,,16.51,False
845,2026-09-23T22:18:29.680558,False,,,17.01,False
846,2026-09-23T22:18:29.719091,False,,,18.02,False
847,2026-09-23T22:18:29.749707,False,,,16.59,False
848,2026-09-23T22:18:29.780312,False,,,17.00,False
849,2026-09-23T22:18:29.813343,False,,,16.51,False
850,2026-09-23T22:18:29.844410,False,,,17.06,False
851,2026-09-23T22:18:29.876439,False,,,18.02,False
852,2026-09-23T22:18:29.908465,False,,,18.01,False
853,2026-09-23T22:18:29.940509,False,,,18.03,False
854,2026-09-23T22:18:29.969740,False,,,17.57,False
855,2026-09-23T22:18:30.016274,False,,,17.02,False
856,2026-09-23T22:18:30.048012,False,,,16.73,False
857,2026-09-23T22:18:30.083111,False,,,17.59,False
858,2026-09-23T22:18:30.125136,False,,,17.01,False
859,2026-09-23T22:18:30.154333,False,,,17.17,False
860,2026-09-23T22:18:30.185621,False,,,18.01,False
861,2026-09-23T22:18:30.217291,False,,,17.16,False
862,2026-09-23T22:18:30.248373,False,,,17.05,False
863,2026-09-23T22:18:30.280734,False,,,16.50,False
864,2026-09-23T22:18:30.311249,False,,,17.50,False
865,2026-09-23T22:18:30.339399,False,,,16.30,False
866,2026-09-23T22:18:30.372547,False,,,16.42,False
867,2026-09-23T22:18:30.419417,False,,,20.35,False
868,2026-09-23T22:18:30.450418,False,,,16.93,False
869,2026-09-23T22:18:30.481212,False,,,17.17,False
870,2026-09-23T22:18:30.514404,False,,,17.01,False
871,2026-09-23T22:18:30.544423,False,,,17.01,False
872,2026-09-23T22:18:30.576070,False,,,16.51,False
873,2026-09-23T22:18:30.608800,False,,,17.65,False
874,2026-09-23T22:18:30.637320,False,,,17.02,False
875,2026-09-23T22:18:30.671343,False,,,17.01,False
876,2026-09-23T22:18:30.713537,False,,,17.06,False
877,2026-09-23T22:18:30.752295,False,,,16.74,False
878,2026-09-23T22:18:30.788423,False,,,17.11,False
879,2026-09-23T22:18:30.820443,False,,,18.01,False
880,2026-09-23T22:18:30.850577,False,,,17.60,False
881,2026-09-23T22:18:30.882118,False,,,17.01,False
882,2026-09-23T22:18:30.913478,False,,,16.85,False
883,2026-09-23T22:18:30.944500,False,,,17.01,False
884,2026-09-23T22:18:30.973526,False,,,17.01,False
885,2026-09-23T22:18:31.009646,False,,,17.51,False
886,2026-09-23T22:18:31.049778,False,,,17.52,False
887,2026-09-23T22:18:31.080517,False,,,17.20,False
888,2026-09-23T22:18:31.113331,False,,,17.11,False
889,2026-09-23T22:18:31.152235,False,,,16.61,False
890,2026-09-23T22:18:31.189270,False,,,17.02,False
891,2026-09-23T22:18:31.220795,False,,,18.51,False
892,2026-09-23T22:18:31.250912,False,,,17.51,False
893,2026-09-23T22:18:31.283434,False,,,18.01,False
894,2026-09-23T22:18:31.314499,False,,,17.56,False
895,2026-09-23T22:18:31.346520,False,,,18.01,False
896,2026-09-23T22:18:31.376550,False,,,18.02,False
897,2026-09-23T22:18:31.409074,False,,,16.51,False
898,2026-09-23T22:18:31.438720,False,,,16.51,False
899,2026-09-23T22:18:31.487886,False,,,17.58,False
900,2026-09-23T22:18:31.515463,False,,,17.07,False
901,2026-09-23T22:18:31.552562,False,,,16.93,False
902,2026-09-23T22:18:31.596593,False,,,18.02,False
903,2026-09-23T22:18:31.625121,False,,,17.01,False
904,2026-09-23T22:18:31.656374,False,,,16.24,False
905,2026-09-23T22:18:31.686460,False,,,17.08,False
906,2026-09-23T22:18:31.719481,False,,,17.01,False
907,2026-09-23T22:18:31.750014,False,,,17.02,False
908,2026-09-23T22:18:31.780554,False,,,17.01,False
909,2026-09-23T22:18:31.812078,False,,,18.51,False
910,2026-09-23T22:18:31.840638,False,,,17.51,False
911,2026-09-23T22:18:31.889356,False,,,18.03,False
912,2026-09-23T22:18:31.919473,False,,,17.02,False
913,2026-09-23T22:18:31.953581,False,,,18.02,False
914,2026-09-23T22:18:31.981153,False,,,17.07,False
915,2026-09-23T22:18:32.017186,False,,,17.92,False
916,2026-09-23T22:18:32.056763,False,,,17.52,False
917,2026-09-23T22:18:32.089469,False,,,17.20,False
918,2026-09-23T22:18:32.117489,False,,,16.51,False
919,2026-09-23T22:18:32.148534,False,,,17.02,False
920,2026-09-23T22:18:32.180480,False,,,17.03,False
921,2026-09-23T22:18:32.208536,False,,,17.01,False
922,2026-09-23T22:18:32.239070,False,,,17.01,False
923,2026-09-23T22:18:32.289231,False,,,18.02,False
924,2026-09-23T22:18:32.316494,False,,,17.12,False
925,2026-09-23T22:18:32.353558,False,,,17.52,False
926,2026-09-23T22:18:32.396225,False,,,18.06,False
927,2026-09-23T22:18:32.425486,False,,,18.02,False
928,2026-09-23T22:18:32.454403,False,,,16.85,False
929,2026-09-23T22:18:32.485159,False,,,16.82,False
930,2026-09-23T22:18:32.516682,False,,,17.02,False
931,2026-09-23T22:18:32.549428,False,,,17.24,False
932,2026-09-23T22:18:32.580534,False,,,17.06,False
933,2026-09-23T22:18:32.626078,False,,,17.02,False
934,2026-09-23T22:18:32.659210,False,,,18.10,False
935,2026-09-23T22:18:32.691340,False,,,18.01,False
936,2026-09-23T22:18:32.724596,False,,,19.51,False
937,2026-09-23T22:18:32.753621,False,,,17.52,False
938,2026-09-23T22:18:32.783143,False,,,17.01,False
939,2026-09-23T22:18:32.817203,False,,,18.02,False
940,2026-09-23T22:18:32.843725,False,,,17.01,False
941,2026-09-23T22:18:32.880566,False,,,16.50,False
942,2026-09-23T22:18:32.923139,False,,,17.05,False
943,2026-09-23T22:18:32.955161,False,,,18.02,False
944,2026-09-23T22:18:32.984684,False,,,17.02,False
945,2026-09-23T22:18:33.024527,False,,,17.09,False
946,2026-09-23T22:18:33.064582,False,,,17.01,False
947,2026-09-23T22:18:33.095391,False,,,17.30,False
948,2026-09-23T22:18:33.125436,False,,,17.04,False
949,2026-09-23T22:18:33.157454,False,,,17.01,False
950,2026-09-23T22:18:33.188493,False,,,17.03,False
951,2026-09-23T22:18:33.219516,False,,,17.01,False
952,2026-09-23T22:18:33.250563,False,,,17.01,False
953,2026-09-23T22:18:33.280663,False,,,16.51,False
954,2026-09-23T22:18:33.314191,False,,,17.01,False
955,2026-09-23T22:18:33.360561,False,,,17.02,False
956,2026-09-23T22:18:33.389153,False,,,17.08,False
957,2026-09-23T22:18:33.425577,False,,,18.02,False
958,2026-09-23T22:18:33.466711,False,,,17.60,False
959,2026-09-23T22:18:33.499229,False,,,18.02,False
960,2026-09-23T22:18:33.530635,False,,,16.51,False
961,2026-09-23T22:18:33.560155,False,,,17.51,False
962,2026-09-23T22:18:33.590811,False,,,17.50,False
963,2026-09-23T22:18:33.623339,False,,,18.02,False
964,2026-09-23T22:18:33.653400,False,,,17.01,False
965,2026-09-23T22:18:33.684528,False,,,17.01,False
966,2026-09-23T22:18:33.714553,False,,,16.52,False
967,2026-09-23T22:18:33.760646,False,,,17.51,False
968,2026-09-23T22:18:33.797208,False,,,18.04,False
969,2026-09-23T22:18:33.838342,False,,,17.01,False
970,2026-09-23T22:18:33.869865,False,,,17.51,False
971,2026-09-23T22:18:33.901391,False,,,18.51,False
972,2026-09-23T22:18:33.933389,False,,,18.98,False
973,2026-09-23T22:18:33.965415,False,,,17.02,False
974,2026-09-23T22:18:33.996436,False,,,17.01,False
975,2026-09-23T22:18:34.027031,False,,,17.57,False
976,2026-09-23T22:18:34.057556,False,,,17.02,False
977,2026-09-23T22:18:34.098082,False,,,17.02,False
978,2026-09-23T22:18:34.137371,False,,,17.16,False
979,2026-09-23T22:18:34.164479,False,,,17.03,False
980,2026-09-23T22:18:34.197251,False,,,16.76,False
981,2026-09-23T22:18:34.228776,False,,,18.02,False
982,2026-09-23T22:18:34.259801,False,,,17.52,False
983,2026-09-23T22:18:34.290877,False,,,17.60,False
984,2026-09-23T22:18:34.319936,False,,,16.45,False
985,2026-09-23T22:18:34.353599,False,,,18.12,False
986,2026-09-23T22:18:34.383227,False,,,17.12,False
987,2026-09-23T22:18:34.417254,False,,,18.02,False
988,2026-09-23T22:18:34.459372,False,,,17.01,False
989,2026-09-23T22:18:34.498106,False,,,16.68,False
990,2026-09-23T22:18:34.536424,False,,,17.02,False
991,2026-09-23T22:18:34.566557,False,,,17.02,False
992,2026-09-23T22:18:34.596732,False,,,16.67,False
993,2026-09-23T22:18:34.627250,False,,,17.01,False
994,2026-09-23T22:18:34.658379,False,,,17.02,False
995,2026-09-23T22:18:34.689499,False,,,17.10,False
996,2026-09-23T22:18:34.721521,False,,,17.01,False
997,2026-09-23T22:18:34.754115,False,,,18.01,False
998,2026-09-23T22:18:34.781130,False,,,16.50,False
999,2026-09-23T22:18:34.833445,True,0.281,0.209,18.01,False
999,2026-09-23T22:18:34.833445,True,0.168,0.194,18.01,False
1000,2026-09-23T22:18:34.861458,True,0.281,0.213,16.51,False
1000,2026-09-23T22:18:34.861458,True,0.168,0.213,16.51,False
1001,2026-09-23T22:18:34.897495,True,0.211,0.222,18.02,False
1001,2026-09-23T22:18:34.897495,True,0.211,0.208,18.02,False
1001,2026-09-23T22:18:34.897495,True,0.168,0.208,18.02,False
1002,2026-09-23T22:18:34.925567,True,0.211,0.194,17.07,False
1002,2026-09-23T22:18:34.925567,True,0.211,0.202,17.07,False
1002,2026-09-23T22:18:34.925567,True,0.168,0.194,17.07,False
1003,2026-09-23T22:18:34.958089,True,0.211,0.194,18.02,False
1003,2026-09-23T22:18:34.959090,True,0.211,0.202,18.02,False
1003,2026-09-23T22:18:34.959090,True,0.168,0.194,18.02,False
1004,2026-09-23T22:18:34.986424,True,0.320,0.216,17.01,False
1004,2026-09-23T22:18:34.986424,True,0.262,0.234,17.01,False
1005,2026-09-23T22:18:35.017453,True,0.320,0.256,17.02,False
1005,2026-09-23T22:18:35.017453,True,0.262,0.266,17.02,False
1006,2026-09-23T22:18:35.048974,False,,,16.51,False
1007,2026-09-23T22:18:35.081496,False,,,17.01,False
1008,2026-09-23T22:18:35.109514,False,,,17.01,False
1009,2026-09-23T22:18:35.156073,False,,,16.52,False
1010,2026-09-23T22:18:35.185223,False,,,16.64,False
1011,2026-09-23T22:18:35.232254,True,0.230,0.279,17.01,False
1012,2026-09-23T22:18:35.263773,True,0.230,0.261,17.01,False
1013,2026-09-23T22:18:35.296375,True,0.363,0.281,17.09,False
1013,2026-09-23T22:18:35.296375,True,0.184,0.254,17.09,False
1014,2026-09-23T22:18:35.325395,True,0.363,0.274,17.01,False
1014,2026-09-23T22:18:35.325395,True,0.184,0.265,17.01,False
1015,2026-09-23T22:18:35.356519,True,0.363,0.291,17.02,False
1015,2026-09-23T22:18:35.356519,True,0.184,0.255,17.02,False
1016,2026-09-23T22:18:35.387718,False,,,17.02,False
1017,2026-09-23T22:18:35.418430,False,,,17.21,False
1018,2026-09-23T22:18:35.449031,False,,,16.59,False
1019,2026-09-23T22:18:35.480068,False,,,16.53,False
1020,2026-09-23T22:18:35.510693,False,,,17.51,False
1021,2026-09-23T22:18:35.568404,False,,,17.52,False
1022,2026-09-23T22:18:35.604522,False,,,17.56,False
1023,2026-09-23T22:18:35.634624,False,,,17.01,False
1024,2026-09-23T22:18:35.666654,False,,,17.02,False
1025,2026-09-23T22:18:35.699222,False,,,17.06,False
1026,2026-09-23T22:18:35.730358,False,,,17.01,False
1027,2026-09-23T22:18:35.761484,False,,,17.01,False
1028,2026-09-23T22:18:35.796112,False,,,17.02,False
1029,2026-09-23T22:18:35.824326,False,,,17.11,False
1030,2026-09-23T22:18:35.856422,False,,,17.04,False
1031,2026-09-23T22:18:35.887941,False,,,16.51,False
1032,2026-09-23T22:18:35.918516,True,0.230,0.265,17.07,False
1032,2026-09-23T22:18:35.918516,True,0.184,0.229,17.07,False
1033,2026-09-23T22:18:35.969608,True,0.211,0.234,17.51,False
1034,2026-09-23T22:18:36.010231,True,0.211,0.204,16.50,False
1035,2026-09-23T22:18:36.042394,True,0.430,0.253,17.01,False
1035,2026-09-23T22:18:36.042394,True,0.184,0.244,17.01,False
1035,2026-09-23T22:18:36.042394,True,0.168,0.241,17.01,False
1035,2026-09-23T22:18:36.042394,True,0.156,0.230,17.01,False
1036,2026-09-23T22:18:36.073140,True,0.430,0.273,17.01,False
1036,2026-09-23T22:18:36.073140,True,0.184,0.224,17.01,False
1036,2026-09-23T22:18:36.073140,True,0.168,0.221,17.01,False
1036,2026-09-23T22:18:36.073140,True,0.156,0.219,17.01,False
1037,2026-09-23T22:18:36.104172,True,0.430,0.273,17.01,False
1037,2026-09-23T22:18:36.104172,True,0.184,0.224,17.01,False
1037,2026-09-23T22:18:36.104172,True,0.168,0.221,17.01,False
1037,2026-09-23T22:18:36.104172,True,0.156,0.219,17.01,False
1038,2026-09-23T22:18:36.136707,True,0.387,0.265,18.02,False
1038,2026-09-23T22:18:36.136707,True,0.344,0.248,18.02,False
1038,2026-09-23T22:18:36.136707,True,0.168,0.245,18.02,False
1039,2026-09-23T22:18:36.165748,True,0.387,0.288,18.02,False
1039,2026-09-23T22:18:36.165748,True,0.344,0.326,18.02,False
1039,2026-09-23T22:18:36.165748,True,0.168,0.282,18.02,False
1040,2026-09-23T22:18:36.198271,True,0.430,0.299,18.02,False
1040,2026-09-23T22:18:36.198271,True,0.211,0.308,18.02,False
1041,2026-09-23T22:18:36.228797,True,0.430,0.316,18.02,False
1041,2026-09-23T22:18:36.228797,True,0.211,0.290,18.02,False
1042,2026-09-23T22:18:36.258892,True,0.320,0.320,16.59,False
1042,2026-09-23T22:18:36.258892,True,0.156,0.266,16.59,False
1043,2026-09-23T22:18:36.289286,True,0.320,0.287,17.03,False
1043,2026-09-23T22:18:36.289286,True,0.156,0.233,17.03,False
1044,2026-09-23T22:18:36.322390,True,0.262,0.243,17.01,False
1045,2026-09-23T22:18:36.367440,True,0.262,0.231,16.51,False
1046,2026-09-23T22:18:36.400544,True,0.262,0.252,17.07,False
1047,2026-09-23T22:18:36.430069,True,0.262,0.241,16.50,False
1048,2026-09-23T22:18:36.463097,False,,,17.01,False
1049,2026-09-23T22:18:36.489217,False,,,16.89,False
1050,2026-09-23T22:18:36.523537,False,,,17.08,False
1051,2026-09-23T22:18:36.555166,False,,,17.52,False
1052,2026-09-23T22:18:36.584360,True,0.168,0.243,17.01,False
1053,2026-09-23T22:18:36.616386,True,0.168,0.224,18.02,False
1054,2026-09-23T22:18:36.646189,True,0.230,0.218,16.56,False
1055,2026-09-23T22:18:36.678204,True,0.230,0.212,17.01,False
1056,2026-09-23T22:18:36.709722,True,0.199,0.199,17.51,False
1057,2026-09-23T22:18:36.768441,False,,,17.29,False
1058,2026-09-23T22:18:36.801072,False,,,17.01,False
1059,2026-09-23T22:18:36.833192,False,,,17.01,False
1060,2026-09-23T22:18:36.864518,True,0.301,0.226,17.51,False
1061,2026-09-23T22:18:36.897139,True,0.301,0.252,17.52,False
1062,2026-09-23T22:18:36.926167,False,,,17.52,False
1063,2026-09-23T22:18:36.959192,False,,,17.02,False
1064,2026-09-23T22:18:36.988707,True,0.246,0.255,16.51,False
1064,2026-09-23T22:18:36.988707,True,0.199,0.249,16.51,False
1065,2026-09-23T22:18:37.018767,True,0.246,0.259,16.55,False
1065,2026-09-23T22:18:37.018767,True,0.199,0.238,16.55,False
1066,2026-09-23T22:18:37.050875,True,0.363,0.251,17.51,False
1066,2026-09-23T22:18:37.050875,True,0.184,0.238,17.51,False
1067,2026-09-23T22:18:37.083400,True,0.363,0.271,17.01,False
1067,2026-09-23T22:18:37.083400,True,0.184,0.259,17.01,False
1068,2026-09-23T22:18:37.114424,True,0.387,0.296,17.02,False
1069,2026-09-23T22:18:37.144975,True,0.387,0.301,17.52,False
1070,2026-09-23T22:18:37.178501,True,0.184,0.301,18.02,False
1071,2026-09-23T22:18:37.210350,True,0.184,0.265,18.02,False
1072,2026-09-23T22:18:37.240368,False,,,17.01,False
1073,2026-09-23T22:18:37.270478,False,,,17.01,False
1074,2026-09-23T22:18:37.303509,True,0.211,0.270,17.01,False
1075,2026-09-23T22:18:37.334571,True,0.211,0.235,17.05,False
1076,2026-09-23T22:18:37.364107,True,0.301,0.218,17.02,False
1077,2026-09-23T22:18:37.395133,True,0.301,0.241,17.02,False
1078,2026-09-23T22:18:37.440066,True,0.156,0.236,16.50,False
1079,2026-09-23T22:18:37.473390,True,0.156,0.225,17.03,False
1080,2026-09-23T22:18:37.504913,True,0.246,0.232,17.01,False
1081,2026-09-23T22:18:37.537441,True,0.246,0.221,17.02,False
1082,2026-09-23T22:18:37.567502,True,0.211,0.203,16.52,False
1083,2026-09-23T22:18:37.599524,True,0.211,0.214,17.02,False
1084,2026-09-23T22:18:37.632138,True,0.344,0.252,16.51,False
1085,2026-09-23T22:18:37.660732,True,0.344,0.271,17.02,False
1086,2026-09-23T22:18:37.697345,True,0.320,0.286,17.59,False
1086,2026-09-23T22:18:37.697345,True,0.211,0.286,17.59,False
1086,2026-09-23T22:18:37.697345,True,0.184,0.280,17.59,False
1087,2026-09-23T22:18:37.725484,True,0.320,0.276,17.13,False
1087,2026-09-23T22:18:37.725484,True,0.211,0.249,17.13,False
1087,2026-09-23T22:18:37.725484,True,0.184,0.222,17.13,False
1088,2026-09-23T22:18:37.761158,True,0.406,0.261,17.01,False
1088,2026-09-23T22:18:37.762157,True,0.344,0.293,17.01,False
1088,2026-09-23T22:18:37.762157,True,0.168,0.263,17.01,False
1089,2026-09-23T22:18:37.805572,True,0.406,0.302,18.01,False
1089,2026-09-23T22:18:37.805572,True,0.344,0.334,18.01,False
1089,2026-09-23T22:18:37.805572,True,0.168,0.286,18.01,False
1090,2026-09-23T22:18:37.840210,True,0.387,0.295,17.04,False
1090,2026-09-23T22:18:37.840210,True,0.246,0.310,17.04,False
1090,2026-09-23T22:18:37.840210,True,0.184,0.266,17.04,False
1091,2026-09-23T22:18:37.879347,True,0.387,0.274,17.12,False
1091,2026-09-23T22:18:37.880348,True,0.246,0.290,17.12,False
1091,2026-09-23T22:18:37.880348,True,0.184,0.249,17.12,False
1092,2026-09-23T22:18:37.909504,True,0.344,0.269,16.51,False
1092,2026-09-23T22:18:37.909504,True,0.281,0.288,16.51,False
1092,2026-09-23T22:18:37.909504,True,0.156,0.242,16.51,False
1093,2026-09-23T22:18:37.940063,True,0.344,0.262,16.50,False
1093,2026-09-23T22:18:37.940063,True,0.281,0.281,16.50,False
1093,2026-09-23T22:18:37.940063,True,0.156,0.244,16.50,False
1094,2026-09-23T22:18:37.970180,True,0.406,0.269,17.02,False
1094,2026-09-23T22:18:37.970180,True,0.211,0.280,17.02,False
1094,2026-09-23T22:18:37.970180,True,0.184,0.248,17.02,False
1095,2026-09-23T22:18:38.003725,True,0.406,0.273,17.01,False
1095,2026-09-23T22:18:38.003725,True,0.211,0.284,17.01,False
1095,2026-09-23T22:18:38.003725,True,0.184,0.239,17.01,False
1096,2026-09-23T22:18:38.033242,True,0.320,0.261,17.01,False
1096,2026-09-23T22:18:38.033242,True,0.211,0.266,17.01,False
1097,2026-09-23T22:18:38.064264,True,0.320,0.249,17.01,False
1097,2026-09-23T22:18:38.064264,True,0.211,0.249,17.01,False
1098,2026-09-23T22:18:38.097863,True,0.211,0.255,16.54,False
1098,2026-09-23T22:18:38.097863,True,0.211,0.233,16.54,False
1099,2026-09-23T22:18:38.127077,True,0.211,0.233,16.70,False
1099,2026-09-23T22:18:38.127077,True,0.211,0.211,16.70,False
1100,2026-09-23T22:18:38.176312,True,0.281,0.225,17.02,False
1100,2026-09-23T22:18:38.176312,True,0.246,0.232,17.02,False
1100,2026-09-23T22:18:38.176312,True,0.156,0.221,17.02,False
1101,2026-09-23T22:18:38.205369,True,0.281,0.235,17.01,False
1101,2026-09-23T22:18:38.205369,True,0.246,0.242,17.01,False
1101,2026-09-23T22:18:38.205369,True,0.156,0.217,17.01,False
1102,2026-09-23T22:18:38.240495,True,0.281,0.224,17.01,False
1102,2026-09-23T22:18:38.240495,True,0.246,0.242,17.01,False
1103,2026-09-23T22:18:38.268144,True,0.281,0.242,17.62,False
1103,2026-09-23T22:18:38.268144,True,0.246,0.242,17.62,False
1104,2026-09-23T22:18:38.304413,True,0.320,0.275,17.01,False
1104,2026-09-23T22:18:38.304413,True,0.211,0.261,17.01,False
1104,2026-09-23T22:18:38.304413,True,0.199,0.252,17.01,False
1105,2026-09-23T22:18:38.346969,True,0.320,0.259,17.52,False
1105,2026-09-23T22:18:38.346969,True,0.211,0.252,17.52,False
1105,2026-09-23T22:18:38.346969,True,0.199,0.228,17.52,False
1106,2026-09-23T22:18:38.378493,True,0.184,0.223,17.02,False
1106,2026-09-23T22:18:38.378493,True,0.156,0.214,17.02,False
1107,2026-09-23T22:18:38.409804,True,0.184,0.187,17.51,False
1107,2026-09-23T22:18:38.409804,True,0.156,0.176,17.51,False
1108,2026-09-23T22:18:38.440633,True,0.184,0.173,16.29,False
1108,2026-09-23T22:18:38.440633,True,0.184,0.173,16.29,False
1109,2026-09-23T22:18:38.473348,True,0.184,0.178,17.20,False
1109,2026-09-23T22:18:38.473348,True,0.184,0.178,17.20,False
1110,2026-09-23T22:18:38.502454,False,,,17.01,False
1111,2026-09-23T22:18:38.533546,False,,,17.08,False
1112,2026-09-23T22:18:38.577168,False,,,18.02,False
1113,2026-09-23T22:18:38.609420,False,,,17.24,False
1114,2026-09-23T22:18:38.640505,False,,,17.05,False
1115,2026-09-23T22:18:38.672327,False,,,20.01,False
1116,2026-09-23T22:18:38.705750,True,0.230,0.193,17.52,False
1117,2026-09-23T22:18:38.746577,True,0.230,0.202,17.16,False
1118,2026-09-23T22:18:38.779097,True,0.199,0.205,18.01,False
1118,2026-09-23T22:18:38.779097,True,0.184,0.205,18.01,False
1119,2026-09-23T22:18:38.809790,True,0.199,0.209,17.58,False
1119,2026-09-23T22:18:38.809790,True,0.184,0.199,17.58,False
1120,2026-09-23T22:18:38.840466,True,0.211,0.195,17.01,False
1120,2026-09-23T22:18:38.840466,True,0.156,0.187,17.01,False
1121,2026-09-23T22:18:38.875503,True,0.211,0.192,17.01,False
1121,2026-09-23T22:18:38.875503,True,0.156,0.184,17.01,False
1122,2026-09-23T22:18:38.912527,True,0.477,0.242,17.01,False
1122,2026-09-23T22:18:38.912527,True,0.199,0.240,17.01,False
1123,2026-09-23T22:18:38.950053,True,0.477,0.304,17.52,False
1123,2026-09-23T22:18:38.950053,True,0.199,0.302,17.52,False
1124,2026-09-23T22:18:38.979806,True,0.246,0.320,17.52,False
1124,2026-09-23T22:18:38.979806,True,0.184,0.261,17.52,False
1125,2026-09-23T22:18:39.010326,True,0.246,0.270,17.01,False
1125,2026-09-23T22:18:39.010326,True,0.184,0.212,17.01,False
1126,2026-09-23T22:18:39.044719,False,,,16.62,False
1127,2026-09-23T22:18:39.072242,False,,,17.01,False
1128,2026-09-23T22:18:39.103767,True,0.262,0.224,17.01,False
1129,2026-09-23T22:18:39.135299,True,0.262,0.227,17.02,False
1130,2026-09-23T22:18:39.167816,True,0.211,0.233,17.03,False
1130,2026-09-23T22:18:39.167816,True,0.199,0.223,17.03,False
1131,2026-09-23T22:18:39.197842,True,0.211,0.229,17.52,False
1131,2026-09-23T22:18:39.197842,True,0.199,0.216,17.52,False
1132,2026-09-23T22:18:39.232448,True,0.281,0.220,17.01,False
1132,2026-09-23T22:18:39.232448,True,0.230,0.224,17.01,False
1133,2026-09-23T22:18:39.261473,True,0.281,0.241,17.51,False
1133,2026-09-23T22:18:39.261473,True,0.230,0.245,17.51,False
1134,2026-09-23T22:18:39.312723,True,0.363,0.277,16.65,False
1134,2026-09-23T22:18:39.312723,True,0.168,0.255,16.65,False
1134,2026-09-23T22:18:39.312723,True,0.156,0.240,16.65,False
1135,2026-09-23T22:18:39.354415,True,0.363,0.256,17.02,False
1135,2026-09-23T22:18:39.354415,True,0.168,0.244,17.02,False
1135,2026-09-23T22:18:39.354415,True,0.156,0.202,17.02,False
1136,2026-09-23T22:18:39.387406,True,0.199,0.209,16.52,False
1137,2026-09-23T22:18:39.417429,True,0.199,0.217,17.02,False
1138,2026-09-23T22:18:39.447959,True,0.230,0.191,16.52,False
1139,2026-09-23T22:18:39.480561,True,0.230,0.203,17.09,False
1140,2026-09-23T22:18:39.512162,False,,,17.01,False
1141,2026-09-23T22:18:39.542689,False,,,16.51,False
1142,2026-09-23T22:18:39.575214,True,0.301,0.232,17.01,False
1142,2026-09-23T22:18:39.575214,True,0.168,0.226,17.01,False
1143,2026-09-23T22:18:39.606241,True,0.301,0.246,17.01,False
1143,2026-09-23T22:18:39.606241,True,0.168,0.234,17.01,False
1144,2026-09-23T22:18:39.649668,True,0.430,0.273,17.54,False
1144,2026-09-23T22:18:39.649668,True,0.156,0.245,17.54,False
1145,2026-09-23T22:18:39.682789,True,0.430,0.297,16.51,False
1145,2026-09-23T22:18:39.682789,True,0.156,0.268,16.51,False
1146,2026-09-23T22:18:39.713310,False,,,17.01,False
1147,2026-09-23T22:18:39.743328,False,,,16.51,False
1148,2026-09-23T22:18:39.775487,False,,,16.51,False
1149,2026-09-23T22:18:39.807508,False,,,17.01,False
1150,2026-09-23T22:18:39.841441,False,,,18.02,False
1151,2026-09-23T22:18:39.876072,False,,,22.52,False
1152,2026-09-23T22:18:39.917101,False,,,17.01,False
1153,2026-09-23T22:18:39.945624,False,,,17.02,False
1154,2026-09-23T22:18:39.979645,False,,,17.51,False
1155,2026-09-23T22:18:40.009166,False,,,17.02,False
1156,2026-09-23T22:18:40.047878,False,,,16.61,False
1157,2026-09-23T22:18:40.087506,False,,,17.02,False
1158,2026-09-23T22:18:40.118554,False,,,17.02,False
1159,2026-09-23T22:18:40.149581,False,,,17.52,False
1160,2026-09-23T22:18:40.179252,False,,,17.16,False
1161,2026-09-23T22:18:40.210354,False,,,17.00,False
1162,2026-09-23T22:18:40.240735,False,,,16.37,False
1163,2026-09-23T22:18:40.272476,False,,,16.72,False
1164,2026-09-23T22:18:40.304540,False,,,17.02,False
1165,2026-09-23T22:18:40.333563,False,,,18.02,False
1166,2026-09-23T22:18:40.383736,False,,,16.51,False
1167,2026-09-23T22:18:40.426317,False,,,18.01,False
1168,2026-09-23T22:18:40.457354,False,,,18.02,False
1169,2026-09-23T22:18:40.488403,False,,,17.01,False
1170,2026-09-23T22:18:40.520428,False,,,17.01,False
1171,2026-09-23T22:18:40.550592,False,,,17.01,False
1172,2026-09-23T22:18:40.581119,False,,,17.51,False
1173,2026-09-23T22:18:40.613158,False,,,17.51,False
1174,2026-09-23T22:18:40.645256,False,,,18.02,False
1175,2026-09-23T22:18:40.676284,False,,,18.01,False
1176,2026-09-23T22:18:40.705612,False,,,16.82,False
1177,2026-09-23T22:18:40.736856,False,,,16.73,False
1178,2026-09-23T22:18:40.785520,False,,,18.02,False
1179,2026-09-23T22:18:40.814590,False,,,17.56,False
1180,2026-09-23T22:18:40.847758,False,,,16.66,False
1181,2026-09-23T22:18:40.891326,False,,,17.00,False
1182,2026-09-23T22:18:40.922177,False,,,18.06,False
1183,2026-09-23T22:18:40.952357,False,,,17.16,False
1184,2026-09-23T22:18:40.985482,False,,,20.06,False
1185,2026-09-23T22:18:41.017543,False,,,20.03,False
1186,2026-09-23T22:18:41.059077,False,,,17.02,False
1187,2026-09-23T22:18:41.088109,False,,,17.02,False
1188,2026-09-23T22:18:41.120612,False,,,17.29,False
1189,2026-09-23T22:18:41.163224,False,,,27.02,False
1190,2026-09-23T22:18:41.198748,False,,,18.02,False
1191,2026-09-23T22:18:41.229324,False,,,17.07,False
1192,2026-09-23T22:18:41.259392,False,,,17.06,False
1193,2026-09-23T22:18:41.290470,False,,,17.00,False
1194,2026-09-23T22:18:41.323527,False,,,17.01,False
1195,2026-09-23T22:18:41.353440,False,,,17.40,False
1196,2026-09-23T22:18:41.384971,False,,,17.52,False
1197,2026-09-23T22:18:41.416148,False,,,16.67,False
1198,2026-09-23T22:18:41.445433,False,,,18.20,False
1199,2026-09-23T22:18:41.475534,False,,,17.08,False
1200,2026-09-23T22:18:41.520070,False,,,16.51,False
1201,2026-09-23T22:18:41.554278,False,,,17.06,False
1202,2026-09-23T22:18:41.584127,False,,,16.81,False
1203,2026-09-23T22:18:41.614690,False,,,17.56,False
1204,2026-09-23T22:18:41.648788,False,,,17.59,False
1205,2026-09-23T22:18:41.680324,False,,,17.01,False
1206,2026-09-23T22:18:41.711354,False,,,17.01,False
1207,2026-09-23T22:18:41.742296,False,,,16.92,False
1208,2026-09-23T22:18:41.776829,False,,,17.52,False
1209,2026-09-23T22:18:41.805348,False,,,17.01,False
1210,2026-09-23T22:18:41.842092,False,,,18.00,False
1211,2026-09-23T22:18:41.868759,False,,,16.51,False
1212,2026-09-23T22:18:41.920439,False,,,18.02,False
1213,2026-09-23T22:18:41.960108,False,,,16.51,False
1214,2026-09-23T22:18:41.992372,False,,,17.03,False
1215,2026-09-23T22:18:42.022454,False,,,17.01,False
1216,2026-09-23T22:18:42.055489,False,,,17.02,False
1217,2026-09-23T22:18:42.086702,False,,,17.02,False
1218,2026-09-23T22:18:42.118230,False,,,17.02,False
1219,2026-09-23T22:18:42.149476,False,,,17.04,False
1220,2026-09-23T22:18:42.176670,False,,,17.02,False
1221,2026-09-23T22:18:42.210386,False,,,16.51,False
1222,2026-09-23T22:18:42.256928,False,,,17.52,False
1223,2026-09-23T22:18:42.290272,False,,,17.03,False
1224,2026-09-23T22:18:42.320397,False,,,17.01,False
1225,2026-09-23T22:18:42.352445,False,,,17.01,False
1226,2026-09-23T22:18:42.385559,False,,,18.02,False
1227,2026-09-23T22:18:42.412576,False,,,16.51,False
1228,2026-09-23T22:18:42.448123,False,,,17.04,False
1229,2026-09-23T22:18:42.474850,False,,,17.22,False
1230,2026-09-23T22:18:42.512487,False,,,17.01,False
1231,2026-09-23T22:18:42.553516,False,,,16.51,False
1232,2026-09-23T22:18:42.585112,False,,,17.59,False
1233,2026-09-23T22:18:42.614669,False,,,17.53,False
1234,2026-09-23T22:18:42.656875,False,,,17.52,False
1235,2026-09-23T22:18:42.692414,False,,,17.01,False
1236,2026-09-23T22:18:42.724443,False,,,17.02,False
1237,2026-09-23T22:18:42.755430,False,,,16.52,False
1238,2026-09-23T22:18:42.785889,False,,,16.45,False
1239,2026-09-23T22:18:42.817926,False,,,17.53,False
1240,2026-09-23T22:18:42.848483,False,,,17.05,False
1241,2026-09-23T22:18:42.879547,False,,,17.04,False
1242,2026-09-23T22:18:42.913108,False,,,17.54,False
1243,2026-09-23T22:18:42.940715,False,,,17.51,False
1244,2026-09-23T22:18:42.993260,False,,,17.01,False
1245,2026-09-23T22:18:43.033330,False,,,17.01,False
1246,2026-09-23T22:18:43.065353,False,,,17.01,False
1247,2026-09-23T22:18:43.097730,False,,,18.02,False
1248,2026-09-23T22:18:43.128753,False,,,17.52,False
1249,2026-09-23T22:18:43.159272,False,,,16.51,False
1250,2026-09-23T22:18:43.190350,False,,,17.01,False
1251,2026-09-23T22:18:43.223129,False,,,16.73,False
1252,2026-09-23T22:18:43.253654,False,,,17.01,False
1253,2026-09-23T22:18:43.287175,False,,,19.01,False
1254,2026-09-23T22:18:43.314698,False,,,17.02,False
1255,2026-09-23T22:18:43.346631,False,,,16.43,False
1256,2026-09-23T22:18:43.392378,False,,,17.01,False
1257,2026-09-23T22:18:43.426248,False,,,16.52,False
1258,2026-09-23T22:18:43.456775,False,,,17.02,False
1259,2026-09-23T22:18:43.487399,False,,,17.05,False
1260,2026-09-23T22:18:43.518927,False,,,16.52,False
1261,2026-09-23T22:18:43.549946,False,,,17.51,False
1262,2026-09-23T22:18:43.584788,False,,,17.33,False
1263,2026-09-23T22:18:43.613821,False,,,17.53,False
1264,2026-09-23T22:18:43.648342,False,,,17.01,False
1265,2026-09-23T22:18:43.690367,False,,,17.01,False
1266,2026-09-23T22:18:43.728511,False,,,17.13,False
1267,2026-09-23T22:18:43.768441,False,,,17.02,False
1268,2026-09-23T22:18:43.799467,False,,,17.02,False
1269,2026-09-23T22:18:43.831468,False,,,17.37,False
1270,2026-09-23T22:18:43.860816,False,,,16.41,False
1271,2026-09-23T22:18:43.893342,False,,,17.01,False
1272,2026-09-23T22:18:43.923221,False,,,16.87,False
1273,2026-09-23T22:18:43.955742,False,,,20.02,False
1274,2026-09-23T22:18:44.084228,False,,,63.93,False
1275,2026-09-23T22:18:44.215636,False,,,52.48,False
1276,2026-09-23T22:18:44.335614,False,,,47.61,False
1277,2026-09-23T22:18:44.459174,False,,,49.29,False
1278,2026-09-23T22:18:44.578834,False,,,45.53,False
1279,2026-09-23T22:18:44.731120,False,,,70.52,False
1280,2026-09-23T22:18:44.846299,False,,,49.09,False
1281,2026-09-23T22:18:44.983534,False,,,59.15,False
1282,2026-09-23T22:18:45.112512,False,,,50.19,False
1283,2026-09-23T22:18:45.237284,False,,,50.00,False
1284,2026-09-23T22:18:45.362136,False,,,53.46,False
1285,2026-09-23T22:18:45.497105,False,,,66.34,False
1286,2026-09-23T22:18:45.624634,False,,,54.11,False
1287,2026-09-23T22:18:45.746501,False,,,50.83,False
1288,2026-09-23T22:18:45.865118,False,,,48.54,False
1289,2026-09-23T22:18:45.977866,False,,,48.53,False
1290,2026-09-23T22:18:46.100824,False,,,49.73,False
1291,2026-09-23T22:18:46.229601,False,,,52.16,False
1292,2026-09-23T22:18:46.352090,False,,,48.60,False
1293,2026-09-23T22:18:46.485330,False,,,54.90,False
1294,2026-09-23T22:18:46.614608,False,,,62.26,False
1295,2026-09-23T22:18:46.749561,False,,,59.33,False
1296,2026-09-23T22:18:46.887303,False,,,54.08,False
1297,2026-09-23T22:18:47.055539,False,,,96.14,False
1298,2026-09-23T22:18:47.144230,False,,,17.10,False
1299,2026-09-23T22:18:47.174524,False,,,17.13,False
1300,2026-09-23T22:18:47.210600,False,,,16.51,False
1301,2026-09-23T22:18:47.264082,False,,,16.92,False
1302,2026-09-23T22:18:47.309406,False,,,18.07,False
1303,2026-09-23T22:18:47.352319,False,,,17.01,False
1304,2026-09-23T22:18:47.381332,False,,,17.01,False
1305,2026-09-23T22:18:47.413757,False,,,17.52,False
1306,2026-09-23T22:18:47.442432,False,,,17.14,False
1307,2026-09-23T22:18:47.472087,False,,,16.64,False
1308,2026-09-23T22:18:47.587542,False,,,62.32,False
1309,2026-09-23T22:18:47.710504,False,,,48.24,False
1310,2026-09-23T22:18:47.834097,False,,,48.53,False
1311,2026-09-23T22:18:47.948124,False,,,39.24,False
1312,2026-09-23T22:18:48.102119,False,,,63.08,False
1313,2026-09-23T22:18:48.195764,False,,,22.54,False
1314,2026-09-23T22:18:48.318766,False,,,51.09,False
1315,2026-09-23T22:18:48.434197,False,,,57.89,False
1316,2026-09-23T22:18:48.552382,False,,,54.04,False
1317,2026-09-23T22:18:48.687158,False,,,47.65,False
1318,2026-09-23T22:18:48.828144,False,,,60.02,False
1319,2026-09-23T22:18:48.964639,False,,,56.21,False
1320,2026-09-23T22:18:49.077617,False,,,46.46,False
1321,2026-09-23T22:18:49.192720,False,,,52.52,False
1322,2026-09-23T22:18:49.312496,False,,,49.04,False
1323,2026-09-23T22:18:49.438198,False,,,51.13,False
1324,2026-09-23T22:18:49.558293,False,,,61.50,False
1325,2026-09-23T22:18:49.694657,False,,,61.30,False
1326,2026-09-23T22:18:49.820610,False,,,49.15,False
1327,2026-09-23T22:18:49.946242,False,,,48.74,False
1328,2026-09-23T22:18:50.086616,False,,,64.77,False
1329,2026-09-23T22:18:50.231453,False,,,51.29,False
1330,2026-09-23T22:18:50.385693,False,,,84.89,False
1331,2026-09-23T22:18:50.503282,False,,,49.81,False
1332,2026-09-23T22:18:50.648516,False,,,69.37,False
1333,2026-09-23T22:18:50.759117,False,,,44.04,False
1334,2026-09-23T22:18:50.912123,False,,,72.88,False
1335,2026-09-23T22:18:51.038616,False,,,59.44,False
1336,2026-09-23T22:18:51.170617,False,,,54.00,False
1337,2026-09-23T22:18:51.306657,False,,,66.20,False
1338,2026-09-23T22:18:51.404441,False,,,25.02,False
1339,2026-09-23T22:18:51.545132,False,,,69.06,False
1340,2026-09-23T22:18:51.644129,False,,,30.65,False
1341,2026-09-23T22:18:51.688236,False,,,17.01,False
1342,2026-09-23T22:18:51.746402,False,,,17.02,False
1343,2026-09-23T22:18:51.776475,False,,,16.57,False
1344,2026-09-23T22:18:51.809076,False,,,17.02,False
1345,2026-09-23T22:18:51.838723,False,,,16.54,False
1346,2026-09-23T22:18:51.889383,False,,,18.15,False
1347,2026-09-23T22:18:51.918978,False,,,17.52,False
1348,2026-09-23T22:18:51.954561,False,,,18.02,False
1349,2026-09-23T22:18:51.997091,False,,,17.02,False
1350,2026-09-23T22:18:52.024534,False,,,17.53,False
1351,2026-09-23T22:18:52.055632,False,,,18.04,False
1352,2026-09-23T22:18:52.089672,False,,,17.53,False
1353,2026-09-23T22:18:52.119198,False,,,18.02,False
1354,2026-09-23T22:18:52.149261,False,,,17.01,False
1355,2026-09-23T22:18:52.180624,False,,,17.34,False
1356,2026-09-23T22:18:52.210586,False,,,17.07,False
1357,2026-09-23T22:18:52.250278,False,,,17.51,False
1358,2026-09-23T22:18:52.290758,False,,,17.51,False
1359,2026-09-23T22:18:52.320321,False,,,17.01,False
1360,2026-09-23T22:18:52.351425,False,,,16.51,False
1361,2026-09-23T22:18:52.383561,False,,,18.02,False
1362,2026-09-23T22:18:52.416082,False,,,17.01,False
1363,2026-09-23T22:18:52.444124,False,,,18.03,False
1364,2026-09-23T22:18:52.482562,False,,,17.03,False
1365,2026-09-23T22:18:52.520549,False,,,17.11,False
1366,2026-09-23T22:18:52.550607,False,,,16.51,False
1367,2026-09-23T22:18:52.588132,False,,,16.93,False
1368,2026-09-23T22:18:52.629184,False,,,17.02,False
1369,2026-09-23T22:18:52.660141,False,,,16.51,False
1370,2026-09-23T22:18:52.693171,False,,,19.02,False
1371,2026-09-23T22:18:52.720266,False,,,17.01,False
1372,2026-09-23T22:18:52.752295,True,0.184,0.271,17.01,False
1373,2026-09-23T22:18:52.780815,True,0.184,0.222,16.50,False
1374,2026-09-23T22:18:52.816877,False,,,16.52,False
1375,2026-09-23T22:18:52.846465,False,,,17.02,False
1376,2026-09-23T22:18:52.879309,False,,,17.01,False
1377,2026-09-23T22:18:52.913339,False,,,17.01,False
1378,2026-09-23T22:18:52.955419,False,,,17.01,False
1379,2026-09-23T22:18:52.989439,False,,,16.01,False
1380,2026-09-23T22:18:53.029366,False,,,17.08,False
1381,2026-09-23T22:18:53.063523,False,,,17.06,False
1382,2026-09-23T22:18:53.096556,False,,,17.02,False
1383,2026-09-23T22:18:53.126086,False,,,16.52,False
1384,2026-09-23T22:18:53.154746,False,,,16.55,False
1385,2026-09-23T22:18:53.186306,False,,,17.06,False
1386,2026-09-23T22:18:53.218496,False,,,17.02,False
1387,2026-09-23T22:18:53.247523,False,,,17.01,False
1388,2026-09-23T22:18:53.279540,False,,,17.01,False
1389,2026-09-23T22:18:53.332097,False,,,38.54,False
1390,2026-09-23T22:18:53.472231,False,,,61.52,False
1391,2026-09-23T22:18:53.568459,False,,,19.01,False
1392,2026-09-23T22:18:53.676155,False,,,33.52,False
1393,2026-09-23T22:18:53.705685,False,,,17.02,False
1394,2026-09-23T22:18:53.743229,False,,,17.01,False
1395,2026-09-23T22:18:53.774088,False,,,16.83,False
1396,2026-09-23T22:18:53.806443,False,,,17.33,False
1397,2026-09-23T22:18:53.836507,False,,,17.04,False
1398,2026-09-23T22:18:53.892611,False,,,17.01,False
1399,2026-09-23T22:18:53.952400,False,,,17.01,False
1400,2026-09-23T22:18:53.989451,False,,,17.01,False
1401,2026-09-23T22:18:54.023124,False,,,17.52,False
1402,2026-09-23T22:18:54.049220,False,,,17.10,False
1403,2026-09-23T22:18:54.096395,False,,,17.02,False
1404,2026-09-23T22:18:54.132424,False,,,17.01,False
1405,2026-09-23T22:18:54.164456,False,,,17.02,False
1406,2026-09-23T22:18:54.197561,False,,,17.02,False
1407,2026-09-23T22:18:54.226628,False,,,17.06,False
1408,2026-09-23T22:18:54.258133,False,,,17.00,False
1409,2026-09-23T22:18:54.291508,False,,,17.05,False
1410,2026-09-23T22:18:54.319084,False,,,17.01,False
1411,2026-09-23T22:18:54.352515,False,,,17.31,False
1412,2026-09-23T22:18:54.380555,False,,,17.01,False
1413,2026-09-23T22:18:54.416091,False,,,16.52,False
1414,2026-09-23T22:18:54.442126,False,,,17.01,False
1415,2026-09-23T22:18:54.495443,False,,,16.38,False
1416,2026-09-23T22:18:54.533477,False,,,17.01,False
1417,2026-09-23T22:18:54.564505,False,,,17.02,False
1418,2026-09-23T22:18:54.594639,False,,,17.02,False
1419,2026-09-23T22:18:54.627162,False,,,17.02,False
1420,2026-09-23T22:18:54.658245,True,0.281,0.247,17.02,False
1421,2026-09-23T22:18:54.689416,True,0.281,0.217,17.06,False
1422,2026-09-23T22:18:54.722509,False,,,17.06,False
1423,2026-09-23T22:18:54.752530,False,,,17.01,False
1424,2026-09-23T22:18:54.780107,False,,,16.51,False
1425,2026-09-23T22:18:54.832562,False,,,17.01,False
1426,2026-09-23T22:18:54.873097,False,,,17.01,False
1427,2026-09-23T22:18:54.903286,False,,,17.17,False
1428,2026-09-23T22:18:54.935830,False,,,17.53,False
1429,2026-09-23T22:18:54.965351,False,,,17.01,False
1430,2026-09-23T22:18:54.996561,False,,,17.05,False
1431,2026-09-23T22:18:55.026582,False,,,17.01,False
1432,2026-09-23T22:18:55.058393,False,,,16.30,False
1433,2026-09-23T22:18:55.089554,False,,,17.06,False
1434,2026-09-23T22:18:55.119084,False,,,17.02,False
1435,2026-09-23T22:18:55.155080,True,0.184,0.223,16.52,False
1436,2026-09-23T22:18:55.194209,True,0.184,0.223,17.01,False
1437,2026-09-23T22:18:55.233092,True,0.230,0.232,17.53,False
1438,2026-09-23T22:18:55.272159,True,0.230,0.222,17.01,False
1439,2026-09-23T22:18:55.304255,True,0.281,0.222,17.01,False
1439,2026-09-23T22:18:55.304255,True,0.184,0.222,17.01,False
1439,2026-09-23T22:18:55.304255,True,0.184,0.222,17.01,False
1440,2026-09-23T22:18:55.333778,True,0.281,0.232,17.01,False
1440,2026-09-23T22:18:55.333778,True,0.184,0.223,17.01,False
1440,2026-09-23T22:18:55.333778,True,0.184,0.203,17.01,False
1441,2026-09-23T22:18:55.365298,True,0.281,0.223,17.01,False
1441,2026-09-23T22:18:55.365298,True,0.184,0.223,17.01,False
1441,2026-09-23T22:18:55.365298,True,0.184,0.203,17.01,False
1442,2026-09-23T22:18:55.398527,True,0.281,0.223,17.21,False
1442,2026-09-23T22:18:55.398527,True,0.262,0.238,17.21,False
1443,2026-09-23T22:18:55.427555,True,0.281,0.238,17.02,False
1443,2026-09-23T22:18:55.427555,True,0.262,0.254,17.02,False
1444,2026-09-23T22:18:55.454080,True,0.363,0.290,16.52,False
1444,2026-09-23T22:18:55.454080,True,0.246,0.283,16.52,False
1444,2026-09-23T22:18:55.455079,True,0.199,0.270,16.52,False
1445,2026-09-23T22:18:55.490985,True,0.363,0.287,17.79,False
1445,2026-09-23T22:18:55.490985,True,0.246,0.284,17.79,False
1445,2026-09-23T22:18:55.490985,True,0.199,0.251,17.79,False
1446,2026-09-23T22:18:55.532532,True,0.547,0.311,17.00,False
1446,2026-09-23T22:18:55.532532,True,0.230,0.317,17.00,False
1446,2026-09-23T22:18:55.532532,True,0.199,0.284,17.00,False
1447,2026-09-23T22:18:55.569808,True,0.363,0.308,16.51,False
1447,2026-09-23T22:18:55.570808,True,0.281,0.324,16.51,False
1447,2026-09-23T22:18:55.570808,True,0.199,0.255,16.51,False
1448,2026-09-23T22:18:55.610664,True,0.363,0.281,16.51,False
1448,2026-09-23T22:18:55.610664,True,0.281,0.298,16.51,False
1448,2026-09-23T22:18:55.610664,True,0.199,0.265,16.51,False
1449,2026-09-23T22:18:55.639181,True,0.523,0.313,17.01,False
1449,2026-09-23T22:18:55.639181,True,0.211,0.316,17.01,False
1449,2026-09-23T22:18:55.639181,True,0.156,0.274,17.01,False
1450,2026-09-23T22:18:55.672521,True,0.523,0.323,17.00,False
1450,2026-09-23T22:18:55.672521,True,0.211,0.325,17.00,False
1450,2026-09-23T22:18:55.672521,True,0.156,0.252,17.00,False
1451,2026-09-23T22:18:55.701130,True,0.523,0.314,17.04,False
1451,2026-09-23T22:18:55.701130,True,0.211,0.325,17.04,False
1451,2026-09-23T22:18:55.701130,True,0.156,0.252,17.04,False
1452,2026-09-23T22:18:55.732302,True,0.613,0.332,17.01,False
1452,2026-09-23T22:18:55.732302,True,0.199,0.341,17.01,False
1452,2026-09-23T22:18:55.732302,True,0.168,0.270,17.01,False
1452,2026-09-23T22:18:55.732302,True,0.156,0.259,17.01,False
1453,2026-09-23T22:18:55.763416,True,0.613,0.350,17.01,False
1453,2026-09-23T22:18:55.763416,True,0.199,0.267,17.01,False
1453,2026-09-23T22:18:55.763416,True,0.168,0.261,17.01,False
1453,2026-09-23T22:18:55.763416,True,0.156,0.259,17.01,False
1454,2026-09-23T22:18:55.794437,True,0.570,0.341,16.51,False
1454,2026-09-23T22:18:55.794437,True,0.184,0.255,16.51,False
1455,2026-09-23T22:18:55.826740,True,0.570,0.330,17.01,False
1455,2026-09-23T22:18:55.826740,True,0.184,0.333,17.01,False
1456,2026-09-23T22:18:55.857265,True,0.406,0.383,17.02,False
1456,2026-09-23T22:18:55.857265,True,0.262,0.321,17.02,False
1456,2026-09-23T22:18:55.857265,True,0.156,0.316,17.02,False
1457,2026-09-23T22:18:55.888506,True,0.406,0.283,17.15,False
1457,2026-09-23T22:18:55.888506,True,0.262,0.298,17.15,False
1457,2026-09-23T22:18:55.888506,True,0.156,0.248,17.15,False
1458,2026-09-23T22:18:55.919119,True,0.477,0.291,17.02,False
1458,2026-09-23T22:18:55.919119,True,0.184,0.297,17.02,False
1459,2026-09-23T22:18:55.968341,True,0.500,0.316,17.01,False
1459,2026-09-23T22:18:55.968341,True,0.246,0.312,17.01,False
1459,2026-09-23T22:18:55.968341,True,0.156,0.312,17.01,False
1460,2026-09-23T22:18:55.994312,True,0.500,0.317,16.85,False
1460,2026-09-23T22:18:55.994312,True,0.246,0.330,16.85,False
1460,2026-09-23T22:18:55.994312,True,0.156,0.261,16.85,False
1461,2026-09-23T22:18:56.032414,True,0.477,0.307,17.02,False
1462,2026-09-23T22:18:56.074491,True,0.477,0.371,17.06,False
1463,2026-09-23T22:18:56.106069,True,0.477,0.366,16.57,False
1464,2026-09-23T22:18:56.136295,True,0.547,0.427,17.09,False
1464,2026-09-23T22:18:56.136295,True,0.168,0.429,17.09,False
1465,2026-09-23T22:18:56.167821,True,0.547,0.443,17.02,False
1465,2026-09-23T22:18:56.167821,True,0.168,0.381,17.02,False
1466,2026-09-23T22:18:56.198843,True,0.453,0.377,16.51,False
1466,2026-09-23T22:18:56.198843,True,0.211,0.309,16.51,False
1467,2026-09-23T22:18:56.230419,True,0.453,0.366,16.06,False
1467,2026-09-23T22:18:56.230419,True,0.211,0.299,16.06,False
1468,2026-09-23T22:18:56.263534,True,0.387,0.343,17.10,False
1468,2026-09-23T22:18:56.263534,True,0.230,0.298,17.10,False
1468,2026-09-23T22:18:56.263534,True,0.211,0.298,17.10,False
1468,2026-09-23T22:18:56.263534,True,0.156,0.239,17.10,False
1469,2026-09-23T22:18:56.294489,True,0.387,0.274,17.02,False
1469,2026-09-23T22:18:56.294489,True,0.230,0.243,17.02,False
1469,2026-09-23T22:18:56.294489,True,0.211,0.239,17.02,False
1469,2026-09-23T22:18:56.294489,True,0.156,0.228,17.02,False
1470,2026-09-23T22:18:56.328605,True,0.453,0.287,17.11,False
1470,2026-09-23T22:18:56.328605,True,0.246,0.259,17.11,False
1470,2026-09-23T22:18:56.328605,True,0.211,0.255,17.11,False
1471,2026-09-23T22:18:56.367557,True,0.281,0.270,16.34,False
1471,2026-09-23T22:18:56.367557,True,0.156,0.270,16.34,False
1472,2026-09-23T22:18:56.403624,True,0.281,0.235,17.55,False
1472,2026-09-23T22:18:56.403624,True,0.156,0.217,17.55,False
1473,2026-09-23T22:18:56.433144,False,,,17.01,False
1474,2026-09-23T22:18:56.463350,False,,,16.70,False
1475,2026-09-23T22:18:56.497246,False,,,16.33,False
1476,2026-09-23T22:18:56.528620,False,,,16.34,False
1477,2026-09-23T22:18:56.559139,False,,,17.01,False
1478,2026-09-23T22:18:56.588660,False,,,16.51,False
1479,2026-09-23T22:18:56.618721,False,,,16.55,False
1480,2026-09-23T22:18:56.650757,False,,,16.51,False
1481,2026-09-23T22:18:56.681274,False,,,16.51,False
1482,2026-09-23T22:18:56.713157,False,,,17.01,False
1483,2026-09-23T22:18:56.768294,False,,,17.02,False
1484,2026-09-23T22:18:56.811317,False,,,16.51,False
1485,2026-09-23T22:18:56.839352,False,,,17.03,False
1486,2026-09-23T22:18:56.869376,False,,,17.01,False
1487,2026-09-23T22:18:56.901399,False,,,17.01,False
1488,2026-09-23T22:18:56.933507,True,0.262,0.227,17.09,False
1489,2026-09-23T22:18:56.964585,True,0.262,0.223,17.07,False
1490,2026-09-23T22:18:56.995683,True,0.301,0.252,16.59,False
1491,2026-09-23T22:18:57.025078,True,0.301,0.256,16.89,False
1492,2026-09-23T22:18:57.056281,False,,,17.07,False
1493,2026-09-23T22:18:57.091285,False,,,17.19,False
1494,2026-09-23T22:18:57.118407,False,,,17.01,False
1495,2026-09-23T22:18:57.168077,False,,,16.60,False
1496,2026-09-23T22:18:57.210226,False,,,17.13,False
1497,2026-09-23T22:18:57.240367,False,,,16.51,False
1498,2026-09-23T22:18:57.274191,False,,,16.69,False
1499,2026-09-23T22:18:57.305810,False,,,18.59,False
1500,2026-09-23T22:18:57.335330,False,,,17.01,False
1501,2026-09-23T22:18:57.365464,False,,,17.12,False
1502,2026-09-23T22:18:57.395984,False,,,16.51,False
1503,2026-09-23T22:18:57.427026,False,,,16.54,False
1504,2026-09-23T22:18:57.458334,False,,,16.80,False
1505,2026-09-23T22:18:57.489661,False,,,17.20,False
1506,2026-09-23T22:18:57.520326,False,,,17.12,False
1507,2026-09-23T22:18:57.553382,False,,,17.01,False
1508,2026-09-23T22:18:57.582401,False,,,17.01,False
1509,2026-09-23T22:18:57.614500,False,,,17.02,False
1510,2026-09-23T22:18:57.646541,False,,,16.52,False
1511,2026-09-23T22:18:57.675086,False,,,17.51,False
1512,2026-09-23T22:18:57.704114,True,0.184,0.262,17.02,False
1512,2026-09-23T22:18:57.704114,True,0.156,0.241,17.02,False
1513,2026-09-23T22:18:57.736561,True,0.184,0.225,17.30,False
1513,2026-09-23T22:18:57.736561,True,0.156,0.196,17.30,False
1514,2026-09-23T22:18:57.767588,False,,,17.02,False
1515,2026-09-23T22:18:57.799184,False,,,17.09,False
1516,2026-09-23T22:18:57.840598,True,0.168,0.170,16.26,False
1517,2026-09-23T22:18:57.876519,True,0.168,0.166,17.02,False
1518,2026-09-23T22:18:57.907620,True,0.281,0.191,17.09,False
1519,2026-09-23T22:18:57.938768,True,0.281,0.211,17.43,False
1520,2026-09-23T22:18:57.968293,True,0.156,0.211,17.02,False
1521,2026-09-23T22:18:57.999321,True,0.156,0.209,17.02,False
1522,2026-09-23T22:18:58.032166,False,,,16.82,False
1523,2026-09-23T22:18:58.063688,False,,,17.01,False
1524,2026-09-23T22:18:58.096576,True,0.320,0.239,17.38,False
1524,2026-09-23T22:18:58.096576,True,0.168,0.216,17.38,False
1525,2026-09-23T22:18:58.125603,True,0.320,0.224,17.52,False
1525,2026-09-23T22:18:58.125603,True,0.168,0.227,17.52,False
1526,2026-09-23T22:18:58.176139,True,0.344,0.264,17.02,False
1527,2026-09-23T22:18:58.214836,True,0.344,0.269,17.31,False
1528,2026-09-23T22:18:58.244539,True,0.246,0.284,17.01,False
1529,2026-09-23T22:18:58.274455,True,0.246,0.270,16.88,False
1530,2026-09-23T22:18:58.306473,True,0.156,0.267,17.01,False
1531,2026-09-23T22:18:58.337145,True,0.156,0.230,16.67,False
1532,2026-09-23T22:18:58.368205,False,,,17.02,False
1533,2026-09-23T22:18:58.399235,False,,,17.01,False
1534,2026-09-23T22:18:58.432539,False,,,16.29,False
1535,2026-09-23T22:18:58.462571,False,,,19.02,False
1536,2026-09-23T22:18:58.496297,False,,,17.22,False
1537,2026-09-23T22:18:58.536544,False,,,17.06,False
1538,2026-09-23T22:18:58.577079,False,,,16.52,False
1539,2026-09-23T22:18:58.614177,False,,,17.01,False
1540,2026-09-23T22:18:58.644026,False,,,17.01,False
1541,2026-09-23T22:18:58.675551,False,,,17.01,False
1542,2026-09-23T22:18:58.706080,False,,,16.52,False
1543,2026-09-23T22:18:58.738220,False,,,17.02,False
1544,2026-09-23T22:18:58.769258,False,,,17.03,False
1545,2026-09-23T22:18:58.798872,False,,,16.51,False
1546,2026-09-23T22:18:58.832476,False,,,17.01,False
1547,2026-09-23T22:18:58.864557,False,,,17.02,False
1548,2026-09-23T22:18:58.911591,False,,,17.01,False
1549,2026-09-23T22:18:58.939169,False,,,17.07,False
1550,2026-09-23T22:18:58.976195,False,,,17.01,False
1551,2026-09-23T22:18:59.016315,False,,,16.61,False
1552,2026-09-23T22:18:59.051387,True,0.184,0.198,17.01,False
1553,2026-09-23T22:18:59.080408,True,0.184,0.185,17.01,False
1554,2026-09-23T22:18:59.110652,False,,,16.51,False
1555,2026-09-23T22:18:59.141476,False,,,16.30,False
1556,2026-09-23T22:18:59.173132,False,,,17.01,False
1557,2026-09-23T22:18:59.204170,False,,,17.01,False
1558,2026-09-23T22:18:59.235278,False,,,17.60,False
1559,2026-09-23T22:18:59.267809,False,,,16.59,False
1560,2026-09-23T22:18:59.311334,False,,,17.01,False
1561,2026-09-23T22:18:59.343440,False,,,17.02,False
1562,2026-09-23T22:18:59.376468,False,,,17.02,False
1563,2026-09-23T22:18:59.407491,False,,,17.01,False
1564,2026-09-23T22:18:59.440547,False,,,17.01,False
1565,2026-09-23T22:18:59.468572,False,,,16.52,False
1566,2026-09-23T22:18:59.502768,False,,,16.61,False
1567,2026-09-23T22:18:59.531290,False,,,17.02,False
1568,2026-09-23T22:18:59.568332,False,,,17.01,False
1569,2026-09-23T22:18:59.613406,False,,,19.01,False
1570,2026-09-23T22:18:59.655485,False,,,17.02,False
1571,2026-09-23T22:18:59.686722,False,,,17.02,False
1572,2026-09-23T22:18:59.718240,False,,,17.01,False
1573,2026-09-23T22:18:59.749489,False,,,17.21,False
1574,2026-09-23T22:18:59.780117,False,,,16.51,False
1575,2026-09-23T22:18:59.812442,False,,,17.01,False
1576,2026-09-23T22:18:59.842557,False,,,17.02,False
1577,2026-09-23T22:18:59.872573,False,,,17.01,False
1578,2026-09-23T22:18:59.905094,False,,,17.01,False
1579,2026-09-23T22:18:59.934139,False,,,18.02,False
1580,2026-09-23T22:18:59.967713,False,,,16.51,False
1581,2026-09-23T22:19:00.011145,False,,,17.51,False
1582,2026-09-23T22:19:00.049463,False,,,16.51,False
1583,2026-09-23T22:19:00.089488,False,,,17.01,False
1584,2026-09-23T22:19:00.118513,False,,,17.02,False
1585,2026-09-23T22:19:00.149553,False,,,17.01,False
1586,2026-09-23T22:19:00.179083,False,,,17.02,False
1587,2026-09-23T22:19:00.209716,False,,,16.51,False
1588,2026-09-23T22:19:00.242297,False,,,17.01,False
1589,2026-09-23T22:19:00.272297,False,,,16.84,False
1590,2026-09-23T22:19:00.304710,False,,,16.52,False
1591,2026-09-23T22:19:00.335633,False,,,17.42,False
1592,2026-09-23T22:19:00.369356,False,,,17.18,False
1593,2026-09-23T22:19:00.410589,False,,,16.51,False
1594,2026-09-23T22:19:00.449267,False,,,17.07,False
1595,2026-09-23T22:19:00.489131,False,,,16.75,False
1596,2026-09-23T22:19:00.520649,False,,,16.51,False
1597,2026-09-23T22:19:00.553243,False,,,17.08,False
1598,2026-09-23T22:19:00.585767,False,,,17.02,False
1599,2026-09-23T22:19:00.615469,False,,,17.19,False
1600,2026-09-23T22:19:00.645087,False,,,16.52,False
1601,2026-09-23T22:19:00.676315,False,,,17.01,False
1602,2026-09-23T22:19:00.707332,False,,,17.01,False
1603,2026-09-23T22:19:00.738442,False,,,17.10,False
1604,2026-09-23T22:19:00.784563,True,0.387,0.213,17.10,False
1604,2026-09-23T22:19:00.784563,True,0.156,0.213,17.10,False
1605,2026-09-23T22:19:00.814589,True,0.387,0.259,17.02,False
1605,2026-09-23T22:19:00.814589,True,0.156,0.254,17.02,False
1606,2026-09-23T22:19:00.849165,True,0.281,0.273,17.06,False
1606,2026-09-23T22:19:00.849165,True,0.184,0.233,17.06,False
1606,2026-09-23T22:19:00.849165,True,0.184,0.238,17.06,False
1607,2026-09-23T22:19:00.880717,True,0.281,0.217,16.50,False
1607,2026-09-23T22:19:00.880717,True,0.184,0.223,16.50,False
1607,2026-09-23T22:19:00.880717,True,0.184,0.203,16.50,False
1608,2026-09-23T22:19:00.914745,True,0.184,0.203,17.52,False
1609,2026-09-23T22:19:00.941265,True,0.184,0.203,17.01,False
1610,2026-09-23T22:19:00.976569,False,,,17.06,False
1611,2026-09-23T22:19:01.018893,False,,,17.74,False
1612,2026-09-23T22:19:01.049421,False,,,17.01,False
1613,2026-09-23T22:19:01.080468,False,,,17.01,False
1614,2026-09-23T22:19:01.110571,False,,,17.01,False
1615,2026-09-23T22:19:01.144721,False,,,16.52,False
1616,2026-09-23T22:19:01.186257,True,0.246,0.196,17.02,False
1617,2026-09-23T22:19:01.218779,True,0.246,0.209,16.51,False
1618,2026-09-23T22:19:01.250358,False,,,17.01,False
1619,2026-09-23T22:19:01.280555,False,,,17.05,False
1620,2026-09-23T22:19:01.312580,False,,,17.01,False
1621,2026-09-23T22:19:01.341104,False,,,17.01,False
1622,2026-09-23T22:19:01.375761,False,,,16.65,False
1623,2026-09-23T22:19:01.416507,False,,,17.02,False
1624,2026-09-23T22:19:01.446534,False,,,17.01,False
1625,2026-09-23T22:19:01.478568,False,,,18.03,False
1626,2026-09-23T22:19:01.522398,False,,,17.01,False
1627,2026-09-23T22:19:01.553430,False,,,17.01,False
1628,2026-09-23T22:19:01.586553,False,,,17.02,False
1629,2026-09-23T22:19:01.615084,False,,,17.52,False
1630,2026-09-23T22:19:01.649795,False,,,16.51,False
1631,2026-09-23T22:19:01.677318,False,,,17.02,False
1632,2026-09-23T22:19:01.713203,False,,,17.01,False
1633,2026-09-23T22:19:01.740344,False,,,17.01,False
1634,2026-09-23T22:19:01.776378,False,,,17.02,False
1635,2026-09-23T22:19:01.817453,False,,,17.05,False
1636,2026-09-23T22:19:01.849480,False,,,17.02,False
1637,2026-09-23T22:19:01.880148,False,,,16.50,False
1638,2026-09-23T22:19:01.923306,False,,,17.01,False
1639,2026-09-23T22:19:01.958345,False,,,17.02,False
1640,2026-09-23T22:19:01.989467,False,,,17.09,False
1641,2026-09-23T22:19:02.022421,False,,,17.10,False
1642,2026-09-23T22:19:02.051443,False,,,17.01,False
1643,2026-09-23T22:19:02.087572,False,,,16.12,False
1644,2026-09-23T22:19:02.130183,False,,,17.01,False
1645,2026-09-23T22:19:02.160356,False,,,17.01,False
1646,2026-09-23T22:19:02.192419,False,,,17.01,False
1647,2026-09-23T22:19:02.228086,False,,,16.63,False
1648,2026-09-23T22:19:02.272443,False,,,17.18,False
1649,2026-09-23T22:19:02.301462,False,,,17.01,False
1650,2026-09-23T22:19:02.332079,False,,,16.52,False
1651,2026-09-23T22:19:02.363514,False,,,17.01,False
1652,2026-09-23T22:19:02.393540,False,,,17.02,False
1653,2026-09-23T22:19:02.424570,False,,,17.02,False
1654,2026-09-23T22:19:02.456185,False,,,17.01,False
1655,2026-09-23T22:19:02.486895,False,,,17.66,False
1656,2026-09-23T22:19:02.515543,False,,,16.77,False
1657,2026-09-23T22:19:02.550559,False,,,17.01,False
1658,2026-09-23T22:19:02.577312,False,,,16.75,False
1659,2026-09-23T22:19:02.609204,False,,,17.72,False
1660,2026-09-23T22:19:02.655875,False,,,16.52,False
1661,2026-09-23T22:19:02.684895,False,,,16.52,False
1662,2026-09-23T22:19:02.722527,False,,,17.01,False
1663,2026-09-23T22:19:02.763663,False,,,18.02,False
1664,2026-09-23T22:19:02.793309,False,,,17.14,False
1665,2026-09-23T22:19:02.828342,False,,,17.02,False
1666,2026-09-23T22:19:02.854483,False,,,16.60,False
1667,2026-09-23T22:19:02.886567,False,,,17.06,False
1668,2026-09-23T22:19:02.916103,False,,,16.53,False
1669,2026-09-23T22:19:02.946632,False,,,16.52,False
1670,2026-09-23T22:19:02.992283,True,0.156,0.203,17.51,False
1671,2026-09-23T22:19:03.025396,True,0.156,0.198,16.52,False
1672,2026-09-23T22:19:03.060019,True,0.301,0.221,18.61,False
1672,2026-09-23T22:19:03.060019,True,0.199,0.212,18.61,False
1672,2026-09-23T22:19:03.060019,True,0.199,0.202,18.61,False
1673,2026-09-23T22:19:03.088569,True,0.301,0.231,17.04,False
1673,2026-09-23T22:19:03.088569,True,0.199,0.240,17.04,False
1673,2026-09-23T22:19:03.088569,True,0.199,0.220,17.04,False
1674,2026-09-23T22:19:03.118596,True,0.301,0.240,16.51,False
1674,2026-09-23T22:19:03.118596,True,0.199,0.240,16.51,False
1674,2026-09-23T22:19:03.118596,True,0.199,0.220,16.51,False
1675,2026-09-23T22:19:03.150235,True,0.344,0.248,17.09,False
1676,2026-09-23T22:19:03.186366,True,0.199,0.248,17.02,False
1676,2026-09-23T22:19:03.186366,True,0.184,0.225,17.02,False
1677,2026-09-23T22:19:03.213486,True,0.199,0.225,17.11,False
1677,2026-09-23T22:19:03.213486,True,0.184,0.222,17.11,False
1678,2026-09-23T22:19:03.247518,False,,,16.52,False
1679,2026-09-23T22:19:03.274568,False,,,17.02,False
1680,2026-09-23T22:19:03.313102,True,0.320,0.217,17.02,False
1681,2026-09-23T22:19:03.354736,True,0.320,0.241,17.01,False
1682,2026-09-23T22:19:03.392256,True,0.406,0.286,16.51,False
1683,2026-09-23T22:19:03.430002,True,0.406,0.327,16.61,False
1684,2026-09-23T22:19:03.460846,True,0.363,0.363,17.33,False
1684,2026-09-23T22:19:03.460846,True,0.184,0.336,17.33,False
1685,2026-09-23T22:19:03.491235,True,0.363,0.345,17.88,False
1685,2026-09-23T22:19:03.491235,True,0.184,0.300,17.88,False
1686,2026-09-23T22:19:03.522617,True,0.363,0.291,17.01,False
1686,2026-09-23T22:19:03.522617,True,0.184,0.255,17.01,False
1687,2026-09-23T22:19:03.554142,True,0.281,0.275,17.01,False
1688,2026-09-23T22:19:03.586175,False,,,17.02,False
1689,2026-09-23T22:19:03.616242,False,,,17.02,False
1690,2026-09-23T22:19:03.647342,False,,,17.02,False
1691,2026-09-23T22:19:03.678455,False,,,17.10,False
1692,2026-09-23T22:19:03.729322,True,0.211,0.245,16.09,False
1693,2026-09-23T22:19:03.771258,True,0.211,0.250,17.09,False
1694,2026-09-23T22:19:03.801279,False,,,16.51,False
1695,2026-09-23T22:19:03.833404,False,,,17.01,False
1696,2026-09-23T22:19:03.865430,False,,,17.02,False
1697,2026-09-23T22:19:03.896954,True,0.156,0.209,16.52,False
1698,2026-09-23T22:19:03.929485,True,0.156,0.203,17.01,False
1699,2026-09-23T22:19:03.960021,False,,,16.51,False
1700,2026-09-23T22:19:03.990537,False,,,17.01,False
1701,2026-09-23T22:19:04.023752,False,,,19.52,False
1702,2026-09-23T22:19:04.050785,False,,,16.51,False
1703,2026-09-23T22:19:04.086673,False,,,16.32,False
1704,2026-09-23T22:19:04.128281,True,0.168,0.180,17.02,False
1705,2026-09-23T22:19:04.160308,True,0.168,0.172,17.51,False
1706,2026-09-23T22:19:04.192421,True,0.184,0.166,17.01,False
1707,2026-09-23T22:19:04.223482,True,0.184,0.172,17.05,False
1708,2026-09-23T22:19:04.255508,True,0.184,0.177,17.01,False
1709,2026-09-23T22:19:04.286396,True,0.320,0.208,17.01,False
1709,2026-09-23T22:19:04.286396,True,0.301,0.234,17.01,False
1710,2026-09-23T22:19:04.316425,True,0.320,0.262,17.02,False
1710,2026-09-23T22:19:04.316425,True,0.301,0.285,17.02,False
1711,2026-09-23T22:19:04.349549,True,0.211,0.291,17.01,False
1712,2026-09-23T22:19:04.386585,True,0.230,0.273,17.02,False
1713,2026-09-23T22:19:04.423161,True,0.230,0.259,17.01,False
1714,2026-09-23T22:19:04.465248,False,,,17.02,False
1715,2026-09-23T22:19:04.500431,False,,,16.76,False
1716,2026-09-23T22:19:04.529976,False,,,16.51,False
1717,2026-09-23T22:19:04.562126,False,,,16.51,False
1718,2026-09-23T22:19:04.593433,False,,,17.02,False
1719,2026-09-23T22:19:04.624551,False,,,17.11,False
1720,2026-09-23T22:19:04.655377,False,,,16.51,False
1721,2026-09-23T22:19:04.685401,False,,,16.52,False
1722,2026-09-23T22:19:04.719445,False,,,17.04,False
1723,2026-09-23T22:19:04.749609,False,,,17.13,False
1724,2026-09-23T22:19:04.783209,False,,,16.59,False
1725,2026-09-23T22:19:04.812726,False,,,17.01,False
1726,2026-09-23T22:19:04.864343,False,,,17.01,False
1727,2026-09-23T22:19:04.906570,False,,,17.07,False
1728,2026-09-23T22:19:04.938400,False,,,17.52,False
1729,2026-09-23T22:19:04.969492,False,,,17.08,False
1730,2026-09-23T22:19:04.999891,False,,,16.37,False
1731,2026-09-23T22:19:05.030453,False,,,16.05,False
1732,2026-09-23T22:19:05.060085,False,,,16.51,False
1733,2026-09-23T22:19:05.093188,False,,,17.01,False
1734,2026-09-23T22:19:05.124549,False,,,17.01,False
1735,2026-09-23T22:19:05.154213,False,,,16.59,False
1736,2026-09-23T22:19:05.184729,False,,,17.01,False
1737,2026-09-23T22:19:05.217251,False,,,17.01,False
1738,2026-09-23T22:19:05.263429,False,,,17.02,False
1739,2026-09-23T22:19:05.295462,False,,,17.02,False
1740,2026-09-23T22:19:05.328521,False,,,17.02,False
1741,2026-09-23T22:19:05.358547,False,,,18.02,False
1742,2026-09-23T22:19:05.389587,False,,,17.53,False
1743,2026-09-23T22:19:05.419118,False,,,18.02,False
1744,2026-09-23T22:19:05.450418,False,,,18.02,False
1745,2026-09-23T22:19:05.479484,False,,,17.06,False
1746,2026-09-23T22:19:05.510643,False,,,16.51,False
1747,2026-09-23T22:19:05.540161,False,,,16.51,False
1748,2026-09-23T22:19:05.601232,False,,,17.01,False
1749,2026-09-23T22:19:05.635263,False,,,17.02,False
1750,2026-09-23T22:19:05.664593,False,,,17.01,False
1751,2026-09-23T22:19:05.697117,False,,,17.02,False
1752,2026-09-23T22:19:05.730749,False,,,19.52,False
1753,2026-09-23T22:19:05.760174,False,,,17.89,False
1754,2026-09-23T22:19:05.790790,False,,,16.42,False
1755,2026-09-23T22:19:05.820312,False,,,16.51,False
1756,2026-09-23T22:19:05.855942,False,,,16.52,False
1757,2026-09-23T22:19:05.885489,False,,,17.04,False
1758,2026-09-23T22:19:05.916593,False,,,17.03,False
1759,2026-09-23T22:19:05.948399,False,,,16.80,False
1760,2026-09-23T22:19:06.000084,False,,,16.51,False
1761,2026-09-23T22:19:06.039213,False,,,17.02,False
1762,2026-09-23T22:19:06.069738,False,,,17.52,False
1763,2026-09-23T22:19:06.104046,False,,,16.76,False
1764,2026-09-23T22:19:06.133576,False,,,17.02,False
1765,2026-09-23T22:19:06.165096,False,,,17.01,False
1766,2026-09-23T22:19:06.194119,False,,,17.02,False
1767,2026-09-23T22:19:06.224194,False,,,17.02,False
1768,2026-09-23T22:19:06.255491,False,,,17.08,False
1769,2026-09-23T22:19:06.287336,False,,,16.20,False
1770,2026-09-23T22:19:06.318473,False,,,17.06,False
1771,2026-09-23T22:19:06.348536,False,,,16.53,False
1772,2026-09-23T22:19:06.399638,False,,,16.51,False
1773,2026-09-23T22:19:06.440250,False,,,17.01,False
1774,2026-09-23T22:19:06.470605,False,,,16.34,False
1775,2026-09-23T22:19:06.504280,False,,,17.01,False
1776,2026-09-23T22:19:06.535542,False,,,17.75,False
1777,2026-09-23T22:19:06.565567,False,,,17.52,False
1778,2026-09-23T22:19:06.597516,False,,,17.44,False
1779,2026-09-23T22:19:06.624649,False,,,17.02,False
1780,2026-09-23T22:19:06.656232,False,,,17.02,False
1781,2026-09-23T22:19:06.687354,False,,,17.61,False
1782,2026-09-23T22:19:06.718838,False,,,16.51,False
1783,2026-09-23T22:19:06.750367,False,,,17.01,False
1784,2026-09-23T22:19:06.799500,False,,,17.02,False
1785,2026-09-23T22:19:06.829244,False,,,16.73,False
1786,2026-09-23T22:19:06.859241,False,,,16.96,False
1787,2026-09-23T22:19:06.887470,False,,,18.18,False
1788,2026-09-23T22:19:06.915518,False,,,17.03,False
1789,2026-09-23T22:19:06.952569,False,,,17.02,False
1790,2026-09-23T22:19:06.982589,False,,,17.01,False
1791,2026-09-23T22:19:07.013110,False,,,17.01,False
1792,2026-09-23T22:19:07.042238,False,,,17.02,False
1793,2026-09-23T22:19:07.074136,False,,,16.75,False
1794,2026-09-23T22:19:07.102250,False,,,17.01,False
1795,2026-09-23T22:19:07.136454,False,,,17.03,False
1796,2026-09-23T22:19:07.166750,False,,,17.02,False
1797,2026-09-23T22:19:07.200268,False,,,17.51,False
1798,2026-09-23T22:19:07.228785,False,,,16.51,False
1799,2026-09-23T22:19:07.264502,False,,,17.01,False
1800,2026-09-23T22:19:07.291007,False,,,16.50,False
1801,2026-09-23T22:19:07.329593,False,,,17.51,False
1802,2026-09-23T22:19:07.368826,False,,,16.68,False
1803,2026-09-23T22:19:07.398398,False,,,17.07,False
1804,2026-09-23T22:19:07.430417,False,,,17.00,False
1805,2026-09-23T22:19:07.472082,False,,,16.51,False
1806,2026-09-23T22:19:07.507088,False,,,17.55,False
1807,2026-09-23T22:19:07.539128,False,,,17.03,False
1808,2026-09-23T22:19:07.569528,False,,,17.25,False
1809,2026-09-23T22:19:07.601093,False,,,17.51,False
1810,2026-09-23T22:19:07.630217,False,,,17.09,False
1811,2026-09-23T22:19:07.663755,False,,,17.01,False
1812,2026-09-23T22:19:07.692275,False,,,18.01,False
1813,2026-09-23T22:19:07.729799,False,,,19.02,False
1814,2026-09-23T22:19:07.768638,False,,,16.51,False
1815,2026-09-23T22:19:07.808581,False,,,17.41,False
1816,2026-09-23T22:19:07.846910,False,,,17.54,False
1817,2026-09-23T22:19:07.879433,False,,,19.02,False
1818,2026-09-23T22:19:07.908458,False,,,17.01,False
1819,2026-09-23T22:19:07.939156,False,,,17.02,False
1820,2026-09-23T22:19:07.970166,False,,,16.51,False
1821,2026-09-23T22:19:08.002188,False,,,17.51,False
1822,2026-09-23T22:19:08.034514,False,,,17.03,False
1823,2026-09-23T22:19:08.064611,False,,,17.02,False
1824,2026-09-23T22:19:08.095178,False,,,17.06,False
1825,2026-09-23T22:19:08.128588,False,,,16.42,False
1826,2026-09-23T22:19:08.158115,False,,,17.02,False
1827,2026-09-23T22:19:08.209593,False,,,17.51,False
1828,2026-09-23T22:19:08.250720,False,,,17.50,False
1829,2026-09-23T22:19:08.280520,False,,,17.22,False
1830,2026-09-23T22:19:08.313563,False,,,17.02,False
1831,2026-09-23T22:19:08.343144,False,,,17.57,False
1832,2026-09-23T22:19:08.372158,False,,,17.01,False
1833,2026-09-23T22:19:08.403632,False,,,16.45,False
1834,2026-09-23T22:19:08.435154,False,,,17.02,False
1835,2026-09-23T22:19:08.465679,False,,,17.02,False
1836,2026-09-23T22:19:08.497745,False,,,16.56,False
1837,2026-09-23T22:19:08.544832,False,,,16.57,False
1838,2026-09-23T22:19:08.575347,False,,,17.01,False
1839,2026-09-23T22:19:08.608374,False,,,16.52,False
1840,2026-09-23T22:19:08.637239,False,,,17.53,False
1841,2026-09-23T22:19:08.672668,False,,,17.01,False
1842,2026-09-23T22:19:08.713137,False,,,16.95,False
1843,2026-09-23T22:19:08.743655,False,,,17.01,False
1844,2026-09-23T22:19:08.775187,False,,,17.02,False
1845,2026-09-23T22:19:08.806267,False,,,19.02,False
1846,2026-09-23T22:19:08.836298,False,,,17.02,False
1847,2026-09-23T22:19:08.866826,False,,,17.02,False
1848,2026-09-23T22:19:08.897349,False,,,17.02,False
1849,2026-09-23T22:19:08.946417,False,,,19.02,False
1850,2026-09-23T22:19:08.982453,False,,,21.02,False
1851,2026-09-23T22:19:09.029373,False,,,22.01,False
1852,2026-09-23T22:19:09.055408,False,,,16.52,False
1853,2026-09-23T22:19:09.088437,False,,,17.02,False
1854,2026-09-23T22:19:09.119456,False,,,17.01,False
1855,2026-09-23T22:19:09.150013,False,,,17.55,False
1856,2026-09-23T22:19:09.180036,False,,,17.51,False
1857,2026-09-23T22:19:09.208567,False,,,16.52,False
1858,2026-09-23T22:19:09.238716,False,,,16.64,False
1859,2026-09-23T22:19:09.280361,False,,,17.01,False
1860,2026-09-23T22:19:09.317399,False,,,17.02,False
1861,2026-09-23T22:19:09.349444,False,,,17.03,False
1862,2026-09-23T22:19:09.380493,False,,,17.01,False
1863,2026-09-23T22:19:09.411517,False,,,17.00,False
1864,2026-09-23T22:19:09.442114,False,,,16.51,False
1865,2026-09-23T22:19:09.474319,False,,,17.02,False
1866,2026-09-23T22:19:09.504404,False,,,17.02,False
1867,2026-09-23T22:19:09.537593,False,,,18.02,False
1868,2026-09-23T22:19:09.568619,False,,,17.52,False
1869,2026-09-23T22:19:09.599677,False,,,16.51,False
1870,2026-09-23T22:19:09.630581,False,,,17.30,False
1871,2026-09-23T22:19:09.680220,False,,,17.01,False
1872,2026-09-23T22:19:09.707748,False,,,17.02,False
1873,2026-09-23T22:19:09.744364,False,,,17.02,False
1874,2026-09-23T22:19:09.773479,False,,,17.01,False
1875,2026-09-23T22:19:09.808514,False,,,17.52,False
1876,2026-09-23T22:19:09.850126,False,,,17.01,False
1877,2026-09-23T22:19:09.880231,False,,,17.01,False
1878,2026-09-23T22:19:09.912130,False,,,17.04,False
1879,2026-09-23T22:19:09.943345,False,,,16.52,False
1880,2026-09-23T22:19:09.975492,False,,,17.14,False
1881,2026-09-23T22:19:10.005581,False,,,16.58,False
1882,2026-09-23T22:19:10.037658,False,,,16.57,False
1883,2026-09-23T22:19:10.081216,False,,,17.03,False
1884,2026-09-23T22:19:10.113245,False,,,17.01,False
1885,2026-09-23T22:19:10.144774,False,,,17.01,False
1886,2026-09-23T22:19:10.175458,False,,,17.18,False
1887,2026-09-23T22:19:10.208494,False,,,17.02,False
1888,2026-09-23T22:19:10.238517,False,,,17.01,False
1889,2026-09-23T22:19:10.271541,False,,,17.01,False
1890,2026-09-23T22:19:10.297577,False,,,17.03,False
1891,2026-09-23T22:19:10.336403,False,,,17.29,False
1892,2026-09-23T22:19:10.362421,False,,,17.01,False
1893,2026-09-23T22:19:10.417464,False,,,17.52,False
1894,2026-09-23T22:19:10.456561,False,,,17.02,False
1895,2026-09-23T22:19:10.486584,False,,,17.02,False
1896,2026-09-23T22:19:10.515144,False,,,17.09,False
1897,2026-09-23T22:19:10.549201,False,,,17.01,False
1898,2026-09-23T22:19:10.579243,False,,,16.51,False
1899,2026-09-23T22:19:10.610595,False,,,16.50,False
1900,2026-09-23T22:19:10.640220,False,,,17.01,False
1901,2026-09-23T22:19:10.673245,False,,,17.01,False
1902,2026-09-23T22:19:10.702583,False,,,17.01,False
1903,2026-09-23T22:19:10.736475,False,,,16.39,False
1904,2026-09-23T22:19:10.764604,False,,,17.02,False
1905,2026-09-23T22:19:10.816478,False,,,17.27,False
1906,2026-09-23T22:19:10.859773,False,,,17.51,False
1907,2026-09-23T22:19:10.889327,False,,,17.03,False
1908,2026-09-23T22:19:10.921342,False,,,17.11,False
1909,2026-09-23T22:19:10.950552,False,,,17.01,False
1910,2026-09-23T22:19:10.983187,False,,,17.10,False
1911,2026-09-23T22:19:11.014499,False,,,17.10,False
1912,2026-09-23T22:19:11.044543,False,,,17.02,False
1913,2026-09-23T22:19:11.074612,False,,,17.04,False
1914,2026-09-23T22:19:11.673511,False,,,17.03,False
1915,2026-09-23T22:19:11.702532,False,,,17.01,False
1916,2026-09-23T22:19:11.728571,False,,,17.04,False
1917,2026-09-23T22:19:11.759595,False,,,17.51,False
1918,2026-09-23T22:19:11.788155,False,,,16.73,False
1919,2026-09-23T22:19:11.820312,False,,,17.01,False
1920,2026-09-23T22:19:11.850373,False,,,16.51,False
1921,2026-09-23T22:19:11.882435,False,,,16.51,False
1922,2026-09-23T22:19:11.914464,False,,,17.01,False
1923,2026-09-23T22:19:11.947489,False,,,17.02,False
1924,2026-09-23T22:19:11.977225,False,,,16.52,False
1925,2026-09-23T22:19:12.008667,False,,,16.69,False
1926,2026-09-23T22:19:12.039742,False,,,17.57,False
1927,2026-09-23T22:19:12.065633,False,,,16.38,False
1928,2026-09-23T22:19:12.102151,False,,,16.51,False
1929,2026-09-23T22:19:12.133121,False,,,17.01,False
1930,2026-09-23T22:19:12.163352,False,,,16.72,False
1931,2026-09-23T22:19:12.195196,False,,,17.07,False
1932,2026-09-23T22:19:12.226306,False,,,16.66,False
1933,2026-09-23T22:19:12.258500,False,,,17.05,False
1934,2026-09-23T22:19:12.288542,False,,,17.02,False
1935,2026-09-23T22:19:12.319195,False,,,17.02,False
1936,2026-09-23T22:19:12.352332,False,,,17.01,False
1937,2026-09-23T22:19:12.381353,False,,,17.01,False
1938,2026-09-23T22:19:12.415471,False,,,16.60,False
1939,2026-09-23T22:19:12.445496,False,,,17.02,False
1940,2026-09-23T22:19:12.483344,False,,,18.71,False
1941,2026-09-23T22:19:12.522464,False,,,17.01,False
1942,2026-09-23T22:19:12.551483,False,,,16.51,False
1943,2026-09-23T22:19:12.582132,False,,,16.50,False
1944,2026-09-23T22:19:12.624483,False,,,17.06,False
1945,2026-09-23T22:19:12.662501,False,,,17.01,False
1946,2026-09-23T22:19:12.693131,False,,,17.01,False
1947,2026-09-23T22:19:12.724163,False,,,17.02,False
1948,2026-09-23T22:19:12.754229,False,,,17.01,False
1949,2026-09-23T22:19:12.787091,False,,,17.55,False
1950,2026-09-23T22:19:12.817501,False,,,18.02,False
1951,2026-09-23T22:19:12.847601,False,,,17.09,False
1952,2026-09-23T22:19:12.879627,False,,,17.02,False
1953,2026-09-23T22:19:12.910653,False,,,17.51,False
1954,2026-09-23T22:19:12.944725,False,,,17.01,False
1955,2026-09-23T22:19:12.973359,False,,,17.13,False
1956,2026-09-23T22:19:13.024454,False,,,17.07,False
1957,2026-09-23T22:19:13.051472,False,,,17.01,False
1958,2026-09-23T22:19:13.087653,False,,,16.63,False
1959,2026-09-23T22:19:13.129454,False,,,16.25,False
1960,2026-09-23T22:19:13.159402,False,,,17.02,False
1961,2026-09-23T22:19:13.190925,False,,,16.51,False
1962,2026-09-23T22:19:13.220534,False,,,17.01,False
1963,2026-09-23T22:19:13.250575,False,,,17.01,False
1964,2026-09-23T22:19:13.282253,False,,,17.05,False
1965,2026-09-23T22:19:13.313107,False,,,17.01,False
1966,2026-09-23T22:19:13.361255,False,,,16.51,False
1967,2026-09-23T22:19:13.388797,False,,,16.51,False
1968,2026-09-23T22:19:13.423822,False,,,17.01,False
1969,2026-09-23T22:19:13.453347,False,,,17.02,False
1970,2026-09-23T22:19:13.482935,False,,,16.51,False
1971,2026-09-23T22:19:13.515521,False,,,17.02,False
1972,2026-09-23T22:19:13.552587,False,,,17.01,False
1973,2026-09-23T22:19:13.592650,False,,,16.54,False
1974,2026-09-23T22:19:13.622666,False,,,16.51,False
1975,2026-09-23T22:19:13.655488,False,,,17.31,False
1976,2026-09-23T22:19:13.686300,False,,,16.65,False
1977,2026-09-23T22:19:13.716822,False,,,17.02,False
1978,2026-09-23T22:19:13.760586,False,,,17.01,False
1979,2026-09-23T22:19:13.794153,False,,,16.69,False
1980,2026-09-23T22:19:13.826665,False,,,16.87,False
1981,2026-09-23T22:19:13.855189,False,,,17.02,False
1982,2026-09-23T22:19:13.888392,False,,,17.02,False
1983,2026-09-23T22:19:13.918419,True,0.156,0.226,17.02,False
1984,2026-09-23T22:19:13.952504,True,0.211,0.208,17.01,False
1984,2026-09-23T22:19:13.952504,True,0.199,0.205,17.01,False
1985,2026-09-23T22:19:13.980522,True,0.211,0.202,16.95,False
1985,2026-09-23T22:19:13.980522,True,0.199,0.195,16.95,False
1986,2026-09-23T22:19:14.016392,True,0.156,0.195,17.15,False
1987,2026-09-23T22:19:14.057451,True,0.156,0.184,17.02,False
1988,2026-09-23T22:19:14.096487,False,,,17.02,False
1989,2026-09-23T22:19:14.134643,False,,,17.02,False
1990,2026-09-23T22:19:14.167169,True,0.156,0.176,17.02,False
1991,2026-09-23T22:19:14.198224,True,0.156,0.165,17.02,False
1992,2026-09-23T22:19:14.229267,True,0.156,0.156,17.02,False
1993,2026-09-23T22:19:14.260342,False,,,17.01,False
1994,2026-09-23T22:19:14.291404,False,,,17.00,False
1995,2026-09-23T22:19:14.322439,False,,,17.01,False
1996,2026-09-23T22:19:14.352131,False,,,16.51,False
1997,2026-09-23T22:19:14.384182,False,,,17.01,False
1998,2026-09-23T22:19:14.416530,False,,,16.84,False
1999,2026-09-23T22:19:14.446451,False,,,16.90,False
2000,2026-09-23T22:19:14.495926,False,,,16.77,False
2001,2026-09-23T22:19:14.522320,False,,,17.01,False
2002,2026-09-23T22:19:14.558845,False,,,16.51,False
2003,2026-09-23T22:19:14.604562,False,,,17.02,False
2004,2026-09-23T22:19:14.630593,False,,,16.51,False
2005,2026-09-23T22:19:14.664379,False,,,17.20,False
2006,2026-09-23T22:19:14.692389,False,,,17.51,False
2007,2026-09-23T22:19:14.722130,False,,,16.51,False
2008,2026-09-23T22:19:14.753800,False,,,16.60,False
2009,2026-09-23T22:19:14.783316,False,,,17.01,False
2010,2026-09-23T22:19:14.817339,False,,,17.52,False
2011,2026-09-23T22:19:14.847363,False,,,16.52,False
2012,2026-09-23T22:19:14.896600,False,,,17.02,False
2013,2026-09-23T22:19:14.923159,False,,,17.05,False
2014,2026-09-23T22:19:14.954180,False,,,16.51,False
2015,2026-09-23T22:19:14.988367,False,,,17.02,False
2016,2026-09-23T22:19:15.017944,False,,,16.52,False
2017,2026-09-23T22:19:15.049468,False,,,17.02,False
2018,2026-09-23T22:19:15.080136,False,,,16.50,False
2019,2026-09-23T22:19:15.109799,True,0.168,0.159,16.51,False
2020,2026-09-23T22:19:15.151332,True,0.168,0.161,16.51,False
2021,2026-09-23T22:19:15.187634,True,0.168,0.163,16.44,False
2022,2026-09-23T22:19:15.232279,False,,,17.51,False
2023,2026-09-23T22:19:15.266449,False,,,17.02,False
2024,2026-09-23T22:19:15.298563,True,0.211,0.174,17.02,False
2025,2026-09-23T22:19:15.330597,True,0.211,0.185,17.01,False
2026,2026-09-23T22:19:15.357788,True,0.211,0.194,16.68,False
2027,2026-09-23T22:19:15.390344,True,0.246,0.209,17.01,False
2028,2026-09-23T22:19:15.422344,True,0.246,0.225,16.51,False
2029,2026-09-23T22:19:15.454870,True,0.211,0.225,16.51,False
2030,2026-09-23T22:19:15.487392,True,0.211,0.225,17.02,False
2031,2026-09-23T22:19:15.522481,True,0.230,0.229,17.01,False
2032,2026-09-23T22:19:15.565600,True,0.230,0.226,17.10,False
2033,2026-09-23T22:19:15.597129,True,0.230,0.223,17.02,False
2034,2026-09-23T22:19:15.633169,True,0.199,0.220,17.01,False
2035,2026-09-23T22:19:15.672243,True,0.199,0.218,17.01,False
2036,2026-09-23T22:19:15.704529,True,0.199,0.212,17.07,False
2037,2026-09-23T22:19:15.730594,True,0.199,0.205,17.01,False
2038,2026-09-23T22:19:15.763172,True,0.199,0.199,16.57,False
2039,2026-09-23T22:19:15.794230,False,,,17.02,False
2040,2026-09-23T22:19:15.825763,False,,,16.52,False
2041,2026-09-23T22:19:15.857376,True,0.230,0.205,17.11,False
2042,2026-09-23T22:19:15.888610,True,0.230,0.212,16.21,False
2043,2026-09-23T22:19:15.920761,True,0.168,0.205,16.52,False
2044,2026-09-23T22:19:15.968303,True,0.211,0.208,17.02,False
2045,2026-09-23T22:19:15.998468,True,0.211,0.210,17.02,False
2046,2026-09-23T22:19:16.032516,True,0.230,0.210,17.02,False
2047,2026-09-23T22:19:16.062402,True,0.230,0.210,16.86,False
2048,2026-09-23T22:19:16.090920,True,0.230,0.223,16.51,False
2049,2026-09-23T22:19:16.122563,True,0.168,0.214,17.12,False
2050,2026-09-23T22:19:16.153087,True,0.168,0.205,17.01,False
2051,2026-09-23T22:19:16.184126,False,,,17.01,False
2052,2026-09-23T22:19:16.214645,False,,,17.01,False
2053,2026-09-23T22:19:16.244948,True,0.320,0.223,16.52,False
2054,2026-09-23T22:19:16.277384,True,0.320,0.241,16.93,False
2055,2026-09-23T22:19:16.309091,True,0.168,0.229,17.02,False
2056,2026-09-23T22:19:16.369518,True,0.199,0.235,17.37,False
2057,2026-09-23T22:19:16.402081,True,0.199,0.241,16.51,False
2058,2026-09-23T22:19:16.434606,True,0.199,0.217,16.90,False
2059,2026-09-23T22:19:16.463123,True,0.199,0.193,17.01,False
2060,2026-09-23T22:19:16.496641,True,0.199,0.199,17.42,False
2061,2026-09-23T22:19:16.522144,True,0.246,0.209,17.01,False
2062,2026-09-23T22:19:16.556310,True,0.246,0.218,17.02,False
2063,2026-09-23T22:19:16.591240,True,0.211,0.220,17.07,False
2064,2026-09-23T22:19:16.617862,True,0.211,0.223,16.52,False
2065,2026-09-23T22:19:16.650386,True,0.156,0.214,17.01,False
2066,2026-09-23T22:19:16.682403,True,0.156,0.196,17.00,False
2067,2026-09-23T22:19:16.714748,True,0.344,0.216,17.01,False
2068,2026-09-23T22:19:16.768534,True,0.168,0.207,17.15,False
2068,2026-09-23T22:19:16.768534,True,0.156,0.196,17.15,False
2069,2026-09-23T22:19:16.806577,True,0.168,0.198,17.02,False
2069,2026-09-23T22:19:16.806577,True,0.156,0.198,17.02,False
2070,2026-09-23T22:19:16.838542,True,0.168,0.163,16.44,False
2070,2026-09-23T22:19:16.838542,True,0.156,0.161,16.44,False
2071,2026-09-23T22:19:16.868118,False,,,16.57,False
2072,2026-09-23T22:19:16.898723,False,,,16.56,False
2073,2026-09-23T22:19:16.929792,False,,,16.54,False
2074,2026-09-23T22:19:16.962821,False,,,17.01,False
2075,2026-09-23T22:19:16.995409,False,,,17.08,False
2076,2026-09-23T22:19:17.025439,False,,,16.52,False
2077,2026-09-23T22:19:17.055461,False,,,16.51,False
2078,2026-09-23T22:19:17.089010,False,,,18.52,False
2079,2026-09-23T22:19:17.116325,False,,,16.80,False
2080,2026-09-23T22:19:17.168544,False,,,17.04,False
2081,2026-09-23T22:19:17.208595,False,,,16.51,False
2082,2026-09-23T22:19:17.239123,False,,,17.02,False
2083,2026-09-23T22:19:17.271447,False,,,16.31,False
2084,2026-09-23T22:19:17.302278,False,,,16.75,False
2085,2026-09-23T22:19:17.334405,False,,,16.52,False
2086,2026-09-23T22:19:17.364582,False,,,16.09,False
2087,2026-09-23T22:19:17.395179,True,0.199,0.170,17.09,False
2088,2026-09-23T22:19:17.428676,True,0.199,0.176,17.31,False
2089,2026-09-23T22:19:17.457249,True,0.168,0.178,17.07,False
2090,2026-09-23T22:19:17.488385,True,0.168,0.178,17.01,False
2091,2026-09-23T22:19:17.515587,True,0.262,0.199,16.60,False
2092,2026-09-23T22:19:17.550311,True,0.262,0.212,17.08,False
2093,2026-09-23T22:19:17.581477,True,0.246,0.221,17.16,False
2094,2026-09-23T22:19:17.613098,True,0.246,0.237,17.01,False
2095,2026-09-23T22:19:17.643378,True,0.262,0.255,17.27,False
2096,2026-09-23T22:19:17.671389,True,0.262,0.255,17.01,False
2097,2026-09-23T22:19:17.704426,True,0.199,0.243,17.02,False
2098,2026-09-23T22:19:17.737468,True,0.199,0.234,16.52,False
2099,2026-09-23T22:19:17.769261,False,,,17.76,False
2100,2026-09-23T22:19:17.799800,False,,,16.52,False
2101,2026-09-23T22:19:17.841392,False,,,17.01,False
2102,2026-09-23T22:19:17.876426,False,,,17.02,False
2103,2026-09-23T22:19:17.908458,True,0.156,0.216,18.02,False
2104,2026-09-23T22:19:17.940488,True,0.156,0.195,19.02,False
2105,2026-09-23T22:19:17.970107,True,0.230,0.188,18.02,False
2106,2026-09-23T22:19:18.000862,True,0.230,0.195,17.52,False
2107,2026-09-23T22:19:18.031393,True,0.211,0.197,16.52,False
2108,2026-09-23T22:19:18.061419,True,0.211,0.208,17.01,False
2109,2026-09-23T22:19:18.096477,True,0.230,0.223,17.03,False
2110,2026-09-23T22:19:18.123505,True,0.230,0.223,17.52,False
2111,2026-09-23T22:19:18.176276,False,,,16.81,False
2112,2026-09-23T22:19:18.203797,False,,,17.01,False
2113,2026-09-23T22:19:18.244330,False,,,20.01,False
2114,2026-09-23T22:19:18.284575,False,,,18.22,False
2115,2026-09-23T22:19:18.314101,False,,,16.52,False
2116,2026-09-23T22:19:18.345323,False,,,17.21,False
2117,2026-09-23T22:19:18.376366,False,,,17.02,False
2118,2026-09-23T22:19:18.406393,False,,,16.52,False
2119,2026-09-23T22:19:18.436325,False,,,17.02,False
2120,2026-09-23T22:19:18.468415,False,,,17.01,False
2121,2026-09-23T22:19:18.499514,False,,,17.09,False
2122,2026-09-23T22:19:18.530537,False,,,17.01,False
2123,2026-09-23T22:19:18.576578,False,,,17.24,False
2124,2026-09-23T22:19:18.606607,False,,,17.02,False
2125,2026-09-23T22:19:18.641187,False,,,17.06,False
2126,2026-09-23T22:19:18.681160,False,,,17.50,False
2127,2026-09-23T22:19:18.713776,False,,,17.01,False
2128,2026-09-23T22:19:18.744454,False,,,17.07,False
2129,2026-09-23T22:19:18.774587,False,,,17.01,False
2130,2026-09-23T22:19:18.805107,False,,,17.01,False
2131,2026-09-23T22:19:18.836241,False,,,16.52,False
2132,2026-09-23T22:19:18.867759,False,,,17.01,False
2133,2026-09-23T22:19:18.913274,False,,,17.12,False
2134,2026-09-23T22:19:18.945308,False,,,17.02,False
2135,2026-09-23T22:19:18.976432,False,,,17.11,False
2136,2026-09-23T22:19:19.006542,False,,,17.10,False
2137,2026-09-23T22:19:19.041145,False,,,18.52,False
2138,2026-09-23T22:19:19.083186,False,,,17.01,False
2139,2026-09-23T22:19:19.113143,False,,,16.94,False
2140,2026-09-23T22:19:19.144318,False,,,17.11,False
2141,2026-09-23T22:19:19.176607,False,,,16.89,False
2142,2026-09-23T22:19:19.207328,False,,,17.21,False
2143,2026-09-23T22:19:19.236376,False,,,17.02,False
2144,2026-09-23T22:19:19.268397,False,,,17.52,False
2145,2026-09-23T22:19:19.312430,False,,,16.51,False
2146,2026-09-23T22:19:19.345515,False,,,17.07,False
2147,2026-09-23T22:19:19.378611,False,,,18.59,False
2148,2026-09-23T22:19:19.410642,False,,,20.53,False
2149,2026-09-23T22:19:19.452174,False,,,17.51,False
2150,2026-09-23T22:19:19.482441,False,,,17.06,False
2151,2026-09-23T22:19:19.510887,False,,,15.83,False
2152,2026-09-23T22:19:19.545922,False,,,17.51,False
2153,2026-09-23T22:19:19.577448,False,,,17.02,False
2154,2026-09-23T22:19:19.610471,False,,,18.01,False
2155,2026-09-23T22:19:19.641530,False,,,17.01,False
2156,2026-09-23T22:19:19.671160,False,,,17.51,False
2157,2026-09-23T22:19:19.713141,False,,,17.01,False
2158,2026-09-23T22:19:19.750168,False,,,17.76,False
2159,2026-09-23T22:19:19.780199,False,,,17.51,False
2160,2026-09-23T22:19:19.811428,False,,,17.21,False
2161,2026-09-23T22:19:19.841376,False,,,17.01,False
2162,2026-09-23T22:19:19.870635,False,,,16.25,False
2163,2026-09-23T22:19:19.903664,False,,,17.01,False
2164,2026-09-23T22:19:19.935691,False,,,17.40,False
2165,2026-09-23T22:19:19.968217,False,,,17.02,False
2166,2026-09-23T22:19:19.996245,False,,,17.52,False
2167,2026-09-23T22:19:20.049426,False,,,18.02,False
2168,2026-09-23T22:19:20.089579,False,,,17.09,False
2169,2026-09-23T22:19:20.120144,False,,,16.96,False
2170,2026-09-23T22:19:20.151198,False,,,17.51,False
2171,2026-09-23T22:19:20.180754,False,,,17.44,False
2172,2026-09-23T22:19:20.213280,False,,,16.51,False
2173,2026-09-23T22:19:20.244363,False,,,17.01,False
2174,2026-09-23T22:19:20.276839,False,,,17.47,False
2175,2026-09-23T22:19:20.306186,False,,,17.84,False
2176,2026-09-23T22:19:20.337861,False,,,17.41,False
2177,2026-09-23T22:19:20.368387,False,,,17.02,False
2178,2026-09-23T22:19:20.396639,False,,,16.98,False
2179,2026-09-23T22:19:20.448743,False,,,17.57,False
2180,2026-09-23T22:19:20.491160,False,,,17.51,False
2181,2026-09-23T22:19:20.518297,False,,,16.15,False
2182,2026-09-23T22:19:20.555322,False,,,19.57,False
2183,2026-09-23T22:19:20.586820,False,,,20.02,False
2184,2026-09-23T22:19:20.613341,False,,,17.01,False
2185,2026-09-23T22:19:20.645371,False,,,17.02,False
2186,2026-09-23T22:19:20.675408,False,,,18.02,False
2187,2026-09-23T22:19:20.705434,False,,,16.52,False
2188,2026-09-23T22:19:20.739482,False,,,17.02,False
2189,2026-09-23T22:19:20.784543,False,,,17.02,False
2190,2026-09-23T22:19:20.815495,False,,,17.52,False
2191,2026-09-23T22:19:20.848529,False,,,17.02,False
2192,2026-09-23T22:19:20.890826,False,,,17.51,False
2193,2026-09-23T22:19:20.923392,False,,,17.05,False
2194,2026-09-23T22:19:20.955423,False,,,16.52,False
2195,2026-09-23T22:19:20.986643,False,,,17.01,False
2196,2026-09-23T22:19:21.017774,False,,,16.62,False
2197,2026-09-23T22:19:21.048642,False,,,16.51,False
2198,2026-09-23T22:19:21.081293,False,,,18.00,False
2199,2026-09-23T22:19:21.110817,False,,,16.51,False
2200,2026-09-23T22:19:21.140420,False,,,17.01,False
2201,2026-09-23T22:19:21.184744,False,,,17.51,False
2202,2026-09-23T22:19:21.220417,False,,,17.08,False
2203,2026-09-23T22:19:21.252148,False,,,16.51,False
2204,2026-09-23T22:19:21.282761,False,,,16.57,False
2205,2026-09-23T22:19:21.315144,False,,,16.87,False
2206,2026-09-23T22:19:21.344668,False,,,17.02,False
2207,2026-09-23T22:19:21.376187,False,,,17.01,False
2208,2026-09-23T22:19:21.406340,False,,,17.12,False
2209,2026-09-23T22:19:21.440564,False,,,17.01,False
2210,2026-09-23T22:19:21.480091,False,,,16.51,False
2211,2026-09-23T22:19:21.519229,False,,,16.51,False
2212,2026-09-23T22:19:21.561315,False,,,17.50,False
2213,2026-09-23T22:19:21.592542,False,,,17.01,False
2214,2026-09-23T22:19:21.632421,False,,,26.32,False
2215,2026-09-23T22:19:21.759665,False,,,51.18,False
2216,2026-09-23T22:19:21.879212,False,,,63.12,False
2217,2026-09-23T22:19:22.012291,False,,,56.76,False
2218,2026-09-23T22:19:22.096536,False,,,19.43,False
2219,2026-09-23T22:19:22.221092,False,,,50.63,False
2220,2026-09-23T22:19:22.338094,False,,,43.52,False
2221,2026-09-23T22:19:22.461449,False,,,45.56,False
2222,2026-09-23T22:19:22.589454,True,0.168,0.210,48.53,False
2223,2026-09-23T22:19:22.698231,False,,,47.57,False
2224,2026-09-23T22:19:22.833170,False,,,58.80,False
2225,2026-09-23T22:19:22.947095,False,,,48.99,False
2226,2026-09-23T22:19:23.070584,False,,,46.86,False
2227,2026-09-23T22:19:23.174086,False,,,43.75,False
2228,2026-09-23T22:19:23.303633,False,,,50.04,False
2229,2026-09-23T22:19:23.426841,False,,,47.05,False
2230,2026-09-23T22:19:23.556405,False,,,53.58,False
2231,2026-09-23T22:19:23.659436,False,,,48.35,False
2232,2026-09-23T22:19:23.783351,False,,,48.06,False
2233,2026-09-23T22:19:23.917399,False,,,53.77,False
2234,2026-09-23T22:19:24.030146,False,,,45.05,False
2235,2026-09-23T22:19:24.155374,False,,,46.54,False
2236,2026-09-23T22:19:24.262983,False,,,45.54,False
2237,2026-09-23T22:19:24.388281,False,,,44.65,False
2238,2026-09-23T22:19:24.509599,False,,,53.28,False
2239,2026-09-23T22:19:24.628474,False,,,69.17,False
2240,2026-09-23T22:19:24.745220,False,,,45.57,False
2241,2026-09-23T22:19:24.883448,False,,,62.83,False
2242,2026-09-23T22:19:25.009428,True,0.344,0.237,50.29,False
2243,2026-09-23T22:19:25.143336,True,0.246,0.244,57.05,False
2244,2026-09-23T22:19:25.255414,True,0.211,0.240,46.81,False
2244,2026-09-23T22:19:25.255414,True,0.156,0.225,46.81,False
2245,2026-09-23T22:19:25.381447,False,,,48.65,False
2246,2026-09-23T22:19:25.500749,False,,,46.16,False
2247,2026-09-23T22:19:25.625394,False,,,45.06,False
2248,2026-09-23T22:19:25.704495,False,,,44.07,False
2249,2026-09-23T22:19:25.818377,False,,,47.70,False
2250,2026-09-23T22:19:25.942755,False,,,45.75,False
2251,2026-09-23T22:19:26.095491,True,0.246,0.241,59.14,False
2252,2026-09-23T22:19:26.215138,True,0.230,0.218,54.56,False
2253,2026-09-23T22:19:26.339489,False,,,51.78,False
2254,2026-09-23T22:19:26.470467,False,,,46.56,False
2255,2026-09-23T22:19:26.606153,False,,,44.75,False
2256,2026-09-23T22:19:26.732540,False,,,46.22,False
2257,2026-09-23T22:19:26.869359,False,,,44.62,False
2258,2026-09-23T22:19:27.011561,False,,,47.10,False
2259,2026-09-23T22:19:27.149470,False,,,45.66,False
2260,2026-09-23T22:19:27.275461,False,,,47.08,False
2261,2026-09-23T22:19:27.397204,False,,,46.61,False
2262,2026-09-23T22:19:27.527411,False,,,52.23,False
2263,2026-09-23T22:19:27.647428,False,,,47.79,False
2264,2026-09-23T22:19:27.770265,False,,,47.03,False
2265,2026-09-23T22:19:27.891292,False,,,44.03,False
2266,2026-09-23T22:19:28.018029,False,,,44.32,False
2267,2026-09-23T22:19:28.141122,False,,,46.03,False
2268,2026-09-23T22:19:28.282259,False,,,47.92,False
2269,2026-09-23T22:19:28.419677,False,,,46.58,False
2270,2026-09-23T22:19:28.550602,False,,,54.88,False
2271,2026-09-23T22:19:28.685983,False,,,51.57,False
2272,2026-09-23T22:19:28.822321,False,,,47.22,False
2273,2026-09-23T22:19:28.946430,False,,,46.12,False
2274,2026-09-23T22:19:29.054252,False,,,44.76,False
2275,2026-09-23T22:19:29.182940,False,,,51.85,False
2276,2026-09-23T22:19:29.290406,False,,,49.25,False
2277,2026-09-23T22:19:29.428258,False,,,47.94,False
2278,2026-09-23T22:19:29.552327,False,,,47.65,False
2279,2026-09-23T22:19:29.674339,False,,,48.03,False
2280,2026-09-23T22:19:29.797273,False,,,46.77,False
2281,2026-09-23T22:19:29.905173,False,,,44.68,False
2282,2026-09-23T22:19:30.030301,False,,,47.79,False
2283,2026-09-23T22:19:30.153151,False,,,47.56,False
2284,2026-09-23T22:19:30.292437,False,,,49.30,False
2285,2026-09-23T22:19:30.413123,False,,,46.71,False
2286,2026-09-23T22:19:30.553705,False,,,45.57,False
2287,2026-09-23T22:19:30.696392,False,,,51.05,False
2288,2026-09-23T22:19:30.819739,False,,,53.16,False
2289,2026-09-23T22:19:30.953568,False,,,50.09,False
2290,2026-09-23T22:19:31.088852,False,,,46.56,False
2291,2026-09-23T22:19:31.244203,False,,,64.06,False
2292,2026-09-23T22:19:31.358670,False,,,37.92,False
2293,2026-09-23T22:19:31.490155,False,,,46.02,False
2294,2026-09-23T22:19:31.629331,False,,,48.04,False
2295,2026-09-23T22:19:31.766287,False,,,60.69,False
2296,2026-09-23T22:19:31.912093,False,,,65.21,False
2297,2026-09-23T22:19:32.035546,False,,,49.98,False
2298,2026-09-23T22:19:32.158450,False,,,49.14,False
2299,2026-09-23T22:19:32.284306,False,,,50.03,False
2300,2026-09-23T22:19:32.407559,False,,,47.43,False
2301,2026-09-23T22:19:32.521121,False,,,36.64,False
2302,2026-09-23T22:19:32.641296,False,,,48.06,False
2303,2026-09-23T22:19:32.758728,False,,,44.56,False
2304,2026-09-23T22:19:32.883473,False,,,44.30,False
2305,2026-09-23T22:19:32.995379,False,,,47.76,False
2306,2026-09-23T22:19:33.107507,False,,,51.03,False
2307,2026-09-23T22:19:33.221087,False,,,57.52,False
2308,2026-09-23T22:19:33.350586,False,,,47.49,False
2309,2026-09-23T22:19:33.474448,False,,,45.16,False
2310,2026-09-23T22:19:33.604192,True,0.184,0.205,67.51,False
2311,2026-09-23T22:19:33.722613,True,0.168,0.197,47.34,False
2312,2026-09-23T22:19:33.851409,True,0.199,0.205,47.83,False
2313,2026-09-23T22:19:33.976094,False,,,50.04,False
2314,2026-09-23T22:19:34.088143,False,,,56.94,False
2315,2026-09-23T22:19:34.247488,False,,,91.92,False
2316,2026-09-23T22:19:34.371522,False,,,48.11,False
2317,2026-09-23T22:19:34.465647,False,,,16.88,False
2318,2026-09-23T22:19:34.498193,False,,,19.03,False
2319,2026-09-23T22:19:34.531458,True,0.156,0.188,17.11,False
2320,2026-09-23T22:19:34.565499,False,,,17.02,False
2321,2026-09-23T22:19:34.597535,False,,,17.03,False
2322,2026-09-23T22:19:34.626282,False,,,16.53,False
2323,2026-09-23T22:19:34.659507,False,,,17.06,False
2324,2026-09-23T22:19:34.689578,False,,,17.04,False
2325,2026-09-23T22:19:34.719108,False,,,17.02,False
2326,2026-09-23T22:19:34.754273,False,,,17.02,False
2327,2026-09-23T22:19:34.783585,False,,,16.80,False
2328,2026-09-23T22:19:34.816109,False,,,17.02,False
2329,2026-09-23T22:19:34.845560,False,,,16.51,False
2330,2026-09-23T22:19:34.898456,False,,,17.32,False
2331,2026-09-23T22:19:34.938687,False,,,17.02,False
2332,2026-09-23T22:19:34.967215,False,,,17.02,False
2333,2026-09-23T22:19:34.996307,False,,,17.02,False
2334,2026-09-23T22:19:35.029185,False,,,17.02,False
2335,2026-09-23T22:19:35.060181,True,0.184,0.178,16.51,False
2336,2026-09-23T22:19:35.088675,True,0.184,0.178,16.51,False
2337,2026-09-23T22:19:35.120851,False,,,16.54,False
2338,2026-09-23T22:19:35.155879,False,,,16.51,False
2339,2026-09-23T22:19:35.185405,False,,,18.02,False
2340,2026-09-23T22:19:35.233346,False,,,16.35,False
2341,2026-09-23T22:19:35.303462,False,,,57.11,False
2342,2026-09-23T22:19:35.440556,False,,,45.10,False
2343,2026-09-23T22:19:35.585299,False,,,65.10,False
2344,2026-09-23T22:19:35.712553,False,,,56.89,False
2345,2026-09-23T22:19:35.838721,False,,,43.21,False
2346,2026-09-23T22:19:35.955421,False,,,35.55,False
2347,2026-09-23T22:19:36.069144,False,,,53.98,False
2348,2026-09-23T22:19:36.185793,False,,,48.35,False
2349,2026-09-23T22:19:36.283503,False,,,21.42,False
2350,2026-09-23T22:19:36.385668,False,,,28.52,False
2351,2026-09-23T22:19:36.413189,True,0.211,0.187,17.01,False
2352,2026-09-23T22:19:36.443714,False,,,16.51,False
2353,2026-09-23T22:19:36.475235,False,,,17.01,False
2354,2026-09-23T22:19:36.505101,False,,,17.52,False
2355,2026-09-23T22:19:36.536662,False,,,17.08,False
2356,2026-09-23T22:19:36.565687,False,,,16.52,False
2357,2026-09-23T22:19:36.597213,False,,,17.02,False
2358,2026-09-23T22:19:36.630202,False,,,16.53,False
2359,2026-09-23T22:19:36.662141,False,,,16.27,False
2360,2026-09-23T22:19:36.688655,False,,,16.51,False
2361,2026-09-23T22:19:36.722182,False,,,17.52,False
2362,2026-09-23T22:19:36.771263,False,,,17.02,False
2363,2026-09-23T22:19:36.813546,False,,,17.01,False
2364,2026-09-23T22:19:36.847157,False,,,17.01,False
2365,2026-09-23T22:19:36.888517,False,,,16.35,False
2366,2026-09-23T22:19:36.919631,False,,,17.08,False
2367,2026-09-23T22:19:36.952658,False,,,17.51,False
2368,2026-09-23T22:19:36.983183,False,,,17.01,False
2369,2026-09-23T22:19:37.020800,False,,,17.01,False
2370,2026-09-23T22:19:37.061298,False,,,17.51,False
2371,2026-09-23T22:19:37.090817,False,,,16.50,False
2372,2026-09-23T22:19:37.122206,False,,,16.52,False
2373,2026-09-23T22:19:37.154468,False,,,17.09,False
2374,2026-09-23T22:19:37.184490,False,,,17.02,False
2375,2026-09-23T22:19:37.215519,False,,,17.02,False
2376,2026-09-23T22:19:37.244571,False,,,17.02,False
2377,2026-09-23T22:19:37.279098,False,,,16.52,False
2378,2026-09-23T22:19:37.305629,False,,,17.02,False
2379,2026-09-23T22:19:37.338384,False,,,17.25,False
2380,2026-09-23T22:19:37.369111,False,,,16.69,False
2381,2026-09-23T22:19:37.399134,False,,,17.02,False
2382,2026-09-23T22:19:37.428650,False,,,16.51,False
2383,2026-09-23T22:19:37.459683,False,,,17.02,False
2384,2026-09-23T22:19:37.491406,False,,,17.00,False
2385,2026-09-23T22:19:37.522534,False,,,17.03,False
2386,2026-09-23T22:19:37.554670,False,,,17.01,False
2387,2026-09-23T22:19:37.585185,False,,,17.01,False
2388,2026-09-23T22:19:37.618235,False,,,16.55,False
2389,2026-09-23T22:19:37.647762,False,,,17.02,False
2390,2026-09-23T22:19:37.677865,False,,,18.02,False
