frame_number,timestamp,detected,raw_score,avg_score,latency_ms,resized
1,2026-09-23T22:26:55.441680,False,,,19.01,False
2,2026-09-23T22:26:55.509522,False,,,18.02,False
3,2026-09-23T22:26:55.551629,False,,,18.01,False
4,2026-09-23T22:26:55.581209,False,,,17.51,False
5,2026-09-23T22:26:55.611755,False,,,18.01,False
6,2026-09-23T22:26:55.642319,False,,,18.01,False
7,2026-09-23T22:26:55.673528,False,,,18.02,False
8,2026-09-23T22:26:55.703650,False,,,18.01,False
9,2026-09-23T22:26:55.733697,False,,,17.01,False
10,2026-09-23T22:26:55.764652,False,,,17.95,False
11,2026-09-23T22:26:55.793669,False,,,17.51,False
12,2026-09-23T22:26:55.828444,False,,,17.53,False
13,2026-09-23T22:26:55.868969,False,,,17.51,False
14,2026-09-23T22:26:55.908229,False,,,17.73,False
15,2026-09-23T22:26:55.948765,False,,,19.02,False
16,2026-09-23T22:26:55.977785,False,,,17.01,False
17,2026-09-23T22:26:56.009311,False,,,18.02,False
18,2026-09-23T22:26:56.038650,False,,,17.13,False
19,2026-09-23T22:26:56.069671,False,,,17.01,False
20,2026-09-23T22:26:56.099748,False,,,17.07,False
21,2026-09-23T22:26:56.129314,False,,,17.56,False
22,2026-09-23T22:26:56.163474,False,,,17.15,False
23,2026-09-23T22:26:56.205634,False,,,18.02,False
24,2026-09-23T22:26:56.244682,False,,,18.01,False
25,2026-09-23T22:26:56.280706,False,,,18.01,False
26,2026-09-23T22:26:56.309784,False,,,17.04,False
27,2026-09-23T22:26:56.341000,False,,,17.51,False
28,2026-09-23T22:26:56.370579,False,,,17.01,False
29,2026-09-23T22:26:56.401701,False,,,18.01,False
30,2026-09-23T22:26:56.436698,False,,,17.96,False
31,2026-09-23T22:26:56.475756,False,,,18.02,False
32,2026-09-23T22:26:56.505319,False,,,17.53,False
33,2026-09-23T22:26:56.536731,False,,,17.01,False
34,2026-09-23T22:26:56.568756,False,,,18.02,False
35,2026-09-23T22:26:56.597989,False,,,18.01,False
36,2026-09-23T22:26:56.643656,False,,,17.01,False
37,2026-09-23T22:26:56.674680,False,,,18.01,False
38,2026-09-23T22:26:56.707698,False,,,17.01,False
39,2026-09-23T22:26:56.750727,False,,,18.01,False
40,2026-09-23T22:26:56.780773,False,,,18.01,False
41,2026-09-23T22:26:56.809824,False,,,17.54,False
42,2026-09-23T22:26:56.840900,False,,,17.51,False
43,2026-09-23T22:26:56.870940,False,,,17.44,False
44,2026-09-23T22:26:56.903393,False,,,17.67,False
45,2026-09-23T22:26:56.932506,False,,,17.50,False
46,2026-09-23T22:26:56.979607,False,,,17.09,False
47,2026-09-23T22:26:57.009626,False,,,18.01,False
48,2026-09-23T22:26:57.044661,True,0.387,0.387,18.02,False
49,2026-09-23T22:26:57.085769,True,0.387,0.387,18.02,False
50,2026-09-23T22:26:57.115309,True,0.430,0.401,18.02,False
51,2026-09-23T22:26:57.144553,True,0.430,0.408,17.19,False
52,2026-09-23T22:26:57.175005,False,,,17.36,False
53,2026-09-23T22:26:57.206576,False,,,18.06,False
54,2026-09-23T22:26:57.237650,False,,,18.07,False
55,2026-09-23T22:26:57.267762,False,,,18.11,False
56,2026-09-23T22:26:57.299804,False,,,17.53,False
57,2026-09-23T22:26:57.329366,False,,,18.05,False
58,2026-09-23T22:26:57.380647,False,,,18.11,False
59,2026-09-23T22:26:57.420189,False,,,17.51,False
60,2026-09-23T22:26:57.450710,False,,,17.01,False
61,2026-09-23T22:26:57.480729,False,,,18.01,False
62,2026-09-23T22:26:57.509528,False,,,17.27,False
63,2026-09-23T22:26:57.541128,False,,,17.51,False
64,2026-09-23T22:26:57.572652,True,0.430,0.412,18.01,False
65,2026-09-23T22:26:57.602677,True,0.430,0.421,18.01,False
66,2026-09-23T22:26:57.636706,True,0.406,0.425,18.02,False
67,2026-09-23T22:26:57.677785,True,0.406,0.420,18.02,False
68,2026-09-23T22:26:57.708314,False,,,18.02,False
69,2026-09-23T22:26:57.739650,False,,,18.19,False
70,2026-09-23T22:26:57.780680,True,0.363,0.407,18.02,False
71,2026-09-23T22:26:57.814717,True,0.363,0.394,18.52,False
72,2026-09-23T22:26:57.844738,True,0.363,0.380,18.02,False
73,2026-09-23T22:26:57.874772,True,0.387,0.377,18.02,False
74,2026-09-23T22:26:57.908833,False,,,18.05,False
75,2026-09-23T22:26:57.949855,False,,,17.51,False
76,2026-09-23T22:26:57.980561,False,,,18.20,False
77,2026-09-23T22:26:58.010285,False,,,17.67,False
78,2026-09-23T22:26:58.041130,True,0.430,0.381,17.50,False
79,2026-09-23T22:26:58.073662,True,0.430,0.395,20.01,False
80,2026-09-23T22:26:58.116211,True,0.453,0.412,17.51,False
81,2026-09-23T22:26:58.146786,True,0.453,0.430,18.07,False
82,2026-09-23T22:26:58.180308,True,0.387,0.430,17.02,False
83,2026-09-23T22:26:58.211321,True,0.387,0.422,17.51,False
84,2026-09-23T22:26:58.239224,True,0.387,0.413,17.52,False
85,2026-09-23T22:26:58.269769,True,0.406,0.404,18.04,False
86,2026-09-23T22:26:58.308362,True,0.500,0.413,18.07,False
87,2026-09-23T22:26:58.345569,True,0.500,0.436,18.01,False
88,2026-09-23T22:26:58.377592,True,0.453,0.449,18.02,False
89,2026-09-23T22:26:58.406626,True,0.453,0.463,17.53,False
90,2026-09-23T22:26:58.437822,True,0.430,0.467,18.07,False
91,2026-09-23T22:26:58.469350,True,0.430,0.453,18.02,False
92,2026-09-23T22:26:58.515776,True,0.406,0.434,17.51,False
93,2026-09-23T22:26:58.545400,True,0.406,0.425,17.62,False
94,2026-09-23T22:26:58.580745,True,0.453,0.425,18.21,False
95,2026-09-23T22:26:58.621314,True,0.453,0.430,18.00,False
96,2026-09-23T22:26:58.653671,True,0.453,0.434,18.01,False
97,2026-09-23T22:26:58.683747,True,0.500,0.453,18.07,False
98,2026-09-23T22:26:58.713733,True,0.453,0.463,17.46,False
98,2026-09-23T22:26:58.713733,True,0.406,0.453,17.46,False
99,2026-09-23T22:26:58.744445,True,0.453,0.453,17.70,False
99,2026-09-23T22:26:58.744445,True,0.406,0.444,17.70,False
100,2026-09-23T22:26:58.775512,True,0.477,0.439,18.02,False
100,2026-09-23T22:26:58.775512,True,0.406,0.430,18.02,False
101,2026-09-23T22:26:58.807543,True,0.477,0.444,18.52,False
101,2026-09-23T22:26:58.807543,True,0.406,0.434,18.52,False
102,2026-09-23T22:26:58.854781,True,0.406,0.434,17.09,False
102,2026-09-23T22:26:58.854781,True,0.363,0.412,17.09,False
103,2026-09-23T22:26:58.896504,True,0.406,0.412,17.05,False
103,2026-09-23T22:26:58.896504,True,0.363,0.389,17.05,False
104,2026-09-23T22:26:58.926646,True,0.387,0.385,18.16,False
105,2026-09-23T22:26:58.959712,True,0.387,0.381,18.06,False
106,2026-09-23T22:26:58.991544,True,0.387,0.386,17.51,False
107,2026-09-23T22:26:59.018746,True,0.453,0.395,17.03,False
108,2026-09-23T22:26:59.050534,True,0.453,0.413,16.78,False
109,2026-09-23T22:26:59.081600,True,0.387,0.413,18.01,False
110,2026-09-23T22:26:59.110644,True,0.387,0.413,17.01,False
111,2026-09-23T22:26:59.142689,True,0.387,0.413,17.03,False
112,2026-09-23T22:26:59.174745,True,0.406,0.404,17.02,False
113,2026-09-23T22:26:59.201290,True,0.406,0.395,17.51,False
114,2026-09-23T22:26:59.251423,True,0.453,0.408,17.51,False
115,2026-09-23T22:26:59.280566,True,0.453,0.421,18.08,False
116,2026-09-23T22:26:59.315056,True,0.453,0.434,17.02,False
117,2026-09-23T22:26:59.355292,True,0.453,0.444,17.52,False
118,2026-09-23T22:26:59.386350,True,0.453,0.453,17.02,False
119,2026-09-23T22:26:59.416764,True,0.387,0.440,17.57,False
120,2026-09-23T22:26:59.448291,True,0.387,0.427,17.52,False
121,2026-09-23T22:26:59.478485,True,0.453,0.427,17.69,False
122,2026-09-23T22:26:59.508584,True,0.387,0.413,17.06,False
123,2026-09-23T22:26:59.539632,True,0.387,0.400,17.02,False
124,2026-09-23T22:26:59.587782,True,0.453,0.413,17.04,False
125,2026-09-23T22:26:59.629749,True,0.453,0.427,17.45,False
126,2026-09-23T22:26:59.660815,True,0.387,0.413,16.50,False
127,2026-09-23T22:26:59.690763,True,0.387,0.413,17.34,False
128,2026-09-23T22:26:59.722729,True,0.387,0.413,17.00,False
129,2026-09-23T22:26:59.754299,True,0.363,0.395,16.55,False
129,2026-09-23T22:26:59.754299,True,0.363,0.377,16.55,False
130,2026-09-23T22:26:59.784554,True,0.363,0.373,17.16,False
130,2026-09-23T22:26:59.784554,True,0.363,0.368,17.16,False
131,2026-09-23T22:26:59.816580,True,0.387,0.368,17.51,False
131,2026-09-23T22:26:59.816580,True,0.387,0.373,17.51,False
132,2026-09-23T22:26:59.845685,True,0.387,0.377,17.10,False
132,2026-09-23T22:26:59.845685,True,0.387,0.382,17.10,False
133,2026-09-23T22:26:59.875067,True,0.363,0.382,17.33,False
134,2026-09-23T22:26:59.907753,True,0.500,0.405,17.18,False
135,2026-09-23T22:26:59.936783,True,0.500,0.427,18.02,False
136,2026-09-23T22:26:59.986897,True,0.500,0.450,16.60,False
137,2026-09-23T22:27:00.016922,True,0.500,0.473,18.01,False
138,2026-09-23T22:27:00.050784,True,0.477,0.495,17.03,False
139,2026-09-23T22:27:00.092627,True,0.477,0.491,17.02,False
140,2026-09-23T22:27:00.123692,True,0.477,0.486,17.05,False
141,2026-09-23T22:27:00.153711,False,,,17.01,False
142,2026-09-23T22:27:00.183749,False,,,17.02,False
143,2026-09-23T22:27:00.214787,False,,,17.52,False
144,2026-09-23T22:27:00.245309,False,,,17.02,False
145,2026-09-23T22:27:00.275786,True,0.363,0.459,17.25,False
146,2026-09-23T22:27:00.323644,True,0.453,0.449,17.01,False
147,2026-09-23T22:27:00.364924,True,0.453,0.445,17.21,False
148,2026-09-23T22:27:00.395443,True,0.406,0.430,17.01,False
149,2026-09-23T22:27:00.427248,True,0.406,0.416,17.57,False
150,2026-09-23T22:27:00.459783,True,0.406,0.425,17.52,False
151,2026-09-23T22:27:00.485467,True,0.430,0.420,17.25,False
152,2026-09-23T22:27:00.519667,True,0.430,0.416,17.01,False
153,2026-09-23T22:27:00.550704,True,0.363,0.407,17.01,False
154,2026-09-23T22:27:00.580726,True,0.363,0.398,18.01,False
155,2026-09-23T22:27:00.611561,True,0.406,0.398,17.12,False
156,2026-09-23T22:27:00.642591,True,0.406,0.394,17.01,False
157,2026-09-23T22:27:00.672629,True,0.406,0.389,19.02,False
158,2026-09-23T22:27:00.723694,True,0.430,0.402,17.02,False
159,2026-09-23T22:27:00.761749,True,0.430,0.416,18.04,False
160,2026-09-23T22:27:00.793783,True,0.387,0.412,18.01,False
161,2026-09-23T22:27:00.836078,True,0.387,0.408,17.60,False
162,2026-09-23T22:27:00.875616,True,0.387,0.404,17.02,False
163,2026-09-23T22:27:00.913746,True,0.453,0.409,17.62,False
164,2026-09-23T22:27:00.942769,True,0.453,0.413,17.01,False
165,2026-09-23T22:27:00.973301,True,0.477,0.431,17.52,False
166,2026-09-23T22:27:00.999822,True,0.477,0.449,17.02,False
167,2026-09-23T22:27:01.035632,True,0.523,0.477,18.03,False
168,2026-09-23T22:27:01.064668,True,0.523,0.491,17.02,False
169,2026-09-23T22:27:01.094707,True,0.500,0.500,17.02,False
170,2026-09-23T22:27:01.126734,True,0.387,0.482,18.02,False
171,2026-09-23T22:27:01.155783,True,0.387,0.464,18.02,False
172,2026-09-23T22:27:01.188018,True,0.387,0.437,16.73,False
173,2026-09-23T22:27:01.215800,False,,,17.07,False
174,2026-09-23T22:27:01.245321,False,,,17.02,False
175,2026-09-23T22:27:01.276471,False,,,17.01,False
176,2026-09-23T22:27:01.306815,False,,,17.08,False
177,2026-09-23T22:27:01.338562,False,,,17.24,False
178,2026-09-23T22:27:01.366631,False,,,17.07,False
179,2026-09-23T22:27:01.400162,False,,,17.52,False
180,2026-09-23T22:27:01.430710,False,,,17.04,False
181,2026-09-23T22:27:01.460270,False,,,17.56,False
182,2026-09-23T22:27:01.527757,False,,,19.56,False
183,2026-09-23T22:27:01.568406,False,,,17.02,False
184,2026-09-23T22:27:01.598861,False,,,17.28,False
185,2026-09-23T22:27:01.627636,False,,,17.27,False
186,2026-09-23T22:27:01.660722,False,,,17.05,False
187,2026-09-23T22:27:01.690772,False,,,17.51,False
188,2026-09-23T22:27:01.719838,False,,,17.51,False
189,2026-09-23T22:27:01.753350,False,,,17.00,False
190,2026-09-23T22:27:01.782983,False,,,17.62,False
191,2026-09-23T22:27:01.816018,False,,,18.02,False
192,2026-09-23T22:27:01.846358,False,,,17.83,False
193,2026-09-23T22:27:01.878352,False,,,16.99,False
194,2026-09-23T22:27:01.908841,False,,,17.36,False
195,2026-09-23T22:27:01.941354,False,,,17.51,False
196,2026-09-23T22:27:01.970665,False,,,17.01,False
197,2026-09-23T22:27:02.001724,False,,,18.02,False
198,2026-09-23T22:27:02.031745,False,,,18.07,False
199,2026-09-23T22:27:02.060790,False,,,17.01,False
200,2026-09-23T22:27:02.091314,False,,,17.51,False
201,2026-09-23T22:27:02.123541,False,,,18.01,False
202,2026-09-23T22:27:02.154566,False,,,17.02,False
203,2026-09-23T22:27:02.195842,False,,,17.99,False
204,2026-09-23T22:27:02.231420,False,,,18.06,False
205,2026-09-23T22:27:02.260539,False,,,17.01,False
206,2026-09-23T22:27:02.289567,False,,,18.02,False
207,2026-09-23T22:27:02.323686,False,,,17.10,False
208,2026-09-23T22:27:02.351019,False,,,17.30,False
209,2026-09-23T22:27:02.388554,False,,,18.02,False
210,2026-09-23T22:27:02.426584,False,,,17.02,False
211,2026-09-23T22:27:02.457583,False,,,17.52,False
212,2026-09-23T22:27:02.488346,False,,,17.76,False
213,2026-09-23T22:27:02.518972,False,,,17.54,False
214,2026-09-23T22:27:02.550575,False,,,17.03,False
215,2026-09-23T22:27:02.594716,False,,,17.01,False
216,2026-09-23T22:27:02.624752,False,,,17.01,False
217,2026-09-23T22:27:02.659777,False,,,17.01,False
218,2026-09-23T22:27:02.704825,False,,,20.51,False
219,2026-09-23T22:27:02.747725,False,,,18.02,False
220,2026-09-23T22:27:02.779790,False,,,17.52,False
221,2026-09-23T22:27:02.810386,False,,,18.09,False
222,2026-09-23T22:27:02.839671,False,,,17.25,False
223,2026-09-23T22:27:02.873749,False,,,18.01,False
224,2026-09-23T22:27:02.903263,False,,,17.50,False
225,2026-09-23T22:27:02.930552,False,,,17.29,False
226,2026-09-23T22:27:02.962322,False,,,16.63,False
227,2026-09-23T22:27:02.994854,False,,,17.02,False
228,2026-09-23T22:27:03.025357,False,,,18.99,False
229,2026-09-23T22:27:03.063394,False,,,21.02,False
230,2026-09-23T22:27:03.100915,False,,,16.51,False
231,2026-09-23T22:27:03.132465,False,,,17.01,False
232,2026-09-23T22:27:03.162719,False,,,17.22,False
233,2026-09-23T22:27:03.192782,False,,,17.02,False
234,2026-09-23T22:27:03.223861,False,,,17.57,False
235,2026-09-23T22:27:03.253518,False,,,17.15,False
236,2026-09-23T22:27:03.284566,False,,,17.02,False
237,2026-09-23T22:27:03.332309,False,,,17.59,False
238,2026-09-23T22:27:03.360386,False,,,17.03,False
239,2026-09-23T22:27:03.394759,False,,,17.02,False
240,2026-09-23T22:27:03.437304,False,,,17.53,False
241,2026-09-23T22:27:03.468935,False,,,17.61,False
242,2026-09-23T22:27:03.499574,False,,,17.13,False
243,2026-09-23T22:27:03.529652,False,,,17.07,False
244,2026-09-23T22:27:03.559788,False,,,17.52,False
245,2026-09-23T22:27:03.590882,False,,,17.51,False
246,2026-09-23T22:27:03.621384,False,,,17.51,False
247,2026-09-23T22:27:03.668687,False,,,18.06,False
248,2026-09-23T22:27:03.698773,False,,,18.05,False
249,2026-09-23T22:27:03.731485,False,,,17.20,False
250,2026-09-23T22:27:03.758750,False,,,17.04,False
251,2026-09-23T22:27:03.795805,False,,,18.02,False
252,2026-09-23T22:27:03.836956,False,,,19.56,False
253,2026-09-23T22:27:03.867470,False,,,18.01,False
254,2026-09-23T22:27:03.894793,False,,,17.07,False
255,2026-09-23T22:27:03.924386,False,,,17.52,False
256,2026-09-23T22:27:03.954477,False,,,17.02,False
257,2026-09-23T22:27:03.987738,False,,,17.06,False
258,2026-09-23T22:27:04.017784,False,,,17.04,False
259,2026-09-23T22:27:04.067949,False,,,17.65,False
260,2026-09-23T22:27:04.094542,False,,,16.57,False
261,2026-09-23T22:27:04.132600,False,,,17.05,False
262,2026-09-23T22:27:04.170685,False,,,17.05,False
263,2026-09-23T22:27:04.201706,False,,,17.01,False
264,2026-09-23T22:27:04.231228,False,,,16.51,False
265,2026-09-23T22:27:04.261297,False,,,17.50,False
266,2026-09-23T22:27:04.293597,False,,,20.03,False
267,2026-09-23T22:27:04.328501,False,,,16.89,False
268,2026-09-23T22:27:04.368606,False,,,17.09,False
269,2026-09-23T22:27:04.403690,False,,,17.04,False
270,2026-09-23T22:27:04.442962,False,,,17.13,False
271,2026-09-23T22:27:04.473482,False,,,17.01,False
272,2026-09-23T22:27:04.505727,False,,,17.36,False
273,2026-09-23T22:27:04.535790,False,,,17.02,False
274,2026-09-23T22:27:04.565310,False,,,17.01,False
275,2026-09-23T22:27:04.595826,False,,,18.03,False
276,2026-09-23T22:27:04.623849,False,,,17.51,False
277,2026-09-23T22:27:04.658626,False,,,17.02,False
278,2026-09-23T22:27:04.689686,False,,,17.05,False
279,2026-09-23T22:27:04.722747,False,,,17.01,False
280,2026-09-23T22:27:04.765789,False,,,18.02,False
281,2026-09-23T22:27:04.802311,False,,,16.51,False
282,2026-09-23T22:27:04.840782,False,,,17.03,False
283,2026-09-23T22:27:04.871746,False,,,17.45,False
284,2026-09-23T22:27:04.903437,False,,,17.56,False
285,2026-09-23T22:27:04.933568,False,,,17.01,False
286,2026-09-23T22:27:04.964651,False,,,17.02,False
287,2026-09-23T22:27:04.997741,False,,,19.08,False
288,2026-09-23T22:27:05.038811,False,,,16.51,False
289,2026-09-23T22:27:05.070510,False,,,17.08,False
290,2026-09-23T22:27:05.100730,False,,,17.01,False
291,2026-09-23T22:27:05.140320,False,,,17.55,False
292,2026-09-23T22:27:05.178370,False,,,17.02,False
293,2026-09-23T22:27:05.209555,False,,,17.15,False
294,2026-09-23T22:27:05.239646,False,,,17.02,False
295,2026-09-23T22:27:05.269739,False,,,17.07,False
296,2026-09-23T22:27:05.299765,False,,,17.01,False
297,2026-09-23T22:27:05.331639,False,,,17.29,False
298,2026-09-23T22:27:05.360732,False,,,17.06,False
299,2026-09-23T22:27:05.394823,False,,,17.01,False
300,2026-09-23T22:27:05.437366,False,,,18.02,False
301,2026-09-23T22:27:05.463896,False,,,17.51,False
302,2026-09-23T22:27:05.513436,False,,,33.03,False
303,2026-09-23T22:27:05.650591,False,,,68.76,False
304,2026-09-23T22:27:05.762386,False,,,44.73,False
305,2026-09-23T22:27:05.911123,False,,,71.50,False
306,2026-09-23T22:27:06.026738,False,,,51.10,False
307,2026-09-23T22:27:06.150678,False,,,52.72,False
308,2026-09-23T22:27:06.276065,False,,,57.25,False
309,2026-09-23T22:27:06.402450,False,,,58.64,False
310,2026-09-23T22:27:06.543790,False,,,48.23,False
311,2026-09-23T22:27:06.573314,False,,,17.01,False
312,2026-09-23T22:27:06.601761,False,,,17.01,False
313,2026-09-23T22:27:06.640771,False,,,17.01,False
314,2026-09-23T22:27:06.676323,False,,,17.01,False
315,2026-09-23T22:27:06.719392,False,,,17.77,False
316,2026-09-23T22:27:06.749006,False,,,16.53,False
317,2026-09-23T22:27:06.802950,False,,,16.58,False
318,2026-09-23T22:27:06.843683,False,,,17.01,False
319,2026-09-23T22:27:06.886724,False,,,17.02,False
320,2026-09-23T22:27:06.916537,False,,,17.28,False
321,2026-09-23T22:27:06.945997,False,,,17.02,False
322,2026-09-23T22:27:06.978514,False,,,17.01,False
323,2026-09-23T22:27:07.012555,False,,,18.02,False
324,2026-09-23T22:27:07.040317,False,,,17.76,False
325,2026-09-23T22:27:07.076343,False,,,18.01,False
326,2026-09-23T22:27:07.120339,False,,,16.84,False
327,2026-09-23T22:27:07.153498,False,,,17.02,False
328,2026-09-23T22:27:07.231627,False,,,45.42,False
329,2026-09-23T22:27:07.355633,False,,,46.82,False
330,2026-09-23T22:27:07.496649,False,,,53.04,False
331,2026-09-23T22:27:07.618625,False,,,52.29,False
332,2026-09-23T22:27:07.760562,False,,,58.27,False
333,2026-09-23T22:27:07.897407,False,,,57.70,False
334,2026-09-23T22:27:08.021757,False,,,45.04,False
335,2026-09-23T22:27:08.144601,False,,,45.82,False
336,2026-09-23T22:27:08.282291,False,,,45.90,False
337,2026-09-23T22:27:08.408514,False,,,63.86,False
338,2026-09-23T22:27:08.529023,False,,,47.64,False
339,2026-09-23T22:27:08.657834,False,,,51.08,False
340,2026-09-23T22:27:08.745606,False,,,18.22,False
341,2026-09-23T22:27:08.775211,False,,,16.54,False
342,2026-09-23T22:27:08.810886,False,,,17.13,False
343,2026-09-23T22:27:08.883891,False,,,17.57,False
344,2026-09-23T22:27:08.920574,False,,,17.15,False
345,2026-09-23T22:27:08.957652,False,,,17.01,False
346,2026-09-23T22:27:08.994871,False,,,17.02,False
347,2026-09-23T22:27:09.029512,False,,,17.13,False
348,2026-09-23T22:27:09.057362,False,,,17.78,False
349,2026-09-23T22:27:09.093397,False,,,17.02,False
350,2026-09-23T22:27:09.120444,False,,,17.01,False
351,2026-09-23T22:27:09.152596,False,,,17.04,False
352,2026-09-23T22:27:09.181663,False,,,18.03,False
353,2026-09-23T22:27:09.219678,False,,,17.21,False
354,2026-09-23T22:27:09.257759,False,,,17.07,False
355,2026-09-23T22:27:09.288419,False,,,17.54,False
356,2026-09-23T22:27:09.316770,False,,,17.05,False
357,2026-09-23T22:27:09.349798,False,,,16.01,False
358,2026-09-23T22:27:09.379433,False,,,17.13,False
359,2026-09-23T22:27:09.410982,False,,,16.54,False
360,2026-09-23T22:27:09.442760,False,,,17.18,False
361,2026-09-23T22:27:09.475813,False,,,17.52,False
362,2026-09-23T22:27:09.503334,False,,,17.01,False
363,2026-09-23T22:27:09.539362,False,,,16.51,False
364,2026-09-23T22:27:09.579703,False,,,17.18,False
365,2026-09-23T22:27:09.621736,False,,,19.01,False
366,2026-09-23T22:27:09.653900,False,,,16.65,False
367,2026-09-23T22:27:09.685577,False,,,17.16,False
368,2026-09-23T22:27:09.714700,False,,,17.07,False
369,2026-09-23T22:27:09.746729,False,,,17.52,False
370,2026-09-23T22:27:09.774297,False,,,16.56,False
371,2026-09-23T22:27:09.809324,False,,,17.01,False
372,2026-09-23T22:27:09.836699,False,,,17.06,False
373,2026-09-23T22:27:09.875307,False,,,17.57,False
374,2026-09-23T22:27:09.914681,False,,,17.33,False
375,2026-09-23T22:27:09.954851,True,0.363,0.405,17.02,False
376,2026-09-23T22:27:09.990974,True,0.363,0.377,17.46,False
377,2026-09-23T22:27:10.020532,False,,,17.01,False
378,2026-09-23T22:27:10.052430,False,,,16.80,False
379,2026-09-23T22:27:10.082952,False,,,17.51,False
380,2026-09-23T22:27:10.113690,False,,,17.23,False
381,2026-09-23T22:27:10.143715,False,,,17.01,False
382,2026-09-23T22:27:10.173735,False,,,17.01,False
383,2026-09-23T22:27:10.204297,False,,,17.56,False
384,2026-09-23T22:27:10.234643,False,,,17.01,False
385,2026-09-23T22:27:10.275115,False,,,17.38,False
386,2026-09-23T22:27:10.310143,False,,,17.52,False
387,2026-09-23T22:27:10.355406,False,,,17.01,False
388,2026-09-23T22:27:10.386004,False,,,16.56,False
389,2026-09-23T22:27:10.419570,False,,,17.06,False
390,2026-09-23T22:27:10.451772,False,,,17.09,False
391,2026-09-23T22:27:10.479290,False,,,16.51,False
392,2026-09-23T22:27:10.510108,False,,,16.61,False
393,2026-09-23T22:27:10.539628,False,,,17.01,False
394,2026-09-23T22:27:10.570742,False,,,17.03,False
395,2026-09-23T22:27:10.600283,False,,,17.53,False
396,2026-09-23T22:27:10.631741,False,,,17.24,False
397,2026-09-23T22:27:10.690882,False,,,17.50,False
398,2026-09-23T22:27:10.723770,False,,,17.37,False
399,2026-09-23T22:27:10.757411,False,,,19.61,False
400,2026-09-23T22:27:10.788573,False,,,17.14,False
401,2026-09-23T22:27:10.829762,False,,,17.04,False
402,2026-09-23T22:27:10.860799,False,,,16.51,False
403,2026-09-23T22:27:10.890512,False,,,17.17,False
404,2026-09-23T22:27:10.922375,False,,,16.75,False
405,2026-09-23T22:27:10.952583,False,,,17.01,False
406,2026-09-23T22:27:10.981609,False,,,16.51,False
407,2026-09-23T22:27:11.012750,False,,,17.13,False
408,2026-09-23T22:27:11.044799,False,,,17.01,False
409,2026-09-23T22:27:11.091180,False,,,17.51,False
410,2026-09-23T22:27:11.119741,False,,,17.06,False
411,2026-09-23T22:27:11.155788,False,,,17.02,False
412,2026-09-23T22:27:11.194607,False,,,17.12,False
413,2026-09-23T22:27:11.224838,False,,,17.21,False
414,2026-09-23T22:27:11.255354,False,,,17.01,False
415,2026-09-23T22:27:11.286917,False,,,17.55,False
416,2026-09-23T22:27:11.317959,False,,,16.54,False
417,2026-09-23T22:27:11.349573,False,,,17.10,False
418,2026-09-23T22:27:11.379752,False,,,17.15,False
419,2026-09-23T22:27:11.411312,False,,,17.51,False
420,2026-09-23T22:27:11.440362,False,,,17.51,False
421,2026-09-23T22:27:11.491306,False,,,17.51,False
422,2026-09-23T22:27:11.518948,False,,,17.53,False
423,2026-09-23T22:27:11.552593,False,,,17.06,False
424,2026-09-23T22:27:11.595642,False,,,17.53,False
425,2026-09-23T22:27:11.624869,False,,,17.22,False
426,2026-09-23T22:27:11.652949,False,,,16.57,False
427,2026-09-23T22:27:11.686079,False,,,17.62,False
428,2026-09-23T22:27:11.715655,False,,,17.07,False
429,2026-09-23T22:27:11.746935,False,,,17.01,False
430,2026-09-23T22:27:11.777455,False,,,17.02,False
431,2026-09-23T22:27:11.809561,False,,,17.05,False
432,2026-09-23T22:27:11.839615,False,,,17.04,False
433,2026-09-23T22:27:11.890733,False,,,17.01,False
434,2026-09-23T22:27:11.928321,False,,,17.95,False
435,2026-09-23T22:27:11.960951,False,,,17.51,False
436,2026-09-23T22:27:11.990753,False,,,17.01,False
437,2026-09-23T22:27:12.022323,False,,,16.06,False
438,2026-09-23T22:27:12.052341,False,,,17.51,False
439,2026-09-23T22:27:12.085873,False,,,19.02,False
440,2026-09-23T22:27:12.115396,False,,,17.01,False
441,2026-09-23T22:27:12.146634,False,,,17.01,False
442,2026-09-23T22:27:12.178804,False,,,17.01,False
443,2026-09-23T22:27:12.208963,False,,,17.65,False
444,2026-09-23T22:27:12.239482,False,,,17.01,False
445,2026-09-23T22:27:12.270999,False,,,16.51,False
446,2026-09-23T22:27:12.302594,True,0.387,0.377,17.01,False
447,2026-09-23T22:27:12.330846,True,0.387,0.377,17.21,False
448,2026-09-23T22:27:12.362507,False,,,17.12,False
449,2026-09-23T22:27:12.395614,False,,,17.52,False
450,2026-09-23T22:27:12.423633,True,0.363,0.373,17.01,False
451,2026-09-23T22:27:12.454115,True,0.363,0.373,17.47,False
452,2026-09-23T22:27:12.483640,False,,,17.01,False
453,2026-09-23T22:27:12.512727,False,,,17.06,False
454,2026-09-23T22:27:12.565548,True,0.363,0.373,16.76,False
455,2026-09-23T22:27:12.605629,True,0.363,0.368,18.01,False
456,2026-09-23T22:27:12.636757,True,0.387,0.368,17.07,False
457,2026-09-23T22:27:12.667326,True,0.387,0.373,17.56,False
458,2026-09-23T22:27:12.696935,False,,,17.53,False
459,2026-09-23T22:27:12.727973,False,,,17.53,False
460,2026-09-23T22:27:12.760019,False,,,17.54,False
461,2026-09-23T22:27:12.789445,False,,,16.92,False
462,2026-09-23T22:27:12.821598,False,,,17.14,False
463,2026-09-23T22:27:12.853713,False,,,17.06,False
464,2026-09-23T22:27:12.883731,False,,,17.01,False
465,2026-09-23T22:27:12.911374,False,,,17.56,False
466,2026-09-23T22:27:12.963435,False,,,17.01,False
467,2026-09-23T22:27:13.006602,False,,,17.02,False
468,2026-09-23T22:27:13.035630,False,,,17.02,False
469,2026-09-23T22:27:13.067692,False,,,17.06,False
470,2026-09-23T22:27:13.095233,False,,,17.04,False
471,2026-09-23T22:27:13.125757,False,,,17.02,False
472,2026-09-23T22:27:13.156397,False,,,16.61,False
473,2026-09-23T22:27:13.188750,False,,,17.02,False
474,2026-09-23T22:27:13.219773,False,,,17.02,False
475,2026-09-23T22:27:13.249300,False,,,18.02,False
476,2026-09-23T22:27:13.299545,False,,,17.23,False
477,2026-09-23T22:27:13.340372,False,,,16.80,False
478,2026-09-23T22:27:13.370999,False,,,16.50,False
479,2026-09-23T22:27:13.400640,False,,,17.06,False
480,2026-09-23T22:27:13.430820,True,0.387,0.377,16.17,False
481,2026-09-23T22:27:13.462581,True,0.387,0.382,17.15,False
482,2026-09-23T22:27:13.497254,False,,,17.52,False
483,2026-09-23T22:27:13.539803,False,,,17.04,False
484,2026-09-23T22:27:13.569833,False,,,16.51,False
485,2026-09-23T22:27:13.601037,False,,,17.51,False
486,2026-09-23T22:27:13.630682,False,,,17.05,False
487,2026-09-23T22:27:13.661702,False,,,17.01,False
488,2026-09-23T22:27:13.700739,False,,,18.00,False
489,2026-09-23T22:27:13.738443,False,,,16.69,False
490,2026-09-23T22:27:13.770620,False,,,17.01,False
491,2026-09-23T22:27:13.799250,False,,,17.52,False
492,2026-09-23T22:27:13.829270,False,,,16.51,False
493,2026-09-23T22:27:13.858788,False,,,17.01,False
494,2026-09-23T22:27:13.890368,False,,,17.02,False
495,2026-09-23T22:27:13.921609,False,,,17.14,False
496,2026-09-23T22:27:13.955640,True,0.570,0.423,17.01,False
497,2026-09-23T22:27:13.997233,True,0.570,0.460,17.53,False
498,2026-09-23T22:27:14.035757,True,0.500,0.483,17.01,False
499,2026-09-23T22:27:14.072798,True,0.500,0.505,17.01,False
500,2026-09-23T22:27:14.103324,False,,,17.02,False
501,2026-09-23T22:27:14.134964,False,,,17.59,False
502,2026-09-23T22:27:14.167489,False,,,17.02,False
503,2026-09-23T22:27:14.199197,False,,,17.52,False
504,2026-09-23T22:27:14.228736,False,,,17.03,False
505,2026-09-23T22:27:14.259764,False,,,18.02,False
506,2026-09-23T22:27:14.291294,False,,,17.51,False
507,2026-09-23T22:27:14.319551,False,,,17.12,False
508,2026-09-23T22:27:14.356085,False,,,17.52,False
509,2026-09-23T22:27:14.398869,False,,,17.77,False
510,2026-09-23T22:27:14.434925,False,,,16.52,False
511,2026-09-23T22:27:14.476784,False,,,17.01,False
512,2026-09-23T22:27:14.506817,False,,,16.52,False
513,2026-09-23T22:27:14.538509,False,,,17.19,False
514,2026-09-23T22:27:14.571024,False,,,16.50,False
515,2026-09-23T22:27:14.599731,False,,,17.20,False
516,2026-09-23T22:27:14.629751,False,,,17.01,False
517,2026-09-23T22:27:14.660275,False,,,17.51,False
518,2026-09-23T22:27:14.691433,False,,,17.14,False
519,2026-09-23T22:27:14.721100,False,,,16.51,False
520,2026-09-23T22:27:14.771630,False,,,17.01,False
521,2026-09-23T22:27:14.810723,False,,,17.01,False
522,2026-09-23T22:27:14.842807,False,,,17.01,False
523,2026-09-23T22:27:14.873332,False,,,17.01,False
524,2026-09-23T22:27:14.904556,False,,,17.06,False
525,2026-09-23T22:27:14.933409,False,,,17.15,False
526,2026-09-23T22:27:14.963935,False,,,17.01,False
527,2026-09-23T22:27:14.993459,False,,,17.01,False
528,2026-09-23T22:27:15.029607,False,,,17.14,False
529,2026-09-23T22:27:15.057654,False,,,17.04,False
530,2026-09-23T22:27:15.094680,False,,,16.52,False
531,2026-09-23T22:27:15.133660,False,,,17.52,False
532,2026-09-23T22:27:15.171705,False,,,17.01,False
533,2026-09-23T22:27:15.208735,False,,,17.02,False
534,2026-09-23T22:27:15.239771,False,,,17.02,False
535,2026-09-23T22:27:15.269297,False,,,16.51,False
536,2026-09-23T22:27:15.298822,False,,,16.51,False
537,2026-09-23T22:27:15.330856,False,,,17.51,False
538,2026-09-23T22:27:15.363090,False,,,16.71,False
539,2026-09-23T22:27:15.393617,False,,,17.02,False
540,2026-09-23T22:27:15.429719,False,,,17.04,False
541,2026-09-23T22:27:15.469299,False,,,16.51,False
542,2026-09-23T22:27:15.507473,False,,,17.06,False
543,2026-09-23T22:27:15.546646,False,,,19.02,False
544,2026-09-23T22:27:15.576676,False,,,16.79,False
545,2026-09-23T22:27:15.607459,False,,,16.78,False
546,2026-09-23T22:27:15.638784,False,,,17.30,False
547,2026-09-23T22:27:15.669809,False,,,17.52,False
548,2026-09-23T22:27:15.699837,False,,,17.02,False
549,2026-09-23T22:27:15.730466,False,,,18.12,False
550,2026-09-23T22:27:15.763688,False,,,17.02,False
551,2026-09-23T22:27:15.792707,False,,,17.01,False
552,2026-09-23T22:27:15.829497,False,,,17.02,False
553,2026-09-23T22:27:15.868686,False,,,17.01,False
554,2026-09-23T22:27:15.908344,False,,,17.64,False
555,2026-09-23T22:27:15.941672,False,,,17.17,False
556,2026-09-23T22:27:15.973763,False,,,17.01,False
557,2026-09-23T22:27:16.005351,False,,,17.52,False
558,2026-09-23T22:27:16.035373,False,,,17.02,False
559,2026-09-23T22:27:16.066982,False,,,17.59,False
560,2026-09-23T22:27:16.099736,False,,,17.25,False
561,2026-09-23T22:27:16.129762,False,,,17.01,False
562,2026-09-23T22:27:16.164343,False,,,17.56,False
563,2026-09-23T22:27:16.203945,False,,,17.51,False
564,2026-09-23T22:27:16.244652,False,,,17.12,False
565,2026-09-23T22:27:16.279701,False,,,17.01,False
566,2026-09-23T22:27:16.311727,False,,,17.01,False
567,2026-09-23T22:27:16.339753,False,,,18.02,False
568,2026-09-23T22:27:16.371767,False,,,17.01,False
569,2026-09-23T22:27:16.402394,False,,,16.59,False
570,2026-09-23T22:27:16.436567,False,,,17.05,False
571,2026-09-23T22:27:16.477492,False,,,17.61,False
572,2026-09-23T22:27:16.508619,False,,,17.10,False
573,2026-09-23T22:27:16.538639,False,,,17.01,False
574,2026-09-23T22:27:16.568722,False,,,17.05,False
575,2026-09-23T22:27:16.599295,False,,,16.56,False
576,2026-09-23T22:27:16.644499,False,,,17.01,False
577,2026-09-23T22:27:16.677754,False,,,17.02,False
578,2026-09-23T22:27:16.708801,False,,,17.04,False
579,2026-09-23T22:27:16.740330,False,,,17.51,False
580,2026-09-23T22:27:16.770570,False,,,17.05,False
581,2026-09-23T22:27:16.801096,False,,,16.51,False
582,2026-09-23T22:27:16.835628,False,,,17.02,False
583,2026-09-23T22:27:16.862644,False,,,17.01,False
584,2026-09-23T22:27:16.899998,False,,,17.34,False
585,2026-09-23T22:27:16.938641,False,,,18.02,False
586,2026-09-23T22:27:16.969691,False,,,17.04,False
587,2026-09-23T22:27:16.997717,False,,,17.52,False
588,2026-09-23T22:27:17.043793,False,,,16.51,False
589,2026-09-23T22:27:17.072308,False,,,16.51,False
590,2026-09-23T22:27:17.106837,False,,,16.46,False
591,2026-09-23T22:27:17.149860,False,,,17.51,False
592,2026-09-23T22:27:17.180975,False,,,17.48,False
593,2026-09-23T22:27:17.210614,False,,,17.01,False
594,2026-09-23T22:27:17.242637,False,,,17.01,False
595,2026-09-23T22:27:17.270681,False,,,17.01,False
596,2026-09-23T22:27:17.303414,False,,,17.11,False
597,2026-09-23T22:27:17.334546,False,,,17.02,False
598,2026-09-23T22:27:17.379576,False,,,17.01,False
599,2026-09-23T22:27:17.410627,False,,,17.02,False
600,2026-09-23T22:27:17.442535,False,,,16.51,False
601,2026-09-23T22:27:17.473652,False,,,18.01,False
602,2026-09-23T22:27:17.507683,False,,,17.02,False
603,2026-09-23T22:27:17.547614,False,,,17.52,False
604,2026-09-23T22:27:17.577641,False,,,17.52,False
605,2026-09-23T22:27:17.610660,False,,,18.01,False
606,2026-09-23T22:27:17.638686,False,,,17.02,False
607,2026-09-23T22:27:17.669710,False,,,17.01,False
608,2026-09-23T22:27:17.699815,False,,,16.51,False
609,2026-09-23T22:27:17.730346,False,,,17.51,False
610,2026-09-23T22:27:17.779675,False,,,17.02,False
611,2026-09-23T22:27:17.822772,False,,,18.01,False
612,2026-09-23T22:27:17.854315,False,,,19.52,False
613,2026-09-23T22:27:17.887845,False,,,23.02,False
614,2026-09-23T22:27:17.929977,False,,,20.02,False
615,2026-09-23T22:27:17.964656,False,,,21.01,False
616,2026-09-23T22:27:18.004737,False,,,17.02,False
617,2026-09-23T22:27:18.035790,False,,,17.01,False
618,2026-09-23T22:27:18.067817,False,,,18.02,False
619,2026-09-23T22:27:18.098359,False,,,17.04,False
620,2026-09-23T22:27:18.128642,False,,,17.22,False
621,2026-09-23T22:27:18.159723,False,,,17.07,False
622,2026-09-23T22:27:18.190749,False,,,18.01,False
623,2026-09-23T22:27:18.219836,False,,,17.07,False
624,2026-09-23T22:27:18.250583,False,,,17.11,False
625,2026-09-23T22:27:18.281681,False,,,18.01,False
626,2026-09-23T22:27:18.310767,False,,,17.02,False
627,2026-09-23T22:27:18.344009,False,,,16.67,False
628,2026-09-23T22:27:18.374356,False,,,17.84,False
629,2026-09-23T22:27:18.402431,False,,,17.01,False
630,2026-09-23T22:27:18.435404,False,,,17.02,False
631,2026-09-23T22:27:18.465707,False,,,17.10,False
632,2026-09-23T22:27:18.514701,False,,,16.41,False
633,2026-09-23T22:27:18.558026,False,,,17.61,False
634,2026-09-23T22:27:18.587695,False,,,17.16,False
635,2026-09-23T22:27:18.618390,False,,,18.02,False
636,2026-09-23T22:27:18.649841,False,,,17.52,False
637,2026-09-23T22:27:18.678669,False,,,17.32,False
638,2026-09-23T22:27:18.710717,False,,,17.01,False
639,2026-09-23T22:27:18.741744,False,,,17.51,False
640,2026-09-23T22:27:18.773791,False,,,18.02,False
641,2026-09-23T22:27:18.803818,False,,,17.52,False
642,2026-09-23T22:27:18.853358,False,,,19.02,False
643,2026-09-23T22:27:18.894620,False,,,17.57,False
644,2026-09-23T22:27:18.925715,False,,,17.08,False
645,2026-09-23T22:27:18.954798,False,,,17.08,False
646,2026-09-23T22:27:18.985248,False,,,16.94,False
647,2026-09-23T22:27:19.017773,False,,,19.52,False
648,2026-09-23T22:27:19.047809,False,,,18.02,False
649,2026-09-23T22:27:19.078499,False,,,17.18,False
650,2026-09-23T22:27:19.108658,False,,,17.03,False
651,2026-09-23T22:27:19.140233,False,,,17.53,False
652,2026-09-23T22:27:19.172261,False,,,17.51,False
653,2026-09-23T22:27:19.201301,False,,,18.52,False
654,2026-09-23T22:27:19.250842,False,,,16.51,False
655,2026-09-23T22:27:19.293775,False,,,18.07,False
656,2026-09-23T22:27:19.324319,False,,,17.52,False
657,2026-09-23T22:27:19.354558,False,,,17.15,False
658,2026-09-23T22:27:19.385583,False,,,17.01,False
659,2026-09-23T22:27:19.418710,False,,,18.55,False
660,2026-09-23T22:27:19.447734,False,,,18.02,False
661,2026-09-23T22:27:19.477797,False,,,18.03,False
662,2026-09-23T22:27:19.508684,False,,,17.88,False
663,2026-09-23T22:27:19.536711,False,,,18.01,False
664,2026-09-23T22:27:19.588030,False,,,17.70,False
665,2026-09-23T22:27:19.629537,False,,,17.18,False
666,2026-09-23T22:27:19.660135,False,,,17.51,False
667,2026-09-23T22:27:19.690669,False,,,18.02,False
668,2026-09-23T22:27:19.719686,False,,,17.01,False
669,2026-09-23T22:27:19.749710,False,,,17.01,False
670,2026-09-23T22:27:19.779729,False,,,17.01,False
671,2026-09-23T22:27:19.809771,False,,,17.04,False
672,2026-09-23T22:27:19.839302,False,,,16.51,False
673,2026-09-23T22:27:19.870882,False,,,17.51,False
674,2026-09-23T22:27:19.907637,False,,,17.08,False
675,2026-09-23T22:27:19.948719,False,,,18.01,False
676,2026-09-23T22:27:19.988811,False,,,18.02,False
677,2026-09-23T22:27:20.026358,False,,,18.02,False
678,2026-09-23T22:27:20.054396,False,,,17.53,False
679,2026-09-23T22:27:20.086571,False,,,17.14,False
680,2026-09-23T22:27:20.116634,False,,,16.52,False
681,2026-09-23T22:27:20.150290,False,,,19.60,False
682,2026-09-23T22:27:20.178394,False,,,17.02,False
683,2026-09-23T22:27:20.209561,False,,,17.14,False
684,2026-09-23T22:27:20.242543,False,,,16.93,False
685,2026-09-23T22:27:20.271681,False,,,18.01,False
686,2026-09-23T22:27:20.324683,False,,,17.66,False
687,2026-09-23T22:27:20.360777,False,,,17.01,False
688,2026-09-23T22:27:20.392308,False,,,16.51,False
689,2026-09-23T22:27:20.422451,False,,,17.01,False
690,2026-09-23T22:27:20.452926,False,,,16.44,False
691,2026-09-23T22:27:20.487972,False,,,21.02,False
692,2026-09-23T22:27:20.521531,False,,,21.54,False
693,2026-09-23T22:27:20.658786,False,,,46.03,False
694,2026-09-23T22:27:20.803250,False,,,53.17,False
695,2026-09-23T22:27:20.936382,False,,,49.99,False
696,2026-09-23T22:27:21.055705,False,,,46.10,False
697,2026-09-23T22:27:21.177309,False,,,45.02,False
698,2026-09-23T22:27:21.305120,False,,,49.55,False
699,2026-09-23T22:27:21.391633,False,,,17.01,False
700,2026-09-23T22:27:21.419675,False,,,17.03,False
701,2026-09-23T22:27:21.448702,False,,,17.02,False
702,2026-09-23T22:27:21.490794,False,,,17.06,False
703,2026-09-23T22:27:21.522689,False,,,17.36,False
704,2026-09-23T22:27:21.552529,False,,,16.81,False
705,2026-09-23T22:27:21.582556,False,,,17.01,False
706,2026-09-23T22:27:21.614586,False,,,19.02,False
707,2026-09-23T22:27:21.641606,False,,,18.01,False
708,2026-09-23T22:27:21.673771,False,,,18.02,False
709,2026-09-23T22:27:21.703303,False,,,17.52,False
710,2026-09-23T22:27:21.733815,False,,,17.50,False
711,2026-09-23T22:27:21.763999,False,,,17.68,False
712,2026-09-23T22:27:21.795529,False,,,17.02,False
713,2026-09-23T22:27:21.826585,False,,,17.52,False
714,2026-09-23T22:27:21.858614,False,,,17.02,False
715,2026-09-23T22:27:21.888645,False,,,18.02,False
716,2026-09-23T22:27:21.923596,False,,,17.83,False
717,2026-09-23T22:27:21.962782,False,,,17.16,False
718,2026-09-23T22:27:21.993321,False,,,17.53,False
719,2026-09-23T22:27:22.024441,False,,,16.60,False
720,2026-09-23T22:27:22.056570,False,,,17.06,False
721,2026-09-23T22:27:22.086595,False,,,17.02,False
722,2026-09-23T22:27:22.115424,False,,,17.80,False
723,2026-09-23T22:27:22.147953,False,,,17.02,False
724,2026-09-23T22:27:22.177972,False,,,17.52,False
725,2026-09-23T22:27:22.228643,False,,,39.14,False
726,2026-09-23T22:27:22.347743,False,,,44.20,False
727,2026-09-23T22:27:22.473606,False,,,47.83,False
728,2026-09-23T22:27:22.599854,False,,,53.07,False
729,2026-09-23T22:27:22.733060,False,,,48.59,False
730,2026-09-23T22:27:22.879363,False,,,59.60,False
731,2026-09-23T22:27:23.011644,False,,,52.23,False
732,2026-09-23T22:27:23.120613,False,,,24.84,False
733,2026-09-23T22:27:23.216463,False,,,45.67,False
734,2026-09-23T22:27:23.356573,False,,,62.28,False
735,2026-09-23T22:27:23.488702,False,,,57.65,False
736,2026-09-23T22:27:23.620998,False,,,53.38,False
737,2026-09-23T22:27:23.739805,False,,,49.10,False
738,2026-09-23T22:27:23.890303,False,,,64.06,False
739,2026-09-23T22:27:24.033689,False,,,71.11,False
740,2026-09-23T22:27:24.169787,False,,,71.02,False
741,2026-09-23T22:27:24.280624,False,,,57.06,False
742,2026-09-23T22:27:24.405296,False,,,47.53,False
743,2026-09-23T22:27:24.521323,False,,,25.54,False
744,2026-09-23T22:27:24.549471,False,,,17.13,False
745,2026-09-23T22:27:24.585545,False,,,18.02,False
746,2026-09-23T22:27:24.627600,False,,,16.51,False
747,2026-09-23T22:27:24.658619,False,,,17.51,False
748,2026-09-23T22:27:24.686647,False,,,17.02,False
749,2026-09-23T22:27:24.715683,False,,,16.52,False
750,2026-09-23T22:27:24.748710,False,,,17.52,False
751,2026-09-23T22:27:24.778756,False,,,17.04,False
752,2026-09-23T22:27:24.806891,False,,,17.02,False
753,2026-09-23T22:27:24.838532,False,,,17.02,False
754,2026-09-23T22:27:24.871629,False,,,17.01,False
755,2026-09-23T22:27:24.903690,False,,,17.05,False
756,2026-09-23T22:27:24.941593,False,,,17.07,False
757,2026-09-23T22:27:24.975908,False,,,17.30,False
758,2026-09-23T22:27:25.005437,False,,,17.02,False
759,2026-09-23T22:27:25.037621,False,,,17.16,False
760,2026-09-23T22:27:25.065645,False,,,17.02,False
761,2026-09-23T22:27:25.098672,False,,,17.52,False
762,2026-09-23T22:27:25.139394,False,,,17.01,False
763,2026-09-23T22:27:25.173777,False,,,17.27,False
764,2026-09-23T22:27:25.204305,False,,,16.52,False
765,2026-09-23T22:27:25.230374,False,,,17.06,False
766,2026-09-23T22:27:25.267545,False,,,17.03,False
767,2026-09-23T22:27:25.296743,False,,,17.02,False
768,2026-09-23T22:27:25.330840,False,,,16.51,False
769,2026-09-23T22:27:25.373616,False,,,17.06,False
770,2026-09-23T22:27:25.403640,False,,,17.01,False
771,2026-09-23T22:27:25.433693,False,,,17.01,False
772,2026-09-23T22:27:25.464767,False,,,17.06,False
773,2026-09-23T22:27:25.495512,False,,,17.52,False
774,2026-09-23T22:27:25.540188,False,,,17.57,False
775,2026-09-23T22:27:25.570730,False,,,17.01,False
776,2026-09-23T22:27:25.603785,False,,,17.04,False
777,2026-09-23T22:27:25.648487,False,,,17.94,False
778,2026-09-23T22:27:25.674684,False,,,17.06,False
779,2026-09-23T22:27:25.707050,False,,,17.02,False
780,2026-09-23T22:27:25.737397,False,,,17.52,False
781,2026-09-23T22:27:25.770560,False,,,17.06,False
782,2026-09-23T22:27:25.797655,False,,,17.02,False
783,2026-09-23T22:27:25.830183,False,,,17.51,False
784,2026-09-23T22:27:25.875305,False,,,17.52,False
785,2026-09-23T22:27:25.907649,False,,,20.06,False
786,2026-09-23T22:27:25.939704,False,,,17.02,False
787,2026-09-23T22:27:25.966735,False,,,17.02,False
788,2026-09-23T22:27:26.005474,False,,,17.02,False
789,2026-09-23T22:27:26.044686,False,,,17.07,False
790,2026-09-23T22:27:26.073723,False,,,17.02,False
791,2026-09-23T22:27:26.103801,False,,,17.07,False
792,2026-09-23T22:27:26.133483,False,,,17.16,False
793,2026-09-23T22:27:26.164530,False,,,17.02,False
794,2026-09-23T22:27:26.196616,False,,,17.06,False
795,2026-09-23T22:27:26.226753,False,,,17.10,False
796,2026-09-23T22:27:26.334900,False,,,16.52,False
797,2026-09-23T22:27:26.367943,False,,,17.54,False
798,2026-09-23T22:27:26.395464,False,,,17.02,False
799,2026-09-23T22:27:26.426632,False,,,17.07,False
800,2026-09-23T22:27:26.457577,False,,,16.70,False
801,2026-09-23T22:27:26.488684,False,,,17.02,False
802,2026-09-23T22:27:26.518730,False,,,17.02,False
803,2026-09-23T22:27:26.548821,False,,,17.06,False
804,2026-09-23T22:27:26.579349,False,,,17.02,False
805,2026-09-23T22:27:26.609885,False,,,17.53,False
806,2026-09-23T22:27:26.640684,False,,,17.20,False
807,2026-09-23T22:27:26.675777,False,,,17.02,False
808,2026-09-23T22:27:26.703304,False,,,17.52,False
809,2026-09-23T22:27:26.733459,False,,,17.15,False
810,2026-09-23T22:27:26.766686,False,,,17.20,False
811,2026-09-23T22:27:26.794709,False,,,17.01,False
812,2026-09-23T22:27:26.824740,False,,,17.02,False
813,2026-09-23T22:27:26.854785,False,,,17.04,False
814,2026-09-23T22:27:26.885312,False,,,16.51,False
815,2026-09-23T22:27:26.914691,False,,,17.04,False
816,2026-09-23T22:27:26.948004,False,,,17.52,False
817,2026-09-23T22:27:26.978042,False,,,17.53,False
818,2026-09-23T22:27:27.010752,False,,,17.18,False
819,2026-09-23T22:27:27.037786,False,,,17.02,False
820,2026-09-23T22:27:27.077314,False,,,19.01,False
821,2026-09-23T22:27:27.114828,False,,,17.17,False
822,2026-09-23T22:27:27.145345,False,,,17.01,False
823,2026-09-23T22:27:27.174502,False,,,17.05,False
824,2026-09-23T22:27:27.206801,False,,,17.04,False
825,2026-09-23T22:27:27.236730,False,,,17.02,False
826,2026-09-23T22:27:27.269752,False,,,17.01,False
827,2026-09-23T22:27:27.312526,False,,,17.18,False
828,2026-09-23T22:27:27.344617,False,,,17.01,False
829,2026-09-23T22:27:27.372666,False,,,17.01,False
830,2026-09-23T22:27:27.411079,False,,,17.01,False
831,2026-09-23T22:27:27.448616,False,,,18.01,False
832,2026-09-23T22:27:27.478679,False,,,17.06,False
833,2026-09-23T22:27:27.508699,False,,,17.01,False
834,2026-09-23T22:27:27.539728,False,,,17.01,False
835,2026-09-23T22:27:27.568768,False,,,17.01,False
836,2026-09-23T22:27:27.605306,False,,,17.52,False
837,2026-09-23T22:27:27.647886,False,,,17.56,False
838,2026-09-23T22:27:27.674803,False,,,16.41,False
839,2026-09-23T22:27:27.704840,False,,,17.02,False
840,2026-09-23T22:27:27.747873,False,,,17.02,False
841,2026-09-23T22:27:27.784680,False,,,17.01,False
842,2026-09-23T22:27:27.813705,False,,,17.02,False
843,2026-09-23T22:27:27.843727,False,,,17.01,False
844,2026-09-23T22:27:27.875793,False,,,17.06,False
845,2026-09-23T22:27:27.905837,False,,,18.02,False
846,2026-09-23T22:27:27.936825,False,,,16.77,False
847,2026-09-23T22:27:27.965348,False,,,18.01,False
848,2026-09-23T22:27:28.003751,False,,,17.07,False
849,2026-09-23T22:27:28.040791,False,,,17.01,False
850,2026-09-23T22:27:28.073318,False,,,17.01,False
851,2026-09-23T22:27:28.103837,False,,,17.01,False
852,2026-09-23T22:27:28.147591,False,,,17.17,False
853,2026-09-23T22:27:28.179655,False,,,17.04,False
854,2026-09-23T22:27:28.212741,False,,,19.06,False
855,2026-09-23T22:27:28.239762,False,,,17.01,False
856,2026-09-23T22:27:28.274899,False,,,16.57,False
857,2026-09-23T22:27:28.318357,False,,,16.93,False
858,2026-09-23T22:27:28.348427,False,,,17.02,False
859,2026-09-23T22:27:28.379812,False,,,17.28,False
860,2026-09-23T22:27:28.409844,False,,,17.51,False
861,2026-09-23T22:27:28.441086,False,,,17.55,False
862,2026-09-23T22:27:28.483743,False,,,17.02,False
863,2026-09-23T22:27:28.514790,False,,,17.02,False
864,2026-09-23T22:27:28.548321,False,,,17.52,False
865,2026-09-23T22:27:28.578416,False,,,17.58,False
866,2026-09-23T22:27:28.606936,False,,,17.01,False
867,2026-09-23T22:27:28.640454,False,,,17.51,False
868,2026-09-23T22:27:28.675086,False,,,16.51,False
869,2026-09-23T22:27:28.717628,False,,,17.02,False
870,2026-09-23T22:27:28.747658,False,,,17.02,False
871,2026-09-23T22:27:28.776850,False,,,17.02,False
872,2026-09-23T22:27:28.807691,False,,,17.02,False
873,2026-09-23T22:27:28.836766,False,,,17.07,False
874,2026-09-23T22:27:28.882817,False,,,17.01,False
875,2026-09-23T22:27:28.915027,False,,,17.56,False
876,2026-09-23T22:27:28.947620,False,,,17.02,False
877,2026-09-23T22:27:28.975650,False,,,17.02,False
878,2026-09-23T22:27:29.004685,False,,,16.51,False
879,2026-09-23T22:27:29.036216,False,,,17.52,False
880,2026-09-23T22:27:29.075767,False,,,17.02,False
881,2026-09-23T22:27:29.110771,False,,,17.05,False
882,2026-09-23T22:27:29.140821,False,,,16.51,False
883,2026-09-23T22:27:29.172483,False,,,17.01,False
884,2026-09-23T22:27:29.219688,False,,,17.08,False
885,2026-09-23T22:27:29.248732,False,,,17.02,False
886,2026-09-23T22:27:29.283334,False,,,17.01,False
887,2026-09-23T22:27:29.326500,False,,,17.02,False
888,2026-09-23T22:27:29.356527,False,,,17.02,False
889,2026-09-23T22:27:29.390291,False,,,17.03,False
890,2026-09-23T22:27:29.417846,False,,,16.54,False
891,2026-09-23T22:27:29.449923,False,,,17.57,False
892,2026-09-23T22:27:29.484229,False,,,16.72,False
893,2026-09-23T22:27:29.525761,False,,,17.02,False
894,2026-09-23T22:27:29.555788,False,,,17.02,False
895,2026-09-23T22:27:29.587443,False,,,17.64,False
896,2026-09-23T22:27:29.619584,False,,,17.11,False
897,2026-09-23T22:27:29.646728,False,,,17.14,False
898,2026-09-23T22:27:29.682305,False,,,16.51,False
899,2026-09-23T22:27:29.722500,False,,,17.01,False
900,2026-09-23T22:27:29.752833,False,,,17.01,False
901,2026-09-23T22:27:29.786098,False,,,17.76,False
902,2026-09-23T22:27:29.815624,False,,,17.02,False
903,2026-09-23T22:27:29.844692,False,,,16.56,False
904,2026-09-23T22:27:29.874742,False,,,17.01,False
905,2026-09-23T22:27:29.903769,False,,,17.48,False
906,2026-09-23T22:27:29.956324,False,,,18.01,False
907,2026-09-23T22:27:29.983540,False,,,17.20,False
908,2026-09-23T22:27:30.018639,False,,,17.01,False
909,2026-09-23T22:27:30.061732,False,,,17.05,False
910,2026-09-23T22:27:30.089817,False,,,17.08,False
911,2026-09-23T22:27:30.120581,False,,,17.22,False
912,2026-09-23T22:27:30.153611,False,,,17.01,False
913,2026-09-23T22:27:30.180747,False,,,17.11,False
914,2026-09-23T22:27:30.210302,False,,,16.51,False
915,2026-09-23T22:27:30.241404,False,,,16.51,False
916,2026-09-23T22:27:30.274550,False,,,17.01,False
917,2026-09-23T22:27:30.305648,False,,,18.06,False
918,2026-09-23T22:27:30.355705,False,,,17.01,False
919,2026-09-23T22:27:30.394752,False,,,17.02,False
920,2026-09-23T22:27:30.424659,False,,,16.83,False
921,2026-09-23T22:27:30.455836,False,,,17.17,False
922,2026-09-23T22:27:30.487682,False,,,17.34,False
923,2026-09-23T22:27:30.517722,False,,,19.02,False
924,2026-09-23T22:27:30.546749,False,,,17.01,False
925,2026-09-23T22:27:30.577752,False,,,16.81,False
926,2026-09-23T22:27:30.611736,False,,,17.01,False
927,2026-09-23T22:27:30.637425,False,,,17.65,False
928,2026-09-23T22:27:30.691725,False,,,17.20,False
929,2026-09-23T22:27:30.730761,False,,,18.02,False
930,2026-09-23T22:27:30.760891,False,,,16.51,False
931,2026-09-23T22:27:30.789384,False,,,16.98,False
932,2026-09-23T22:27:30.823426,False,,,17.01,False
933,2026-09-23T22:27:30.854591,False,,,17.14,False
934,2026-09-23T22:27:30.885194,False,,,17.59,False
935,2026-09-23T22:27:30.915733,False,,,17.02,False
936,2026-09-23T22:27:30.947874,False,,,17.02,False
937,2026-09-23T22:27:30.979999,False,,,17.62,False
938,2026-09-23T22:27:31.010605,False,,,17.01,False
939,2026-09-23T22:27:31.042768,False,,,17.01,False
940,2026-09-23T22:27:31.091267,False,,,17.48,False
941,2026-09-23T22:27:31.134332,False,,,17.02,False
942,2026-09-23T22:27:31.164004,False,,,16.56,False
943,2026-09-23T22:27:31.194024,False,,,17.51,False
944,2026-09-23T22:27:31.225046,False,,,16.51,False
945,2026-09-23T22:27:31.258613,False,,,18.06,False
946,2026-09-23T22:27:31.288145,False,,,17.52,False
947,2026-09-23T22:27:31.319685,False,,,17.03,False
948,2026-09-23T22:27:31.347609,False,,,17.52,False
949,2026-09-23T22:27:31.377333,False,,,17.51,False
950,2026-09-23T22:27:31.405804,False,,,16.57,False
951,2026-09-23T22:27:31.437823,False,,,17.02,False
952,2026-09-23T22:27:31.491171,False,,,16.72,False
953,2026-09-23T22:27:31.532706,False,,,17.01,False
954,2026-09-23T22:27:31.562744,False,,,17.01,False
955,2026-09-23T22:27:31.591769,False,,,17.01,False
956,2026-09-23T22:27:31.622294,False,,,17.51,False
957,2026-09-23T22:27:31.653317,False,,,17.01,False
958,2026-09-23T22:27:31.682334,False,,,16.51,False
959,2026-09-23T22:27:31.714772,True,0.387,0.505,17.05,False
960,2026-09-23T22:27:31.746805,True,0.387,0.469,17.53,False
961,2026-09-23T22:27:31.776331,False,,,17.02,False
962,2026-09-23T22:27:31.802863,False,,,17.01,False
963,2026-09-23T22:27:31.837391,True,0.363,0.427,17.02,False
964,2026-09-23T22:27:31.891082,False,,,17.01,False
965,2026-09-23T22:27:31.929073,False,,,17.45,False
966,2026-09-23T22:27:31.960601,False,,,17.01,False
967,2026-09-23T22:27:31.991084,False,,,17.01,False
968,2026-09-23T22:27:32.020649,False,,,17.01,False
969,2026-09-23T22:27:32.052698,False,,,17.01,False
970,2026-09-23T22:27:32.084830,False,,,17.01,False
971,2026-09-23T22:27:32.114021,False,,,17.67,False
972,2026-09-23T22:27:32.143597,False,,,17.07,False
973,2026-09-23T22:27:32.175698,False,,,18.07,False
974,2026-09-23T22:27:32.203818,False,,,17.08,False
975,2026-09-23T22:27:32.235917,False,,,17.59,False
976,2026-09-23T22:27:32.291594,False,,,17.04,False
977,2026-09-23T22:27:32.326708,False,,,17.07,False
978,2026-09-23T22:27:32.356757,False,,,17.02,False
979,2026-09-23T22:27:32.387310,False,,,17.52,False
980,2026-09-23T22:27:32.418559,False,,,17.02,False
981,2026-09-23T22:27:32.448626,False,,,18.06,False
982,2026-09-23T22:27:32.477424,False,,,17.02,False
983,2026-09-23T22:27:32.509969,False,,,17.51,False
984,2026-09-23T22:27:32.540723,False,,,17.01,False
985,2026-09-23T22:27:32.570815,False,,,17.06,False
986,2026-09-23T22:27:32.603002,False,,,17.01,False
987,2026-09-23T22:27:32.633679,False,,,17.17,False
988,2026-09-23T22:27:32.663699,False,,,17.01,False
989,2026-09-23T22:27:32.695322,False,,,17.56,False
990,2026-09-23T22:27:32.724433,False,,,17.02,False
991,2026-09-23T22:27:32.754533,False,,,17.01,False
992,2026-09-23T22:27:32.787145,False,,,17.52,False
993,2026-09-23T22:27:32.821670,False,,,19.02,False
994,2026-09-23T22:27:32.862352,False,,,16.64,False
995,2026-09-23T22:27:32.894651,False,,,17.07,False
996,2026-09-23T22:27:32.924519,False,,,17.85,False
997,2026-09-23T22:27:32.962860,False,,,17.01,False
998,2026-09-23T22:27:33.000463,False,,,17.01,False
999,2026-09-23T22:27:33.031663,False,,,18.07,False
1000,2026-09-23T22:27:33.060704,False,,,17.01,False
1001,2026-09-23T22:27:33.090805,False,,,17.01,False
1002,2026-09-23T22:27:33.119948,False,,,16.51,False
1003,2026-09-23T22:27:33.155501,False,,,18.02,False
1004,2026-09-23T22:27:33.185563,False,,,17.05,False
1005,2026-09-23T22:27:33.219653,False,,,17.06,False
1006,2026-09-23T22:27:33.258755,False,,,17.02,False
1007,2026-09-23T22:27:33.300317,False,,,17.55,False
1008,2026-09-23T22:27:33.334628,False,,,17.20,False
1009,2026-09-23T22:27:33.364653,False,,,17.02,False
1010,2026-09-23T22:27:33.394477,False,,,16.79,False
1011,2026-09-23T22:27:33.427642,False,,,17.02,False
1012,2026-09-23T22:27:33.454738,False,,,17.07,False
1013,2026-09-23T22:27:33.491776,True,0.430,0.413,17.52,False
1014,2026-09-23T22:27:33.530924,True,0.430,0.399,17.51,False
1015,2026-09-23T22:27:33.562527,False,,,17.01,False
1016,2026-09-23T22:27:33.593555,False,,,16.52,False
1017,2026-09-23T22:27:33.622656,False,,,17.01,False
1018,2026-09-23T22:27:33.652673,False,,,16.01,False
1019,2026-09-23T22:27:33.699767,True,0.453,0.412,17.02,False
1020,2026-09-23T22:27:33.729496,True,0.453,0.426,17.19,False
1021,2026-09-23T22:27:33.763553,False,,,17.02,False
1022,2026-09-23T22:27:33.805886,False,,,17.54,False
1023,2026-09-23T22:27:33.835489,False,,,17.10,False
1024,2026-09-23T22:27:33.866686,False,,,17.02,False
1025,2026-09-23T22:27:33.897728,False,,,18.03,False
1026,2026-09-23T22:27:33.927960,False,,,17.21,False
1027,2026-09-23T22:27:33.962542,True,0.477,0.448,17.51,False
1028,2026-09-23T22:27:33.988298,True,0.477,0.458,17.53,False
1029,2026-09-23T22:27:34.039681,True,0.363,0.445,21.14,False
1030,2026-09-23T22:27:34.084736,True,0.363,0.427,16.02,False
1031,2026-09-23T22:27:34.124780,False,,,17.02,False
1032,2026-09-23T22:27:34.158895,False,,,18.61,False
1033,2026-09-23T22:27:34.201622,True,0.430,0.422,18.03,False
1034,2026-09-23T22:27:34.232667,True,0.430,0.412,18.01,False
1035,2026-09-23T22:27:34.260705,False,,,17.01,False
1036,2026-09-23T22:27:34.291247,False,,,16.51,False
1037,2026-09-23T22:27:34.322316,False,,,17.56,False
1038,2026-09-23T22:27:34.355349,False,,,18.02,False
1039,2026-09-23T22:27:34.384537,False,,,18.17,False
1040,2026-09-23T22:27:34.414559,False,,,18.01,False
1041,2026-09-23T22:27:34.445594,False,,,18.03,False
1042,2026-09-23T22:27:34.475424,False,,,18.01,False
1043,2026-09-23T22:27:34.505576,False,,,18.02,False
1044,2026-09-23T22:27:34.535639,False,,,18.04,False
1045,2026-09-23T22:27:34.565742,False,,,18.07,False
1046,2026-09-23T22:27:34.596773,False,,,18.02,False
1047,2026-09-23T22:27:34.628762,False,,,17.94,False
1048,2026-09-23T22:27:34.657557,False,,,17.79,False
1049,2026-09-23T22:27:34.692724,False,,,17.03,False
1050,2026-09-23T22:27:34.732664,False,,,17.16,False
1051,2026-09-23T22:27:34.772798,False,,,18.56,False
1052,2026-09-23T22:27:34.809427,False,,,17.11,False
1053,2026-09-23T22:27:34.841593,False,,,18.01,False
1054,2026-09-23T22:27:34.871659,False,,,18.01,False
1055,2026-09-23T22:27:34.901361,False,,,17.67,False
1056,2026-09-23T22:27:34.931712,False,,,18.07,False
1057,2026-09-23T22:27:34.964740,False,,,18.01,False
1058,2026-09-23T22:27:34.991262,False,,,17.01,False
1059,2026-09-23T22:27:35.028803,False,,,18.03,False
1060,2026-09-23T22:27:35.068503,False,,,17.11,False
1061,2026-09-23T22:27:35.099798,False,,,18.23,False
1062,2026-09-23T22:27:35.129874,False,,,19.57,False
1063,2026-09-23T22:27:35.174406,False,,,20.02,False
1064,2026-09-23T22:27:35.205478,False,,,18.02,False
1065,2026-09-23T22:27:35.237708,False,,,18.04,False
1066,2026-09-23T22:27:35.267450,False,,,17.56,False
1067,2026-09-23T22:27:35.300696,False,,,18.02,False
1068,2026-09-23T22:27:35.329775,False,,,18.04,False
1069,2026-09-23T22:27:35.363809,False,,,18.02,False
1070,2026-09-23T22:27:35.405890,False,,,18.02,False
1071,2026-09-23T22:27:35.436572,False,,,18.18,False
1072,2026-09-23T22:27:35.467698,False,,,18.06,False
1073,2026-09-23T22:27:35.507537,False,,,17.63,False
1074,2026-09-23T22:27:35.541623,False,,,18.01,False
1075,2026-09-23T22:27:35.571169,False,,,17.51,False
1076,2026-09-23T22:27:35.602690,False,,,18.01,False
1077,2026-09-23T22:27:35.635741,False,,,18.01,False
1078,2026-09-23T22:27:35.678802,False,,,18.02,False
1079,2026-09-23T22:27:35.709536,False,,,18.72,False
1080,2026-09-23T22:27:35.740582,False,,,18.01,False
1081,2026-09-23T22:27:35.770640,False,,,18.05,False
1082,2026-09-23T22:27:35.800742,False,,,18.09,False
1083,2026-09-23T22:27:35.830796,False,,,18.05,False
1084,2026-09-23T22:27:35.860817,False,,,18.51,False
1085,2026-09-23T22:27:35.908675,False,,,18.05,False
1086,2026-09-23T22:27:35.937701,False,,,18.16,False
1087,2026-09-23T22:27:35.972725,False,,,18.51,False
1088,2026-09-23T22:27:36.014335,False,,,18.02,False
1089,2026-09-23T22:27:36.045366,False,,,17.95,False
1090,2026-09-23T22:27:36.075700,False,,,18.28,False
1091,2026-09-23T22:27:36.105862,False,,,18.02,False
1092,2026-09-23T22:27:36.139393,False,,,19.02,False
1093,2026-09-23T22:27:36.169556,False,,,18.13,False
1094,2026-09-23T22:27:36.200648,False,,,18.02,False
1095,2026-09-23T22:27:36.232727,False,,,19.02,False
1096,2026-09-23T22:27:36.261745,False,,,18.01,False
1097,2026-09-23T22:27:36.309884,False,,,19.38,False
1098,2026-09-23T22:27:36.339547,False,,,19.16,False
1099,2026-09-23T22:27:36.372700,False,,,18.01,False
1100,2026-09-23T22:27:36.413304,False,,,17.52,False
1101,2026-09-23T22:27:36.443854,False,,,18.40,False
1102,2026-09-23T22:27:36.474678,False,,,18.02,False
1103,2026-09-23T22:27:36.504778,False,,,18.09,False
1104,2026-09-23T22:27:36.534306,False,,,18.52,False
1105,2026-09-23T22:27:36.565825,False,,,18.01,False
1106,2026-09-23T22:27:36.596386,False,,,18.05,False
1107,2026-09-23T22:27:36.644318,False,,,17.68,False
1108,2026-09-23T22:27:36.672325,False,,,18.00,False
1109,2026-09-23T22:27:36.708513,False,,,17.56,False
1110,2026-09-23T22:27:36.750569,False,,,18.01,False
1111,2026-09-23T22:27:36.780638,False,,,18.06,False
1112,2026-09-23T22:27:36.810686,False,,,18.01,False
1113,2026-09-23T22:27:36.841238,False,,,17.51,False
1114,2026-09-23T22:27:36.871758,False,,,18.01,False
1115,2026-09-23T22:27:36.909550,False,,,17.87,False
1116,2026-09-23T22:27:36.948618,False,,,19.07,False
1117,2026-09-23T22:27:36.977639,False,,,18.02,False
1118,2026-09-23T22:27:37.006670,False,,,17.52,False
1119,2026-09-23T22:27:37.044723,False,,,18.02,False
1120,2026-09-23T22:27:37.082333,False,,,17.59,False
1121,2026-09-23T22:27:37.112432,False,,,18.51,False
1122,2026-09-23T22:27:37.143562,False,,,17.12,False
1123,2026-09-23T22:27:37.175627,False,,,19.04,False
1124,2026-09-23T22:27:37.201662,False,,,17.80,False
1125,2026-09-23T22:27:37.236728,False,,,18.02,False
1126,2026-09-23T22:27:37.264310,False,,,17.56,False
1127,2026-09-23T22:27:37.299660,False,,,17.11,False
1128,2026-09-23T22:27:37.340693,False,,,18.01,False
1129,2026-09-23T22:27:37.380735,False,,,18.01,False
1130,2026-09-23T22:27:37.406825,False,,,17.08,False
1131,2026-09-23T22:27:37.445380,False,,,17.01,False
1132,2026-09-23T22:27:37.477494,False,,,17.01,False
1133,2026-09-23T22:27:37.508585,False,,,17.06,False
1134,2026-09-23T22:27:37.538708,False,,,17.09,False
1135,2026-09-23T22:27:37.572280,False,,,17.56,False
1136,2026-09-23T22:27:37.613327,False,,,17.53,False
1137,2026-09-23T22:27:37.644430,False,,,17.01,False
1138,2026-09-23T22:27:37.674526,False,,,17.01,False
1139,2026-09-23T22:27:37.707639,False,,,18.02,False
1140,2026-09-23T22:27:37.736687,False,,,17.01,False
1141,2026-09-23T22:27:37.780722,False,,,18.02,False
1142,2026-09-23T22:27:37.813305,False,,,17.52,False
1143,2026-09-23T22:27:37.843382,False,,,17.01,False
1144,2026-09-23T22:27:37.874562,False,,,17.17,False
1145,2026-09-23T22:27:37.907102,False,,,16.53,False
1146,2026-09-23T22:27:37.949758,False,,,17.01,False
1147,2026-09-23T22:27:37.979811,False,,,17.04,False
1148,2026-09-23T22:27:38.010408,False,,,17.01,False
1149,2026-09-23T22:27:38.040824,False,,,16.40,False
1150,2026-09-23T22:27:38.070343,False,,,16.51,False
1151,2026-09-23T22:27:38.115117,False,,,16.63,False
1152,2026-09-23T22:27:38.148639,False,,,17.02,False
1153,2026-09-23T22:27:38.179692,False,,,17.05,False
1154,2026-09-23T22:27:38.209238,False,,,17.54,False
1155,2026-09-23T22:27:38.238812,False,,,17.07,False
1156,2026-09-23T22:27:38.269539,False,,,17.22,False
1157,2026-09-23T22:27:38.308077,False,,,17.53,False
1158,2026-09-23T22:27:38.346624,False,,,17.02,False
1159,2026-09-23T22:27:38.378189,False,,,17.56,False
1160,2026-09-23T22:27:38.408230,False,,,17.54,False
1161,2026-09-23T22:27:38.437764,False,,,17.02,False
1162,2026-09-23T22:27:38.467824,False,,,17.02,False
1163,2026-09-23T22:27:38.514729,False,,,17.02,False
1164,2026-09-23T22:27:38.546789,False,,,17.02,False
1165,2026-09-23T22:27:38.579441,False,,,17.13,False
1166,2026-09-23T22:27:38.619603,False,,,17.04,False
1167,2026-09-23T22:27:38.649673,False,,,17.06,False
1168,2026-09-23T22:27:38.679695,False,,,17.01,False
1169,2026-09-23T22:27:38.709820,False,,,17.08,False
1170,2026-09-23T22:27:38.740911,False,,,17.51,False
1171,2026-09-23T22:27:38.772603,False,,,19.08,False
1172,2026-09-23T22:27:38.801682,False,,,17.51,False
1173,2026-09-23T22:27:38.851463,False,,,17.51,False
1174,2026-09-23T22:27:38.878560,False,,,17.01,False
1175,2026-09-23T22:27:38.915619,False,,,17.05,False
1176,2026-09-23T22:27:38.955319,False,,,17.01,False
1177,2026-09-23T22:27:38.986608,False,,,17.11,False
1178,2026-09-23T22:27:39.016691,False,,,17.06,False
1179,2026-09-23T22:27:39.047722,False,,,17.02,False
1180,2026-09-23T22:27:39.077552,False,,,17.55,False
1181,2026-09-23T22:27:39.109186,True,0.363,0.390,17.55,False
1182,2026-09-23T22:27:39.139411,True,0.363,0.390,17.71,False
1183,2026-09-23T22:27:39.170662,False,,,17.10,False
1184,2026-09-23T22:27:39.199708,False,,,17.03,False
1185,2026-09-23T22:27:39.250774,False,,,17.01,False
1186,2026-09-23T22:27:39.289326,False,,,17.02,False
1187,2026-09-23T22:27:39.322535,False,,,17.01,False
1188,2026-09-23T22:27:39.354710,False,,,17.07,False
1189,2026-09-23T22:27:39.384810,False,,,17.07,False
1190,2026-09-23T22:27:39.415333,False,,,17.02,False
1191,2026-09-23T22:27:39.445402,False,,,18.01,False
1192,2026-09-23T22:27:39.476547,True,0.363,0.390,17.09,False
1193,2026-09-23T22:27:39.507720,True,0.363,0.377,17.17,False
1194,2026-09-23T22:27:39.534856,True,0.363,0.363,17.13,False
1195,2026-09-23T22:27:39.588564,False,,,17.13,False
1196,2026-09-23T22:27:39.628262,False,,,16.56,False
1197,2026-09-23T22:27:39.659284,True,0.406,0.372,17.52,False
1198,2026-09-23T22:27:39.689805,True,0.406,0.380,17.52,False
1199,2026-09-23T22:27:39.720585,True,0.406,0.389,17.19,False
1200,2026-09-23T22:27:39.750652,True,0.387,0.394,17.05,False
1201,2026-09-23T22:27:39.781676,True,0.387,0.398,18.01,False
1202,2026-09-23T22:27:39.811701,False,,,17.01,False
1203,2026-09-23T22:27:39.844736,False,,,18.01,False
1204,2026-09-23T22:27:39.871771,False,,,17.03,False
1205,2026-09-23T22:27:39.908819,True,0.406,0.398,17.03,False
1206,2026-09-23T22:27:39.946693,True,0.406,0.398,17.51,False
1207,2026-09-23T22:27:39.987762,True,0.406,0.398,17.01,False
1208,2026-09-23T22:27:40.023797,True,0.406,0.402,16.51,False
1209,2026-09-23T22:27:40.053382,True,0.430,0.411,17.58,False
1210,2026-09-23T22:27:40.084319,True,0.430,0.416,16.52,False
1211,2026-09-23T22:27:40.118513,True,0.430,0.420,17.17,False
1212,2026-09-23T22:27:40.147481,True,0.453,0.430,17.59,False
1213,2026-09-23T22:27:40.178615,True,0.453,0.439,17.07,False
1214,2026-09-23T22:27:40.209192,True,0.363,0.426,16.57,False
1215,2026-09-23T22:27:40.240716,True,0.363,0.412,17.01,False
1216,2026-09-23T22:27:40.268803,False,,,17.06,False
1217,2026-09-23T22:27:40.307464,True,0.477,0.422,17.13,False
1218,2026-09-23T22:27:40.346930,True,0.477,0.427,17.02,False
1219,2026-09-23T22:27:40.387474,False,,,17.02,False
1220,2026-09-23T22:27:40.423756,False,,,17.12,False
1221,2026-09-23T22:27:40.456566,False,,,17.80,False
1222,2026-09-23T22:27:40.485600,False,,,17.02,False
1223,2026-09-23T22:27:40.516356,False,,,16.73,False
1224,2026-09-23T22:27:40.546440,True,0.363,0.409,17.01,False
1225,2026-09-23T22:27:40.579166,True,0.363,0.409,17.51,False
1226,2026-09-23T22:27:40.607785,False,,,17.11,False
1227,2026-09-23T22:27:40.637015,False,,,17.01,False
1228,2026-09-23T22:27:40.667627,True,0.363,0.409,17.11,False
1229,2026-09-23T22:27:40.723752,True,0.453,0.404,17.05,False
1230,2026-09-23T22:27:40.757817,True,0.453,0.399,17.06,False
1231,2026-09-23T22:27:40.788336,False,,,17.01,False
1232,2026-09-23T22:27:40.819462,False,,,17.11,False
1233,2026-09-23T22:27:40.850644,False,,,17.01,False
1234,2026-09-23T22:27:40.880696,False,,,17.02,False
1235,2026-09-23T22:27:40.911224,False,,,17.51,False
1236,2026-09-23T22:27:40.939780,False,,,16.94,False
1237,2026-09-23T22:27:40.972312,False,,,18.52,False
1238,2026-09-23T22:27:41.001329,False,,,17.51,False
1239,2026-09-23T22:27:41.034499,False,,,18.12,False
1240,2026-09-23T22:27:41.064616,False,,,17.02,False
1241,2026-09-23T22:27:41.123773,False,,,17.52,False
1242,2026-09-23T22:27:41.156808,False,,,17.02,False
1243,2026-09-23T22:27:41.187833,False,,,17.01,False
1244,2026-09-23T22:27:41.217357,False,,,17.02,False
1245,2026-09-23T22:27:41.251501,False,,,18.05,False
1246,2026-09-23T22:27:41.280606,False,,,17.01,False
1247,2026-09-23T22:27:41.311147,False,,,17.51,False
1248,2026-09-23T22:27:41.340730,False,,,17.05,False
1249,2026-09-23T22:27:41.370810,False,,,17.05,False
1250,2026-09-23T22:27:41.402961,True,0.363,0.399,16.63,False
1251,2026-09-23T22:27:41.430876,True,0.363,0.399,17.39,False
1252,2026-09-23T22:27:41.464547,False,,,17.11,False
1253,2026-09-23T22:27:41.523712,False,,,17.08,False
1254,2026-09-23T22:27:41.553500,False,,,17.01,False
1255,2026-09-23T22:27:41.586544,False,,,17.02,False
1256,2026-09-23T22:27:41.618635,True,0.406,0.408,17.06,False
1257,2026-09-23T22:27:41.660679,True,0.406,0.398,17.01,False
1258,2026-09-23T22:27:41.690712,True,0.430,0.394,17.01,False
1259,2026-09-23T22:27:41.720779,True,0.430,0.407,17.01,False
1260,2026-09-23T22:27:41.752811,True,0.387,0.412,17.01,False
1261,2026-09-23T22:27:41.784334,True,0.387,0.408,18.01,False
1262,2026-09-23T22:27:41.813371,False,,,16.52,False
1263,2026-09-23T22:27:41.844475,False,,,17.01,False
1264,2026-09-23T22:27:41.876122,True,0.363,0.399,16.56,False
1265,2026-09-23T22:27:41.924854,False,,,17.69,False
1266,2026-09-23T22:27:41.951466,False,,,17.51,False
1267,2026-09-23T22:27:41.983667,False,,,17.18,False
1268,2026-09-23T22:27:42.015775,False,,,18.58,False
1269,2026-09-23T22:27:42.044804,False,,,17.02,False
1270,2026-09-23T22:27:42.074375,False,,,16.56,False
1271,2026-09-23T22:27:42.106464,False,,,17.02,False
1272,2026-09-23T22:27:42.137489,False,,,17.01,False
1273,2026-09-23T22:27:42.168616,False,,,17.02,False
1274,2026-09-23T22:27:42.199667,False,,,17.04,False
1275,2026-09-23T22:27:42.231692,False,,,19.01,False
1276,2026-09-23T22:27:42.262726,True,0.363,0.386,18.01,False
1277,2026-09-23T22:27:42.290348,True,0.363,0.373,17.58,False
1278,2026-09-23T22:27:42.322661,False,,,17.02,False
1279,2026-09-23T22:27:42.352713,False,,,17.01,False
1280,2026-09-23T22:27:42.387792,False,,,17.02,False
1281,2026-09-23T22:27:42.426456,False,,,17.14,False
1282,2026-09-23T22:27:42.458698,True,0.406,0.377,17.21,False
1283,2026-09-23T22:27:42.489755,True,0.406,0.380,17.02,False
1284,2026-09-23T22:27:42.519803,False,,,17.52,False
1285,2026-09-23T22:27:42.550825,False,,,16.51,False
1286,2026-09-23T22:27:42.595357,False,,,17.01,False
1287,2026-09-23T22:27:42.629573,False,,,17.09,False
1288,2026-09-23T22:27:42.661741,False,,,17.06,False
1289,2026-09-23T22:27:42.689764,False,,,17.01,False
1290,2026-09-23T22:27:42.723328,False,,,17.52,False
1291,2026-09-23T22:27:42.750465,False,,,17.06,False
1292,2026-09-23T22:27:42.787358,True,0.363,0.380,16.88,False
1293,2026-09-23T22:27:42.828581,True,0.363,0.380,17.55,False
1294,2026-09-23T22:27:42.856758,True,0.387,0.385,17.07,False
1295,2026-09-23T22:27:42.887790,True,0.387,0.381,17.02,False
1296,2026-09-23T22:27:42.931339,False,,,17.41,False
1297,2026-09-23T22:27:42.963803,False,,,17.02,False
1298,2026-09-23T22:27:42.995671,False,,,17.36,False
1299,2026-09-23T22:27:43.023698,False,,,17.02,False
1300,2026-09-23T22:27:43.059722,False,,,17.01,False
1301,2026-09-23T22:27:43.098778,False,,,17.04,False
1302,2026-09-23T22:27:43.130451,False,,,18.08,False
1303,2026-09-23T22:27:43.159469,False,,,16.51,False
1304,2026-09-23T22:27:43.191388,False,,,17.51,False
1305,2026-09-23T22:27:43.223691,False,,,17.29,False
1306,2026-09-23T22:27:43.253732,False,,,17.04,False
1307,2026-09-23T22:27:43.283752,False,,,17.01,False
1308,2026-09-23T22:27:43.332336,False,,,16.83,False
1309,2026-09-23T22:27:43.360350,False,,,16.51,False
1310,2026-09-23T22:27:43.395513,False,,,17.15,False
1311,2026-09-23T22:27:43.423586,False,,,17.06,False
1312,2026-09-23T22:27:43.461622,False,,,17.01,False
1313,2026-09-23T22:27:43.500696,False,,,17.05,False
1314,2026-09-23T22:27:43.530723,False,,,18.01,False
1315,2026-09-23T22:27:43.561748,False,,,17.01,False
1316,2026-09-23T22:27:43.589802,False,,,17.52,False
1317,2026-09-23T22:27:43.619324,False,,,17.01,False
1318,2026-09-23T22:27:43.667615,False,,,17.13,False
1319,2026-09-23T22:27:43.694716,False,,,17.02,False
1320,2026-09-23T22:27:43.731752,False,,,17.01,False
1321,2026-09-23T22:27:43.770803,False,,,17.01,False
1322,2026-09-23T22:27:43.801439,False,,,17.12,False
1323,2026-09-23T22:27:43.831598,False,,,17.01,False
1324,2026-09-23T22:27:43.860639,False,,,17.01,False
1325,2026-09-23T22:27:43.890718,False,,,17.01,False
1326,2026-09-23T22:27:43.926030,False,,,16.74,False
1327,2026-09-23T22:27:43.952292,False,,,17.48,False
1328,2026-09-23T22:27:43.987324,False,,,16.52,False
1329,2026-09-23T22:27:44.029879,False,,,17.51,False
1330,2026-09-23T22:27:44.067541,False,,,17.02,False
1331,2026-09-23T22:27:44.104673,False,,,17.07,False
1332,2026-09-23T22:27:44.137698,False,,,17.02,False
1333,2026-09-23T22:27:44.166921,False,,,17.02,False
1334,2026-09-23T22:27:44.198443,False,,,17.02,False
1335,2026-09-23T22:27:44.229555,False,,,17.07,False
1336,2026-09-23T22:27:44.262693,False,,,17.05,False
1337,2026-09-23T22:27:44.290765,False,,,17.01,False
1338,2026-09-23T22:27:44.323797,False,,,17.02,False
1339,2026-09-23T22:27:44.353321,False,,,16.51,False
1340,2026-09-23T22:27:44.403362,False,,,17.01,False
1341,2026-09-23T22:27:44.444465,False,,,17.57,False
1342,2026-09-23T22:27:44.475980,False,,,17.02,False
1343,2026-09-23T22:27:44.507618,False,,,17.13,False
1344,2026-09-23T22:27:44.537694,False,,,17.03,False
1345,2026-09-23T22:27:44.569706,False,,,17.01,False
1346,2026-09-23T22:27:44.600738,False,,,17.01,False
1347,2026-09-23T22:27:44.628797,False,,,17.02,False
1348,2026-09-23T22:27:44.659822,False,,,17.51,False
1349,2026-09-23T22:27:44.690895,False,,,17.51,False
1350,2026-09-23T22:27:44.722982,False,,,16.51,False
1351,2026-09-23T22:27:44.754043,False,,,17.55,False
1352,2026-09-23T22:27:44.803577,True,0.430,0.386,17.01,False
1353,2026-09-23T22:27:44.833663,True,0.430,0.399,17.03,False
1354,2026-09-23T22:27:44.867731,False,,,17.01,False
1355,2026-09-23T22:27:44.907764,False,,,17.02,False
1356,2026-09-23T22:27:44.939143,False,,,18.14,False
1357,2026-09-23T22:27:44.968661,False,,,17.01,False
1358,2026-09-23T22:27:44.998687,False,,,17.02,False
1359,2026-09-23T22:27:45.028712,False,,,17.51,False
1360,2026-09-23T22:27:45.059763,False,,,17.04,False
1361,2026-09-23T22:27:45.089789,False,,,18.02,False
1362,2026-09-23T22:27:45.123610,False,,,17.80,False
1363,2026-09-23T22:27:45.164638,False,,,17.01,False
1364,2026-09-23T22:27:45.203665,False,,,17.01,False
1365,2026-09-23T22:27:45.239700,False,,,17.02,False
1366,2026-09-23T22:27:45.270765,False,,,17.01,False
1367,2026-09-23T22:27:45.303816,False,,,18.01,False
1368,2026-09-23T22:27:45.332385,False,,,17.01,False
1369,2026-09-23T22:27:45.360927,False,,,16.51,False
1370,2026-09-23T22:27:45.394664,False,,,17.12,False
1371,2026-09-23T22:27:45.423700,False,,,17.02,False
1372,2026-09-23T22:27:45.459773,False,,,17.06,False
1373,2026-09-23T22:27:45.499888,False,,,17.57,False
1374,2026-09-23T22:27:45.539594,False,,,17.10,False
1375,2026-09-23T22:27:45.576646,False,,,17.02,False
1376,2026-09-23T22:27:45.604698,False,,,17.02,False
1377,2026-09-23T22:27:45.635726,False,,,17.02,False
1378,2026-09-23T22:27:45.667794,False,,,17.06,False
1379,2026-09-23T22:27:45.697316,False,,,17.01,False
1380,2026-09-23T22:27:45.731055,False,,,16.51,False
1381,2026-09-23T22:27:45.758646,False,,,17.08,False
1382,2026-09-23T22:27:45.794750,False,,,17.01,False
1383,2026-09-23T22:27:45.833806,False,,,16.56,False
1384,2026-09-23T22:27:45.865326,False,,,17.01,False
1385,2026-09-23T22:27:45.894386,False,,,16.55,False
1386,2026-09-23T22:27:45.940234,False,,,17.46,False
1387,2026-09-23T22:27:45.969752,False,,,17.01,False
1388,2026-09-23T22:27:46.003330,False,,,16.56,False
1389,2026-09-23T22:27:46.031423,False,,,17.06,False
1390,2026-09-23T22:27:46.067988,False,,,17.02,False
1391,2026-09-23T22:27:46.095604,False,,,17.11,False
1392,2026-09-23T22:27:46.131662,False,,,17.01,False
1393,2026-09-23T22:27:46.170704,False,,,18.03,False
1394,2026-09-23T22:27:46.201724,False,,,17.01,False
1395,2026-09-23T22:27:46.233752,False,,,17.01,False
1396,2026-09-23T22:27:46.275680,False,,,17.52,False
1397,2026-09-23T22:27:46.306701,False,,,17.01,False
1398,2026-09-23T22:27:46.339778,False,,,17.06,False
1399,2026-09-23T22:27:46.367683,False,,,16.52,False
1400,2026-09-23T22:27:46.403625,False,,,17.01,False
1401,2026-09-23T22:27:46.442657,False,,,17.01,False
1402,2026-09-23T22:27:46.472500,False,,,17.01,False
1403,2026-09-23T22:27:46.502793,False,,,17.27,False
1404,2026-09-23T22:27:46.532796,False,,,17.02,False
1405,2026-09-23T22:27:46.562312,False,,,16.50,False
1406,2026-09-23T22:27:46.594028,False,,,16.55,False
1407,2026-09-23T22:27:46.625707,False,,,17.17,False
1408,2026-09-23T22:27:46.674796,False,,,17.04,False
1409,2026-09-23T22:27:46.717838,False,,,16.53,False
1410,2026-09-23T22:27:46.745522,False,,,17.18,False
1411,2026-09-23T22:27:46.778562,False,,,17.02,False
1412,2026-09-23T22:27:46.806743,False,,,17.02,False
1413,2026-09-23T22:27:46.839785,False,,,19.02,False
1414,2026-09-23T22:27:46.869313,False,,,17.02,False
1415,2026-09-23T22:27:46.898399,False,,,17.01,False
1416,2026-09-23T22:27:46.931113,False,,,16.63,False
1417,2026-09-23T22:27:46.961316,False,,,16.51,False
1418,2026-09-23T22:27:47.010146,False,,,16.59,False
1419,2026-09-23T22:27:47.037678,False,,,17.02,False
1420,2026-09-23T22:27:47.075211,False,,,16.52,False
1421,2026-09-23T22:27:47.112486,False,,,16.74,False
1422,2026-09-23T22:27:47.145475,False,,,17.01,False
1423,2026-09-23T22:27:47.176631,False,,,17.10,False
1424,2026-09-23T22:27:47.204659,False,,,17.02,False
1425,2026-09-23T22:27:47.235739,False,,,17.07,False
1426,2026-09-23T22:27:47.267798,False,,,17.05,False
1427,2026-09-23T22:27:47.297429,False,,,17.62,False
1428,2026-09-23T22:27:47.332465,False,,,17.51,False
1429,2026-09-23T22:27:47.375616,False,,,17.14,False
1430,2026-09-23T22:27:47.411761,False,,,17.13,False
1431,2026-09-23T22:27:47.448847,False,,,16.51,False
1432,2026-09-23T22:27:47.480603,False,,,17.15,False
1433,2026-09-23T22:27:47.511123,False,,,16.51,False
1434,2026-09-23T22:27:47.541645,False,,,17.01,False
1435,2026-09-23T22:27:47.569689,False,,,17.01,False
1436,2026-09-23T22:27:47.602766,False,,,17.01,False
1437,2026-09-23T22:27:47.630891,False,,,16.51,False
1438,2026-09-23T22:27:47.668008,False,,,16.54,False
1439,2026-09-23T22:27:47.697552,False,,,17.04,False
1440,2026-09-23T22:27:47.747660,False,,,17.02,False
1441,2026-09-23T22:27:47.785684,False,,,17.01,False
1442,2026-09-23T22:27:47.817722,False,,,17.03,False
1443,2026-09-23T22:27:47.845323,False,,,16.56,False
1444,2026-09-23T22:27:47.876535,False,,,17.02,False
1445,2026-09-23T22:27:47.907000,False,,,17.02,False
1446,2026-09-23T22:27:47.939761,False,,,17.09,False
1447,2026-09-23T22:27:47.968782,False,,,17.01,False
1448,2026-09-23T22:27:48.003315,False,,,17.52,False
1449,2026-09-23T22:27:48.044635,False,,,17.26,False
1450,2026-09-23T22:27:48.074676,False,,,17.02,False
1451,2026-09-23T22:27:48.105697,False,,,17.01,False
1452,2026-09-23T22:27:48.147573,False,,,17.13,False
1453,2026-09-23T22:27:48.181129,False,,,16.51,False
1454,2026-09-23T22:27:48.211669,False,,,17.03,False
1455,2026-09-23T22:27:48.241586,False,,,17.01,False
1456,2026-09-23T22:27:48.275613,False,,,17.01,False
1457,2026-09-23T22:27:48.317104,False,,,17.30,False
1458,2026-09-23T22:27:48.347625,False,,,17.01,False
1459,2026-09-23T22:27:48.377681,False,,,17.05,False
1460,2026-09-23T22:27:48.407707,False,,,17.02,False
1461,2026-09-23T22:27:48.437757,False,,,17.02,False
1462,2026-09-23T22:27:48.483380,False,,,17.01,False
1463,2026-09-23T22:27:48.519422,False,,,17.02,False
1464,2026-09-23T22:27:48.560650,False,,,17.04,False
1465,2026-09-23T22:27:48.591177,False,,,17.51,False
1466,2026-09-23T22:27:48.619728,False,,,17.03,False
1467,2026-09-23T22:27:48.651746,False,,,17.01,False
1468,2026-09-23T22:27:48.681773,False,,,17.01,False
1469,2026-09-23T22:27:48.710799,False,,,17.01,False
1470,2026-09-23T22:27:48.743347,False,,,17.01,False
1471,2026-09-23T22:27:48.785622,False,,,17.63,False
1472,2026-09-23T22:27:48.819668,False,,,17.04,False
1473,2026-09-23T22:27:48.850703,False,,,17.02,False
1474,2026-09-23T22:27:48.884286,False,,,17.80,False
1475,2026-09-23T22:27:48.910830,False,,,17.03,False
1476,2026-09-23T22:27:48.945506,False,,,17.53,False
1477,2026-09-23T22:27:48.973541,False,,,17.02,False
1478,2026-09-23T22:27:49.002577,False,,,17.01,False
1479,2026-09-23T22:27:49.034651,False,,,17.01,False
1480,2026-09-23T22:27:49.074713,False,,,17.02,False
1481,2026-09-23T22:27:49.110835,False,,,17.05,False
1482,2026-09-23T22:27:49.142409,False,,,19.01,False
1483,2026-09-23T22:27:49.174366,False,,,18.82,False
1484,2026-09-23T22:27:49.219342,False,,,16.96,False
1485,2026-09-23T22:27:49.251424,False,,,19.07,False
1486,2026-09-23T22:27:49.282524,False,,,17.01,False
1487,2026-09-23T22:27:49.310596,False,,,18.07,False
1488,2026-09-23T22:27:49.338623,False,,,18.02,False
1489,2026-09-23T22:27:49.370091,False,,,16.43,False
1490,2026-09-23T22:27:49.399864,False,,,17.26,False
1491,2026-09-23T22:27:49.430666,False,,,18.30,False
1492,2026-09-23T22:27:49.474752,False,,,17.02,False
1493,2026-09-23T22:27:49.505324,False,,,17.57,False
1494,2026-09-23T22:27:49.539376,False,,,17.02,False
1495,2026-09-23T22:27:49.581463,False,,,17.51,False
1496,2026-09-23T22:27:49.620636,False,,,17.04,False
1497,2026-09-23T22:27:49.658721,False,,,17.04,False
1498,2026-09-23T22:27:49.690022,False,,,17.51,False
1499,2026-09-23T22:27:49.717575,False,,,17.04,False
1500,2026-09-23T22:27:49.749648,False,,,17.07,False
1501,2026-09-23T22:27:49.779737,False,,,17.03,False
1502,2026-09-23T22:27:49.810808,False,,,17.01,False
1503,2026-09-23T22:27:49.840851,False,,,17.51,False
1504,2026-09-23T22:27:49.874381,False,,,16.74,False
1505,2026-09-23T22:27:49.916983,False,,,17.52,False
1506,2026-09-23T22:27:49.945769,False,,,17.19,False
1507,2026-09-23T22:27:49.979311,False,,,17.01,False
1508,2026-09-23T22:27:50.020340,False,,,17.51,False
1509,2026-09-23T22:27:50.057424,False,,,18.02,False
1510,2026-09-23T22:27:50.088499,False,,,18.57,False
1511,2026-09-23T22:27:50.119529,False,,,18.02,False
1512,2026-09-23T22:27:50.149704,False,,,17.13,False
1513,2026-09-23T22:27:50.179784,False,,,17.05,False
1514,2026-09-23T22:27:50.209315,False,,,17.02,False
1515,2026-09-23T22:27:50.241318,False,,,17.51,False
1516,2026-09-23T22:27:50.275472,False,,,18.02,False
1517,2026-09-23T22:27:50.318405,False,,,18.52,False
1518,2026-09-23T22:27:50.356862,False,,,19.14,False
1519,2026-09-23T22:27:50.392453,False,,,17.01,False
1520,2026-09-23T22:27:50.425607,False,,,17.74,False
1521,2026-09-23T22:27:50.455493,False,,,17.88,False
1522,2026-09-23T22:27:50.485606,False,,,17.74,False
1523,2026-09-23T22:27:50.514712,False,,,17.07,False
1524,2026-09-23T22:27:50.547740,False,,,17.02,False
1525,2026-09-23T22:27:50.576561,False,,,16.79,False
1526,2026-09-23T22:27:50.608022,False,,,18.02,False
1527,2026-09-23T22:27:50.637539,False,,,17.01,False
1528,2026-09-23T22:27:50.675667,False,,,17.02,False
1529,2026-09-23T22:27:50.712816,False,,,17.01,False
1530,2026-09-23T22:27:50.754851,False,,,17.01,False
1531,2026-09-23T22:27:50.789374,False,,,17.02,False
1532,2026-09-23T22:27:50.823475,False,,,17.85,False
1533,2026-09-23T22:27:50.854499,False,,,17.01,False
1534,2026-09-23T22:27:50.884585,False,,,17.02,False
1535,2026-09-23T22:27:50.915644,False,,,17.05,False
1536,2026-09-23T22:27:50.942738,False,,,17.07,False
1537,2026-09-23T22:27:50.974813,False,,,17.02,False
1538,2026-09-23T22:27:51.005677,False,,,17.52,False
1539,2026-09-23T22:27:51.034730,False,,,17.01,False
1540,2026-09-23T22:27:51.066807,False,,,17.07,False
1541,2026-09-23T22:27:51.097841,False,,,18.02,False
1542,2026-09-23T22:27:51.155005,False,,,17.55,False
1543,2026-09-23T22:27:51.191032,False,,,17.51,False
1544,2026-09-23T22:27:51.220584,False,,,17.01,False
1545,2026-09-23T22:27:51.251609,False,,,18.01,False
1546,2026-09-23T22:27:51.282729,False,,,17.02,False
1547,2026-09-23T22:27:51.310755,False,,,17.51,False
1548,2026-09-23T22:27:51.340804,False,,,17.01,False
1549,2026-09-23T22:27:51.373859,False,,,17.54,False
1550,2026-09-23T22:27:51.403378,False,,,17.01,False
1551,2026-09-23T22:27:51.433588,False,,,17.20,False
1552,2026-09-23T22:27:51.491625,False,,,17.51,False
1553,2026-09-23T22:27:51.523707,False,,,17.07,False
1554,2026-09-23T22:27:51.554758,False,,,17.02,False
1555,2026-09-23T22:27:51.584377,False,,,17.61,False
1556,2026-09-23T22:27:51.615037,False,,,17.60,False
1557,2026-09-23T22:27:51.645636,False,,,17.09,False
1558,2026-09-23T22:27:51.675329,False,,,17.54,False
1559,2026-09-23T22:27:51.705852,False,,,17.02,False
1560,2026-09-23T22:27:51.749416,False,,,29.06,False
1561,2026-09-23T22:27:51.865682,False,,,45.13,False
1562,2026-09-23T22:27:52.006899,False,,,63.33,False
1563,2026-09-23T22:27:52.130651,False,,,49.76,False
1564,2026-09-23T22:27:52.246821,False,,,44.03,False
1565,2026-09-23T22:27:52.365614,False,,,55.05,False
1566,2026-09-23T22:27:52.495808,False,,,47.56,False
1567,2026-09-23T22:27:52.618747,False,,,33.15,False
1568,2026-09-23T22:27:52.753717,False,,,62.35,False
1569,2026-09-23T22:27:52.847784,False,,,50.03,False
1570,2026-09-23T22:27:52.970807,False,,,47.05,False
1571,2026-09-23T22:27:53.077310,False,,,50.97,False
1572,2026-09-23T22:27:53.179299,False,,,45.62,False
1573,2026-09-23T22:27:53.306807,False,,,51.11,False
1574,2026-09-23T22:27:53.442660,False,,,63.57,False
1575,2026-09-23T22:27:53.564322,False,,,49.53,False
1576,2026-09-23T22:27:53.695347,False,,,44.58,False
1577,2026-09-23T22:27:53.804455,False,,,45.06,False
1578,2026-09-23T22:27:53.932605,False,,,46.51,False
1579,2026-09-23T22:27:54.058754,False,,,50.98,False
1580,2026-09-23T22:27:54.180849,False,,,48.96,False
1581,2026-09-23T22:27:54.308734,False,,,54.59,False
1582,2026-09-23T22:27:54.525648,False,,,135.23,False
1583,2026-09-23T22:27:54.657571,False,,,55.19,False
1584,2026-09-23T22:27:54.800390,False,,,76.66,False
1585,2026-09-23T22:27:54.924616,False,,,48.35,False
1586,2026-09-23T22:27:55.051422,False,,,49.05,False
1587,2026-09-23T22:27:55.183720,False,,,58.06,False
1588,2026-09-23T22:27:55.324808,False,,,49.38,False
1589,2026-09-23T22:27:55.466692,False,,,69.05,False
1590,2026-09-23T22:27:55.584694,False,,,50.08,False
1591,2026-09-23T22:27:55.725619,False,,,51.59,False
1592,2026-09-23T22:27:55.842792,False,,,48.06,False
1593,2026-09-23T22:27:55.983727,False,,,52.43,False
1594,2026-09-23T22:27:56.082330,False,,,46.54,False
1595,2026-09-23T22:27:56.186699,False,,,45.56,False
1596,2026-09-23T22:27:56.311139,False,,,48.33,False
1597,2026-09-23T22:27:56.433752,False,,,63.23,False
1598,2026-09-23T22:27:56.574606,False,,,53.29,False
1599,2026-09-23T22:27:56.685727,False,,,57.06,False
1600,2026-09-23T22:27:56.794722,False,,,45.17,False
1601,2026-09-23T22:27:56.918919,False,,,48.38,False
1602,2026-09-23T22:27:57.046586,False,,,52.05,False
1603,2026-09-23T22:27:57.175776,False,,,61.11,False
1604,2026-09-23T22:27:57.313667,False,,,48.11,False
1605,2026-09-23T22:27:57.454803,False,,,53.06,False
1606,2026-09-23T22:27:57.596659,False,,,55.05,False
1607,2026-09-23T22:27:57.720896,False,,,60.12,False
1608,2026-09-23T22:27:57.831668,False,,,48.05,False
1609,2026-09-23T22:27:57.951439,False,,,47.64,False
1610,2026-09-23T22:27:58.076802,False,,,51.07,False
1611,2026-09-23T22:27:58.196798,False,,,50.08,False
1612,2026-09-23T22:27:58.326190,False,,,59.62,False
1613,2026-09-23T22:27:58.445490,False,,,42.69,False
1614,2026-09-23T22:27:58.558983,False,,,48.65,False
1615,2026-09-23T22:27:58.679449,False,,,46.65,False
1616,2026-09-23T22:27:58.798741,False,,,44.37,False
1617,2026-09-23T22:27:58.923581,False,,,48.76,False
1618,2026-09-23T22:27:59.058728,False,,,45.05,False
1619,2026-09-23T22:27:59.190749,False,,,58.43,False
1620,2026-09-23T22:27:59.311696,False,,,56.29,False
1621,2026-09-23T22:27:59.425350,False,,,50.58,False
1622,2026-09-23T22:27:59.547379,False,,,50.63,False
1623,2026-09-23T22:27:59.674762,False,,,55.12,False
1624,2026-09-23T22:27:59.776991,False,,,36.66,False
1625,2026-09-23T22:27:59.905784,False,,,57.30,False
1626,2026-09-23T22:28:00.024808,False,,,70.13,False
1627,2026-09-23T22:28:00.150802,False,,,60.06,False
1628,2026-09-23T22:28:00.282682,False,,,54.13,False
1629,2026-09-23T22:28:00.427804,False,,,78.05,False
1630,2026-09-23T22:28:00.551775,False,,,51.21,False
1631,2026-09-23T22:28:00.676427,False,,,53.67,False
1632,2026-09-23T22:28:00.795528,False,,,48.08,False
1633,2026-09-23T22:28:00.896495,False,,,42.12,False
1634,2026-09-23T22:28:01.021382,False,,,57.83,False
1635,2026-09-23T22:28:01.157881,False,,,57.47,False
1636,2026-09-23T22:28:01.266742,False,,,42.08,False
1637,2026-09-23T22:28:01.405374,False,,,56.50,False
1638,2026-09-23T22:28:01.530393,False,,,68.76,False
1639,2026-09-23T22:28:01.628465,False,,,49.67,False
1640,2026-09-23T22:28:01.747701,False,,,62.10,False
1641,2026-09-23T22:28:01.878693,False,,,55.27,False
1642,2026-09-23T22:28:01.945664,False,,,18.23,False
1643,2026-09-23T22:28:02.061338,False,,,41.59,False
1644,2026-09-23T22:28:02.200661,False,,,58.00,False
1645,2026-09-23T22:28:02.329652,False,,,47.37,False
1646,2026-09-23T22:28:02.443828,False,,,25.02,False
1647,2026-09-23T22:28:02.558726,False,,,49.07,False
1648,2026-09-23T22:28:02.693589,False,,,63.26,False
1649,2026-09-23T22:28:02.816933,False,,,48.24,False
1650,2026-09-23T22:28:02.952472,False,,,61.34,False
1651,2026-09-23T22:28:03.071787,False,,,47.07,False
1652,2026-09-23T22:28:03.193429,False,,,46.01,False
1653,2026-09-23T22:28:03.334687,False,,,49.61,False
1654,2026-09-23T22:28:03.475346,False,,,54.54,False
1655,2026-09-23T22:28:03.606736,False,,,48.07,False
1656,2026-09-23T22:28:03.720609,False,,,25.01,False
1657,2026-09-23T22:28:03.831762,False,,,47.07,False
1658,2026-09-23T22:28:03.968580,False,,,62.42,False
1659,2026-09-23T22:28:04.115641,False,,,72.16,False
1660,2026-09-23T22:28:04.226549,False,,,60.79,False
1661,2026-09-23T22:28:04.349582,False,,,47.26,False
1662,2026-09-23T22:28:04.469828,False,,,45.18,False
1663,2026-09-23T22:28:04.606679,False,,,46.08,False
1664,2026-09-23T22:28:04.728725,False,,,46.14,False
1665,2026-09-23T22:28:04.856350,False,,,54.03,False
1666,2026-09-23T22:28:04.985122,False,,,57.58,False
1667,2026-09-23T22:28:05.114349,False,,,52.59,False
1668,2026-09-23T22:28:05.221614,False,,,52.12,False
1669,2026-09-23T22:28:05.362529,False,,,70.78,False
1670,2026-09-23T22:28:05.480650,False,,,49.09,False
1671,2026-09-23T22:28:05.594727,False,,,26.61,False
1672,2026-09-23T22:28:05.629787,False,,,17.02,False
1673,2026-09-23T22:28:05.658322,False,,,17.53,False
1674,2026-09-23T22:28:05.702374,False,,,17.02,False
1675,2026-09-23T22:28:05.743874,False,,,17.01,False
1676,2026-09-23T22:28:05.795336,False,,,17.52,False
1677,2026-09-23T22:28:05.822872,False,,,16.51,False
1678,2026-09-23T22:28:05.859912,False,,,16.51,False
1679,2026-09-23T22:28:05.901668,False,,,16.51,False
1680,2026-09-23T22:28:05.940233,False,,,17.52,False
1681,2026-09-23T22:28:05.982484,False,,,16.55,False
1682,2026-09-23T22:28:06.010020,False,,,16.51,False
1683,2026-09-23T22:28:06.040647,False,,,17.07,False
1684,2026-09-23T22:28:06.070695,False,,,17.01,False
1685,2026-09-23T22:28:06.106731,False,,,16.51,False
1686,2026-09-23T22:28:06.146328,False,,,16.56,False
1687,2026-09-23T22:28:06.176531,False,,,17.02,False
1688,2026-09-23T22:28:06.210678,False,,,17.02,False
1689,2026-09-23T22:28:06.239776,False,,,17.06,False
1690,2026-09-23T22:28:06.275317,False,,,17.52,False
1691,2026-09-23T22:28:06.314410,False,,,17.02,False
1692,2026-09-23T22:28:06.352583,False,,,18.11,False
1693,2026-09-23T22:28:06.394625,False,,,17.02,False
1694,2026-09-23T22:28:06.509608,False,,,51.90,False
1695,2026-09-23T22:28:06.639887,False,,,59.11,False
1696,2026-09-23T22:28:06.722352,False,,,22.01,False
1697,2026-09-23T22:28:06.839678,False,,,47.34,False
1698,2026-09-23T22:28:06.966787,False,,,51.18,False
1699,2026-09-23T22:28:07.118925,False,,,82.37,False
1700,2026-09-23T22:28:07.241693,False,,,50.59,False
1701,2026-09-23T22:28:07.361609,False,,,50.81,False
1702,2026-09-23T22:28:07.481764,False,,,47.09,False
1703,2026-09-23T22:28:07.622607,False,,,50.83,False
1704,2026-09-23T22:28:07.745455,False,,,53.67,False
1705,2026-09-23T22:28:07.835724,False,,,21.03,False
1706,2026-09-23T22:28:07.864753,False,,,17.52,False
1707,2026-09-23T22:28:07.900378,False,,,16.59,False
1708,2026-09-23T22:28:07.931475,False,,,17.06,False
1709,2026-09-23T22:28:07.961494,False,,,16.51,False
1710,2026-09-23T22:28:07.992564,False,,,17.02,False
1711,2026-09-23T22:28:08.022585,False,,,17.01,False
1712,2026-09-23T22:28:08.054612,False,,,17.52,False
1713,2026-09-23T22:28:08.083153,False,,,17.01,False
1714,2026-09-23T22:28:08.112694,False,,,17.01,False
1715,2026-09-23T22:28:08.142754,False,,,17.01,False
1716,2026-09-23T22:28:08.172799,False,,,17.02,False
1717,2026-09-23T22:28:08.203338,False,,,17.02,False
1718,2026-09-23T22:28:08.233358,False,,,17.01,False
1719,2026-09-23T22:28:08.263874,False,,,17.01,False
1720,2026-09-23T22:28:08.295898,False,,,16.52,False
1721,2026-09-23T22:28:08.327518,False,,,17.12,False
1722,2026-09-23T22:28:08.357109,False,,,16.58,False
1723,2026-09-23T22:28:08.388138,False,,,17.52,False
1724,2026-09-23T22:28:08.417710,False,,,17.06,False
1725,2026-09-23T22:28:08.449757,False,,,17.04,False
1726,2026-09-23T22:28:08.482653,False,,,17.12,False
1727,2026-09-23T22:28:08.522718,False,,,17.01,False
1728,2026-09-23T22:28:08.552763,False,,,17.01,False
1729,2026-09-23T22:28:08.582809,False,,,17.01,False
1730,2026-09-23T22:28:08.613425,False,,,17.01,False
1731,2026-09-23T22:28:08.644810,False,,,17.03,False
1732,2026-09-23T22:28:08.674590,False,,,16.77,False
1733,2026-09-23T22:28:08.707624,False,,,16.52,False
1734,2026-09-23T22:28:08.739671,False,,,17.02,False
1735,2026-09-23T22:28:08.781702,False,,,17.01,False
1736,2026-09-23T22:28:08.810968,False,,,16.25,False
1737,2026-09-23T22:28:08.842996,False,,,17.01,False
1738,2026-09-23T22:28:08.882579,False,,,17.01,False
1739,2026-09-23T22:28:08.923618,False,,,20.02,False
1740,2026-09-23T22:28:08.950979,False,,,16.77,False
1741,2026-09-23T22:28:08.982403,False,,,16.51,False
1742,2026-09-23T22:28:09.014365,False,,,17.01,False
1743,2026-09-23T22:28:09.044414,False,,,17.02,False
1744,2026-09-23T22:28:09.076769,True,0.363,0.399,17.34,False
1745,2026-09-23T22:28:09.108861,True,0.363,0.395,17.58,False
1746,2026-09-23T22:28:09.139958,False,,,17.59,False
1747,2026-09-23T22:28:09.167484,False,,,17.02,False
1748,2026-09-23T22:28:09.202753,True,0.363,0.390,16.57,False
1749,2026-09-23T22:28:09.245345,True,0.363,0.377,17.52,False
1750,2026-09-23T22:28:09.283956,True,0.363,0.363,17.57,False
1751,2026-09-23T22:28:09.323591,True,0.363,0.363,17.01,False
1752,2026-09-23T22:28:09.353613,False,,,16.51,False
1753,2026-09-23T22:28:09.384635,False,,,17.01,False
1754,2026-09-23T22:28:09.414816,False,,,17.07,False
1755,2026-09-23T22:28:09.444842,True,0.363,0.363,17.01,False
1756,2026-09-23T22:28:09.475367,False,,,17.02,False
1757,2026-09-23T22:28:09.507758,False,,,17.02,False
1758,2026-09-23T22:28:09.538834,False,,,16.51,False
1759,2026-09-23T22:28:09.567929,False,,,16.59,False
1760,2026-09-23T22:28:09.619741,False,,,17.06,False
1761,2026-09-23T22:28:09.660814,False,,,17.05,False
1762,2026-09-23T22:28:09.690894,False,,,16.57,False
1763,2026-09-23T22:28:09.720000,False,,,16.51,False
1764,2026-09-23T22:28:09.750629,False,,,17.00,False
1765,2026-09-23T22:28:09.781668,False,,,17.01,False
1766,2026-09-23T22:28:09.811030,False,,,16.51,False
1767,2026-09-23T22:28:09.840333,False,,,16.51,False
1768,2026-09-23T22:28:09.874959,False,,,17.03,False
1769,2026-09-23T22:28:09.903986,False,,,17.52,False
1770,2026-09-23T22:28:09.940752,False,,,17.06,False
1771,2026-09-23T22:28:09.980352,False,,,16.51,False
1772,2026-09-23T22:28:10.019380,False,,,17.01,False
1773,2026-09-23T22:28:10.057006,False,,,17.02,False
1774,2026-09-23T22:28:10.088902,False,,,17.39,False
1775,2026-09-23T22:28:10.118433,False,,,17.02,False
1776,2026-09-23T22:28:10.149624,False,,,17.14,False
1777,2026-09-23T22:28:10.179737,False,,,17.06,False
1778,2026-09-23T22:28:10.211459,False,,,17.06,False
1779,2026-09-23T22:28:10.240628,False,,,17.08,False
1780,2026-09-23T22:28:10.274735,False,,,17.02,False
1781,2026-09-23T22:28:10.315348,False,,,17.01,False
1782,2026-09-23T22:28:10.354604,False,,,17.06,False
1783,2026-09-23T22:28:10.394644,False,,,20.52,False
1784,2026-09-23T22:28:10.422659,False,,,17.01,False
1785,2026-09-23T22:28:10.452680,False,,,17.01,False
1786,2026-09-23T22:28:10.482341,False,,,16.95,False
1787,2026-09-23T22:28:10.512948,False,,,16.59,False
1788,2026-09-23T22:28:10.549480,False,,,17.02,False
1789,2026-09-23T22:28:10.578528,False,,,17.02,False
1790,2026-09-23T22:28:10.609761,False,,,17.01,False
1791,2026-09-23T22:28:10.636781,False,,,16.52,False
1792,2026-09-23T22:28:10.675322,False,,,17.52,False
1793,2026-09-23T22:28:10.713991,False,,,17.56,False
1794,2026-09-23T22:28:10.754546,False,,,17.02,False
1795,2026-09-23T22:28:10.791178,False,,,17.52,False
1796,2026-09-23T22:28:10.820752,False,,,17.01,False
1797,2026-09-23T22:28:10.851783,False,,,17.02,False
1798,2026-09-23T22:28:10.884920,False,,,17.01,False
1799,2026-09-23T22:28:10.910534,False,,,17.01,False
1800,2026-09-23T22:28:10.945031,False,,,17.09,False
1801,2026-09-23T22:28:10.973548,False,,,17.01,False
1802,2026-09-23T22:28:11.004804,False,,,17.16,False
1803,2026-09-23T22:28:11.036830,False,,,17.02,False
1804,2026-09-23T22:28:11.095255,False,,,17.77,False
1805,2026-09-23T22:28:11.128780,False,,,17.02,False
1806,2026-09-23T22:28:11.159806,False,,,16.52,False
1807,2026-09-23T22:28:11.191333,False,,,17.01,False
1808,2026-09-23T22:28:11.222445,False,,,19.51,False
1809,2026-09-23T22:28:11.252564,False,,,17.01,False
1810,2026-09-23T22:28:11.283591,False,,,17.02,False
1811,2026-09-23T22:28:11.313760,False,,,17.01,False
1812,2026-09-23T22:28:11.341780,False,,,17.01,False
1813,2026-09-23T22:28:11.372317,False,,,16.50,False
1814,2026-09-23T22:28:11.402841,False,,,17.21,False
1815,2026-09-23T22:28:11.433364,False,,,17.01,False
1816,2026-09-23T22:28:11.490832,False,,,17.32,False
1817,2026-09-23T22:28:11.524370,False,,,17.01,False
1818,2026-09-23T22:28:11.556403,False,,,17.01,False
1819,2026-09-23T22:28:11.586934,False,,,17.02,False
1820,2026-09-23T22:28:11.618484,False,,,17.02,False
1821,2026-09-23T22:28:11.649589,False,,,17.09,False
1822,2026-09-23T22:28:11.682714,False,,,17.11,False
1823,2026-09-23T22:28:11.710797,False,,,17.06,False
1824,2026-09-23T22:28:11.741326,False,,,17.51,False
1825,2026-09-23T22:28:11.770866,False,,,16.51,False
1826,2026-09-23T22:28:11.802498,False,,,17.01,False
1827,2026-09-23T22:28:11.833627,False,,,17.11,False
1828,2026-09-23T22:28:11.891227,False,,,16.56,False
1829,2026-09-23T22:28:11.924596,False,,,16.83,False
1830,2026-09-23T22:28:11.956492,False,,,17.38,False
1831,2026-09-23T22:28:11.988515,False,,,18.01,False
1832,2026-09-23T22:28:12.018377,False,,,17.01,False
1833,2026-09-23T22:28:12.048757,False,,,17.04,False
1834,2026-09-23T22:28:12.079393,False,,,17.61,False
1835,2026-09-23T22:28:12.110604,False,,,17.06,False
1836,2026-09-23T22:28:12.139624,False,,,17.01,False
1837,2026-09-23T22:28:12.170171,False,,,16.51,False
1838,2026-09-23T22:28:12.199714,False,,,17.04,False
1839,2026-09-23T22:28:12.229736,False,,,17.01,False
1840,2026-09-23T22:28:12.290877,True,0.453,0.381,16.51,False
1841,2026-09-23T22:28:12.320504,True,0.453,0.399,17.03,False
1842,2026-09-23T22:28:12.352606,True,0.453,0.417,17.03,False
1843,2026-09-23T22:28:12.382643,True,0.363,0.417,19.03,False
1844,2026-09-23T22:28:12.411161,True,0.363,0.417,16.51,False
1845,2026-09-23T22:28:12.440738,True,0.387,0.404,17.00,False
1846,2026-09-23T22:28:12.471327,True,0.387,0.391,16.51,False
1847,2026-09-23T22:28:12.502761,False,,,17.17,False
1848,2026-09-23T22:28:12.532816,False,,,17.02,False
1849,2026-09-23T22:28:12.562337,False,,,16.51,False
1850,2026-09-23T22:28:12.594388,False,,,18.01,False
1851,2026-09-23T22:28:12.627699,False,,,16.18,False
1852,2026-09-23T22:28:12.668261,False,,,16.54,False
1853,2026-09-23T22:28:12.698831,False,,,17.06,False
1854,2026-09-23T22:28:12.728894,False,,,16.56,False
1855,2026-09-23T22:28:12.759940,False,,,16.51,False
1856,2026-09-23T22:28:12.793479,False,,,17.01,False
1857,2026-09-23T22:28:12.824493,False,,,16.99,False
1858,2026-09-23T22:28:12.854579,False,,,16.57,False
1859,2026-09-23T22:28:12.885120,False,,,17.02,False
1860,2026-09-23T22:28:12.915649,False,,,17.02,False
1861,2026-09-23T22:28:12.962796,False,,,17.51,False
1862,2026-09-23T22:28:12.994840,False,,,17.02,False
1863,2026-09-23T22:28:13.028359,False,,,18.01,False
1864,2026-09-23T22:28:13.070088,False,,,16.51,False
1865,2026-09-23T22:28:13.099705,False,,,17.11,False
1866,2026-09-23T22:28:13.129748,False,,,17.01,False
1867,2026-09-23T22:28:13.159797,False,,,17.04,False
1868,2026-09-23T22:28:13.189168,False,,,16.51,False
1869,2026-09-23T22:28:13.219726,False,,,17.05,False
1870,2026-09-23T22:28:13.249816,False,,,17.06,False
1871,2026-09-23T22:28:13.299907,False,,,16.56,False
1872,2026-09-23T22:28:13.340579,False,,,17.01,False
1873,2026-09-23T22:28:13.371105,False,,,16.51,False
1874,2026-09-23T22:28:13.401122,False,,,16.50,False
1875,2026-09-23T22:28:13.432666,False,,,17.01,False
1876,2026-09-23T22:28:13.463690,False,,,17.01,False
1877,2026-09-23T22:28:13.491709,False,,,17.01,False
1878,2026-09-23T22:28:13.522735,False,,,17.01,False
1879,2026-09-23T22:28:13.554826,False,,,17.06,False
1880,2026-09-23T22:28:13.586857,False,,,17.02,False
1881,2026-09-23T22:28:13.628925,False,,,16.51,False
1882,2026-09-23T22:28:13.659970,False,,,16.51,False
1883,2026-09-23T22:28:13.699764,False,,,17.17,False
1884,2026-09-23T22:28:13.736807,False,,,17.03,False
1885,2026-09-23T22:28:13.766337,False,,,16.51,False
1886,2026-09-23T22:28:13.798605,False,,,17.08,False
1887,2026-09-23T22:28:13.829635,False,,,18.02,False
1888,2026-09-23T22:28:13.859667,False,,,17.02,False
1889,2026-09-23T22:28:13.891217,False,,,16.51,False
1890,2026-09-23T22:28:13.920768,False,,,18.05,False
1891,2026-09-23T22:28:13.955360,False,,,16.57,False
1892,2026-09-23T22:28:13.983736,False,,,17.02,False
1893,2026-09-23T22:28:14.019346,False,,,16.56,False
1894,2026-09-23T22:28:14.059382,False,,,16.51,False
1895,2026-09-23T22:28:14.099403,False,,,16.89,False
1896,2026-09-23T22:28:14.136560,False,,,16.58,False
1897,2026-09-23T22:28:14.168146,False,,,16.54,False
1898,2026-09-23T22:28:14.198664,False,,,17.01,False
1899,2026-09-23T22:28:14.228223,False,,,16.55,False
1900,2026-09-23T22:28:14.258783,False,,,17.05,False
1901,2026-09-23T22:28:14.293433,False,,,17.01,False
1902,2026-09-23T22:28:14.336641,False,,,17.06,False
1903,2026-09-23T22:28:14.366253,False,,,16.56,False
1904,2026-09-23T22:28:14.395783,False,,,17.02,False
1905,2026-09-23T22:28:14.435346,False,,,17.02,False
1906,2026-09-23T22:28:14.473596,False,,,17.24,False
1907,2026-09-23T22:28:14.503699,False,,,16.05,False
1908,2026-09-23T22:28:14.533745,False,,,17.01,False
1909,2026-09-23T22:28:14.564797,False,,,17.01,False
1910,2026-09-23T22:28:14.595716,False,,,17.06,False
1911,2026-09-23T22:28:14.627827,False,,,17.06,False
1912,2026-09-23T22:28:14.655353,False,,,17.02,False
1913,2026-09-23T22:28:14.690807,False,,,17.01,False
1914,2026-09-23T22:28:14.732826,False,,,17.01,False
1915,2026-09-23T22:28:14.763345,False,,,17.01,False
1916,2026-09-23T22:28:14.795373,False,,,17.02,False
1917,2026-09-23T22:28:14.834457,False,,,17.02,False
1918,2026-09-23T22:28:14.872588,False,,,19.02,False
1919,2026-09-23T22:28:14.900603,False,,,16.51,False
1920,2026-09-23T22:28:14.933529,False,,,17.07,False
1921,2026-09-23T22:28:14.961685,False,,,16.52,False
1922,2026-09-23T22:28:14.993715,False,,,17.01,False
1923,2026-09-23T22:28:15.027798,False,,,17.06,False
1924,2026-09-23T22:28:15.055325,False,,,17.52,False
1925,2026-09-23T22:28:15.091749,False,,,17.01,False
1926,2026-09-23T22:28:15.130781,False,,,17.01,False
1927,2026-09-23T22:28:15.170314,False,,,16.51,False
1928,2026-09-23T22:28:15.206854,False,,,16.53,False
1929,2026-09-23T22:28:15.238768,False,,,16.41,False
1930,2026-09-23T22:28:15.269295,False,,,16.52,False
1931,2026-09-23T22:28:15.299325,False,,,17.02,False
1932,2026-09-23T22:28:15.329955,False,,,16.50,False
1933,2026-09-23T22:28:15.365501,False,,,17.01,False
1934,2026-09-23T22:28:15.409037,False,,,16.51,False
1935,2026-09-23T22:28:15.438559,False,,,18.02,False
1936,2026-09-23T22:28:15.468750,False,,,17.16,False
1937,2026-09-23T22:28:15.498772,False,,,17.01,False
1938,2026-09-23T22:28:15.529319,False,,,17.01,False
1939,2026-09-23T22:28:15.570007,False,,,16.55,False
1940,2026-09-23T22:28:15.604598,False,,,17.06,False
1941,2026-09-23T22:28:15.635626,False,,,17.02,False
1942,2026-09-23T22:28:15.666524,False,,,16.52,False
1943,2026-09-23T22:28:15.699047,False,,,16.51,False
1944,2026-09-23T22:28:15.727590,False,,,17.04,False
1945,2026-09-23T22:28:15.763323,False,,,17.51,False
1946,2026-09-23T22:28:15.803446,False,,,17.01,False
1947,2026-09-23T22:28:15.836607,False,,,17.06,False
1948,2026-09-23T22:28:15.869184,False,,,17.57,False
1949,2026-09-23T22:28:15.910790,False,,,17.01,False
1950,2026-09-23T22:28:15.943321,False,,,18.01,False
1951,2026-09-23T22:28:15.973480,False,,,17.09,False
1952,2026-09-23T22:28:16.003998,False,,,17.01,False
1953,2026-09-23T22:28:16.035491,False,,,16.98,False
1954,2026-09-23T22:28:16.066834,False,,,16.83,False
1955,2026-09-23T22:28:16.099472,False,,,17.02,False
1956,2026-09-23T22:28:16.130606,False,,,18.10,False
1957,2026-09-23T22:28:16.163681,False,,,17.01,False
1958,2026-09-23T22:28:16.206325,False,,,16.51,False
1959,2026-09-23T22:28:16.236359,False,,,17.02,False
1960,2026-09-23T22:28:16.268447,False,,,17.02,False
1961,2026-09-23T22:28:16.307551,False,,,17.01,False
1962,2026-09-23T22:28:16.343638,False,,,17.06,False
1963,2026-09-23T22:28:16.373688,False,,,17.02,False
1964,2026-09-23T22:28:16.403717,False,,,17.02,False
1965,2026-09-23T22:28:16.434741,False,,,16.51,False
1966,2026-09-23T22:28:16.463547,False,,,16.80,False
1967,2026-09-23T22:28:16.499626,False,,,17.06,False
1968,2026-09-23T22:28:16.539659,False,,,17.02,False
1969,2026-09-23T22:28:16.569188,False,,,16.52,False
1970,2026-09-23T22:28:16.599753,False,,,17.05,False
1971,2026-09-23T22:28:16.643803,False,,,17.01,False
1972,2026-09-23T22:28:16.674335,False,,,16.52,False
1973,2026-09-23T22:28:16.707654,False,,,17.02,False
1974,2026-09-23T22:28:16.735677,False,,,17.02,False
1975,2026-09-23T22:28:16.771204,False,,,16.51,False
1976,2026-09-23T22:28:16.810768,False,,,17.01,False
1977,2026-09-23T22:28:16.840849,False,,,16.51,False
1978,2026-09-23T22:28:16.874379,False,,,17.52,False
1979,2026-09-23T22:28:16.903527,False,,,17.13,False
1980,2026-09-23T22:28:16.933555,False,,,17.02,False
1981,2026-09-23T22:28:16.965815,False,,,16.65,False
1982,2026-09-23T22:28:16.995848,False,,,17.02,False
1983,2026-09-23T22:28:17.043381,False,,,17.01,False
1984,2026-09-23T22:28:17.072515,False,,,17.05,False
1985,2026-09-23T22:28:17.107635,False,,,17.06,False
1986,2026-09-23T22:28:17.151659,False,,,17.01,False
1987,2026-09-23T22:28:17.180688,False,,,18.02,False
1988,2026-09-23T22:28:17.213743,False,,,20.02,False
1989,2026-09-23T22:28:17.240755,True,0.406,0.381,17.51,False
1990,2026-09-23T22:28:17.271286,True,0.406,0.390,16.51,False
1991,2026-09-23T22:28:17.302815,False,,,17.01,False
1992,2026-09-23T22:28:17.334340,False,,,18.02,False
1993,2026-09-23T22:28:17.379587,False,,,17.05,False
1994,2026-09-23T22:28:17.410628,False,,,17.01,False
1995,2026-09-23T22:28:17.444574,False,,,16.88,False
1996,2026-09-23T22:28:17.487711,False,,,17.52,False
1997,2026-09-23T22:28:17.514751,False,,,17.02,False
1998,2026-09-23T22:28:17.544778,False,,,17.01,False
1999,2026-09-23T22:28:17.574814,False,,,17.03,False
2000,2026-09-23T22:28:17.605341,False,,,17.02,False
2001,2026-09-23T22:28:17.636003,False,,,16.55,False
2002,2026-09-23T22:28:17.666698,False,,,16.19,False
2003,2026-09-23T22:28:17.699752,False,,,17.04,False
2004,2026-09-23T22:28:17.740334,False,,,16.51,False
2005,2026-09-23T22:28:17.779473,False,,,17.09,False
2006,2026-09-23T22:28:17.820582,False,,,17.01,False
2007,2026-09-23T22:28:17.852632,False,,,17.01,False
2008,2026-09-23T22:28:17.880742,False,,,17.08,False
2009,2026-09-23T22:28:17.910802,False,,,17.01,False
2010,2026-09-23T22:28:17.941322,False,,,17.51,False
2011,2026-09-23T22:28:17.969918,False,,,16.63,False
2012,2026-09-23T22:28:18.002947,False,,,17.01,False
2013,2026-09-23T22:28:18.035660,False,,,17.20,False
2014,2026-09-23T22:28:18.065683,False,,,17.02,False
2015,2026-09-23T22:28:18.099713,False,,,17.02,False
2016,2026-09-23T22:28:18.141735,False,,,17.01,False
2017,2026-09-23T22:28:18.179777,False,,,17.02,False
2018,2026-09-23T22:28:18.216624,False,,,16.52,False
2019,2026-09-23T22:28:18.245644,False,,,16.51,False
2020,2026-09-23T22:28:18.277385,False,,,17.52,False
2021,2026-09-23T22:28:18.307761,False,,,17.02,False
2022,2026-09-23T22:28:18.342789,False,,,18.01,False
2023,2026-09-23T22:28:18.383737,False,,,16.93,False
2024,2026-09-23T22:28:18.414787,False,,,17.02,False
2025,2026-09-23T22:28:18.447325,True,0.406,0.398,16.52,False
2026,2026-09-23T22:28:18.478658,True,0.406,0.402,17.21,False
2027,2026-09-23T22:28:18.514714,False,,,17.02,False
2028,2026-09-23T22:28:18.550361,False,,,16.51,False
2029,2026-09-23T22:28:18.582887,False,,,16.52,False
2030,2026-09-23T22:28:18.613533,False,,,17.14,False
2031,2026-09-23T22:28:18.644694,False,,,17.13,False
2032,2026-09-23T22:28:18.674738,False,,,17.02,False
2033,2026-09-23T22:28:18.707763,False,,,17.02,False
2034,2026-09-23T22:28:18.736564,False,,,16.78,False
2035,2026-09-23T22:28:18.770179,False,,,16.51,False
2036,2026-09-23T22:28:18.811707,False,,,17.01,False
2037,2026-09-23T22:28:18.841782,False,,,17.01,False
2038,2026-09-23T22:28:18.871309,False,,,16.51,False
2039,2026-09-23T22:28:18.914442,False,,,16.81,False
2040,2026-09-23T22:28:18.949644,False,,,17.15,False
2041,2026-09-23T22:28:18.980670,False,,,17.01,False
2042,2026-09-23T22:28:19.011704,False,,,18.01,False
2043,2026-09-23T22:28:19.046759,False,,,17.02,False
2044,2026-09-23T22:28:19.085801,False,,,16.52,False
2045,2026-09-23T22:28:19.115327,False,,,17.52,False
2046,2026-09-23T22:28:19.146769,False,,,17.02,False
2047,2026-09-23T22:28:19.176797,False,,,17.02,False
2048,2026-09-23T22:28:19.206818,False,,,17.01,False
2049,2026-09-23T22:28:19.251590,False,,,17.01,False
2050,2026-09-23T22:28:19.288692,False,,,17.52,False
2051,2026-09-23T22:28:19.328790,False,,,17.02,False
2052,2026-09-23T22:28:19.359819,False,,,17.52,False
2053,2026-09-23T22:28:19.389578,False,,,17.01,False
2054,2026-09-23T22:28:19.421696,True,0.406,0.406,17.10,False
2055,2026-09-23T22:28:19.452743,True,0.406,0.406,17.01,False
2056,2026-09-23T22:28:19.484775,False,,,19.02,False
2057,2026-09-23T22:28:19.512869,False,,,17.01,False
2058,2026-09-23T22:28:19.545990,False,,,17.61,False
2059,2026-09-23T22:28:19.577041,False,,,18.54,False
2060,2026-09-23T22:28:19.607570,False,,,17.02,False
2061,2026-09-23T22:28:19.652841,False,,,17.02,False
2062,2026-09-23T22:28:19.685880,False,,,17.53,False
2063,2026-09-23T22:28:19.715416,False,,,17.03,False
2064,2026-09-23T22:28:19.746973,False,,,17.52,False
2065,2026-09-23T22:28:19.779865,False,,,17.38,False
2066,2026-09-23T22:28:19.808397,False,,,17.02,False
2067,2026-09-23T22:28:19.839783,False,,,16.32,False
2068,2026-09-23T22:28:19.871331,False,,,16.52,False
2069,2026-09-23T22:28:19.906985,False,,,16.63,False
2070,2026-09-23T22:28:19.946523,False,,,17.52,False
2071,2026-09-23T22:28:19.986984,False,,,17.03,False
2072,2026-09-23T22:28:20.027021,False,,,17.02,False
2073,2026-09-23T22:28:20.070266,False,,,16.56,False
2074,2026-09-23T22:28:20.099794,False,,,17.02,False
2075,2026-09-23T22:28:20.129852,False,,,17.52,False
2076,2026-09-23T22:28:20.160894,False,,,16.51,False
2077,2026-09-23T22:28:20.191712,False,,,17.01,False
2078,2026-09-23T22:28:20.221757,False,,,17.01,False
2079,2026-09-23T22:28:20.250833,False,,,16.06,False
2080,2026-09-23T22:28:20.283667,False,,,18.02,False
2081,2026-09-23T22:28:20.312685,False,,,17.01,False
2082,2026-09-23T22:28:20.346717,False,,,17.02,False
2083,2026-09-23T22:28:20.386705,False,,,17.02,False
2084,2026-09-23T22:28:20.416850,False,,,17.02,False
2085,2026-09-23T22:28:20.452491,False,,,17.01,False
2086,2026-09-23T22:28:20.479467,False,,,17.11,False
2087,2026-09-23T22:28:20.510630,False,,,17.01,False
2088,2026-09-23T22:28:20.540738,False,,,17.01,False
2089,2026-09-23T22:28:20.571020,False,,,17.23,False
2090,2026-09-23T22:28:20.602670,False,,,17.06,False
2091,2026-09-23T22:28:20.630710,False,,,17.01,False
2092,2026-09-23T22:28:20.660754,False,,,17.01,False
2093,2026-09-23T22:28:20.725703,False,,,17.02,False
2094,2026-09-23T22:28:20.765732,False,,,17.02,False
2095,2026-09-23T22:28:20.797556,False,,,17.02,False
2096,2026-09-23T22:28:20.828153,False,,,16.57,False
2097,2026-09-23T22:28:20.858679,False,,,17.02,False
2098,2026-09-23T22:28:20.888365,False,,,17.57,False
2099,2026-09-23T22:28:20.919390,False,,,17.02,False
2100,2026-09-23T22:28:20.950939,False,,,16.53,False
2101,2026-09-23T22:28:20.979494,False,,,17.05,False
2102,2026-09-23T22:28:21.010634,False,,,17.09,False
2103,2026-09-23T22:28:21.038716,False,,,17.07,False
2104,2026-09-23T22:28:21.071322,False,,,17.51,False
2105,2026-09-23T22:28:21.125556,False,,,17.02,False
2106,2026-09-23T22:28:21.162624,False,,,17.01,False
2107,2026-09-23T22:28:21.191493,False,,,17.08,False
2108,2026-09-23T22:28:21.225761,False,,,17.21,False
2109,2026-09-23T22:28:21.253790,False,,,17.02,False
2110,2026-09-23T22:28:21.283825,False,,,17.03,False
2111,2026-09-23T22:28:21.313349,False,,,17.02,False
2112,2026-09-23T22:28:21.344408,False,,,17.01,False
2113,2026-09-23T22:28:21.374504,False,,,17.04,False
2114,2026-09-23T22:28:21.406554,False,,,17.02,False
2115,2026-09-23T22:28:21.436649,False,,,16.79,False
2116,2026-09-23T22:28:21.468714,False,,,17.06,False
2117,2026-09-23T22:28:21.525271,False,,,16.51,False
2118,2026-09-23T22:28:21.558797,False,,,17.02,False
2119,2026-09-23T22:28:21.590332,False,,,17.52,False
2120,2026-09-23T22:28:21.618919,False,,,16.57,False
2121,2026-09-23T22:28:21.650814,False,,,17.01,False
2122,2026-09-23T22:28:21.682334,False,,,18.01,False
2123,2026-09-23T22:28:21.710406,False,,,16.51,False
2124,2026-09-23T22:28:21.743580,False,,,17.08,False
2125,2026-09-23T22:28:21.773691,False,,,17.11,False
2126,2026-09-23T22:28:21.803735,False,,,17.02,False
2127,2026-09-23T22:28:21.835005,False,,,17.01,False
2128,2026-09-23T22:28:21.864067,False,,,16.56,False
2129,2026-09-23T22:28:21.922741,False,,,17.02,False
2130,2026-09-23T22:28:21.957729,False,,,17.46,False
2131,2026-09-23T22:28:21.986916,False,,,17.07,False
2132,2026-09-23T22:28:22.017646,False,,,16.52,False
2133,2026-09-23T22:28:22.050711,False,,,17.01,False
2134,2026-09-23T22:28:22.078549,False,,,16.83,False
2135,2026-09-23T22:28:22.108672,False,,,17.02,False
2136,2026-09-23T22:28:22.139791,False,,,17.06,False
2137,2026-09-23T22:28:22.169333,False,,,17.01,False
2138,2026-09-23T22:28:22.199828,False,,,16.96,False
2139,2026-09-23T22:28:22.230608,False,,,17.15,False
2140,2026-09-23T22:28:22.261670,False,,,17.05,False
2141,2026-09-23T22:28:22.291109,False,,,16.39,False
2142,2026-09-23T22:28:22.323745,False,,,17.12,False
2143,2026-09-23T22:28:22.350782,False,,,17.01,False
2144,2026-09-23T22:28:22.388828,False,,,18.03,False
2145,2026-09-23T22:28:22.428389,False,,,17.01,False
2146,2026-09-23T22:28:22.459925,False,,,17.52,False
2147,2026-09-23T22:28:22.489220,False,,,16.51,False
2148,2026-09-23T22:28:22.520343,False,,,16.51,False
2149,2026-09-23T22:28:22.550812,False,,,17.01,False
2150,2026-09-23T22:28:22.595865,False,,,17.53,False
2151,2026-09-23T22:28:22.629386,False,,,17.02,False
2152,2026-09-23T22:28:22.660902,False,,,18.51,False
2153,2026-09-23T22:28:22.690797,False,,,17.17,False
2154,2026-09-23T22:28:22.723823,False,,,18.01,False
2155,2026-09-23T22:28:22.752839,False,,,17.01,False
2156,2026-09-23T22:28:22.789053,False,,,18.71,False
2157,2026-09-23T22:28:22.829453,False,,,16.87,False
2158,2026-09-23T22:28:22.860534,False,,,17.50,False
2159,2026-09-23T22:28:22.893016,False,,,16.65,False
2160,2026-09-23T22:28:22.926778,False,,,18.24,False
2161,2026-09-23T22:28:22.969453,False,,,17.03,False
2162,2026-09-23T22:28:22.999020,False,,,16.53,False
2163,2026-09-23T22:28:23.030450,False,,,16.51,False
2164,2026-09-23T22:28:23.060961,False,,,16.50,False
2165,2026-09-23T22:28:23.092757,False,,,17.10,False
2166,2026-09-23T22:28:23.123784,False,,,17.02,False
2167,2026-09-23T22:28:23.153817,False,,,17.01,False
2168,2026-09-23T22:28:23.188336,False,,,17.51,False
2169,2026-09-23T22:28:23.228584,False,,,16.24,False
2170,2026-09-23T22:28:23.261689,False,,,17.09,False
2171,2026-09-23T22:28:23.291342,False,,,16.51,False
2172,2026-09-23T22:28:23.330864,False,,,16.51,False
2173,2026-09-23T22:28:23.368505,False,,,17.08,False
2174,2026-09-23T22:28:23.398577,False,,,17.02,False
2175,2026-09-23T22:28:23.429450,False,,,16.87,False
2176,2026-09-23T22:28:23.459966,False,,,17.51,False
2177,2026-09-23T22:28:23.490518,False,,,17.03,False
2178,2026-09-23T22:28:23.522428,False,,,16.50,False
2179,2026-09-23T22:28:23.551544,False,,,16.51,False
2180,2026-09-23T22:28:23.587620,False,,,17.07,False
2181,2026-09-23T22:28:23.629952,False,,,17.32,False
2182,2026-09-23T22:28:23.660528,False,,,17.03,False
2183,2026-09-23T22:28:23.690702,False,,,17.01,False
2184,2026-09-23T22:28:23.731446,False,,,17.50,False
2185,2026-09-23T22:28:23.767463,False,,,17.01,False
2186,2026-09-23T22:28:23.798978,False,,,16.51,False
2187,2026-09-23T22:28:23.829492,False,,,16.51,False
2188,2026-09-23T22:28:23.861614,False,,,17.11,False
2189,2026-09-23T22:28:23.892462,False,,,16.51,False
2190,2026-09-23T22:28:23.923964,False,,,17.52,False
2191,2026-09-23T22:28:23.954030,False,,,17.05,False
2192,2026-09-23T22:28:23.987588,False,,,17.11,False
2193,2026-09-23T22:28:24.029636,False,,,17.03,False
2194,2026-09-23T22:28:24.070720,False,,,18.02,False
2195,2026-09-23T22:28:24.104810,False,,,17.02,False
2196,2026-09-23T22:28:24.136130,False,,,16.77,False
2197,2026-09-23T22:28:24.165659,False,,,17.02,False
2198,2026-09-23T22:28:24.196708,False,,,17.02,False
2199,2026-09-23T22:28:24.226775,False,,,17.04,False
2200,2026-09-23T22:28:24.259795,False,,,17.01,False
2201,2026-09-23T22:28:24.287824,False,,,17.52,False
2202,2026-09-23T22:28:24.322512,False,,,17.01,False
2203,2026-09-23T22:28:24.367846,False,,,17.02,False
2204,2026-09-23T22:28:24.410017,False,,,16.51,False
2205,2026-09-23T22:28:24.443378,False,,,17.02,False
2206,2026-09-23T22:28:24.472693,False,,,16.71,False
2207,2026-09-23T22:28:24.506722,False,,,17.02,False
2208,2026-09-23T22:28:24.533793,False,,,17.04,False
2209,2026-09-23T22:28:24.563818,False,,,17.02,False
2210,2026-09-23T22:28:24.594844,False,,,17.02,False
2211,2026-09-23T22:28:24.625369,False,,,17.02,False
2212,2026-09-23T22:28:24.660659,False,,,17.01,False
2213,2026-09-23T22:28:24.700720,False,,,17.01,False
2214,2026-09-23T22:28:24.730768,False,,,17.02,False
2215,2026-09-23T22:28:24.761338,False,,,16.51,False
2216,2026-09-23T22:28:24.802784,False,,,17.01,False
2217,2026-09-23T22:28:24.837808,False,,,17.01,False
2218,2026-09-23T22:28:24.871331,False,,,16.51,False
2219,2026-09-23T22:28:24.899483,False,,,17.06,False
2220,2026-09-23T22:28:24.931602,False,,,17.51,False
2221,2026-09-23T22:28:24.960400,False,,,16.79,False
2222,2026-09-23T22:28:24.995348,False,,,17.02,False
2223,2026-09-23T22:28:25.025612,False,,,18.02,False
2224,2026-09-23T22:28:25.059879,False,,,17.52,False
2225,2026-09-23T22:28:25.103496,False,,,17.56,False
2226,2026-09-23T22:28:25.133748,False,,,16.51,False
2227,2026-09-23T22:28:25.167775,False,,,17.02,False
2228,2026-09-23T22:28:25.209368,False,,,16.58,False
2229,2026-09-23T22:28:25.240398,False,,,18.02,False
2230,2026-09-23T22:28:25.270449,False,,,17.51,False
2231,2026-09-23T22:28:25.305250,False,,,19.55,False
2232,2026-09-23T22:28:25.333818,False,,,17.53,False
2233,2026-09-23T22:28:25.364351,False,,,18.02,False
2234,2026-09-23T22:28:25.395550,False,,,17.19,False
2235,2026-09-23T22:28:25.423600,False,,,17.02,False
2236,2026-09-23T22:28:25.459645,False,,,17.04,False
2237,2026-09-23T22:28:25.498721,False,,,17.02,False
2238,2026-09-23T22:28:25.539764,False,,,17.01,False
2239,2026-09-23T22:28:25.575451,False,,,17.63,False
2240,2026-09-23T22:28:25.606549,False,,,17.01,False
2241,2026-09-23T22:28:25.636459,False,,,17.14,False
2242,2026-09-23T22:28:25.669617,False,,,17.13,False
2243,2026-09-23T22:28:25.699639,False,,,17.01,False
2244,2026-09-23T22:28:25.731705,False,,,17.05,False
2245,2026-09-23T22:28:25.759946,False,,,17.21,False
2246,2026-09-23T22:28:25.794982,False,,,17.02,False
2247,2026-09-23T22:28:25.836651,False,,,17.15,False
2248,2026-09-23T22:28:25.867087,False,,,17.02,False
2249,2026-09-23T22:28:25.898635,False,,,18.04,False
2250,2026-09-23T22:28:25.940755,False,,,17.02,False
2251,2026-09-23T22:28:25.973421,False,,,17.42,False
2252,2026-09-23T22:28:26.002488,False,,,17.01,False
2253,2026-09-23T22:28:26.034669,False,,,17.52,False
2254,2026-09-23T22:28:26.067826,False,,,17.15,False
2255,2026-09-23T22:28:26.110856,False,,,18.51,False
2256,2026-09-23T22:28:26.139880,False,,,17.50,False
2257,2026-09-23T22:28:26.170923,False,,,17.52,False
2258,2026-09-23T22:28:26.202704,False,,,17.01,False
2259,2026-09-23T22:28:26.233767,False,,,16.52,False
2260,2026-09-23T22:28:26.274568,False,,,16.66,False
2261,2026-09-23T22:28:26.309893,False,,,16.51,False
2262,2026-09-23T22:28:26.342393,False,,,18.01,False
2263,2026-09-23T22:28:26.373533,False,,,17.01,False
2264,2026-09-23T22:28:26.407607,False,,,20.02,False
2265,2026-09-23T22:28:26.434498,False,,,17.62,False
2266,2026-09-23T22:28:26.467635,False,,,16.98,False
2267,2026-09-23T22:28:26.497703,False,,,17.06,False
2268,2026-09-23T22:28:26.530751,False,,,17.01,False
2269,2026-09-23T22:28:26.558816,False,,,17.06,False
2270,2026-09-23T22:28:26.595879,False,,,16.55,False
2271,2026-09-23T22:28:26.643400,False,,,23.42,False
2272,2026-09-23T22:28:26.682547,False,,,17.09,False
2273,2026-09-23T22:28:26.713352,False,,,17.01,False
2274,2026-09-23T22:28:26.743377,False,,,17.01,False
2275,2026-09-23T22:28:26.773893,False,,,17.01,False
2276,2026-09-23T22:28:26.805416,False,,,17.02,False
2277,2026-09-23T22:28:26.836473,False,,,16.51,False
2278,2026-09-23T22:28:26.867642,False,,,17.09,False
2279,2026-09-23T22:28:26.897692,False,,,17.54,False
2280,2026-09-23T22:28:26.931724,False,,,17.51,False
2281,2026-09-23T22:28:26.972517,False,,,17.51,False
2282,2026-09-23T22:28:27.010500,False,,,17.12,False
2283,2026-09-23T22:28:27.050580,False,,,18.01,False
2284,2026-09-23T22:28:27.080661,False,,,18.04,False
2285,2026-09-23T22:28:27.110236,False,,,17.54,False
2286,2026-09-23T22:28:27.138815,False,,,17.02,False
2287,2026-09-23T22:28:27.169800,False,,,17.47,False
2288,2026-09-23T22:28:27.203451,False,,,17.63,False
2289,2026-09-23T22:28:27.230654,False,,,17.01,False
2290,2026-09-23T22:28:27.267823,False,,,17.03,False
2291,2026-09-23T22:28:27.308893,False,,,17.54,False
2292,2026-09-23T22:28:27.339504,False,,,17.10,False
2293,2026-09-23T22:28:27.369604,False,,,17.04,False
2294,2026-09-23T22:28:27.412704,False,,,17.05,False
2295,2026-09-23T22:28:27.444806,False,,,17.02,False
2296,2026-09-23T22:28:27.475336,False,,,17.52,False
2297,2026-09-23T22:28:27.502544,False,,,17.01,False
2298,2026-09-23T22:28:27.542553,False,,,20.01,False
2299,2026-09-23T22:28:27.583717,False,,,19.02,False
2300,2026-09-23T22:28:27.613230,False,,,17.51,False
2301,2026-09-23T22:28:27.642760,False,,,17.01,False
2302,2026-09-23T22:28:27.673830,False,,,18.03,False
2303,2026-09-23T22:28:27.703351,False,,,17.01,False
2304,2026-09-23T22:28:27.733611,False,,,16.68,False
2305,2026-09-23T22:28:27.760641,False,,,17.01,False
2306,2026-09-23T22:28:27.811015,False,,,16.51,False
2307,2026-09-23T22:28:27.840025,False,,,17.49,False
2308,2026-09-23T22:28:27.874580,False,,,17.02,False
2309,2026-09-23T22:28:27.915622,False,,,18.02,False
2310,2026-09-23T22:28:27.946654,False,,,17.02,False
2311,2026-09-23T22:28:27.973701,False,,,17.36,False
2312,2026-09-23T22:28:28.005730,False,,,17.52,False
2313,2026-09-23T22:28:28.034816,False,,,17.54,False
2314,2026-09-23T22:28:28.069379,False,,,18.55,False
2315,2026-09-23T22:28:28.097907,False,,,18.02,False
2316,2026-09-23T22:28:28.147845,False,,,17.02,False
2317,2026-09-23T22:28:28.177549,False,,,17.20,False
2318,2026-09-23T22:28:28.210784,False,,,17.14,False
2319,2026-09-23T22:28:28.238789,False,,,17.00,False
2320,2026-09-23T22:28:28.275353,False,,,17.02,False
2321,2026-09-23T22:28:28.314475,False,,,17.01,False
2322,2026-09-23T22:28:28.347579,False,,,17.02,False
2323,2026-09-23T22:28:28.377291,False,,,17.52,False
2324,2026-09-23T22:28:28.407822,False,,,17.02,False
2325,2026-09-23T22:28:28.438644,False,,,17.31,False
2326,2026-09-23T22:28:28.468354,False,,,16.69,False
2327,2026-09-23T22:28:28.499471,False,,,17.06,False
2328,2026-09-23T22:28:28.547600,False,,,17.02,False
2329,2026-09-23T22:28:28.575652,False,,,17.04,False
2330,2026-09-23T22:28:28.611673,False,,,17.01,False
2331,2026-09-23T22:28:28.651726,False,,,17.01,False
2332,2026-09-23T22:28:28.680803,False,,,17.01,False
2333,2026-09-23T22:28:28.710823,False,,,17.01,False
2334,2026-09-23T22:28:28.743952,False,,,17.60,False
2335,2026-09-23T22:28:28.772481,False,,,16.50,False
2336,2026-09-23T22:28:28.804618,False,,,17.01,False
2337,2026-09-23T22:28:28.834646,False,,,17.02,False
2338,2026-09-23T22:28:28.886186,False,,,19.52,False
2339,2026-09-23T22:28:28.927715,False,,,17.01,False
2340,2026-09-23T22:28:28.957272,False,,,16.55,False
2341,2026-09-23T22:28:28.985342,False,,,16.57,False
2342,2026-09-23T22:28:29.018359,False,,,17.01,False
2343,2026-09-23T22:28:29.048878,False,,,16.51,False
2344,2026-09-23T22:28:29.078973,False,,,16.54,False
2345,2026-09-23T22:28:29.110993,False,,,16.51,False
2346,2026-09-23T22:28:29.142344,False,,,16.81,False
2347,2026-09-23T22:28:29.173381,False,,,17.01,False
2348,2026-09-23T22:28:29.204553,False,,,17.14,False
2349,2026-09-23T22:28:29.235571,False,,,17.01,False
2350,2026-09-23T22:28:29.284281,False,,,17.60,False
2351,2026-09-23T22:28:29.311219,False,,,16.43,False
2352,2026-09-23T22:28:29.347496,False,,,16.70,False
2353,2026-09-23T22:28:29.388756,False,,,17.02,False
2354,2026-09-23T22:28:29.418827,False,,,17.06,False
2355,2026-09-23T22:28:29.448905,False,,,16.57,False
2356,2026-09-23T22:28:29.479525,False,,,17.07,False
2357,2026-09-23T22:28:29.509772,False,,,17.22,False
2358,2026-09-23T22:28:29.539798,False,,,17.01,False
2359,2026-09-23T22:28:29.569357,False,,,17.05,False
2360,2026-09-23T22:28:29.619626,False,,,17.14,False
2361,2026-09-23T22:28:29.646650,False,,,17.02,False
2362,2026-09-23T22:28:29.683702,False,,,17.04,False
2363,2026-09-23T22:28:29.720817,False,,,17.01,False
2364,2026-09-23T22:28:29.753359,False,,,17.02,False
2365,2026-09-23T22:28:29.783009,False,,,17.01,False
2366,2026-09-23T22:28:29.813531,False,,,17.01,False
2367,2026-09-23T22:28:29.844632,False,,,17.02,False
2368,2026-09-23T22:28:29.874664,False,,,16.52,False
2369,2026-09-23T22:28:29.904708,False,,,17.02,False
2370,2026-09-23T22:28:29.939733,False,,,17.01,False
2371,2026-09-23T22:28:29.981473,False,,,17.13,False
2372,2026-09-23T22:28:30.019403,False,,,16.92,False
2373,2026-09-23T22:28:30.061038,False,,,19.53,False
2374,2026-09-23T22:28:30.089058,False,,,16.51,False
2375,2026-09-23T22:28:30.119077,False,,,16.51,False
2376,2026-09-23T22:28:30.149598,False,,,17.01,False
2377,2026-09-23T22:28:30.179762,False,,,17.01,False
2378,2026-09-23T22:28:30.210330,False,,,16.50,False
2379,2026-09-23T22:28:30.240828,False,,,17.01,False
2380,2026-09-23T22:28:30.274462,False,,,17.02,False
2381,2026-09-23T22:28:30.317493,False,,,17.02,False
2382,2026-09-23T22:28:30.355215,False,,,17.10,False
2383,2026-09-23T22:28:30.393755,False,,,17.01,False
2384,2026-09-23T22:28:30.424292,False,,,17.51,False
2385,2026-09-23T22:28:30.453816,False,,,17.02,False
2386,2026-09-23T22:28:30.485657,False,,,17.16,False
2387,2026-09-23T22:28:30.513627,False,,,16.84,False
2388,2026-09-23T22:28:30.546682,False,,,17.04,False
2389,2026-09-23T22:28:30.577111,False,,,17.02,False
2390,2026-09-23T22:28:30.607632,False,,,17.02,False
2391,2026-09-23T22:28:30.638657,False,,,17.02,False
2392,2026-09-23T22:28:30.675637,False,,,17.52,False
2393,2026-09-23T22:28:30.714681,False,,,17.01,False
2394,2026-09-23T22:28:30.755864,False,,,17.17,False
2395,2026-09-23T22:28:30.790943,False,,,16.51,False
2396,2026-09-23T22:28:30.820006,False,,,16.51,False
2397,2026-09-23T22:28:30.850632,False,,,17.01,False
2398,2026-09-23T22:28:30.880962,False,,,16.51,False
2399,2026-09-23T22:28:30.912490,False,,,17.02,False
2400,2026-09-23T22:28:30.945567,False,,,16.57,False
2401,2026-09-23T22:28:30.974721,False,,,17.03,False
2402,2026-09-23T22:28:31.002784,False,,,17.01,False
2403,2026-09-23T22:28:31.035376,False,,,17.52,False
2404,2026-09-23T22:28:31.090744,False,,,17.01,False
2405,2026-09-23T22:28:31.126590,False,,,16.60,False
2406,2026-09-23T22:28:31.161153,False,,,17.51,False
2407,2026-09-23T22:28:31.188818,False,,,17.16,False
2408,2026-09-23T22:28:31.219834,False,,,16.51,False
2409,2026-09-23T22:28:31.249199,True,0.363,0.398,16.86,False
2410,2026-09-23T22:28:31.281723,True,0.363,0.389,17.01,False
2411,2026-09-23T22:28:31.310744,False,,,17.01,False
2412,2026-09-23T22:28:31.340825,False,,,17.07,False
2413,2026-09-23T22:28:31.370463,False,,,17.01,False
2414,2026-09-23T22:28:31.403563,False,,,17.04,False
2415,2026-09-23T22:28:31.433667,False,,,17.01,False
2416,2026-09-23T22:28:31.491333,False,,,17.51,False
2417,2026-09-23T22:28:31.526422,False,,,16.57,False
2418,2026-09-23T22:28:31.558644,False,,,17.13,False
2419,2026-09-23T22:28:31.589695,False,,,17.01,False
2420,2026-09-23T22:28:31.619717,False,,,17.01,False
2421,2026-09-23T22:28:31.649763,False,,,17.04,False
2422,2026-09-23T22:28:31.681689,False,,,17.27,False
2423,2026-09-23T22:28:31.710725,False,,,17.01,False
2424,2026-09-23T22:28:31.740766,False,,,17.01,False
2425,2026-09-23T22:28:31.770606,False,,,16.63,False
2426,2026-09-23T22:28:31.801630,False,,,17.01,False
2427,2026-09-23T22:28:31.831657,False,,,17.01,False
2428,2026-09-23T22:28:31.860205,False,,,16.51,False
2429,2026-09-23T22:28:31.891740,False,,,17.01,False
2430,2026-09-23T22:28:31.920789,False,,,17.01,False
2431,2026-09-23T22:28:31.954880,False,,,17.07,False
2432,2026-09-23T22:28:31.982597,False,,,17.01,False
2433,2026-09-23T22:28:32.019731,False,,,17.11,False
2434,2026-09-23T22:28:32.059268,False,,,16.52,False
2435,2026-09-23T22:28:32.089785,False,,,17.01,False
2436,2026-09-23T22:28:32.120324,False,,,16.50,False
2437,2026-09-23T22:28:32.151020,False,,,16.51,False
2438,2026-09-23T22:28:32.180764,False,,,16.51,False
2439,2026-09-23T22:28:32.227828,False,,,17.03,False
2440,2026-09-23T22:28:32.257853,False,,,16.52,False
2441,2026-09-23T22:28:32.291375,False,,,17.51,False
2442,2026-09-23T22:28:32.320066,False,,,16.51,False
2443,2026-09-23T22:28:32.354643,False,,,17.01,False
2444,2026-09-23T22:28:32.395676,False,,,17.01,False
2445,2026-09-23T22:28:32.424721,False,,,17.02,False
2446,2026-09-23T22:28:32.455796,False,,,17.07,False
2447,2026-09-23T22:28:32.484647,False,,,17.02,False
2448,2026-09-23T22:28:32.514774,False,,,17.09,False
2449,2026-09-23T22:28:32.547802,False,,,17.02,False
2450,2026-09-23T22:28:32.578635,False,,,17.32,False
2451,2026-09-23T22:28:32.627951,False,,,17.02,False
2452,2026-09-23T22:28:32.669484,False,,,17.01,False
2453,2026-09-23T22:28:32.703956,False,,,17.01,False
2454,2026-09-23T22:28:32.735476,False,,,17.02,False
2455,2026-09-23T22:28:32.762441,False,,,16.91,False
2456,2026-09-23T22:28:32.794739,False,,,17.07,False
2457,2026-09-23T22:28:32.824809,False,,,17.02,False
2458,2026-09-23T22:28:32.854334,False,,,16.52,False
2459,2026-09-23T22:28:32.885933,False,,,16.55,False
2460,2026-09-23T22:28:32.917529,False,,,17.09,False
2461,2026-09-23T22:28:32.964203,False,,,18.15,False
2462,2026-09-23T22:28:32.994828,False,,,17.02,False
2463,2026-09-23T22:28:33.027350,False,,,17.01,False
2464,2026-09-23T22:28:33.054521,False,,,17.06,False
2465,2026-09-23T22:28:33.090693,False,,,17.01,False
2466,2026-09-23T22:28:33.130722,False,,,17.01,False
2467,2026-09-23T22:28:33.160889,False,,,17.16,False
2468,2026-09-23T22:28:33.191481,False,,,17.08,False
2469,2026-09-23T22:28:33.220379,False,,,16.51,False
2470,2026-09-23T22:28:33.252521,False,,,16.82,False
2471,2026-09-23T22:28:33.287435,False,,,16.90,False
2472,2026-09-23T22:28:33.329646,False,,,17.13,False
2473,2026-09-23T22:28:33.363689,False,,,17.02,False
2474,2026-09-23T22:28:33.404775,False,,,17.02,False
2475,2026-09-23T22:28:33.434825,False,,,17.02,False
2476,2026-09-23T22:28:33.467470,False,,,17.14,False
2477,2026-09-23T22:28:33.497207,False,,,18.51,False
2478,2026-09-23T22:28:33.527733,False,,,17.02,False
2479,2026-09-23T22:28:33.556335,False,,,16.59,False
2480,2026-09-23T22:28:33.586690,False,,,17.17,False
2481,2026-09-23T22:28:33.619710,False,,,17.02,False
2482,2026-09-23T22:28:33.648740,False,,,17.02,False
2483,2026-09-23T22:28:33.699796,False,,,17.01,False
2484,2026-09-23T22:28:33.739337,False,,,17.01,False
2485,2026-09-23T22:28:33.770573,False,,,17.01,False
2486,2026-09-23T22:28:33.800665,False,,,17.01,False
2487,2026-09-23T22:28:33.831696,True,0.406,0.389,17.01,False
2488,2026-09-23T22:28:33.861302,True,0.406,0.389,16.60,False
2489,2026-09-23T22:28:33.890825,False,,,16.01,False
2490,2026-09-23T22:28:33.922591,False,,,17.07,False
2491,2026-09-23T22:28:33.956619,False,,,17.02,False
2492,2026-09-23T22:28:34.000885,False,,,16.51,False
2493,2026-09-23T22:28:34.029518,False,,,17.13,False
2494,2026-09-23T22:28:34.060565,False,,,17.01,False
2495,2026-09-23T22:28:34.099683,False,,,17.08,False
2496,2026-09-23T22:28:34.134750,False,,,17.01,False
2497,2026-09-23T22:28:34.164781,False,,,17.52,False
2498,2026-09-23T22:28:34.194717,False,,,16.88,False
2499,2026-09-23T22:28:34.227376,False,,,16.55,False
2500,2026-09-23T22:28:34.256504,False,,,17.02,False
2501,2026-09-23T22:28:34.290822,False,,,17.01,False
2502,2026-09-23T22:28:34.318342,False,,,17.01,False
2503,2026-09-23T22:28:34.355890,False,,,17.53,False
2504,2026-09-23T22:28:34.394486,False,,,16.52,False
2505,2026-09-23T22:28:34.435800,False,,,17.52,False
2506,2026-09-23T22:28:34.473537,False,,,17.22,False
2507,2026-09-23T22:28:34.504694,False,,,17.06,False
2508,2026-09-23T22:28:34.534248,False,,,17.51,False
2509,2026-09-23T22:28:34.564807,False,,,18.05,False
2510,2026-09-23T22:28:34.594332,False,,,16.52,False
2511,2026-09-23T22:28:34.627214,False,,,16.52,False
2512,2026-09-23T22:28:34.655732,False,,,17.01,False
2513,2026-09-23T22:28:34.690760,False,,,16.51,False
2514,2026-09-23T22:28:34.718823,False,,,17.04,False
2515,2026-09-23T22:28:34.755354,False,,,17.01,False
2516,2026-09-23T22:28:34.797482,False,,,17.59,False
2517,2026-09-23T22:28:34.835397,False,,,16.90,False
2518,2026-09-23T22:28:34.873509,False,,,18.07,False
2519,2026-09-23T22:28:34.905104,False,,,17.36,False
2520,2026-09-23T22:28:34.937788,False,,,18.01,False
2521,2026-09-23T22:28:34.967138,False,,,16.83,False
2522,2026-09-23T22:28:35.001694,False,,,17.01,False
2523,2026-09-23T22:28:35.044765,False,,,17.02,False
2524,2026-09-23T22:28:35.073364,False,,,17.52,False
2525,2026-09-23T22:28:35.103890,False,,,16.51,False
2526,2026-09-23T22:28:35.133581,False,,,17.18,False
2527,2026-09-23T22:28:35.170693,False,,,17.01,False
2528,2026-09-23T22:28:35.210809,False,,,17.06,False
2529,2026-09-23T22:28:35.239338,False,,,17.02,False
2530,2026-09-23T22:28:35.270617,False,,,17.02,False
2531,2026-09-23T22:28:35.303701,False,,,17.07,False
2532,2026-09-23T22:28:35.330738,False,,,17.01,False
2533,2026-09-23T22:28:35.363770,False,,,17.02,False
2534,2026-09-23T22:28:35.391787,False,,,17.01,False
2535,2026-09-23T22:28:35.429488,False,,,17.01,False
2536,2026-09-23T22:28:35.466765,False,,,17.07,False
2537,2026-09-23T22:28:35.496835,True,0.406,0.389,16.56,False
2538,2026-09-23T22:28:35.528831,True,0.406,0.398,17.49,False
2539,2026-09-23T22:28:35.570498,False,,,17.09,False
2540,2026-09-23T22:28:35.605618,False,,,17.02,False
2541,2026-09-23T22:28:35.634794,False,,,17.02,False
2542,2026-09-23T22:28:35.664826,False,,,17.02,False
2543,2026-09-23T22:28:35.699349,False,,,17.02,False
2544,2026-09-23T22:28:35.728510,False,,,17.07,False
2545,2026-09-23T22:28:35.764577,False,,,18.06,False
2546,2026-09-23T22:28:35.804533,False,,,18.92,False
2547,2026-09-23T22:28:35.832553,False,,,17.02,False
2548,2026-09-23T22:28:35.863688,False,,,16.90,False
2549,2026-09-23T22:28:35.907753,True,0.363,0.398,17.01,False
2550,2026-09-23T22:28:35.937843,True,0.363,0.389,17.02,False
2551,2026-09-23T22:28:35.971531,False,,,17.16,False
2552,2026-09-23T22:28:36.001624,False,,,17.01,False
2553,2026-09-23T22:28:36.035656,False,,,17.01,False
2554,2026-09-23T22:28:36.078716,False,,,17.04,False
2555,2026-09-23T22:28:36.107740,False,,,17.02,False
2556,2026-09-23T22:28:36.140756,False,,,17.01,False
2557,2026-09-23T22:28:36.181341,False,,,17.51,False
2558,2026-09-23T22:28:36.213376,False,,,17.01,False
2559,2026-09-23T22:28:36.243995,False,,,17.56,False
2560,2026-09-23T22:28:36.274045,False,,,17.53,False
2561,2026-09-23T22:28:36.307575,False,,,17.02,False
2562,2026-09-23T22:28:36.336626,False,,,17.01,False
2563,2026-09-23T22:28:36.370816,False,,,17.01,False
2564,2026-09-23T22:28:36.398348,False,,,17.52,False
2565,2026-09-23T22:28:36.434438,False,,,17.01,False
2566,2026-09-23T22:28:36.477563,False,,,16.96,False
2567,2026-09-23T22:28:36.506715,True,0.387,0.385,17.06,False
2568,2026-09-23T22:28:36.534791,True,0.387,0.381,17.07,False
2569,2026-09-23T22:28:36.566814,True,0.406,0.381,17.01,False
2570,2026-09-23T22:28:36.597342,True,0.406,0.390,17.52,False
2571,2026-09-23T22:28:36.642976,False,,,17.01,False
2572,2026-09-23T22:28:36.676518,False,,,18.03,False
2573,2026-09-23T22:28:36.708561,False,,,18.02,False
2574,2026-09-23T22:28:36.734658,False,,,17.02,False
2575,2026-09-23T22:28:36.771755,False,,,18.03,False
2576,2026-09-23T22:28:36.810809,False,,,17.01,False
2577,2026-09-23T22:28:36.842837,False,,,17.01,False
2578,2026-09-23T22:28:36.873410,False,,,17.06,False
2579,2026-09-23T22:28:36.905888,False,,,17.01,False
2580,2026-09-23T22:28:36.936963,False,,,17.54,False
2581,2026-09-23T22:28:36.970758,False,,,19.29,False
2582,2026-09-23T22:28:37.000878,False,,,19.11,False
2583,2026-09-23T22:28:37.042459,False,,,17.01,False
2584,2026-09-23T22:28:37.076735,False,,,17.10,False
2585,2026-09-23T22:28:37.107776,False,,,17.04,False
2586,2026-09-23T22:28:37.136872,False,,,17.09,False
2587,2026-09-23T22:28:37.171756,False,,,17.37,False
2588,2026-09-23T22:28:37.212609,False,,,16.83,False
2589,2026-09-23T22:28:37.242635,False,,,17.01,False
2590,2026-09-23T22:28:37.273302,False,,,17.53,False
2591,2026-09-23T22:28:37.303828,False,,,17.02,False
2592,2026-09-23T22:28:37.333344,False,,,17.01,False
2593,2026-09-23T22:28:37.363954,False,,,16.59,False
2594,2026-09-23T22:28:37.402478,False,,,19.51,False
2595,2026-09-23T22:28:37.442646,False,,,17.10,False
2596,2026-09-23T22:28:37.472694,False,,,17.01,False
2597,2026-09-23T22:28:37.508719,False,,,18.02,False
2598,2026-09-23T22:28:37.547815,False,,,17.07,False
2599,2026-09-23T22:28:37.577336,False,,,16.52,False
2600,2026-09-23T22:28:37.607856,False,,,17.01,False
2601,2026-09-23T22:28:37.640378,False,,,18.02,False
2602,2026-09-23T22:28:37.671027,False,,,17.51,False
2603,2026-09-23T22:28:37.700626,False,,,17.01,False
2604,2026-09-23T22:28:37.731673,False,,,18.01,False
2605,2026-09-23T22:28:37.779338,False,,,17.01,False
2606,2026-09-23T22:28:37.822724,False,,,17.01,False
2607,2026-09-23T22:28:37.852442,False,,,16.68,False
2608,2026-09-23T22:28:37.883525,False,,,17.57,False
2609,2026-09-23T22:28:37.913698,False,,,18.05,False
2610,2026-09-23T22:28:37.943727,False,,,17.02,False
2611,2026-09-23T22:28:37.974332,False,,,17.58,False
2612,2026-09-23T22:28:38.003480,False,,,16.65,False
2613,2026-09-23T22:28:38.034648,False,,,17.10,False
2614,2026-09-23T22:28:38.064718,False,,,17.06,False
2615,2026-09-23T22:28:38.102750,False,,,20.02,False
2616,2026-09-23T22:28:38.142896,False,,,19.01,False
2617,2026-09-23T22:28:38.180420,False,,,16.51,False
2618,2026-09-23T22:28:38.217412,False,,,17.52,False
2619,2026-09-23T22:28:38.249732,False,,,18.25,False
2620,2026-09-23T22:28:38.278850,False,,,17.07,False
2621,2026-09-23T22:28:38.308917,False,,,16.56,False
2622,2026-09-23T22:28:38.339500,False,,,17.08,False
2623,2026-09-23T22:28:38.370654,False,,,17.01,False
2624,2026-09-23T22:28:38.400738,False,,,17.08,False
2625,2026-09-23T22:28:38.436774,False,,,18.02,False
2626,2026-09-23T22:28:38.474123,False,,,16.82,False
2627,2026-09-23T22:28:38.514676,False,,,17.01,False
2628,2026-09-23T22:28:38.550735,False,,,17.01,False
2629,2026-09-23T22:28:38.580335,False,,,17.59,False
2630,2026-09-23T22:28:38.611538,False,,,17.12,False
2631,2026-09-23T22:28:38.642605,False,,,17.01,False
2632,2026-09-23T22:28:38.673747,False,,,18.01,False
2633,2026-09-23T22:28:38.707777,False,,,17.02,False
2634,2026-09-23T22:28:38.749354,False,,,18.02,False
2635,2026-09-23T22:28:38.780005,False,,,17.59,False
2636,2026-09-23T22:28:38.810618,False,,,18.10,False
2637,2026-09-23T22:28:38.839715,False,,,17.07,False
2638,2026-09-23T22:28:38.868796,False,,,16.54,False
2639,2026-09-23T22:28:38.915343,False,,,17.52,False
2640,2026-09-23T22:28:38.944674,False,,,17.02,False
2641,2026-09-23T22:28:38.980227,False,,,17.51,False
2642,2026-09-23T22:28:39.021337,False,,,17.51,False
2643,2026-09-23T22:28:39.052862,False,,,17.01,False
2644,2026-09-23T22:28:39.083883,False,,,17.51,False
2645,2026-09-23T22:28:39.115491,False,,,17.10,False
2646,2026-09-23T22:28:39.146676,False,,,17.07,False
2647,2026-09-23T22:28:39.176775,False,,,17.02,False
2648,2026-09-23T22:28:39.209847,False,,,16.51,False
2649,2026-09-23T22:28:39.253958,False,,,19.59,False
2650,2026-09-23T22:28:39.287199,False,,,16.73,False
2651,2026-09-23T22:28:39.317726,False,,,17.02,False
2652,2026-09-23T22:28:39.346743,False,,,16.51,False
2653,2026-09-23T22:28:39.380763,False,,,17.01,False
2654,2026-09-23T22:28:39.407823,False,,,17.05,False
2655,2026-09-23T22:28:39.437348,False,,,16.52,False
2656,2026-09-23T22:28:39.468505,False,,,17.14,False
2657,2026-09-23T22:28:39.507533,False,,,17.02,False
2658,2026-09-23T22:28:39.544647,False,,,17.01,False
2659,2026-09-23T22:28:39.574579,False,,,16.68,False
2660,2026-09-23T22:28:39.604665,False,,,17.06,False
2661,2026-09-23T22:28:39.651753,False,,,17.05,False
2662,2026-09-23T22:28:39.681783,False,,,17.50,False
2663,2026-09-23T22:28:39.714843,False,,,17.02,False
2664,2026-09-23T22:28:39.743361,False,,,17.01,False
2665,2026-09-23T22:28:39.774383,False,,,17.51,False
2666,2026-09-23T22:28:39.805462,False,,,16.57,False
2667,2026-09-23T22:28:39.838555,False,,,17.02,False
2668,2026-09-23T22:28:39.869711,False,,,17.06,False
2669,2026-09-23T22:28:39.908309,False,,,17.59,False
2670,2026-09-23T22:28:39.946851,False,,,17.02,False
2671,2026-09-23T22:28:39.987680,False,,,17.01,False
2672,2026-09-23T22:28:40.023761,False,,,17.05,False
2673,2026-09-23T22:28:40.052817,False,,,16.05,False
2674,2026-09-23T22:28:40.084365,False,,,17.01,False
2675,2026-09-23T22:28:40.113953,False,,,16.57,False
2676,2026-09-23T22:28:40.145480,False,,,17.02,False
2677,2026-09-23T22:28:40.179049,False,,,16.56,False
2678,2026-09-23T22:28:40.207608,False,,,17.05,False
2679,2026-09-23T22:28:40.236558,False,,,16.57,False
2680,2026-09-23T22:28:40.267258,False,,,16.62,False
2681,2026-09-23T22:28:40.307787,False,,,17.01,False
2682,2026-09-23T22:28:40.342828,False,,,17.01,False
2683,2026-09-23T22:28:40.387859,False,,,17.51,False
2684,2026-09-23T22:28:40.419117,False,,,16.75,False
2685,2026-09-23T22:28:40.451645,False,,,17.01,False
2686,2026-09-23T22:28:40.478603,False,,,17.18,False
2687,2026-09-23T22:28:40.509704,False,,,17.10,False
2688,2026-09-23T22:28:40.539731,False,,,17.01,False
2689,2026-09-23T22:28:40.569755,False,,,17.02,False
2690,2026-09-23T22:28:40.599786,False,,,17.02,False
2691,2026-09-23T22:28:40.629805,False,,,17.01,False
2692,2026-09-23T22:28:40.660332,False,,,16.51,False
2693,2026-09-23T22:28:40.724112,False,,,17.51,False
2694,2026-09-23T22:28:40.750129,False,,,17.51,False
2695,2026-09-23T22:28:40.787705,False,,,17.06,False
2696,2026-09-23T22:28:40.829231,False,,,16.51,False
2697,2026-09-23T22:28:40.859261,False,,,17.52,False
2698,2026-09-23T22:28:40.889779,False,,,17.01,False
2699,2026-09-23T22:28:40.920841,False,,,17.03,False
2700,2026-09-23T22:28:40.952607,False,,,17.01,False
2701,2026-09-23T22:28:40.980744,False,,,17.54,False
2702,2026-09-23T22:28:41.013772,False,,,17.01,False
2703,2026-09-23T22:28:41.042787,False,,,16.51,False
2704,2026-09-23T22:28:41.074819,False,,,17.52,False
2705,2026-09-23T22:28:41.123915,False,,,17.51,False
2706,2026-09-23T22:28:41.151474,False,,,17.06,False
2707,2026-09-23T22:28:41.187721,False,,,17.07,False
2708,2026-09-23T22:28:41.226760,False,,,17.03,False
2709,2026-09-23T22:28:41.256290,False,,,16.52,False
2710,2026-09-23T22:28:41.287819,False,,,17.02,False
2711,2026-09-23T22:28:41.317841,False,,,17.01,False
2712,2026-09-23T22:28:41.349449,False,,,17.10,False
2713,2026-09-23T22:28:41.381537,False,,,17.07,False
2714,2026-09-23T22:28:41.410582,False,,,16.51,False
2715,2026-09-23T22:28:41.442669,False,,,17.01,False
2716,2026-09-23T22:28:41.473706,False,,,17.52,False
2717,2026-09-23T22:28:41.524091,False,,,16.01,False
2718,2026-09-23T22:28:41.565148,False,,,19.54,False
2719,2026-09-23T22:28:41.593683,False,,,17.03,False
2720,2026-09-23T22:28:41.623240,False,,,16.55,False
2721,2026-09-23T22:28:41.653764,False,,,17.02,False
2722,2026-09-23T22:28:41.685797,False,,,17.02,False
2723,2026-09-23T22:28:41.715339,False,,,16.52,False
2724,2026-09-23T22:28:41.745863,False,,,17.02,False
2725,2026-09-23T22:28:41.777887,False,,,17.01,False
2726,2026-09-23T22:28:41.810547,False,,,17.05,False
2727,2026-09-23T22:28:41.840668,False,,,17.01,False
2728,2026-09-23T22:28:41.870750,False,,,17.01,False
2729,2026-09-23T22:28:41.924674,False,,,17.53,False
2730,2026-09-23T22:28:41.963784,False,,,17.08,False
2731,2026-09-23T22:28:41.993808,False,,,17.01,False
2732,2026-09-23T22:28:42.023298,False,,,16.51,False
2733,2026-09-23T22:28:42.053825,False,,,17.02,False
2734,2026-09-23T22:28:42.084977,False,,,16.51,False
2735,2026-09-23T22:28:42.116502,False,,,18.02,False
2736,2026-09-23T22:28:42.146590,False,,,16.58,False
2737,2026-09-23T22:28:42.179770,False,,,17.04,False
2738,2026-09-23T22:28:42.206914,False,,,17.02,False
2739,2026-09-23T22:28:42.237951,False,,,16.53,False
2740,2026-09-23T22:28:42.268509,False,,,17.05,False
2741,2026-09-23T22:28:42.322676,False,,,17.01,False
2742,2026-09-23T22:28:42.372749,False,,,21.52,False
2743,2026-09-23T22:28:42.474940,False,,,48.14,False
2744,2026-09-23T22:28:42.593960,False,,,44.15,False
2745,2026-09-23T22:28:42.739147,False,,,49.70,False
2746,2026-09-23T22:28:42.861126,False,,,48.64,False
2747,2026-09-23T22:28:42.969618,False,,,50.23,False
2748,2026-09-23T22:28:43.075702,False,,,34.22,False
2749,2026-09-23T22:28:43.193849,False,,,45.08,False
2750,2026-09-23T22:28:43.332407,False,,,44.96,False
2751,2026-09-23T22:28:43.440686,False,,,43.12,False
2752,2026-09-23T22:28:43.562656,False,,,45.04,False
2753,2026-09-23T22:28:43.668658,False,,,45.16,False
2754,2026-09-23T22:28:43.832794,False,,,72.30,False
2755,2026-09-23T22:28:43.950762,False,,,53.23,False
2756,2026-09-23T22:28:44.073493,False,,,51.99,False
2757,2026-09-23T22:28:44.216827,False,,,55.56,False
2758,2026-09-23T22:28:44.334788,False,,,51.14,False
2759,2026-09-23T22:28:44.470422,False,,,47.99,False
2760,2026-09-23T22:28:44.616731,False,,,54.10,False
2761,2026-09-23T22:28:44.754705,False,,,69.09,False
2762,2026-09-23T22:28:44.882397,False,,,47.58,False
2763,2026-09-23T22:28:45.007473,False,,,48.05,False
2764,2026-09-23T22:28:45.143509,False,,,48.59,False
2765,2026-09-23T22:28:45.264761,False,,,30.03,False
2766,2026-09-23T22:28:45.402814,False,,,77.36,False
2767,2026-09-23T22:28:45.541529,False,,,47.02,False
2768,2026-09-23T22:28:45.678396,False,,,47.62,False
2769,2026-09-23T22:28:45.789614,False,,,52.64,False
2770,2026-09-23T22:28:45.902792,False,,,43.55,False
2771,2026-09-23T22:28:46.036692,False,,,57.58,False
2772,2026-09-23T22:28:46.148890,False,,,48.06,False
2773,2026-09-23T22:28:46.256394,False,,,33.06,False
2774,2026-09-23T22:28:46.379783,False,,,47.18,False
2775,2026-09-23T22:28:46.533825,False,,,77.75,False
2776,2026-09-23T22:28:46.679711,False,,,56.07,False
2777,2026-09-23T22:28:46.822674,False,,,51.14,False
2778,2026-09-23T22:28:46.950865,False,,,57.12,False
2779,2026-09-23T22:28:47.078909,False,,,47.56,False
2780,2026-09-23T22:28:47.218704,False,,,48.10,False
2781,2026-09-23T22:28:47.337838,False,,,46.06,False
2782,2026-09-23T22:28:47.473733,False,,,61.09,False
2783,2026-09-23T22:28:47.578674,False,,,31.02,False
2784,2026-09-23T22:28:47.701342,False,,,47.60,False
2785,2026-09-23T22:28:47.794621,False,,,19.01,False
2786,2026-09-23T22:28:47.921555,False,,,54.80,False
2787,2026-09-23T22:28:48.041341,False,,,52.63,False
2788,2026-09-23T22:28:48.181627,False,,,72.91,False
2789,2026-09-23T22:28:48.302340,False,,,57.52,False
2790,2026-09-23T22:28:48.400738,False,,,47.08,False
2791,2026-09-23T22:28:48.549844,False,,,56.06,False
2792,2026-09-23T22:28:48.691664,False,,,48.08,False
2793,2026-09-23T22:28:48.783146,False,,,18.56,False
2794,2026-09-23T22:28:48.913872,False,,,57.61,False
2795,2026-09-23T22:28:49.026749,False,,,48.20,False
2796,2026-09-23T22:28:49.148732,False,,,50.39,False
2797,2026-09-23T22:28:49.280823,False,,,46.18,False
2798,2026-09-23T22:28:49.418767,False,,,46.08,False
2799,2026-09-23T22:28:49.561375,False,,,53.79,False
2800,2026-09-23T22:28:49.677482,False,,,63.64,False
2801,2026-09-23T22:28:49.795389,False,,,45.68,False
2802,2026-09-23T22:28:49.931547,False,,,74.15,False
2803,2026-09-23T22:28:50.047828,False,,,39.08,False
2804,2026-09-23T22:28:50.179820,False,,,62.13,False
2805,2026-09-23T22:28:50.313664,False,,,57.17,False
2806,2026-09-23T22:28:50.408778,False,,,17.02,False
2807,2026-09-23T22:28:50.437053,False,,,17.02,False
2808,2026-09-23T22:28:50.481575,False,,,17.00,False
2809,2026-09-23T22:28:50.515665,False,,,17.24,False
2810,2026-09-23T22:28:50.555531,False,,,17.02,False
2811,2026-09-23T22:28:50.611392,False,,,17.51,False
2812,2026-09-23T22:28:50.677943,False,,,17.06,False
2813,2026-09-23T22:28:50.708464,False,,,17.01,False
2814,2026-09-23T22:28:50.754840,False,,,17.21,False
2815,2026-09-23T22:28:50.781607,False,,,17.22,False
2816,2026-09-23T22:28:50.819708,False,,,17.07,False
2817,2026-09-23T22:28:50.859822,False,,,17.52,False
2818,2026-09-23T22:28:50.897618,False,,,17.04,False
2819,2026-09-23T22:28:50.936414,False,,,17.52,False
