frame_number,timestamp,detected,raw_score,avg_score,latency_ms,resized
1,2026-09-23T22:47:19.613247,False,,,18.01,True
2,2026-09-23T22:47:19.679362,False,,,17.51,True
3,2026-09-23T22:47:19.709894,False,,,17.01,True
4,2026-09-23T22:47:19.742215,False,,,18.02,True
5,2026-09-23T22:47:19.771877,False,,,17.01,True
6,2026-09-23T22:47:19.806223,False,,,17.52,True
7,2026-09-23T22:47:19.847786,False,,,16.95,True
8,2026-09-23T22:47:19.879338,False,,,16.54,True
9,2026-09-23T22:47:19.910436,False,,,17.52,True
10,2026-09-23T22:47:19.940124,False,,,17.13,True
11,2026-09-23T22:47:19.971946,False,,,17.03,True
12,2026-09-23T22:47:20.001401,False,,,16.26,True
13,2026-09-23T22:47:20.030754,False,,,16.78,True
14,2026-09-23T22:47:20.078207,False,,,17.02,True
15,2026-09-23T22:47:20.109517,False,,,17.29,True
16,2026-09-23T22:47:20.142050,False,,,17.01,True
17,2026-09-23T22:47:20.170645,False,,,17.52,True
18,2026-09-23T22:47:20.218685,False,,,28.01,True
19,2026-09-23T22:47:20.247211,False,,,16.52,True
20,2026-09-23T22:47:20.280754,False,,,17.55,True
21,2026-09-23T22:47:20.311289,False,,,17.01,True
22,2026-09-23T22:47:20.341592,False,,,16.29,True
23,2026-09-23T22:47:20.371619,False,,,16.51,True
24,2026-09-23T22:47:20.413034,False,,,16.51,True
25,2026-09-23T22:47:20.450501,False,,,17.55,True
26,2026-09-23T22:47:20.481557,False,,,16.51,True
27,2026-09-23T22:47:20.513084,False,,,16.52,True
28,2026-09-23T22:47:20.544123,False,,,17.02,True
29,2026-09-23T22:47:20.576165,False,,,17.02,True
30,2026-09-23T22:47:20.606202,False,,,17.02,True
31,2026-09-23T22:47:20.637256,False,,,17.03,True
32,2026-09-23T22:47:20.670349,False,,,17.06,True
33,2026-09-23T22:47:20.700418,False,,,17.56,True
34,2026-09-23T22:47:20.736469,False,,,19.52,True
35,2026-09-23T22:47:20.777511,False,,,16.52,True
36,2026-09-23T22:47:20.814576,False,,,17.02,True
37,2026-09-23T22:47:20.856158,False,,,17.06,True
38,2026-09-23T22:47:20.886194,False,,,17.02,True
39,2026-09-23T22:47:20.917726,False,,,18.02,True
40,2026-09-23T22:47:20.950760,False,,,17.52,True
41,2026-09-23T22:47:20.980739,False,,,16.53,True
42,2026-09-23T22:47:21.011258,False,,,16.96,True
43,2026-09-23T22:47:21.045317,False,,,17.03,True
44,2026-09-23T22:47:21.075889,False,,,16.56,True
45,2026-09-23T22:47:21.107409,False,,,17.52,True
46,2026-09-23T22:47:21.150069,False,,,17.02,True
47,2026-09-23T22:47:21.185277,False,,,17.12,True
48,2026-09-23T22:47:21.216978,False,,,17.58,True
49,2026-09-23T22:47:21.245556,False,,,16.52,True
50,2026-09-23T22:47:21.278212,False,,,17.02,True
51,2026-09-23T22:47:21.308260,False,,,17.04,True
52,2026-09-23T22:47:21.342167,True,0.184,0.184,17.01,True
53,2026-09-23T22:47:21.371685,True,0.184,0.184,16.51,True
54,2026-09-23T22:47:21.406212,False,,,17.01,True
55,2026-09-23T22:47:21.434246,False,,,17.02,True
56,2026-09-23T22:47:21.470797,True,0.363,0.243,17.52,True
56,2026-09-23T22:47:21.470797,True,0.199,0.232,17.52,True
57,2026-09-23T22:47:21.497713,True,0.363,0.259,16.91,True
57,2026-09-23T22:47:21.497713,True,0.199,0.262,16.91,True
58,2026-09-23T22:47:21.549792,True,0.387,0.302,16.53,True
59,2026-09-23T22:47:21.591110,True,0.387,0.307,16.77,True
60,2026-09-23T22:47:21.622135,True,0.168,0.301,17.01,True
61,2026-09-23T22:47:21.654216,True,0.168,0.262,17.06,True
62,2026-09-23T22:47:21.683836,True,0.156,0.253,17.51,True
63,2026-09-23T22:47:21.713901,True,0.156,0.207,16.53,True
64,2026-09-23T22:47:21.745003,True,0.199,0.170,17.07,True
65,2026-09-23T22:47:21.776084,True,0.199,0.176,17.07,True
66,2026-09-23T22:47:21.808139,False,,,17.04,True
67,2026-09-23T22:47:21.836189,False,,,17.02,True
68,2026-09-23T22:47:21.888263,False,,,20.53,True
69,2026-09-23T22:47:21.915797,False,,,16.53,True
70,2026-09-23T22:47:21.950329,True,0.230,0.188,17.52,True
70,2026-09-23T22:47:21.950329,True,0.168,0.191,17.52,True
71,2026-09-23T22:47:21.977440,True,0.230,0.205,16.61,True
71,2026-09-23T22:47:21.977440,True,0.168,0.199,16.61,True
72,2026-09-23T22:47:22.009225,True,0.230,0.205,17.15,True
72,2026-09-23T22:47:22.009225,True,0.168,0.193,17.15,True
73,2026-09-23T22:47:22.040296,True,0.230,0.205,17.04,True
73,2026-09-23T22:47:22.040296,True,0.211,0.202,17.04,True
74,2026-09-23T22:47:22.078015,False,,,17.01,True
75,2026-09-23T22:47:22.117429,False,,,17.52,True
76,2026-09-23T22:47:22.149500,False,,,17.07,True
77,2026-09-23T22:47:22.179052,False,,,16.05,True
78,2026-09-23T22:47:22.210023,False,,,17.02,True
79,2026-09-23T22:47:22.241113,False,,,17.01,True
80,2026-09-23T22:47:22.286253,False,,,18.03,True
81,2026-09-23T22:47:22.326483,False,,,19.19,True
82,2026-09-23T22:47:22.365068,False,,,17.52,True
83,2026-09-23T22:47:22.396178,False,,,17.53,True
84,2026-09-23T22:47:22.426708,False,,,17.51,True
85,2026-09-23T22:47:22.456250,False,,,16.53,True
86,2026-09-23T22:47:22.490287,False,,,17.02,True
87,2026-09-23T22:47:22.521182,False,,,17.01,True
88,2026-09-23T22:47:22.550725,False,,,17.53,True
89,2026-09-23T22:47:22.579255,False,,,17.02,True
90,2026-09-23T22:47:22.624067,False,,,17.15,True
91,2026-09-23T22:47:22.659152,False,,,17.07,True
92,2026-09-23T22:47:22.690183,False,,,17.02,True
93,2026-09-23T22:47:22.725555,False,,,17.56,True
94,2026-09-23T22:47:22.757219,False,,,17.04,True
95,2026-09-23T22:47:22.800684,False,,,16.52,True
96,2026-09-23T22:47:22.829223,False,,,16.03,True
97,2026-09-23T22:47:22.861308,False,,,17.01,True
98,2026-09-23T22:47:22.891055,False,,,16.73,True
99,2026-09-23T22:47:22.924144,False,,,17.03,True
100,2026-09-23T22:47:22.960176,False,,,17.01,True
101,2026-09-23T22:47:23.001710,False,,,17.51,True
102,2026-09-23T22:47:23.037290,False,,,23.05,True
103,2026-09-23T22:47:23.079169,False,,,17.67,True
104,2026-09-23T22:47:23.109244,False,,,17.06,True
105,2026-09-23T22:47:23.140194,False,,,17.02,True
106,2026-09-23T22:47:23.174911,False,,,18.02,True
107,2026-09-23T22:47:23.214059,False,,,17.01,True
108,2026-09-23T22:47:23.247560,False,,,16.72,True
109,2026-09-23T22:47:23.279127,False,,,17.03,True
110,2026-09-23T22:47:23.312015,False,,,18.87,True
111,2026-09-23T22:47:23.341118,False,,,17.01,True
112,2026-09-23T22:47:23.374242,False,,,17.09,True
113,2026-09-23T22:47:23.406286,False,,,17.03,True
114,2026-09-23T22:47:23.436226,False,,,16.90,True
115,2026-09-23T22:47:23.464937,False,,,17.69,True
116,2026-09-23T22:47:23.496332,False,,,16.37,True
117,2026-09-23T22:47:23.528378,False,,,17.52,True
118,2026-09-23T22:47:23.557210,False,,,17.02,True
119,2026-09-23T22:47:23.591032,False,,,17.01,True
120,2026-09-23T22:47:23.624132,False,,,17.06,True
121,2026-09-23T22:47:23.651657,False,,,16.51,True
122,2026-09-23T22:47:23.684209,False,,,17.03,True
123,2026-09-23T22:47:23.716377,False,,,17.02,True
124,2026-09-23T22:47:23.757957,False,,,17.07,True
125,2026-09-23T22:47:23.794519,False,,,17.52,True
126,2026-09-23T22:47:23.825613,False,,,17.56,True
127,2026-09-23T22:47:23.855856,False,,,16.52,True
128,2026-09-23T22:47:23.890047,False,,,17.01,True
129,2026-09-23T22:47:23.918626,False,,,17.02,True
130,2026-09-23T22:47:23.949661,False,,,16.51,True
131,2026-09-23T22:47:23.980702,False,,,16.53,True
132,2026-09-23T22:47:24.016294,False,,,17.57,True
133,2026-09-23T22:47:24.044324,False,,,17.02,True
134,2026-09-23T22:47:24.077971,False,,,17.04,True
135,2026-09-23T22:47:24.107158,False,,,17.19,True
136,2026-09-23T22:47:24.158412,False,,,17.52,True
137,2026-09-23T22:47:24.202675,False,,,19.64,True
138,2026-09-23T22:47:24.245039,False,,,16.52,True
139,2026-09-23T22:47:24.277588,False,,,18.54,True
140,2026-09-23T22:47:24.318467,False,,,28.36,True
141,2026-09-23T22:47:24.357121,False,,,17.02,True
142,2026-09-23T22:47:24.414197,False,,,16.56,True
143,2026-09-23T22:47:24.494028,False,,,17.04,True
144,2026-09-23T22:47:24.524579,False,,,17.54,True
145,2026-09-23T22:47:24.559174,False,,,18.02,True
146,2026-09-23T22:47:24.586264,False,,,18.07,True
147,2026-09-23T22:47:24.618338,False,,,17.56,True
148,2026-09-23T22:47:24.649459,False,,,17.53,True
149,2026-09-23T22:47:24.680505,False,,,16.52,True
150,2026-09-23T22:47:24.715105,False,,,16.56,True
151,2026-09-23T22:47:24.744642,False,,,17.52,True
152,2026-09-23T22:47:24.775870,False,,,17.79,True
153,2026-09-23T22:47:24.809987,False,,,17.77,True
154,2026-09-23T22:47:24.841049,False,,,17.02,True
155,2026-09-23T22:47:24.895154,False,,,18.07,True
156,2026-09-23T22:47:24.929179,False,,,17.02,True
157,2026-09-23T22:47:24.961219,False,,,17.02,True
158,2026-09-23T22:47:24.994275,False,,,17.02,True
159,2026-09-23T22:47:25.024424,False,,,17.55,True
160,2026-09-23T22:47:25.057262,False,,,17.33,True
161,2026-09-23T22:47:25.090995,False,,,17.01,True
162,2026-09-23T22:47:25.126087,False,,,18.06,True
163,2026-09-23T22:47:25.166628,False,,,17.02,True
164,2026-09-23T22:47:25.197393,True,0.184,0.205,16.54,True
165,2026-09-23T22:47:25.229470,True,0.184,0.195,16.57,True
166,2026-09-23T22:47:25.260003,True,0.262,0.214,17.01,True
167,2026-09-23T22:47:25.294125,True,0.406,0.249,17.02,True
168,2026-09-23T22:47:25.324154,True,0.406,0.288,17.02,True
169,2026-09-23T22:47:25.356096,True,0.406,0.333,16.92,True
170,2026-09-23T22:47:25.384300,True,0.406,0.377,17.20,True
171,2026-09-23T22:47:25.415996,True,0.406,0.406,17.52,True
172,2026-09-23T22:47:25.447338,True,0.453,0.416,16.52,True
173,2026-09-23T22:47:25.478888,True,0.453,0.425,17.04,True
174,2026-09-23T22:47:25.510349,True,0.477,0.439,17.06,True
175,2026-09-23T22:47:25.540937,True,0.477,0.453,17.01,True
176,2026-09-23T22:47:25.574303,True,0.547,0.481,17.33,True
176,2026-09-23T22:47:25.574303,True,0.168,0.424,17.33,True
177,2026-09-23T22:47:25.608205,True,0.547,0.443,16.89,True
177,2026-09-23T22:47:25.608205,True,0.168,0.381,16.89,True
178,2026-09-23T22:47:25.660353,True,0.523,0.391,26.07,True
179,2026-09-23T22:47:25.696110,True,0.523,0.386,17.02,True
180,2026-09-23T22:47:25.728226,True,0.523,0.457,17.11,True
181,2026-09-23T22:47:25.760304,True,0.523,0.452,17.07,True
182,2026-09-23T22:47:25.791488,True,0.523,0.523,17.54,True
183,2026-09-23T22:47:25.823519,True,0.523,0.523,16.51,True
184,2026-09-23T22:47:25.851608,True,0.477,0.514,16.56,True
185,2026-09-23T22:47:25.886173,True,0.477,0.505,17.03,True
186,2026-09-23T22:47:25.917848,True,0.594,0.519,17.53,True
187,2026-09-23T22:47:25.948373,True,0.594,0.533,17.52,True
188,2026-09-23T22:47:25.978923,True,0.523,0.533,17.04,True
189,2026-09-23T22:47:26.008972,True,0.523,0.542,17.04,True
190,2026-09-23T22:47:26.041044,True,0.500,0.547,17.02,True
191,2026-09-23T22:47:26.075106,True,0.500,0.528,18.03,True
192,2026-09-23T22:47:26.101632,True,0.500,0.509,16.52,True
193,2026-09-23T22:47:26.134187,True,0.500,0.505,17.02,True
194,2026-09-23T22:47:26.165290,True,0.430,0.486,17.54,True
195,2026-09-23T22:47:26.196390,True,0.430,0.472,17.09,True
196,2026-09-23T22:47:26.225959,True,0.344,0.441,17.02,True
197,2026-09-23T22:47:26.258118,True,0.344,0.409,17.52,True
198,2026-09-23T22:47:26.292173,True,0.406,0.391,17.01,True
199,2026-09-23T22:47:26.325209,True,0.406,0.386,18.02,True
200,2026-09-23T22:47:26.366250,True,0.230,0.346,17.52,True
201,2026-09-23T22:47:26.400784,True,0.230,0.323,17.52,True
202,2026-09-23T22:47:26.431346,True,0.262,0.307,17.05,True
203,2026-09-23T22:47:26.462894,True,0.262,0.278,17.01,True
204,2026-09-23T22:47:26.493126,True,0.230,0.243,17.02,True
205,2026-09-23T22:47:26.524297,True,0.230,0.243,17.05,True
206,2026-09-23T22:47:26.558356,True,0.211,0.239,17.05,True
207,2026-09-23T22:47:26.585910,True,0.211,0.229,17.54,True
208,2026-09-23T22:47:26.624481,True,0.320,0.241,16.51,True
209,2026-09-23T22:47:26.664660,True,0.320,0.259,17.02,True
210,2026-09-23T22:47:26.706239,True,0.363,0.285,17.02,True
211,2026-09-23T22:47:26.744300,True,0.363,0.316,17.04,True
212,2026-09-23T22:47:26.774851,False,,,17.54,True
213,2026-09-23T22:47:26.807081,False,,,17.03,True
214,2026-09-23T22:47:26.835151,False,,,17.01,True
215,2026-09-23T22:47:26.867680,False,,,17.02,True
216,2026-09-23T22:47:26.900269,False,,,17.01,True
217,2026-09-23T22:47:26.930822,False,,,17.52,True
218,2026-09-23T22:47:26.960028,False,,,16.94,True
219,2026-09-23T22:47:26.990096,False,,,17.01,True
220,2026-09-23T22:47:27.024128,False,,,17.02,True
221,2026-09-23T22:47:27.062169,False,,,21.03,True
222,2026-09-23T22:47:27.101640,False,,,16.51,True
223,2026-09-23T22:47:27.131509,False,,,17.36,True
224,2026-09-23T22:47:27.164812,False,,,16.79,True
225,2026-09-23T22:47:27.194857,False,,,17.52,True
226,2026-09-23T22:47:27.230582,False,,,17.53,True
227,2026-09-23T22:47:27.276162,False,,,17.02,True
228,2026-09-23T22:47:27.317188,False,,,17.05,True
229,2026-09-23T22:47:27.347736,False,,,17.04,True
230,2026-09-23T22:47:27.379308,False,,,16.07,True
231,2026-09-23T22:47:27.411551,False,,,17.01,True
232,2026-09-23T22:47:27.443715,False,,,17.52,True
233,2026-09-23T22:47:27.474245,False,,,17.02,True
234,2026-09-23T22:47:27.508782,False,,,17.52,True
235,2026-09-23T22:47:27.542811,False,,,17.51,True
236,2026-09-23T22:47:27.582899,False,,,17.03,True
237,2026-09-23T22:47:27.613464,False,,,17.06,True
238,2026-09-23T22:47:27.645287,False,,,17.27,True
239,2026-09-23T22:47:27.676060,False,,,16.76,True
240,2026-09-23T22:47:27.708144,False,,,17.07,True
241,2026-09-23T22:47:27.741216,False,,,17.01,True
242,2026-09-23T22:47:27.782808,False,,,17.01,True
243,2026-09-23T22:47:27.815051,False,,,16.56,True
244,2026-09-23T22:47:27.845157,False,,,17.08,True
245,2026-09-23T22:47:27.878305,False,,,17.14,True
246,2026-09-23T22:47:27.909124,False,,,17.52,True
247,2026-09-23T22:47:27.942191,False,,,17.01,True
248,2026-09-23T22:47:27.971876,False,,,17.04,True
249,2026-09-23T22:47:28.002957,False,,,17.68,True
250,2026-09-23T22:47:28.034445,False,,,17.45,True
251,2026-09-23T22:47:28.067031,False,,,16.57,True
252,2026-09-23T22:47:28.095954,False,,,16.52,True
253,2026-09-23T22:47:28.128488,False,,,17.52,True
254,2026-09-23T22:47:28.159056,True,0.477,0.369,17.03,True
255,2026-09-23T22:47:28.190221,True,0.477,0.400,17.02,True
256,2026-09-23T22:47:28.240313,True,0.344,0.405,17.04,True
257,2026-09-23T22:47:28.282973,True,0.344,0.401,17.58,True
258,2026-09-23T22:47:28.314052,True,0.301,0.388,16.51,True
259,2026-09-23T22:47:28.345117,True,0.301,0.353,17.04,True
260,2026-09-23T22:47:28.378170,True,0.199,0.298,17.04,True
261,2026-09-23T22:47:28.408217,True,0.199,0.269,17.03,True
262,2026-09-23T22:47:28.439241,True,0.211,0.242,17.52,True
263,2026-09-23T22:47:28.476620,True,0.211,0.224,17.33,True
264,2026-09-23T22:47:28.514245,True,0.211,0.206,17.06,True
265,2026-09-23T22:47:28.555610,True,0.211,0.209,26.54,True
266,2026-09-23T22:47:28.592110,True,0.301,0.229,17.01,True
267,2026-09-23T22:47:28.624140,True,0.301,0.247,17.01,True
268,2026-09-23T22:47:28.658208,True,0.246,0.254,17.05,True
269,2026-09-23T22:47:28.690176,True,0.246,0.261,17.02,True
270,2026-09-23T22:47:28.732983,True,0.184,0.255,17.01,True
271,2026-09-23T22:47:28.764051,True,0.184,0.232,16.51,True
272,2026-09-23T22:47:28.795600,True,0.246,0.221,17.52,True
273,2026-09-23T22:47:28.831781,True,0.246,0.221,16.51,True
274,2026-09-23T22:47:28.876243,True,0.246,0.221,17.04,True
275,2026-09-23T22:47:28.906274,True,0.246,0.234,17.02,True
276,2026-09-23T22:47:28.933300,True,0.301,0.257,17.52,True
277,2026-09-23T22:47:28.980607,True,0.301,0.268,19.02,True
278,2026-09-23T22:47:29.013266,True,0.246,0.268,17.64,True
279,2026-09-23T22:47:29.043472,True,0.246,0.268,17.14,True
280,2026-09-23T22:47:29.075048,True,0.262,0.271,17.04,True
281,2026-09-23T22:47:29.108585,True,0.262,0.263,17.52,True
282,2026-09-23T22:47:29.140113,True,0.301,0.263,17.02,True
283,2026-09-23T22:47:29.181756,True,0.301,0.274,16.53,True
284,2026-09-23T22:47:29.213298,True,0.301,0.285,17.02,True
285,2026-09-23T22:47:29.246358,True,0.301,0.293,17.52,True
286,2026-09-23T22:47:29.279126,True,0.301,0.301,18.04,True
287,2026-09-23T22:47:29.310162,True,0.301,0.301,17.02,True
288,2026-09-23T22:47:29.341212,True,0.344,0.309,17.02,True
289,2026-09-23T22:47:29.377296,True,0.344,0.318,18.05,True
290,2026-09-23T22:47:29.424340,True,0.301,0.318,17.03,True
291,2026-09-23T22:47:29.465044,True,0.301,0.318,17.52,True
292,2026-09-23T22:47:29.497618,True,0.211,0.300,17.07,True
292,2026-09-23T22:47:29.497618,True,0.156,0.263,17.07,True
293,2026-09-23T22:47:29.528150,True,0.211,0.236,17.02,True
293,2026-09-23T22:47:29.528150,True,0.156,0.207,17.02,True
294,2026-09-23T22:47:29.559184,False,,,17.02,True
295,2026-09-23T22:47:29.591308,False,,,17.02,True
296,2026-09-23T22:47:29.623305,False,,,17.03,True
297,2026-09-23T22:47:29.653257,False,,,17.52,True
298,2026-09-23T22:47:29.683298,False,,,17.01,True
299,2026-09-23T22:47:29.713331,False,,,17.52,True
300,2026-09-23T22:47:29.744899,False,,,17.04,True
301,2026-09-23T22:47:29.777479,False,,,16.57,True
302,2026-09-23T22:47:29.809011,False,,,17.52,True
303,2026-09-23T22:47:29.841951,False,,,17.10,True
304,2026-09-23T22:47:29.894871,False,,,21.32,True
305,2026-09-23T22:47:29.929443,False,,,16.56,True
306,2026-09-23T22:47:29.964027,False,,,16.57,True
307,2026-09-23T22:47:29.991550,False,,,17.02,True
308,2026-09-23T22:47:30.024580,False,,,17.51,True
309,2026-09-23T22:47:30.057167,False,,,17.06,True
310,2026-09-23T22:47:30.084957,False,,,16.76,True
311,2026-09-23T22:47:30.114004,False,,,16.51,True
312,2026-09-23T22:47:30.148002,False,,,17.14,True
313,2026-09-23T22:47:30.176677,False,,,16.56,True
314,2026-09-23T22:47:30.209292,False,,,17.08,True
315,2026-09-23T22:47:30.242217,False,,,17.01,True
316,2026-09-23T22:47:30.274837,False,,,17.56,True
317,2026-09-23T22:47:30.316406,False,,,17.02,True
318,2026-09-23T22:47:30.347495,False,,,16.59,True
319,2026-09-23T22:47:30.379063,False,,,17.06,True
320,2026-09-23T22:47:30.409183,False,,,17.10,True
321,2026-09-23T22:47:30.442226,False,,,17.01,True
322,2026-09-23T22:47:30.478033,True,0.156,0.178,17.10,True
323,2026-09-23T22:47:30.508112,True,0.156,0.167,17.07,True
324,2026-09-23T22:47:30.540132,True,0.211,0.178,17.01,True
325,2026-09-23T22:47:30.566668,True,0.211,0.178,17.02,True
326,2026-09-23T22:47:30.599662,False,,,17.54,True
327,2026-09-23T22:47:30.630730,False,,,16.51,True
328,2026-09-23T22:47:30.661221,False,,,16.97,True
329,2026-09-23T22:47:30.692212,False,,,16.87,True
330,2026-09-23T22:47:30.723966,False,,,17.12,True
331,2026-09-23T22:47:30.758018,False,,,17.04,True
332,2026-09-23T22:47:30.786254,False,,,18.18,True
333,2026-09-23T22:47:30.817945,False,,,16.52,True
334,2026-09-23T22:47:30.848314,False,,,17.50,True
335,2026-09-23T22:47:30.877883,False,,,17.02,True
336,2026-09-23T22:47:30.909933,False,,,17.04,True
337,2026-09-23T22:47:30.939927,False,,,17.01,True
338,2026-09-23T22:47:30.980780,False,,,16.95,True
339,2026-09-23T22:47:31.015170,False,,,17.56,True
340,2026-09-23T22:47:31.047216,False,,,16.52,True
341,2026-09-23T22:47:31.079823,False,,,17.53,True
342,2026-09-23T22:47:31.111089,False,,,17.02,True
343,2026-09-23T22:47:31.143164,False,,,18.02,True
344,2026-09-23T22:47:31.181766,False,,,16.78,True
345,2026-09-23T22:47:31.222968,False,,,17.55,True
346,2026-09-23T22:47:31.250002,False,,,17.02,True
347,2026-09-23T22:47:31.283568,False,,,19.52,True
348,2026-09-23T22:47:31.312092,False,,,17.01,True
349,2026-09-23T22:47:31.341216,False,,,17.01,True
350,2026-09-23T22:47:31.377810,False,,,16.56,True
351,2026-09-23T22:47:31.422974,False,,,17.05,True
352,2026-09-23T22:47:31.453023,False,,,18.02,True
353,2026-09-23T22:47:31.484107,False,,,18.02,True
354,2026-09-23T22:47:31.541000,False,,,17.01,True
355,2026-09-23T22:47:31.577087,False,,,17.03,True
356,2026-09-23T22:47:31.609119,False,,,17.02,True
357,2026-09-23T22:47:31.641187,False,,,17.02,True
358,2026-09-23T22:47:31.675167,False,,,17.39,True
359,2026-09-23T22:47:31.718652,False,,,17.02,True
360,2026-09-23T22:47:31.747179,False,,,16.52,True
361,2026-09-23T22:47:31.778899,False,,,17.02,True
362,2026-09-23T22:47:31.809084,False,,,17.06,True
363,2026-09-23T22:47:31.841151,False,,,17.01,True
364,2026-09-23T22:47:31.874857,False,,,16.53,True
365,2026-09-23T22:47:31.917183,False,,,17.54,True
366,2026-09-23T22:47:31.948211,False,,,17.02,True
367,2026-09-23T22:47:31.982981,False,,,17.51,True
368,2026-09-23T22:47:32.010163,False,,,16.90,True
369,2026-09-23T22:47:32.042209,False,,,17.01,True
370,2026-09-23T22:47:32.076440,False,,,17.58,True
371,2026-09-23T22:47:32.107031,False,,,17.02,True
372,2026-09-23T22:47:32.142060,False,,,17.01,True
373,2026-09-23T22:47:32.184117,False,,,16.52,True
374,2026-09-23T22:47:32.214104,False,,,17.46,True
375,2026-09-23T22:47:32.245156,False,,,17.02,True
376,2026-09-23T22:47:32.276685,False,,,17.52,True
377,2026-09-23T22:47:32.310936,False,,,16.70,True
378,2026-09-23T22:47:32.341026,False,,,17.02,True
379,2026-09-23T22:47:32.375027,False,,,16.52,True
380,2026-09-23T22:47:32.417831,False,,,17.52,True
381,2026-09-23T22:47:32.448560,False,,,16.66,True
382,2026-09-23T22:47:32.491626,False,,,28.56,True
383,2026-09-23T22:47:32.526161,False,,,17.01,True
384,2026-09-23T22:47:32.558200,False,,,17.02,True
385,2026-09-23T22:47:32.591299,False,,,17.02,True
386,2026-09-23T22:47:32.633589,False,,,17.51,True
387,2026-09-23T22:47:32.665158,False,,,17.56,True
388,2026-09-23T22:47:32.696307,False,,,17.64,True
389,2026-09-23T22:47:32.725340,False,,,17.02,True
390,2026-09-23T22:47:32.781149,False,,,17.12,True
391,2026-09-23T22:47:32.816690,False,,,17.02,True
392,2026-09-23T22:47:32.849717,False,,,16.51,True
393,2026-09-23T22:47:32.909693,False,,,16.53,True
394,2026-09-23T22:47:32.944227,False,,,17.02,True
395,2026-09-23T22:47:32.977657,False,,,16.57,True
396,2026-09-23T22:47:33.007307,False,,,17.14,True
397,2026-09-23T22:47:33.057038,False,,,16.52,True
398,2026-09-23T22:47:33.097653,False,,,17.08,True
399,2026-09-23T22:47:33.129239,False,,,16.08,True
400,2026-09-23T22:47:33.157315,False,,,17.07,True
401,2026-09-23T22:47:33.190879,False,,,17.03,True
402,2026-09-23T22:47:33.224203,False,,,18.06,True
403,2026-09-23T22:47:33.252273,False,,,17.06,True
404,2026-09-23T22:47:33.285014,False,,,17.62,True
405,2026-09-23T22:47:33.316545,False,,,17.02,True
406,2026-09-23T22:47:33.347433,False,,,16.88,True
407,2026-09-23T22:47:33.392264,False,,,17.02,True
408,2026-09-23T22:47:33.426290,False,,,17.02,True
409,2026-09-23T22:47:33.458321,False,,,17.02,True
410,2026-09-23T22:47:33.490344,False,,,16.51,True
411,2026-09-23T22:47:33.518901,False,,,17.55,True
412,2026-09-23T22:47:33.547813,True,0.184,0.184,17.02,True
413,2026-09-23T22:47:33.581542,True,0.184,0.189,16.52,True
414,2026-09-23T22:47:33.613107,True,0.301,0.218,19.02,True
415,2026-09-23T22:47:33.645491,True,0.301,0.236,18.52,True
416,2026-09-23T22:47:33.676067,True,0.344,0.263,17.06,True
417,2026-09-23T22:47:33.710299,True,0.406,0.307,17.11,True
418,2026-09-23T22:47:33.753303,True,0.406,0.352,17.02,True
419,2026-09-23T22:47:33.791373,True,0.430,0.377,16.51,True
420,2026-09-23T22:47:33.838431,True,0.430,0.403,20.52,True
421,2026-09-23T22:47:33.876048,True,0.430,0.420,17.10,True
421,2026-09-23T22:47:33.876048,True,0.156,0.370,17.10,True
422,2026-09-23T22:47:33.907975,True,0.430,0.375,17.53,True
422,2026-09-23T22:47:33.907975,True,0.156,0.320,17.53,True
423,2026-09-23T22:47:33.940026,True,0.430,0.320,17.01,True
423,2026-09-23T22:47:33.940026,True,0.156,0.266,17.01,True
424,2026-09-23T22:47:33.970077,True,0.453,0.325,17.02,True
424,2026-09-23T22:47:33.970077,True,0.211,0.281,17.02,True
425,2026-09-23T22:47:34.008157,True,0.453,0.341,17.02,True
425,2026-09-23T22:47:34.008157,True,0.211,0.297,17.02,True
426,2026-09-23T22:47:34.050226,True,0.477,0.361,17.01,True
426,2026-09-23T22:47:34.050226,True,0.246,0.320,17.01,True
427,2026-09-23T22:47:34.080842,True,0.477,0.373,17.01,True
427,2026-09-23T22:47:34.080842,True,0.246,0.331,17.01,True
428,2026-09-23T22:47:34.111201,True,0.477,0.384,16.85,True
429,2026-09-23T22:47:34.143261,True,0.453,0.380,17.01,True
430,2026-09-23T22:47:34.174291,True,0.453,0.421,17.02,True
431,2026-09-23T22:47:34.208904,True,0.363,0.398,17.59,True
431,2026-09-23T22:47:34.208904,True,0.168,0.383,17.59,True
432,2026-09-23T22:47:34.235026,True,0.363,0.360,17.07,True
432,2026-09-23T22:47:34.235026,True,0.168,0.303,17.07,True
433,2026-09-23T22:47:34.270068,True,0.363,0.285,17.01,True
433,2026-09-23T22:47:34.270068,True,0.168,0.246,17.01,True
434,2026-09-23T22:47:34.297347,True,0.320,0.277,17.53,True
435,2026-09-23T22:47:34.328968,True,0.320,0.268,17.08,True
436,2026-09-23T22:47:34.361048,True,0.320,0.298,17.01,True
437,2026-09-23T22:47:34.391164,True,0.320,0.290,17.06,True
438,2026-09-23T22:47:34.424205,True,0.320,0.320,17.02,True
439,2026-09-23T22:47:34.458244,True,0.320,0.320,17.02,True
440,2026-09-23T22:47:34.485837,False,,,17.55,True
441,2026-09-23T22:47:34.525527,False,,,16.55,True
442,2026-09-23T22:47:34.564628,False,,,17.02,True
443,2026-09-23T22:47:34.610250,False,,,17.06,True
444,2026-09-23T22:47:34.641884,False,,,17.51,True
445,2026-09-23T22:47:34.676466,False,,,17.55,True
446,2026-09-23T22:47:34.709083,False,,,17.06,True
447,2026-09-23T22:47:34.741208,False,,,17.02,True
448,2026-09-23T22:47:34.775243,False,,,18.02,True
449,2026-09-23T22:47:34.815701,False,,,17.57,True
450,2026-09-23T22:47:34.846238,False,,,17.02,True
451,2026-09-23T22:47:34.876880,False,,,16.54,True
452,2026-09-23T22:47:34.906917,False,,,16.52,True
453,2026-09-23T22:47:34.941864,False,,,17.01,True
454,2026-09-23T22:47:34.984260,False,,,17.03,True
455,2026-09-23T22:47:35.014912,False,,,16.51,True
456,2026-09-23T22:47:35.045455,False,,,17.52,True
457,2026-09-23T22:47:35.076203,False,,,17.02,True
458,2026-09-23T22:47:35.116768,False,,,23.54,True
459,2026-09-23T22:47:35.157033,False,,,17.75,True
460,2026-09-23T22:47:35.185291,False,,,17.23,True
461,2026-09-23T22:47:35.260979,False,,,16.55,True
462,2026-09-23T22:47:35.324965,False,,,17.05,True
463,2026-09-23T22:47:35.358018,False,,,17.04,True
464,2026-09-23T22:47:35.391300,False,,,17.02,True
465,2026-09-23T22:47:35.423414,False,,,16.51,True
466,2026-09-23T22:47:35.466966,False,,,17.52,True
467,2026-09-23T22:47:35.498389,False,,,17.41,True
468,2026-09-23T22:47:35.531448,False,,,17.53,True
469,2026-09-23T22:47:35.566175,False,,,17.56,True
470,2026-09-23T22:47:35.663124,False,,,17.02,True
471,2026-09-23T22:47:35.701748,False,,,16.51,True
472,2026-09-23T22:47:35.732895,False,,,17.50,True
473,2026-09-23T22:47:35.763453,False,,,17.52,True
474,2026-09-23T22:47:35.795503,False,,,17.52,True
475,2026-09-23T22:47:35.829580,False,,,17.52,True
476,2026-09-23T22:47:35.860039,False,,,17.02,True
477,2026-09-23T22:47:35.890142,False,,,17.04,True
478,2026-09-23T22:47:35.926932,False,,,19.03,True
479,2026-09-23T22:47:35.955460,False,,,20.52,True
480,2026-09-23T22:47:35.997511,False,,,17.52,True
481,2026-09-23T22:47:36.024967,False,,,17.11,True
482,2026-09-23T22:47:36.060960,False,,,17.02,True
483,2026-09-23T22:47:36.091040,False,,,17.03,True
484,2026-09-23T22:47:36.126117,False,,,17.03,True
485,2026-09-23T22:47:36.152149,False,,,17.01,True
486,2026-09-23T22:47:36.190271,False,,,17.07,True
487,2026-09-23T22:47:36.231712,False,,,17.01,True
488,2026-09-23T22:47:36.264304,False,,,17.08,True
489,2026-09-23T22:47:36.296219,False,,,17.09,True
490,2026-09-23T22:47:36.334081,False,,,17.06,True
491,2026-09-23T22:47:36.374173,False,,,17.07,True
492,2026-09-23T22:47:36.406188,False,,,16.87,True
493,2026-09-23T22:47:36.435252,False,,,19.03,True
494,2026-09-23T22:47:36.466025,False,,,17.52,True
495,2026-09-23T22:47:36.495603,False,,,17.52,True
496,2026-09-23T22:47:36.527130,False,,,17.02,True
497,2026-09-23T22:47:36.558166,False,,,17.02,True
498,2026-09-23T22:47:36.591236,False,,,17.01,True
499,2026-09-23T22:47:36.623338,False,,,17.02,True
500,2026-09-23T22:47:36.655090,True,0.156,0.287,17.04,True
501,2026-09-23T22:47:36.683305,True,0.156,0.255,17.02,True
502,2026-09-23T22:47:36.735344,True,0.230,0.237,18.52,True
502,2026-09-23T22:47:36.735344,True,0.184,0.209,18.52,True
503,2026-09-23T22:47:36.776924,True,0.230,0.191,18.06,True
503,2026-09-23T22:47:36.776924,True,0.184,0.197,18.06,True
504,2026-09-23T22:47:36.810973,False,,,18.02,True
505,2026-09-23T22:47:36.841073,False,,,17.02,True
506,2026-09-23T22:47:36.874131,False,,,17.02,True
507,2026-09-23T22:47:36.907721,False,,,17.52,True
508,2026-09-23T22:47:36.948409,False,,,17.05,True
509,2026-09-23T22:47:36.978259,False,,,16.55,True
510,2026-09-23T22:47:37.009323,True,0.156,0.197,17.02,True
511,2026-09-23T22:47:37.041501,True,0.156,0.182,16.64,True
512,2026-09-23T22:47:37.075893,False,,,16.87,True
513,2026-09-23T22:47:37.117256,False,,,17.37,True
514,2026-09-23T22:47:37.147836,True,0.199,0.185,17.08,True
515,2026-09-23T22:47:37.178246,True,0.199,0.179,16.37,True
516,2026-09-23T22:47:37.210130,True,0.211,0.184,17.34,True
517,2026-09-23T22:47:37.241272,True,0.211,0.195,17.01,True
518,2026-09-23T22:47:37.276235,False,,,17.44,True
519,2026-09-23T22:47:37.316984,False,,,17.52,True
520,2026-09-23T22:47:37.347543,False,,,17.01,True
521,2026-09-23T22:47:37.377042,False,,,17.02,True
522,2026-09-23T22:47:37.408069,False,,,17.52,True
523,2026-09-23T22:47:37.441110,False,,,17.01,True
524,2026-09-23T22:47:37.474191,False,,,17.07,True
525,2026-09-23T22:47:37.506958,False,,,16.52,True
526,2026-09-23T22:47:37.535085,False,,,17.61,True
527,2026-09-23T22:47:37.564662,False,,,17.02,True
528,2026-09-23T22:47:37.598624,False,,,16.80,True
529,2026-09-23T22:47:37.629163,False,,,17.03,True
530,2026-09-23T22:47:37.662192,False,,,17.01,True
531,2026-09-23T22:47:37.691289,False,,,17.02,True
532,2026-09-23T22:47:37.730741,False,,,19.52,True
533,2026-09-23T22:47:37.775176,False,,,18.02,True
534,2026-09-23T22:47:37.807215,False,,,18.02,True
535,2026-09-23T22:47:37.847784,False,,,17.04,True
536,2026-09-23T22:47:37.878309,False,,,17.02,True
537,2026-09-23T22:47:37.909885,False,,,17.01,True
538,2026-09-23T22:47:37.941438,True,0.262,0.216,17.01,True
539,2026-09-23T22:47:37.973968,True,0.262,0.229,17.01,True
540,2026-09-23T22:47:38.008175,True,0.281,0.245,17.03,True
541,2026-09-23T22:47:38.035217,True,0.281,0.259,17.02,True
542,2026-09-23T22:47:38.068321,True,0.184,0.254,17.68,True
543,2026-09-23T22:47:38.096033,True,0.184,0.238,16.20,True
544,2026-09-23T22:47:38.129104,True,0.156,0.217,17.06,True
545,2026-09-23T22:47:38.158179,True,0.156,0.192,17.06,True
546,2026-09-23T22:47:38.212055,False,,,20.92,True
547,2026-09-23T22:47:38.259180,False,,,17.02,True
548,2026-09-23T22:47:38.300752,False,,,17.52,True
549,2026-09-23T22:47:38.333300,False,,,17.01,True
550,2026-09-23T22:47:38.360323,True,0.184,0.173,17.01,True
551,2026-09-23T22:47:38.391391,True,0.184,0.173,17.53,True
552,2026-09-23T22:47:38.426973,True,0.246,0.185,18.06,True
552,2026-09-23T22:47:38.426973,True,0.156,0.185,18.06,True
553,2026-09-23T22:47:38.458000,True,0.246,0.203,17.02,True
553,2026-09-23T22:47:38.458000,True,0.156,0.198,17.02,True
554,2026-09-23T22:47:38.491090,True,0.199,0.201,17.02,True
555,2026-09-23T22:47:38.535020,True,0.199,0.191,18.06,True
556,2026-09-23T22:47:38.565087,True,0.281,0.216,17.56,True
556,2026-09-23T22:47:38.565087,True,0.211,0.209,17.56,True
557,2026-09-23T22:47:38.595151,True,0.281,0.234,17.04,True
557,2026-09-23T22:47:38.595151,True,0.211,0.237,17.04,True
558,2026-09-23T22:47:38.626179,True,0.211,0.239,17.02,True
558,2026-09-23T22:47:38.626179,True,0.199,0.223,17.02,True
559,2026-09-23T22:47:38.658215,True,0.211,0.223,17.02,True
559,2026-09-23T22:47:38.658215,True,0.199,0.206,17.02,True
560,2026-09-23T22:47:38.691240,True,0.281,0.220,18.02,True
560,2026-09-23T22:47:38.691240,True,0.211,0.220,18.02,True
561,2026-09-23T22:47:38.743285,True,0.281,0.237,18.01,True
561,2026-09-23T22:47:38.743285,True,0.211,0.237,18.01,True
562,2026-09-23T22:47:38.784248,True,0.320,0.261,17.04,True
562,2026-09-23T22:47:38.784248,True,0.184,0.241,17.04,True
562,2026-09-23T22:47:38.784248,True,0.156,0.230,17.04,True
563,2026-09-23T22:47:38.815321,True,0.320,0.238,17.56,True
563,2026-09-23T22:47:38.815321,True,0.184,0.233,17.56,True
563,2026-09-23T22:47:38.815321,True,0.156,0.200,17.56,True
564,2026-09-23T22:47:38.847357,True,0.230,0.209,16.53,True
564,2026-09-23T22:47:38.847357,True,0.184,0.215,16.53,True
564,2026-09-23T22:47:38.848360,True,0.184,0.188,16.53,True
565,2026-09-23T22:47:38.879424,True,0.230,0.197,17.56,True
565,2026-09-23T22:47:38.879424,True,0.184,0.202,17.56,True
565,2026-09-23T22:47:38.879424,True,0.184,0.193,17.56,True
566,2026-09-23T22:47:38.909003,True,0.281,0.212,17.04,True
566,2026-09-23T22:47:38.909003,True,0.156,0.207,17.04,True
567,2026-09-23T22:47:38.942160,True,0.281,0.217,17.02,True
567,2026-09-23T22:47:38.942160,True,0.156,0.212,17.02,True
568,2026-09-23T22:47:38.975049,True,0.344,0.244,16.78,True
568,2026-09-23T22:47:38.975049,True,0.230,0.234,16.78,True
568,2026-09-23T22:47:38.975049,True,0.184,0.239,16.78,True
569,2026-09-23T22:47:39.007261,True,0.344,0.252,17.02,True
569,2026-09-23T22:47:39.007261,True,0.230,0.266,17.02,True
569,2026-09-23T22:47:39.007261,True,0.184,0.234,17.02,True
570,2026-09-23T22:47:39.050775,True,0.246,0.237,17.52,True
570,2026-09-23T22:47:39.050775,True,0.246,0.250,17.52,True
571,2026-09-23T22:47:39.085880,True,0.246,0.230,22.60,True
571,2026-09-23T22:47:39.085880,True,0.246,0.234,22.60,True
572,2026-09-23T22:47:39.126993,False,,,17.04,True
573,2026-09-23T22:47:39.158049,False,,,17.04,True
574,2026-09-23T22:47:39.191122,True,0.211,0.239,17.04,True
575,2026-09-23T22:47:39.224053,True,0.211,0.232,17.64,True
576,2026-09-23T22:47:39.252209,False,,,17.13,True
577,2026-09-23T22:47:39.280816,False,,,16.58,True
578,2026-09-23T22:47:39.313880,False,,,16.54,True
579,2026-09-23T22:47:39.346075,False,,,19.07,True
580,2026-09-23T22:47:39.376598,True,0.199,0.223,16.51,True
580,2026-09-23T22:47:39.376598,True,0.184,0.210,16.51,True
581,2026-09-23T22:47:39.407943,True,0.199,0.201,17.52,True
581,2026-09-23T22:47:39.407943,True,0.184,0.195,17.52,True
582,2026-09-23T22:47:39.436103,True,0.637,0.280,18.09,True
583,2026-09-23T22:47:39.470834,True,0.637,0.368,17.52,True
584,2026-09-23T22:47:39.500116,True,0.453,0.422,17.51,True
585,2026-09-23T22:47:39.528199,True,0.453,0.473,17.03,True
586,2026-09-23T22:47:39.562102,True,0.344,0.505,17.78,True
586,2026-09-23T22:47:39.562102,True,0.156,0.409,17.78,True
586,2026-09-23T22:47:39.562102,True,0.156,0.312,17.78,True
587,2026-09-23T22:47:39.591232,True,0.344,0.291,17.01,True
587,2026-09-23T22:47:39.591232,True,0.156,0.231,17.01,True
587,2026-09-23T22:47:39.591232,True,0.156,0.194,17.01,True
588,2026-09-23T22:47:39.626205,True,0.281,0.219,17.00,True
588,2026-09-23T22:47:39.626205,True,0.230,0.234,17.00,True
588,2026-09-23T22:47:39.626205,True,0.211,0.207,17.00,True
589,2026-09-23T22:47:39.659253,True,0.281,0.232,18.04,True
589,2026-09-23T22:47:39.659253,True,0.230,0.247,18.04,True
589,2026-09-23T22:47:39.659253,True,0.211,0.233,18.04,True
590,2026-09-23T22:47:39.685390,True,0.246,0.236,17.08,True
590,2026-09-23T22:47:39.685390,True,0.168,0.227,17.08,True
591,2026-09-23T22:47:39.718936,True,0.246,0.220,17.52,True
591,2026-09-23T22:47:39.718936,True,0.168,0.208,17.52,True
592,2026-09-23T22:47:39.750006,True,0.453,0.256,17.02,True
592,2026-09-23T22:47:39.750006,True,0.281,0.263,17.02,True
593,2026-09-23T22:47:39.781747,True,0.453,0.320,17.56,True
593,2026-09-23T22:47:39.781747,True,0.281,0.327,17.56,True
594,2026-09-23T22:47:39.813849,True,0.230,0.340,17.57,True
594,2026-09-23T22:47:39.813849,True,0.211,0.291,17.57,True
594,2026-09-23T22:47:39.813849,True,0.211,0.277,17.57,True
594,2026-09-23T22:47:39.813849,True,0.156,0.218,17.57,True
595,2026-09-23T22:47:39.843410,True,0.230,0.208,17.51,True
595,2026-09-23T22:47:39.843410,True,0.211,0.204,17.51,True
595,2026-09-23T22:47:39.843410,True,0.211,0.204,17.51,True
595,2026-09-23T22:47:39.843410,True,0.156,0.193,17.51,True
596,2026-09-23T22:47:39.875043,True,0.184,0.198,17.10,True
597,2026-09-23T22:47:39.907583,True,0.184,0.189,17.52,True
598,2026-09-23T22:47:39.943122,False,,,18.02,True
599,2026-09-23T22:47:39.983178,False,,,17.02,True
600,2026-09-23T22:47:40.014847,False,,,16.56,True
601,2026-09-23T22:47:40.044380,False,,,16.52,True
602,2026-09-23T22:47:40.078337,False,,,17.02,True
603,2026-09-23T22:47:40.107123,False,,,17.02,True
604,2026-09-23T22:47:40.141194,False,,,17.02,True
605,2026-09-23T22:47:40.175241,False,,,18.01,True
606,2026-09-23T22:47:40.215514,False,,,17.09,True
607,2026-09-23T22:47:40.244544,False,,,17.52,True
608,2026-09-23T22:47:40.278152,False,,,17.04,True
609,2026-09-23T22:47:40.309233,False,,,17.06,True
610,2026-09-23T22:47:40.348834,False,,,23.54,True
611,2026-09-23T22:47:40.393149,False,,,18.01,True
612,2026-09-23T22:47:40.424210,True,0.184,0.184,17.02,True
612,2026-09-23T22:47:40.424210,True,0.184,0.178,17.02,True
613,2026-09-23T22:47:40.450672,True,0.184,0.184,17.45,True
613,2026-09-23T22:47:40.450672,True,0.184,0.184,17.45,True
614,2026-09-23T22:47:40.483050,True,0.168,0.180,17.75,True
615,2026-09-23T22:47:40.516151,True,0.168,0.177,20.08,True
616,2026-09-23T22:47:40.558329,True,0.168,0.174,17.16,True
617,2026-09-23T22:47:40.594330,True,0.168,0.171,17.46,True
618,2026-09-23T22:47:40.635265,True,0.168,0.168,17.03,True
619,2026-09-23T22:47:40.668116,True,0.168,0.168,17.55,True
620,2026-09-23T22:47:40.697712,False,,,17.07,True
621,2026-09-23T22:47:40.729239,False,,,17.02,True
622,2026-09-23T22:47:40.760272,False,,,17.02,True
623,2026-09-23T22:47:40.793922,False,,,17.52,True
624,2026-09-23T22:47:40.826338,False,,,17.40,True
625,2026-09-23T22:47:40.869032,False,,,17.52,True
626,2026-09-23T22:47:40.901934,False,,,16.87,True
627,2026-09-23T22:47:40.930505,False,,,17.52,True
628,2026-09-23T22:47:40.966545,False,,,17.52,True
629,2026-09-23T22:47:40.994946,False,,,17.03,True
630,2026-09-23T22:47:41.026505,False,,,17.55,True
631,2026-09-23T22:47:41.058307,False,,,17.02,True
632,2026-09-23T22:47:41.085370,False,,,17.03,True
633,2026-09-23T22:47:41.118941,False,,,17.56,True
634,2026-09-23T22:47:41.150630,False,,,17.52,True
635,2026-09-23T22:47:41.179152,False,,,17.02,True
636,2026-09-23T22:47:41.214510,False,,,17.31,True
637,2026-09-23T22:47:41.241097,False,,,17.01,True
638,2026-09-23T22:47:41.278349,True,0.230,0.180,17.09,True
639,2026-09-23T22:47:41.318912,True,0.230,0.193,17.53,True
640,2026-09-23T22:47:41.349945,True,0.156,0.191,17.00,True
641,2026-09-23T22:47:41.381498,True,0.156,0.188,17.52,True
642,2026-09-23T22:47:41.412041,True,0.168,0.188,17.01,True
643,2026-09-23T22:47:41.444611,True,0.168,0.176,17.51,True
644,2026-09-23T22:47:41.476132,False,,,17.02,True
645,2026-09-23T22:47:41.508188,False,,,17.52,True
646,2026-09-23T22:47:41.550540,True,0.320,0.194,17.56,True
646,2026-09-23T22:47:41.550540,True,0.184,0.199,17.56,True
647,2026-09-23T22:47:41.584660,True,0.320,0.232,17.59,True
647,2026-09-23T22:47:41.584660,True,0.184,0.235,17.59,True
648,2026-09-23T22:47:41.615811,True,0.246,0.251,17.52,True
648,2026-09-23T22:47:41.615811,True,0.211,0.229,17.52,True
649,2026-09-23T22:47:41.654859,True,0.246,0.241,25.54,True
649,2026-09-23T22:47:41.654859,True,0.211,0.220,25.54,True
650,2026-09-23T22:47:41.696038,True,0.246,0.232,20.12,True
651,2026-09-23T22:47:41.724065,True,0.246,0.232,17.01,True
652,2026-09-23T22:47:41.758138,True,0.246,0.239,17.06,True
652,2026-09-23T22:47:41.758138,True,0.156,0.221,17.06,True
653,2026-09-23T22:47:41.786319,True,0.246,0.228,17.67,True
653,2026-09-23T22:47:41.786319,True,0.156,0.210,17.67,True
654,2026-09-23T22:47:41.817009,True,0.199,0.201,17.67,True
654,2026-09-23T22:47:41.817009,True,0.184,0.188,17.67,True
655,2026-09-23T22:47:41.847588,True,0.199,0.197,19.53,True
655,2026-09-23T22:47:41.847588,True,0.184,0.184,19.53,True
656,2026-09-23T22:47:41.888764,True,0.230,0.199,18.03,True
656,2026-09-23T22:47:41.888764,True,0.211,0.202,18.03,True
657,2026-09-23T22:47:41.924328,True,0.230,0.211,17.04,True
657,2026-09-23T22:47:41.924328,True,0.211,0.213,17.04,True
658,2026-09-23T22:47:41.957867,True,0.199,0.216,17.52,True
658,2026-09-23T22:47:41.957867,True,0.168,0.204,17.52,True
659,2026-09-23T22:47:41.985451,True,0.199,0.202,17.55,True
659,2026-09-23T22:47:41.985451,True,0.168,0.189,17.55,True
660,2026-09-23T22:47:42.016112,True,0.199,0.187,17.52,True
660,2026-09-23T22:47:42.016112,True,0.168,0.180,17.52,True
661,2026-09-23T22:47:42.047644,True,0.230,0.193,17.02,True
662,2026-09-23T22:47:42.079193,False,,,16.04,True
663,2026-09-23T22:47:42.112239,False,,,17.01,True
664,2026-09-23T22:47:42.141305,True,0.230,0.199,17.01,True
664,2026-09-23T22:47:42.141305,True,0.184,0.202,17.01,True
664,2026-09-23T22:47:42.141305,True,0.168,0.196,17.01,True
665,2026-09-23T22:47:42.176003,True,0.230,0.209,17.07,True
665,2026-09-23T22:47:42.176003,True,0.184,0.199,17.07,True
665,2026-09-23T22:47:42.176003,True,0.168,0.187,17.07,True
666,2026-09-23T22:47:42.208044,True,0.168,0.184,17.58,True
666,2026-09-23T22:47:42.208044,True,0.168,0.184,17.58,True
667,2026-09-23T22:47:42.233971,True,0.168,0.171,17.04,True
667,2026-09-23T22:47:42.233971,True,0.168,0.168,17.04,True
668,2026-09-23T22:47:42.285045,True,0.156,0.166,17.01,True
669,2026-09-23T22:47:42.328854,True,0.156,0.163,17.65,True
670,2026-09-23T22:47:42.358946,True,0.184,0.166,17.08,True
671,2026-09-23T22:47:42.391350,True,0.184,0.170,17.31,True
672,2026-09-23T22:47:42.424409,True,0.184,0.173,17.54,True
673,2026-09-23T22:47:42.467070,True,0.199,0.181,17.56,True
673,2026-09-23T22:47:42.467070,True,0.156,0.181,17.56,True
674,2026-09-23T22:47:42.498478,True,0.184,0.181,16.54,True
675,2026-09-23T22:47:42.529048,True,0.184,0.181,16.06,True
676,2026-09-23T22:47:42.561118,True,0.211,0.187,17.01,True
677,2026-09-23T22:47:42.591669,True,0.211,0.189,16.52,True
678,2026-09-23T22:47:42.626208,True,0.230,0.204,17.02,True
679,2026-09-23T22:47:42.659248,True,0.230,0.213,18.03,True
680,2026-09-23T22:47:42.691560,True,0.184,0.213,17.11,True
680,2026-09-23T22:47:42.691560,True,0.168,0.205,17.11,True
681,2026-09-23T22:47:42.734169,True,0.184,0.199,18.02,True
681,2026-09-23T22:47:42.734169,True,0.168,0.187,18.02,True
682,2026-09-23T22:47:42.766105,True,0.184,0.177,17.56,True
682,2026-09-23T22:47:42.766105,True,0.156,0.172,17.56,True
683,2026-09-23T22:47:42.796153,True,0.184,0.175,18.02,True
683,2026-09-23T22:47:42.796153,True,0.156,0.170,18.02,True
684,2026-09-23T22:47:42.842309,True,0.184,0.173,17.01,True
684,2026-09-23T22:47:42.842309,True,0.156,0.167,17.01,True
685,2026-09-23T22:47:42.876588,True,0.230,0.182,17.52,True
685,2026-09-23T22:47:42.876588,True,0.168,0.179,17.52,True
686,2026-09-23T22:47:42.907269,True,0.281,0.204,17.02,True
687,2026-09-23T22:47:42.960087,True,0.281,0.223,26.68,True
688,2026-09-23T22:47:42.997451,True,0.211,0.234,19.02,True
689,2026-09-23T22:47:43.026262,True,0.211,0.230,17.30,True
690,2026-09-23T22:47:43.058224,True,0.184,0.234,16.94,True
691,2026-09-23T22:47:43.091927,False,,,17.01,True
692,2026-09-23T22:47:43.150322,True,0.301,0.237,17.06,True
692,2026-09-23T22:47:43.150322,True,0.211,0.223,17.06,True
693,2026-09-23T22:47:43.179349,True,0.301,0.241,16.52,True
693,2026-09-23T22:47:43.179349,True,0.211,0.241,16.52,True
694,2026-09-23T22:47:43.213947,True,0.387,0.282,17.62,True
694,2026-09-23T22:47:43.213947,True,0.156,0.253,17.62,True
695,2026-09-23T22:47:43.279215,True,0.387,0.288,18.02,True
695,2026-09-23T22:47:43.279215,True,0.246,0.277,18.02,True
696,2026-09-23T22:47:43.324223,True,0.387,0.312,17.02,True
696,2026-09-23T22:47:43.324223,True,0.246,0.284,17.02,True
697,2026-09-23T22:47:43.365881,True,0.211,0.295,17.52,True
697,2026-09-23T22:47:43.365881,True,0.168,0.252,17.52,True
698,2026-09-23T22:47:43.397438,True,0.211,0.245,17.53,True
698,2026-09-23T22:47:43.397438,True,0.168,0.201,17.53,True
699,2026-09-23T22:47:43.427488,True,0.156,0.183,16.54,True
700,2026-09-23T22:47:43.460159,True,0.156,0.172,17.07,True
701,2026-09-23T22:47:43.493240,True,0.199,0.178,17.01,True
702,2026-09-23T22:47:43.525089,True,0.199,0.176,17.02,True
703,2026-09-23T22:47:43.567134,True,0.199,0.182,18.02,True
704,2026-09-23T22:47:43.597662,True,0.184,0.188,17.02,True
705,2026-09-23T22:47:43.630750,True,0.184,0.193,16.08,True
706,2026-09-23T22:47:43.662281,False,,,17.51,True
707,2026-09-23T22:47:43.694466,True,0.211,0.195,18.08,True
707,2026-09-23T22:47:43.694466,True,0.199,0.195,18.08,True
707,2026-09-23T22:47:43.694466,True,0.156,0.187,18.08,True
708,2026-09-23T22:47:43.725107,True,0.211,0.192,17.11,True
708,2026-09-23T22:47:43.725107,True,0.199,0.195,17.11,True
708,2026-09-23T22:47:43.725107,True,0.156,0.184,17.11,True
709,2026-09-23T22:47:43.760131,True,0.246,0.194,17.01,True
709,2026-09-23T22:47:43.760131,True,0.199,0.202,17.01,True
710,2026-09-23T22:47:43.793171,True,0.246,0.209,16.85,True
710,2026-09-23T22:47:43.793171,True,0.199,0.209,16.85,True
711,2026-09-23T22:47:43.842226,True,0.156,0.209,25.52,True
712,2026-09-23T22:47:43.881374,True,0.156,0.191,17.53,True
713,2026-09-23T22:47:43.914688,True,0.156,0.183,17.30,True
714,2026-09-23T22:47:43.944215,True,0.168,0.167,17.02,True
715,2026-09-23T22:47:43.974242,True,0.168,0.161,17.01,True
716,2026-09-23T22:47:44.008280,True,0.246,0.179,17.02,True
717,2026-09-23T22:47:44.041342,True,0.246,0.197,17.00,True
718,2026-09-23T22:47:44.069437,True,0.387,0.243,18.08,True
719,2026-09-23T22:47:44.099508,True,0.301,0.270,17.53,True
720,2026-09-23T22:47:44.130725,True,0.301,0.296,16.20,True
721,2026-09-23T22:47:44.170780,True,0.320,0.311,26.53,True
721,2026-09-23T22:47:44.170780,True,0.301,0.322,26.53,True
722,2026-09-23T22:47:44.209443,True,0.320,0.309,20.13,True
722,2026-09-23T22:47:44.209443,True,0.301,0.309,20.13,True
723,2026-09-23T22:47:44.239014,True,0.246,0.298,17.53,True
723,2026-09-23T22:47:44.239014,True,0.156,0.265,17.53,True
724,2026-09-23T22:47:44.270507,True,0.246,0.254,17.55,True
724,2026-09-23T22:47:44.270507,True,0.156,0.221,17.55,True
725,2026-09-23T22:47:44.302043,True,0.246,0.210,17.02,True
725,2026-09-23T22:47:44.302043,True,0.156,0.192,17.02,True
726,2026-09-23T22:47:44.330872,False,,,16.76,True
727,2026-09-23T22:47:44.365524,False,,,17.07,True
728,2026-09-23T22:47:44.394551,False,,,17.52,True
729,2026-09-23T22:47:44.425199,False,,,17.09,True
730,2026-09-23T22:47:44.458921,False,,,17.71,True
731,2026-09-23T22:47:44.493543,False,,,16.52,True
732,2026-09-23T22:47:44.535648,False,,,17.34,True
733,2026-09-23T22:47:44.566668,False,,,18.02,True
734,2026-09-23T22:47:44.596197,False,,,17.02,True
735,2026-09-23T22:47:44.627320,False,,,17.06,True
736,2026-09-23T22:47:44.659223,False,,,17.52,True
737,2026-09-23T22:47:44.689257,False,,,17.52,True
738,2026-09-23T22:47:44.721383,False,,,16.51,True
739,2026-09-23T22:47:44.751914,False,,,17.01,True
740,2026-09-23T22:47:44.783602,False,,,17.51,True
741,2026-09-23T22:47:44.814634,False,,,17.02,True
742,2026-09-23T22:47:44.845218,False,,,17.07,True
743,2026-09-23T22:47:44.894121,False,,,17.08,True
744,2026-09-23T22:47:44.922931,False,,,17.80,True
745,2026-09-23T22:47:44.958466,False,,,17.52,True
746,2026-09-23T22:47:44.986291,False,,,18.02,True
747,2026-09-23T22:47:45.013916,False,,,17.52,True
748,2026-09-23T22:47:45.047395,False,,,16.90,True
749,2026-09-23T22:47:45.079304,False,,,17.02,True
750,2026-09-23T22:47:45.109910,False,,,17.08,True
751,2026-09-23T22:47:45.141289,False,,,17.33,True
752,2026-09-23T22:47:45.174847,False,,,17.18,True
753,2026-09-23T22:47:45.204979,False,,,17.02,True
754,2026-09-23T22:47:45.231684,False,,,16.17,True
755,2026-09-23T22:47:45.295854,False,,,18.52,True
756,2026-09-23T22:47:45.333014,False,,,18.01,True
757,2026-09-23T22:47:45.360599,False,,,17.02,True
758,2026-09-23T22:47:45.391182,False,,,17.02,True
759,2026-09-23T22:47:45.422026,False,,,17.12,True
760,2026-09-23T22:47:45.454211,False,,,17.02,True
761,2026-09-23T22:47:45.485890,False,,,17.52,True
762,2026-09-23T22:47:45.513914,False,,,17.52,True
763,2026-09-23T22:47:45.545162,False,,,18.03,True
764,2026-09-23T22:47:45.576203,False,,,17.02,True
765,2026-09-23T22:47:45.606242,False,,,17.02,True
766,2026-09-23T22:47:45.638008,False,,,17.53,True
767,2026-09-23T22:47:45.694113,False,,,17.78,True
768,2026-09-23T22:47:45.731669,False,,,17.52,True
769,2026-09-23T22:47:45.763931,False,,,17.74,True
770,2026-09-23T22:47:45.794063,False,,,17.02,True
771,2026-09-23T22:47:45.848652,False,,,34.56,True
772,2026-09-23T22:47:45.889197,False,,,19.02,True
773,2026-09-23T22:47:45.966332,False,,,17.64,True
774,2026-09-23T22:47:45.995866,False,,,17.52,True
775,2026-09-23T22:47:46.029413,False,,,16.54,True
776,2026-09-23T22:47:46.059500,False,,,17.52,True
777,2026-09-23T22:47:46.094551,False,,,16.52,True
778,2026-09-23T22:47:46.173221,False,,,47.03,True
779,2026-09-23T22:47:46.294264,False,,,45.86,True
780,2026-09-23T22:47:46.418840,False,,,45.57,True
781,2026-09-23T22:47:46.542278,False,,,43.79,True
782,2026-09-23T22:47:46.657146,False,,,49.09,True
783,2026-09-23T22:47:46.785203,False,,,51.97,True
784,2026-09-23T22:47:46.893171,True,0.230,0.207,51.57,True
785,2026-09-23T22:47:47.013098,False,,,46.40,True
786,2026-09-23T22:47:47.135921,False,,,44.65,True
787,2026-09-23T22:47:47.260072,True,0.168,0.191,45.25,True
788,2026-09-23T22:47:47.384254,True,0.262,0.212,47.17,True
789,2026-09-23T22:47:47.519933,False,,,54.87,True
790,2026-09-23T22:47:47.634975,False,,,46.69,True
791,2026-09-23T22:47:47.730629,False,,,17.60,True
792,2026-09-23T22:47:47.853302,False,,,48.38,True
793,2026-09-23T22:47:47.977300,False,,,46.70,True
794,2026-09-23T22:47:48.106253,False,,,50.21,True
795,2026-09-23T22:47:48.242274,False,,,47.77,True
796,2026-09-23T22:47:48.378213,False,,,44.00,True
797,2026-09-23T22:47:48.487164,False,,,44.29,True
798,2026-09-23T22:47:48.610909,True,0.156,0.195,45.95,True
799,2026-09-23T22:47:48.743147,False,,,52.08,True
800,2026-09-23T22:47:48.866058,False,,,52.18,True
801,2026-09-23T22:47:48.987265,False,,,51.14,True
802,2026-09-23T22:47:49.095410,False,,,48.14,True
803,2026-09-23T22:47:49.205303,False,,,48.01,True
804,2026-09-23T22:47:49.332923,False,,,49.84,True
805,2026-09-23T22:47:49.423140,False,,,18.02,True
806,2026-09-23T22:47:49.551562,False,,,50.98,True
807,2026-09-23T22:47:49.645231,False,,,35.08,True
808,2026-09-23T22:47:49.781702,False,,,48.75,True
809,2026-09-23T22:47:49.918335,False,,,45.36,True
810,2026-09-23T22:47:50.016917,False,,,21.04,True
811,2026-09-23T22:47:50.143965,False,,,54.69,True
812,2026-09-23T22:47:50.268589,False,,,55.80,True
813,2026-09-23T22:47:50.357327,False,,,21.17,True
814,2026-09-23T22:47:50.472906,False,,,42.26,True
815,2026-09-23T22:47:50.585296,False,,,47.12,True
816,2026-09-23T22:47:50.683652,False,,,21.49,True
817,2026-09-23T22:47:50.777207,False,,,22.20,True
818,2026-09-23T22:47:50.901409,False,,,53.81,True
819,2026-09-23T22:47:51.034235,False,,,62.78,True
820,2026-09-23T22:47:51.161926,False,,,32.75,True
821,2026-09-23T22:47:51.192241,False,,,17.01,True
822,2026-09-23T22:47:51.217299,False,,,16.54,True
823,2026-09-23T22:47:51.250482,False,,,16.61,True
824,2026-09-23T22:47:51.280536,False,,,16.52,True
825,2026-09-23T22:47:51.311563,False,,,17.01,True
826,2026-09-23T22:47:51.342911,False,,,15.99,True
827,2026-09-23T22:47:51.373925,False,,,17.02,True
828,2026-09-23T22:47:51.409907,False,,,16.71,True
829,2026-09-23T22:47:51.451621,False,,,16.53,True
830,2026-09-23T22:47:51.483095,False,,,16.94,True
831,2026-09-23T22:47:51.512909,False,,,16.75,True
832,2026-09-23T22:47:51.545430,False,,,17.02,True
833,2026-09-23T22:47:51.580966,False,,,16.94,True
834,2026-09-23T22:47:51.624281,False,,,17.32,True
835,2026-09-23T22:47:51.656325,False,,,17.03,True
836,2026-09-23T22:47:51.689198,False,,,17.02,True
837,2026-09-23T22:47:51.716740,False,,,17.03,True
838,2026-09-23T22:47:51.747267,False,,,16.52,True
839,2026-09-23T22:47:51.778981,False,,,16.08,True
840,2026-09-23T22:47:51.811019,False,,,17.02,True
841,2026-09-23T22:47:51.841116,False,,,17.01,True
842,2026-09-23T22:47:51.874151,False,,,17.02,True
843,2026-09-23T22:47:51.917942,False,,,16.75,True
844,2026-09-23T22:47:51.950023,False,,,17.01,True
845,2026-09-23T22:47:51.981745,False,,,16.52,True
846,2026-09-23T22:47:52.010258,False,,,16.88,True
847,2026-09-23T22:47:52.042304,False,,,17.51,True
848,2026-09-23T22:47:52.080850,False,,,16.71,True
849,2026-09-23T22:47:52.121912,False,,,17.01,True
850,2026-09-23T22:47:52.153990,False,,,17.03,True
851,2026-09-23T22:47:52.184034,False,,,17.03,True
852,2026-09-23T22:47:52.218070,False,,,19.37,True
853,2026-09-23T22:47:52.243301,False,,,16.52,True
854,2026-09-23T22:47:52.275860,False,,,16.53,True
855,2026-09-23T22:47:52.318911,False,,,17.52,True
856,2026-09-23T22:47:52.354174,False,,,17.02,True
857,2026-09-23T22:47:52.385230,False,,,16.52,True
858,2026-09-23T22:47:52.417856,False,,,16.52,True
859,2026-09-23T22:47:52.447661,False,,,17.02,True
860,2026-09-23T22:47:52.478245,False,,,17.07,True
861,2026-09-23T22:47:52.510307,False,,,17.04,True
862,2026-09-23T22:47:52.538355,False,,,17.02,True
863,2026-09-23T22:47:52.573967,False,,,17.10,True
864,2026-09-23T22:47:52.600534,False,,,16.56,True
865,2026-09-23T22:47:52.654123,False,,,17.02,True
866,2026-09-23T22:47:52.694178,False,,,17.02,True
867,2026-09-23T22:47:52.724289,False,,,17.10,True
868,2026-09-23T22:47:52.755877,False,,,16.57,True
869,2026-09-23T22:47:52.786050,False,,,16.64,True
870,2026-09-23T22:47:52.817909,False,,,16.56,True
871,2026-09-23T22:47:52.847450,False,,,16.52,True
872,2026-09-23T22:47:52.879106,False,,,17.07,True
873,2026-09-23T22:47:52.910139,False,,,17.02,True
874,2026-09-23T22:47:52.939099,False,,,17.05,True
875,2026-09-23T22:47:52.974941,False,,,17.27,True
876,2026-09-23T22:47:53.003971,False,,,17.02,True
877,2026-09-23T22:47:53.054126,False,,,17.02,True
878,2026-09-23T22:47:53.093927,False,,,17.06,True
879,2026-09-23T22:47:53.125958,False,,,17.02,True
880,2026-09-23T22:47:53.158006,False,,,17.52,True
881,2026-09-23T22:47:53.185870,False,,,16.52,True
882,2026-09-23T22:47:53.217426,False,,,16.55,True
883,2026-09-23T22:47:53.247783,False,,,16.85,True
884,2026-09-23T22:47:53.279334,False,,,17.04,True
885,2026-09-23T22:47:53.309852,False,,,16.60,True
886,2026-09-23T22:47:53.341960,False,,,18.02,True
887,2026-09-23T22:47:53.389881,False,,,17.02,True
888,2026-09-23T22:47:53.416033,False,,,16.52,True
889,2026-09-23T22:47:53.454170,False,,,17.01,True
890,2026-09-23T22:47:53.494228,False,,,17.02,True
891,2026-09-23T22:47:53.524259,False,,,17.05,True
892,2026-09-23T22:47:53.556296,False,,,17.02,True
893,2026-09-23T22:47:53.588060,False,,,17.23,True
894,2026-09-23T22:47:53.618149,False,,,16.54,True
895,2026-09-23T22:47:53.647542,False,,,16.01,True
896,2026-09-23T22:47:53.679271,False,,,16.04,True
897,2026-09-23T22:47:53.710422,False,,,16.64,True
898,2026-09-23T22:47:53.743097,False,,,18.16,True
899,2026-09-23T22:47:53.789933,False,,,17.07,True
900,2026-09-23T22:47:53.819931,False,,,17.05,True
901,2026-09-23T22:47:53.854025,False,,,17.05,True
902,2026-09-23T22:47:53.882952,False,,,16.90,True
903,2026-09-23T22:47:53.913955,False,,,16.56,True
904,2026-09-23T22:47:53.944223,False,,,17.05,True
905,2026-09-23T22:47:53.975264,False,,,17.04,True
906,2026-09-23T22:47:54.006304,False,,,17.02,True
907,2026-09-23T22:47:54.036342,False,,,17.02,True
908,2026-09-23T22:47:54.067876,False,,,16.52,True
909,2026-09-23T22:47:54.126144,False,,,17.02,True
910,2026-09-23T22:47:54.160227,False,,,17.07,True
911,2026-09-23T22:47:54.190281,False,,,17.01,True
912,2026-09-23T22:47:54.222420,False,,,17.34,True
913,2026-09-23T22:47:54.248541,False,,,16.47,True
914,2026-09-23T22:47:54.284096,False,,,17.03,True
915,2026-09-23T22:47:54.315690,False,,,17.02,True
916,2026-09-23T22:47:54.346218,False,,,17.02,True
917,2026-09-23T22:47:54.378259,False,,,17.03,True
918,2026-09-23T22:47:54.409293,False,,,17.02,True
919,2026-09-23T22:47:54.440402,False,,,17.08,True
920,2026-09-23T22:47:54.470478,False,,,17.56,True
921,2026-09-23T22:47:54.529068,False,,,20.07,True
922,2026-09-23T22:47:54.565615,False,,,18.03,True
923,2026-09-23T22:47:54.596158,False,,,17.02,True
924,2026-09-23T22:47:54.626194,False,,,17.02,True
925,2026-09-23T22:47:54.656225,False,,,17.02,True
926,2026-09-23T22:47:54.688012,False,,,17.52,True
927,2026-09-23T22:47:54.720061,False,,,17.01,True
928,2026-09-23T22:47:54.751169,False,,,18.02,True
929,2026-09-23T22:47:54.784270,False,,,18.02,True
930,2026-09-23T22:47:54.813289,False,,,17.51,True
931,2026-09-23T22:47:54.846465,False,,,16.52,True
932,2026-09-23T22:47:54.876165,True,0.199,0.203,17.06,True
933,2026-09-23T22:47:54.926268,False,,,17.03,True
934,2026-09-23T22:47:54.956861,False,,,17.58,True
935,2026-09-23T22:47:54.989414,False,,,17.52,True
936,2026-09-23T22:47:55.017981,True,0.363,0.230,16.56,True
937,2026-09-23T22:47:55.049628,True,0.363,0.269,16.52,True
938,2026-09-23T22:47:55.081682,True,0.656,0.348,17.52,True
939,2026-09-23T22:47:55.114213,True,0.656,0.448,17.02,True
940,2026-09-23T22:47:55.146198,True,0.680,0.544,17.04,True
941,2026-09-23T22:47:55.176108,True,0.680,0.607,17.02,True
942,2026-09-23T22:47:55.208144,True,0.613,0.657,17.02,True
943,2026-09-23T22:47:55.236938,True,0.613,0.648,17.17,True
944,2026-09-23T22:47:55.270006,True,0.613,0.640,17.01,True
944,2026-09-23T22:47:55.270006,True,0.199,0.544,17.01,True
945,2026-09-23T22:47:55.325222,True,0.637,0.535,17.02,True
946,2026-09-23T22:47:55.363255,True,0.637,0.540,17.01,True
947,2026-09-23T22:47:55.395311,True,0.637,0.545,17.02,True
948,2026-09-23T22:47:55.426232,True,0.613,0.545,17.02,True
949,2026-09-23T22:47:55.457303,True,0.613,0.627,18.05,True
950,2026-09-23T22:47:55.487135,True,0.613,0.623,17.03,True
951,2026-09-23T22:47:55.520670,True,0.613,0.618,17.51,True
952,2026-09-23T22:47:55.550513,True,0.500,0.591,17.32,True
953,2026-09-23T22:47:55.580562,True,0.500,0.568,16.52,True
954,2026-09-23T22:47:55.611114,True,0.656,0.577,17.01,True
955,2026-09-23T22:47:55.643918,True,0.656,0.585,17.56,True
956,2026-09-23T22:47:55.675991,True,0.656,0.594,17.06,True
957,2026-09-23T22:47:55.704073,True,0.656,0.625,17.07,True
958,2026-09-23T22:47:55.737198,True,0.656,0.656,17.06,True
959,2026-09-23T22:47:55.768267,True,0.656,0.656,17.06,True
960,2026-09-23T22:47:55.800295,True,0.656,0.656,17.01,True
961,2026-09-23T22:47:55.829338,True,0.656,0.656,16.04,True
962,2026-09-23T22:47:55.860027,True,0.613,0.648,16.86,True
963,2026-09-23T22:47:55.892062,True,0.613,0.639,17.01,True
964,2026-09-23T22:47:55.921624,True,0.613,0.630,16.52,True
965,2026-09-23T22:47:55.951656,True,0.613,0.622,16.51,True
966,2026-09-23T22:47:55.997753,True,0.637,0.618,17.02,True
967,2026-09-23T22:47:56.029333,True,0.637,0.623,17.07,True
968,2026-09-23T22:47:56.061864,True,0.570,0.614,16.55,True
968,2026-09-23T22:47:56.061864,True,0.156,0.523,16.55,True
969,2026-09-23T22:47:56.091142,True,0.570,0.514,17.01,True
969,2026-09-23T22:47:56.091142,True,0.156,0.418,17.01,True
970,2026-09-23T22:47:56.126227,True,0.570,0.405,17.02,True
970,2026-09-23T22:47:56.126227,True,0.199,0.330,17.02,True
970,2026-09-23T22:47:56.126227,True,0.168,0.333,17.02,True
971,2026-09-23T22:47:56.168324,True,0.570,0.333,16.56,True
971,2026-09-23T22:47:56.168324,True,0.199,0.341,16.56,True
971,2026-09-23T22:47:56.168324,True,0.168,0.261,16.56,True
972,2026-09-23T22:47:56.197640,True,0.523,0.326,16.54,True
973,2026-09-23T22:47:56.229236,True,0.523,0.397,17.09,True
974,2026-09-23T22:47:56.260282,True,0.547,0.392,17.03,True
975,2026-09-23T22:47:56.289906,True,0.547,0.462,17.02,True
976,2026-09-23T22:47:56.324022,True,0.523,0.533,17.08,True
977,2026-09-23T22:47:56.356071,True,0.523,0.533,17.03,True
978,2026-09-23T22:47:56.398195,True,0.523,0.533,17.54,True
979,2026-09-23T22:47:56.431777,True,0.523,0.528,17.01,True
980,2026-09-23T22:47:56.465817,True,0.523,0.523,17.02,True
981,2026-09-23T22:47:56.497381,True,0.523,0.523,18.05,True
982,2026-09-23T22:47:56.528054,True,0.547,0.528,17.60,True
983,2026-09-23T22:47:56.559132,True,0.547,0.533,17.06,True
984,2026-09-23T22:47:56.590244,True,0.547,0.537,17.09,True
985,2026-09-23T22:47:56.624116,True,0.547,0.542,17.21,True
986,2026-09-23T22:47:56.656158,True,0.547,0.547,17.02,True
987,2026-09-23T22:47:56.697558,True,0.547,0.547,17.08,True
988,2026-09-23T22:47:56.733236,True,0.500,0.537,17.03,True
989,2026-09-23T22:47:56.774186,True,0.500,0.528,17.02,True
990,2026-09-23T22:47:56.808216,True,0.547,0.528,17.02,True
991,2026-09-23T22:47:56.839288,True,0.547,0.528,17.02,True
992,2026-09-23T22:47:56.871884,True,0.523,0.523,17.01,True
993,2026-09-23T22:47:56.899566,True,0.523,0.528,17.53,True
994,2026-09-23T22:47:56.930616,True,0.199,0.468,17.52,True
995,2026-09-23T22:47:56.966984,True,0.199,0.398,17.35,True
996,2026-09-23T22:47:57.010033,False,,,19.03,True
997,2026-09-23T22:47:57.041214,False,,,16.51,True
998,2026-09-23T22:47:57.071131,True,0.301,0.349,17.01,True
999,2026-09-23T22:47:57.102163,True,0.301,0.305,17.01,True
1000,2026-09-23T22:47:57.134199,True,0.363,0.273,17.01,True
1001,2026-09-23T22:47:57.181762,True,0.363,0.305,17.52,True
1002,2026-09-23T22:47:57.212290,True,0.363,0.338,17.51,True
1003,2026-09-23T22:47:57.244406,True,0.363,0.351,17.51,True
1004,2026-09-23T22:47:57.276080,True,0.406,0.372,17.11,True
1005,2026-09-23T22:47:57.306143,True,0.406,0.380,17.05,True
1006,2026-09-23T22:47:57.338173,True,0.406,0.389,16.52,True
1007,2026-09-23T22:47:57.367383,True,0.406,0.398,16.70,True
1008,2026-09-23T22:47:57.400819,True,0.453,0.416,16.51,True
1009,2026-09-23T22:47:57.429348,True,0.453,0.425,16.52,True
1010,2026-09-23T22:47:57.471938,True,0.453,0.434,17.06,True
1011,2026-09-23T22:47:57.509028,True,0.453,0.444,17.06,True
1012,2026-09-23T22:47:57.541230,True,0.199,0.402,17.02,True
1013,2026-09-23T22:47:57.571341,True,0.199,0.352,16.05,True
1014,2026-09-23T22:47:57.606264,True,0.184,0.298,16.52,True
1015,2026-09-23T22:47:57.635335,True,0.184,0.244,18.02,True
1016,2026-09-23T22:47:57.667045,True,0.363,0.226,18.53,True
1017,2026-09-23T22:47:57.697626,True,0.363,0.259,17.07,True
1018,2026-09-23T22:47:57.728161,True,0.246,0.268,17.02,True
1018,2026-09-23T22:47:57.728161,True,0.211,0.273,17.02,True
1018,2026-09-23T22:47:57.728161,True,0.211,0.279,17.02,True
1018,2026-09-23T22:47:57.728161,True,0.184,0.243,17.02,True
1019,2026-09-23T22:47:57.761233,True,0.246,0.220,17.01,True
1019,2026-09-23T22:47:57.761233,True,0.211,0.212,17.01,True
1019,2026-09-23T22:47:57.761233,True,0.211,0.212,17.01,True
1019,2026-09-23T22:47:57.761233,True,0.184,0.207,17.01,True
1020,2026-09-23T22:47:57.791346,True,0.230,0.216,17.01,True
1021,2026-09-23T22:47:57.822160,True,0.230,0.213,16.17,True
1022,2026-09-23T22:47:57.871632,True,0.199,0.211,16.51,True
1023,2026-09-23T22:47:57.901663,True,0.199,0.209,16.51,True
1024,2026-09-23T22:47:57.934204,True,0.168,0.205,17.52,True
1025,2026-09-23T22:47:57.962222,True,0.168,0.193,17.01,True
1026,2026-09-23T22:47:57.998476,False,,,16.52,True
1027,2026-09-23T22:47:58.026006,False,,,17.02,True
1028,2026-09-23T22:47:58.061087,True,0.211,0.189,16.57,True
1029,2026-09-23T22:47:58.101676,True,0.211,0.191,16.51,True
1030,2026-09-23T22:47:58.131178,True,0.262,0.204,16.95,True
1031,2026-09-23T22:47:58.165735,True,0.262,0.223,19.51,True
1032,2026-09-23T22:47:58.206406,True,0.262,0.241,17.15,True
1033,2026-09-23T22:47:58.240035,True,0.262,0.252,17.06,True
1034,2026-09-23T22:47:58.274117,True,0.168,0.243,17.02,True
1035,2026-09-23T22:47:58.306205,True,0.168,0.224,17.07,True
1036,2026-09-23T22:47:58.334250,True,0.184,0.209,17.02,True
1037,2026-09-23T22:47:58.366921,True,0.184,0.193,16.55,True
1038,2026-09-23T22:47:58.397625,True,0.363,0.213,17.02,True
1039,2026-09-23T22:47:58.428194,True,0.363,0.252,17.06,True
1040,2026-09-23T22:47:58.462229,True,0.344,0.287,17.52,True
1041,2026-09-23T22:47:58.492256,True,0.344,0.320,17.02,True
1042,2026-09-23T22:47:58.526233,True,0.230,0.329,17.02,True
1043,2026-09-23T22:47:58.556346,True,0.230,0.302,17.10,True
1044,2026-09-23T22:47:58.606320,True,0.281,0.286,17.05,True
1045,2026-09-23T22:47:58.647370,True,0.281,0.273,16.52,True
1046,2026-09-23T22:47:58.678396,True,0.184,0.241,16.52,True
1047,2026-09-23T22:47:58.709203,True,0.184,0.232,17.06,True
1048,2026-09-23T22:47:58.742258,False,,,17.01,True
1049,2026-09-23T22:47:58.772292,False,,,17.03,True
1050,2026-09-23T22:47:58.801821,False,,,16.51,True
1051,2026-09-23T22:47:58.834238,False,,,17.06,True
1052,2026-09-23T22:47:58.864366,False,,,17.12,True
1053,2026-09-23T22:47:58.895393,False,,,16.52,True
1054,2026-09-23T22:47:58.941424,True,0.199,0.226,16.88,True
1054,2026-09-23T22:47:58.941424,True,0.156,0.201,16.88,True
1055,2026-09-23T22:47:58.975133,True,0.199,0.184,18.19,True
1055,2026-09-23T22:47:58.975133,True,0.156,0.179,18.19,True
1056,2026-09-23T22:47:59.008172,True,0.156,0.173,17.02,True
1057,2026-09-23T22:47:59.035223,True,0.156,0.165,17.02,True
1058,2026-09-23T22:47:59.071676,True,0.184,0.170,16.51,True
1059,2026-09-23T22:47:59.114242,True,0.184,0.167,17.02,True
1060,2026-09-23T22:47:59.145985,True,0.246,0.185,17.07,True
1061,2026-09-23T22:47:59.176067,True,0.246,0.203,17.07,True
1062,2026-09-23T22:47:59.209115,False,,,18.04,True
1063,2026-09-23T22:47:59.238271,False,,,17.04,True
1064,2026-09-23T22:47:59.271952,True,0.246,0.221,17.01,True
1064,2026-09-23T22:47:59.271952,True,0.168,0.218,17.01,True
1065,2026-09-23T22:47:59.302095,True,0.246,0.230,17.01,True
1065,2026-09-23T22:47:59.302095,True,0.168,0.215,17.01,True
1066,2026-09-23T22:47:59.342228,True,0.246,0.215,17.01,True
1067,2026-09-23T22:47:59.379811,True,0.246,0.215,16.52,True
1068,2026-09-23T22:47:59.411284,True,0.246,0.230,17.02,True
1069,2026-09-23T22:47:59.443144,True,0.246,0.230,16.80,True
1070,2026-09-23T22:47:59.476180,True,0.320,0.261,17.02,True
1070,2026-09-23T22:47:59.476180,True,0.156,0.243,17.02,True
1071,2026-09-23T22:47:59.506211,True,0.320,0.258,17.02,True
1071,2026-09-23T22:47:59.506211,True,0.156,0.240,17.02,True
1072,2026-09-23T22:47:59.539291,True,0.246,0.240,17.05,True
1073,2026-09-23T22:47:59.568841,True,0.246,0.225,17.53,True
1074,2026-09-23T22:47:59.600402,True,0.406,0.275,16.52,True
1075,2026-09-23T22:47:59.629977,True,0.406,0.292,17.07,True
1076,2026-09-23T22:47:59.678883,True,0.453,0.352,17.53,True
1076,2026-09-23T22:47:59.678883,True,0.156,0.334,17.53,True
1077,2026-09-23T22:47:59.709108,True,0.453,0.375,17.15,True
1077,2026-09-23T22:47:59.709108,True,0.156,0.325,17.15,True
1078,2026-09-23T22:47:59.742159,True,0.430,0.330,17.01,True
1079,2026-09-23T22:47:59.773306,True,0.430,0.325,17.01,True
1080,2026-09-23T22:47:59.810232,True,0.523,0.398,17.07,True
1081,2026-09-23T22:47:59.844299,True,0.523,0.412,17.02,True
1082,2026-09-23T22:47:59.878305,True,0.570,0.495,17.01,True
1082,2026-09-23T22:47:59.878305,True,0.262,0.462,17.01,True
1083,2026-09-23T22:47:59.909344,True,0.570,0.490,17.02,True
1083,2026-09-23T22:47:59.909344,True,0.262,0.438,17.02,True
1084,2026-09-23T22:47:59.943398,True,0.547,0.442,18.01,True
1084,2026-09-23T22:47:59.943398,True,0.430,0.414,18.01,True
1085,2026-09-23T22:47:59.981038,True,0.547,0.471,17.01,True
1085,2026-09-23T22:47:59.981038,True,0.430,0.443,17.01,True
1086,2026-09-23T22:48:00.018287,True,0.430,0.477,16.77,True
1086,2026-09-23T22:48:00.018287,True,0.262,0.420,16.77,True
1087,2026-09-23T22:48:00.050775,True,0.430,0.420,17.02,True
1087,2026-09-23T22:48:00.050775,True,0.262,0.362,17.02,True
1088,2026-09-23T22:48:00.080927,True,0.500,0.377,16.64,True
1089,2026-09-23T22:48:00.112051,True,0.500,0.391,17.01,True
1090,2026-09-23T22:48:00.141183,True,0.430,0.424,17.01,True
1091,2026-09-23T22:48:00.174928,True,0.430,0.424,16.56,True
1092,2026-09-23T22:48:00.211178,True,0.230,0.418,17.02,True
1093,2026-09-23T22:48:00.247774,True,0.230,0.364,17.02,True
1094,2026-09-23T22:48:00.280812,True,0.301,0.324,16.52,True
1095,2026-09-23T22:48:00.311226,True,0.301,0.298,16.51,True
1096,2026-09-23T22:48:00.341310,True,0.156,0.244,17.01,True
1097,2026-09-23T22:48:00.375307,True,0.156,0.229,17.52,True
1098,2026-09-23T22:48:00.413849,True,0.199,0.223,16.53,True
1099,2026-09-23T22:48:00.451820,True,0.199,0.202,17.51,True
1100,2026-09-23T22:48:00.484892,False,,,17.52,True
1101,2026-09-23T22:48:00.514705,False,,,17.02,True
1102,2026-09-23T22:48:00.545261,True,0.156,0.173,17.04,True
1103,2026-09-23T22:48:00.576290,True,0.156,0.173,17.02,True
1104,2026-09-23T22:48:00.608016,True,0.184,0.179,16.71,True
1105,2026-09-23T22:48:00.641220,True,0.184,0.176,16.75,True
1106,2026-09-23T22:48:00.674020,True,0.211,0.178,17.04,True
1107,2026-09-23T22:48:00.714097,True,0.211,0.189,16.51,True
1108,2026-09-23T22:48:00.745276,True,0.344,0.227,17.02,True
1109,2026-09-23T22:48:00.776301,True,0.344,0.259,17.02,True
1110,2026-09-23T22:48:00.814313,True,0.262,0.274,16.98,True
1111,2026-09-23T22:48:00.856197,True,0.262,0.284,16.97,True
1112,2026-09-23T22:48:00.886250,True,0.344,0.311,18.03,True
1113,2026-09-23T22:48:00.915776,True,0.344,0.311,17.02,True
1114,2026-09-23T22:48:00.948815,False,,,18.02,True
1115,2026-09-23T22:48:00.981584,False,,,16.74,True
1116,2026-09-23T22:48:01.012118,False,,,17.02,True
1117,2026-09-23T22:48:01.043182,False,,,17.02,True
1118,2026-09-23T22:48:01.078331,False,,,17.10,True
1119,2026-09-23T22:48:01.109157,False,,,17.52,True
1120,2026-09-23T22:48:01.139195,False,,,17.02,True
1121,2026-09-23T22:48:01.166464,False,,,16.52,True
1122,2026-09-23T22:48:01.214032,False,,,16.56,True
1123,2026-09-23T22:48:01.243343,False,,,17.14,True
1124,2026-09-23T22:48:01.277972,False,,,17.03,True
1125,2026-09-23T22:48:01.309042,False,,,17.06,True
1126,2026-09-23T22:48:01.341273,False,,,17.02,True
1127,2026-09-23T22:48:01.371803,False,,,16.51,True
1128,2026-09-23T22:48:01.408157,False,,,16.83,True
1129,2026-09-23T22:48:01.450014,False,,,17.02,True
1130,2026-09-23T22:48:01.479124,False,,,17.04,True
1131,2026-09-23T22:48:01.510520,False,,,16.39,True
1132,2026-09-23T22:48:01.549638,False,,,17.52,True
1133,2026-09-23T22:48:01.589957,False,,,16.81,True
1134,2026-09-23T22:48:01.620999,False,,,17.53,True
1135,2026-09-23T22:48:01.650055,False,,,17.02,True
1136,2026-09-23T22:48:01.678997,False,,,16.02,True
1137,2026-09-23T22:48:01.711186,False,,,16.67,True
1138,2026-09-23T22:48:01.744148,True,0.156,0.273,17.22,True
1139,2026-09-23T22:48:01.773529,True,0.156,0.252,16.53,True
1140,2026-09-23T22:48:01.808199,False,,,17.02,True
1141,2026-09-23T22:48:01.834950,False,,,17.52,True
1142,2026-09-23T22:48:01.870998,False,,,17.01,True
1143,2026-09-23T22:48:01.897529,False,,,17.02,True
1144,2026-09-23T22:48:01.949989,True,0.156,0.231,17.01,True
1145,2026-09-23T22:48:01.977065,True,0.156,0.194,17.02,True
1146,2026-09-23T22:48:02.012977,False,,,16.89,True
1147,2026-09-23T22:48:02.040299,False,,,17.02,True
1148,2026-09-23T22:48:02.078877,True,0.246,0.174,17.52,True
1149,2026-09-23T22:48:02.119542,True,0.246,0.192,16.65,True
1150,2026-09-23T22:48:02.150714,True,0.184,0.198,17.66,True
1151,2026-09-23T22:48:02.178271,True,0.184,0.203,17.05,True
1152,2026-09-23T22:48:02.210932,True,0.246,0.221,16.64,True
1153,2026-09-23T22:48:02.239757,True,0.246,0.221,17.72,True
1154,2026-09-23T22:48:02.285240,True,0.184,0.209,17.15,True
1155,2026-09-23T22:48:02.320269,True,0.184,0.209,17.02,True
1156,2026-09-23T22:48:02.351459,True,0.168,0.205,16.15,True
1157,2026-09-23T22:48:02.383236,True,0.168,0.190,17.25,True
1158,2026-09-23T22:48:02.413262,True,0.168,0.174,17.01,True
1159,2026-09-23T22:48:02.444337,True,0.168,0.171,17.01,True
1160,2026-09-23T22:48:02.477997,True,0.246,0.184,17.06,True
1161,2026-09-23T22:48:02.505528,True,0.246,0.199,16.52,True
1162,2026-09-23T22:48:02.543156,True,0.262,0.218,18.01,True
1163,2026-09-23T22:48:02.585645,True,0.262,0.237,17.31,True
1164,2026-09-23T22:48:02.614775,True,0.184,0.240,17.62,True
1165,2026-09-23T22:48:02.645519,True,0.184,0.227,16.52,True
1166,2026-09-23T22:48:02.685113,True,0.301,0.238,17.02,True
1167,2026-09-23T22:48:02.724316,True,0.301,0.246,17.12,True
1168,2026-09-23T22:48:02.756965,True,0.156,0.225,16.64,True
1169,2026-09-23T22:48:02.786515,True,0.156,0.220,18.53,True
1170,2026-09-23T22:48:02.816856,True,0.156,0.214,17.32,True
1171,2026-09-23T22:48:02.846413,True,0.246,0.203,16.52,True
1172,2026-09-23T22:48:02.878123,True,0.246,0.192,17.09,True
1173,2026-09-23T22:48:02.910164,True,0.246,0.210,17.02,True
1174,2026-09-23T22:48:02.941271,True,0.262,0.231,17.03,True
1175,2026-09-23T22:48:02.973947,True,0.262,0.252,16.66,True
1176,2026-09-23T22:48:03.026248,True,0.262,0.255,17.03,True
1177,2026-09-23T22:48:03.064983,True,0.262,0.259,17.71,True
1178,2026-09-23T22:48:03.095481,True,0.262,0.262,17.35,True
1179,2026-09-23T22:48:03.125050,True,0.262,0.262,17.56,True
1180,2026-09-23T22:48:03.156140,True,0.262,0.262,17.06,True
1181,2026-09-23T22:48:03.190178,False,,,17.02,True
1182,2026-09-23T22:48:03.217201,False,,,16.52,True
1183,2026-09-23T22:48:03.244746,True,0.230,0.255,16.59,True
1184,2026-09-23T22:48:03.298076,True,0.156,0.234,17.59,True
1185,2026-09-23T22:48:03.325610,True,0.156,0.213,18.03,True
1186,2026-09-23T22:48:03.354989,True,0.184,0.198,17.53,True
1187,2026-09-23T22:48:03.386145,True,0.184,0.182,17.14,True
1188,2026-09-23T22:48:03.422890,True,0.156,0.167,17.67,True
1189,2026-09-23T22:48:03.461124,True,0.156,0.167,17.01,True
1190,2026-09-23T22:48:03.494577,True,0.184,0.173,17.52,True
1191,2026-09-23T22:48:03.525922,True,0.184,0.173,17.56,True
1192,2026-09-23T22:48:03.557528,True,0.184,0.173,16.52,True
1193,2026-09-23T22:48:03.588140,True,0.199,0.181,17.10,True
1194,2026-09-23T22:48:03.619886,True,0.199,0.190,16.73,True
1195,2026-09-23T22:48:03.651608,True,0.281,0.209,16.65,True
1196,2026-09-23T22:48:03.684011,True,0.156,0.204,16.86,True
1197,2026-09-23T22:48:03.713147,True,0.156,0.198,17.01,True
1198,2026-09-23T22:48:03.758911,True,0.230,0.205,16.52,True
1199,2026-09-23T22:48:03.789994,True,0.230,0.211,17.02,True
1200,2026-09-23T22:48:03.824079,False,,,17.02,True
1201,2026-09-23T22:48:03.854173,False,,,17.08,True
1202,2026-09-23T22:48:03.885278,False,,,17.08,True
1203,2026-09-23T22:48:03.915814,False,,,16.52,True
1204,2026-09-23T22:48:03.950415,False,,,20.54,True
1205,2026-09-23T22:48:03.980938,False,,,20.02,True
1206,2026-09-23T22:48:04.009225,False,,,17.02,True
1207,2026-09-23T22:48:04.040276,False,,,17.02,True
1208,2026-09-23T22:48:04.077855,False,,,16.56,True
1209,2026-09-23T22:48:04.116144,False,,,16.56,True
1210,2026-09-23T22:48:04.158179,False,,,17.01,True
1211,2026-09-23T22:48:04.195232,False,,,17.02,True
1212,2026-09-23T22:48:04.239949,False,,,22.14,True
1213,2026-09-23T22:48:04.276013,False,,,17.02,True
1214,2026-09-23T22:48:04.306623,False,,,17.60,True
1215,2026-09-23T22:48:04.338971,False,,,17.04,True
1216,2026-09-23T22:48:04.369089,False,,,17.57,True
1217,2026-09-23T22:48:04.397630,False,,,17.02,True
1218,2026-09-23T22:48:04.431687,False,,,17.52,True
1219,2026-09-23T22:48:04.463275,False,,,17.02,True
1220,2026-09-23T22:48:04.494831,False,,,17.52,True
1221,2026-09-23T22:48:04.524364,False,,,17.02,True
1222,2026-09-23T22:48:04.558900,False,,,17.52,True
1223,2026-09-23T22:48:04.588995,False,,,17.07,True
1224,2026-09-23T22:48:04.619732,False,,,16.67,True
1225,2026-09-23T22:48:04.652263,False,,,17.01,True
1226,2026-09-23T22:48:04.685368,False,,,17.07,True
1227,2026-09-23T22:48:04.716931,False,,,17.54,True
1228,2026-09-23T22:48:04.746470,False,,,17.52,True
1229,2026-09-23T22:48:04.778174,False,,,17.02,True
1230,2026-09-23T22:48:04.809255,False,,,17.07,True
1231,2026-09-23T22:48:04.839932,False,,,17.01,True
1232,2026-09-23T22:48:04.895317,False,,,18.03,True
1233,2026-09-23T22:48:04.935182,False,,,17.03,True
1234,2026-09-23T22:48:04.965962,False,,,17.56,True
1235,2026-09-23T22:48:04.996297,False,,,17.02,True
1236,2026-09-23T22:48:05.026104,False,,,17.04,True
1237,2026-09-23T22:48:05.058134,False,,,17.02,True
1238,2026-09-23T22:48:05.095264,False,,,23.10,True
1239,2026-09-23T22:48:05.133912,False,,,17.55,True
1240,2026-09-23T22:48:05.165759,False,,,17.55,True
1241,2026-09-23T22:48:05.196294,False,,,17.03,True
1242,2026-09-23T22:48:05.226499,False,,,17.59,True
1243,2026-09-23T22:48:05.258181,False,,,17.02,True
1244,2026-09-23T22:48:05.293325,False,,,17.02,True
1245,2026-09-23T22:48:05.337919,False,,,17.50,True
1246,2026-09-23T22:48:05.365998,False,,,17.52,True
1247,2026-09-23T22:48:05.400298,False,,,17.06,True
1248,2026-09-23T22:48:05.429849,False,,,17.03,True
1249,2026-09-23T22:48:05.460881,False,,,16.52,True
1250,2026-09-23T22:48:05.492943,False,,,19.02,True
1251,2026-09-23T22:48:05.521406,False,,,16.26,True
1252,2026-09-23T22:48:05.552911,False,,,16.99,True
1253,2026-09-23T22:48:05.584983,False,,,17.02,True
1254,2026-09-23T22:48:05.615033,False,,,17.54,True
1255,2026-09-23T22:48:05.647565,False,,,17.02,True
1256,2026-09-23T22:48:05.692871,False,,,16.52,True
1257,2026-09-23T22:48:05.727941,False,,,17.05,True
1258,2026-09-23T22:48:05.758014,False,,,17.06,True
1259,2026-09-23T22:48:05.784062,False,,,17.03,True
1260,2026-09-23T22:48:05.820647,False,,,16.54,True
1261,2026-09-23T22:48:05.851679,False,,,16.51,True
1262,2026-09-23T22:48:05.885189,False,,,16.52,True
1263,2026-09-23T22:48:05.913302,False,,,17.02,True
1264,2026-09-23T22:48:05.943227,False,,,17.02,True
1265,2026-09-23T22:48:05.974262,False,,,17.01,True
1266,2026-09-23T22:48:06.006298,False,,,17.02,True
1267,2026-09-23T22:48:06.038334,False,,,17.47,True
1268,2026-09-23T22:48:06.069966,False,,,18.55,True
1269,2026-09-23T22:48:06.100089,False,,,17.02,True
1270,2026-09-23T22:48:06.130665,False,,,17.54,True
1271,2026-09-23T22:48:06.162198,False,,,17.01,True
1272,2026-09-23T22:48:06.194299,False,,,17.07,True
1273,2026-09-23T22:48:06.228737,False,,,19.80,True
1274,2026-09-23T22:48:06.256201,False,,,17.53,True
1275,2026-09-23T22:48:06.286189,False,,,16.53,True
1276,2026-09-23T22:48:06.316768,False,,,17.02,True
1277,2026-09-23T22:48:06.366809,False,,,16.52,True
1278,2026-09-23T22:48:06.394340,False,,,17.03,True
1279,2026-09-23T22:48:06.429698,False,,,16.58,True
1280,2026-09-23T22:48:06.470907,False,,,16.53,True
1281,2026-09-23T22:48:06.504488,False,,,17.35,True
1282,2026-09-23T22:48:06.534103,False,,,17.07,True
1283,2026-09-23T22:48:06.563138,False,,,16.53,True
1284,2026-09-23T22:48:06.594149,False,,,17.02,True
1285,2026-09-23T22:48:06.625280,False,,,17.02,True
1286,2026-09-23T22:48:06.653824,False,,,16.53,True
1287,2026-09-23T22:48:06.689165,False,,,17.03,True
1288,2026-09-23T22:48:06.720242,False,,,17.06,True
1289,2026-09-23T22:48:06.765847,False,,,17.04,True
1290,2026-09-23T22:48:06.797534,False,,,16.68,True
1291,2026-09-23T22:48:06.829579,False,,,16.53,True
1292,2026-09-23T22:48:06.861625,False,,,16.52,True
1293,2026-09-23T22:48:06.894087,False,,,17.02,True
1294,2026-09-23T22:48:06.924145,False,,,17.05,True
1295,2026-09-23T22:48:06.961683,False,,,17.02,True
1296,2026-09-23T22:48:07.000987,False,,,17.01,True
1297,2026-09-23T22:48:07.031074,False,,,17.01,True
1298,2026-09-23T22:48:07.063261,False,,,17.12,True
1299,2026-09-23T22:48:07.103117,False,,,17.52,True
1300,2026-09-23T22:48:07.140185,False,,,17.04,True
1301,2026-09-23T22:48:07.170251,False,,,17.05,True
1302,2026-09-23T22:48:07.201533,False,,,16.23,True
1303,2026-09-23T22:48:07.230907,False,,,16.85,True
1304,2026-09-23T22:48:07.261515,False,,,16.59,True
1305,2026-09-23T22:48:07.293547,False,,,16.52,True
1306,2026-09-23T22:48:07.326128,False,,,18.01,True
1307,2026-09-23T22:48:07.357588,False,,,16.45,True
1308,2026-09-23T22:48:07.387079,False,,,17.52,True
1309,2026-09-23T22:48:07.421453,False,,,17.02,True
1310,2026-09-23T22:48:07.447481,False,,,16.01,True
1311,2026-09-23T22:48:07.501596,False,,,16.51,True
1312,2026-09-23T22:48:07.542130,False,,,17.01,True
1313,2026-09-23T22:48:07.571206,False,,,16.55,True
1314,2026-09-23T22:48:07.604201,False,,,16.91,True
1315,2026-09-23T22:48:07.635246,False,,,17.02,True
1316,2026-09-23T22:48:07.666657,False,,,16.90,True
1317,2026-09-23T22:48:07.697688,False,,,17.02,True
1318,2026-09-23T22:48:07.729218,False,,,17.02,True
1319,2026-09-23T22:48:07.760765,False,,,16.53,True
1320,2026-09-23T22:48:07.791323,False,,,17.01,True
1321,2026-09-23T22:48:07.838012,False,,,17.07,True
1322,2026-09-23T22:48:07.870333,False,,,16.26,True
1323,2026-09-23T22:48:07.903157,False,,,17.52,True
1324,2026-09-23T22:48:07.933195,False,,,16.52,True
1325,2026-09-23T22:48:07.964779,False,,,16.52,True
1326,2026-09-23T22:48:07.997314,False,,,17.02,True
1327,2026-09-23T22:48:08.029885,False,,,17.04,True
1328,2026-09-23T22:48:08.058465,False,,,16.57,True
1329,2026-09-23T22:48:08.093497,False,,,16.51,True
1330,2026-09-23T22:48:08.122872,False,,,18.51,True
1331,2026-09-23T22:48:08.157621,False,,,16.52,True
1332,2026-09-23T22:48:08.200094,False,,,17.01,True
1333,2026-09-23T22:48:08.237900,False,,,16.78,True
1334,2026-09-23T22:48:08.273994,False,,,16.51,True
1335,2026-09-23T22:48:08.308082,True,0.281,0.211,17.07,True
1336,2026-09-23T22:48:08.339182,True,0.281,0.236,17.07,True
1337,2026-09-23T22:48:08.371679,True,0.301,0.265,16.01,True
1338,2026-09-23T22:48:08.401695,True,0.301,0.279,16.48,True
1339,2026-09-23T22:48:08.435113,True,0.301,0.293,16.52,True
1340,2026-09-23T22:48:08.464667,True,0.301,0.297,17.02,True
1341,2026-09-23T22:48:08.496200,True,0.184,0.277,17.02,True
1342,2026-09-23T22:48:08.527310,True,0.184,0.254,17.02,True
1343,2026-09-23T22:48:08.574143,True,0.246,0.243,16.52,True
1343,2026-09-23T22:48:08.575143,True,0.230,0.229,16.52,True
1343,2026-09-23T22:48:08.575143,True,0.156,0.200,16.52,True
1344,2026-09-23T22:48:08.604979,True,0.246,0.212,16.81,True
1344,2026-09-23T22:48:08.604979,True,0.230,0.222,16.81,True
1344,2026-09-23T22:48:08.604979,True,0.156,0.204,16.81,True
1345,2026-09-23T22:48:08.638122,True,0.230,0.204,17.12,True
1345,2026-09-23T22:48:08.638122,True,0.184,0.209,17.12,True
1345,2026-09-23T22:48:08.638122,True,0.156,0.191,17.12,True
1346,2026-09-23T22:48:08.679198,True,0.230,0.191,17.55,True
1346,2026-09-23T22:48:08.679198,True,0.184,0.197,17.55,True
1346,2026-09-23T22:48:08.679198,True,0.156,0.182,17.55,True
1347,2026-09-23T22:48:08.710229,True,0.246,0.195,16.52,True
1347,2026-09-23T22:48:08.710229,True,0.168,0.197,16.52,True
1348,2026-09-23T22:48:08.743797,True,0.246,0.200,17.52,True
1348,2026-09-23T22:48:08.743797,True,0.168,0.197,17.52,True
1349,2026-09-23T22:48:08.775400,True,0.363,0.238,17.51,True
1349,2026-09-23T22:48:08.775400,True,0.281,0.245,17.51,True
1350,2026-09-23T22:48:08.807483,True,0.363,0.284,16.52,True
1350,2026-09-23T22:48:08.807483,True,0.281,0.291,16.52,True
1351,2026-09-23T22:48:08.838228,True,0.344,0.327,17.03,True
1351,2026-09-23T22:48:08.838228,True,0.199,0.294,17.03,True
1352,2026-09-23T22:48:08.868291,True,0.344,0.306,17.05,True
1352,2026-09-23T22:48:08.868291,True,0.199,0.273,17.05,True
1353,2026-09-23T22:48:08.901643,True,0.301,0.277,18.01,True
1353,2026-09-23T22:48:08.901643,True,0.211,0.251,18.01,True
1354,2026-09-23T22:48:08.930839,True,0.301,0.271,17.54,True
1354,2026-09-23T22:48:08.930839,True,0.211,0.245,17.54,True
1355,2026-09-23T22:48:08.974258,True,0.230,0.251,16.52,True
1355,2026-09-23T22:48:08.974258,True,0.211,0.233,16.52,True
1356,2026-09-23T22:48:09.006295,True,0.230,0.237,17.02,True
1356,2026-09-23T22:48:09.006295,True,0.211,0.219,17.02,True
1357,2026-09-23T22:48:09.037966,True,0.246,0.226,16.52,True
1357,2026-09-23T22:48:09.037966,True,0.184,0.216,16.52,True
1358,2026-09-23T22:48:09.067871,True,0.246,0.223,17.03,True
1358,2026-09-23T22:48:09.067871,True,0.184,0.214,17.03,True
1359,2026-09-23T22:48:09.102312,True,0.211,0.214,17.01,True
1359,2026-09-23T22:48:09.102312,True,0.168,0.198,17.01,True
1360,2026-09-23T22:48:09.129336,True,0.211,0.204,17.02,True
1360,2026-09-23T22:48:09.129336,True,0.168,0.188,17.02,True
1361,2026-09-23T22:48:09.164158,True,0.230,0.198,16.52,True
1361,2026-09-23T22:48:09.164158,True,0.199,0.195,16.52,True
1362,2026-09-23T22:48:09.207305,True,0.230,0.208,17.02,True
1362,2026-09-23T22:48:09.207305,True,0.199,0.205,17.02,True
1363,2026-09-23T22:48:09.240253,True,0.246,0.221,17.00,True
1363,2026-09-23T22:48:09.240253,True,0.211,0.217,17.00,True
1364,2026-09-23T22:48:09.273480,True,0.246,0.227,17.09,True
1364,2026-09-23T22:48:09.273480,True,0.211,0.223,17.09,True
1365,2026-09-23T22:48:09.319545,True,0.246,0.232,18.02,True
1366,2026-09-23T22:48:09.360610,True,0.246,0.232,16.52,True
1367,2026-09-23T22:48:09.394172,True,0.281,0.246,17.02,True
1367,2026-09-23T22:48:09.394172,True,0.184,0.234,17.02,True
1368,2026-09-23T22:48:09.424230,True,0.281,0.248,17.04,True
1368,2026-09-23T22:48:09.424230,True,0.184,0.235,17.04,True
1369,2026-09-23T22:48:09.455357,True,0.199,0.226,16.11,True
1370,2026-09-23T22:48:09.489030,True,0.199,0.209,17.14,True
1371,2026-09-23T22:48:09.520716,True,0.281,0.229,16.52,True
1371,2026-09-23T22:48:09.520716,True,0.246,0.222,16.52,True
1372,2026-09-23T22:48:09.549792,True,0.281,0.241,16.56,True
1372,2026-09-23T22:48:09.549792,True,0.246,0.251,16.56,True
1373,2026-09-23T22:48:09.580823,True,0.320,0.275,17.52,True
1373,2026-09-23T22:48:09.580823,True,0.199,0.259,17.52,True
1374,2026-09-23T22:48:09.611206,True,0.320,0.273,16.94,True
1374,2026-09-23T22:48:09.611206,True,0.199,0.257,16.94,True
1375,2026-09-23T22:48:09.641280,True,0.246,0.257,17.01,True
1376,2026-09-23T22:48:09.674321,True,0.246,0.242,17.52,True
1377,2026-09-23T22:48:09.712139,True,0.246,0.252,19.02,True
1378,2026-09-23T22:48:09.751789,True,0.246,0.237,16.51,True
1379,2026-09-23T22:48:09.784378,False,,,17.03,True
1380,2026-09-23T22:48:09.818928,False,,,16.54,True
1381,2026-09-23T22:48:09.845035,True,0.156,0.228,17.07,True
1382,2026-09-23T22:48:09.875194,True,0.156,0.210,17.06,True
1383,2026-09-23T22:48:09.908231,True,0.230,0.207,17.02,True
1384,2026-09-23T22:48:09.941634,True,0.230,0.204,18.01,True
1385,2026-09-23T22:48:09.974223,True,0.211,0.197,17.07,True
1386,2026-09-23T22:48:10.014763,True,0.211,0.208,17.52,True
1387,2026-09-23T22:48:10.046293,True,0.156,0.208,17.02,True
1388,2026-09-23T22:48:10.075288,True,0.156,0.193,17.02,True
1389,2026-09-23T22:48:10.110367,True,0.301,0.207,17.07,True
1390,2026-09-23T22:48:10.140067,True,0.301,0.225,17.03,True
1391,2026-09-23T22:48:10.174302,True,0.320,0.247,17.17,True
1391,2026-09-23T22:48:10.174302,True,0.168,0.249,17.17,True
1392,2026-09-23T22:48:10.202826,True,0.320,0.282,16.51,True
1392,2026-09-23T22:48:10.202826,True,0.168,0.255,16.51,True
1393,2026-09-23T22:48:10.240879,True,0.281,0.252,17.26,True
1394,2026-09-23T22:48:10.279025,True,0.281,0.244,17.02,True
1395,2026-09-23T22:48:10.310618,True,0.156,0.241,16.53,True
1396,2026-09-23T22:48:10.341328,True,0.156,0.209,17.02,True
1397,2026-09-23T22:48:10.375878,False,,,17.52,True
1398,2026-09-23T22:48:10.405903,False,,,17.02,True
1399,2026-09-23T22:48:10.445572,False,,,17.52,True
1400,2026-09-23T22:48:10.480852,False,,,16.52,True
1401,2026-09-23T22:48:10.512178,False,,,17.02,True
1402,2026-09-23T22:48:10.541235,False,,,17.01,True
1403,2026-09-23T22:48:10.574369,False,,,17.07,True
1404,2026-09-23T22:48:10.608259,False,,,18.20,True
1405,2026-09-23T22:48:10.640318,False,,,17.04,True
1406,2026-09-23T22:48:10.678984,False,,,16.02,True
1407,2026-09-23T22:48:10.711059,False,,,17.02,True
1408,2026-09-23T22:48:10.743665,False,,,17.51,True
1409,2026-09-23T22:48:10.774302,False,,,16.60,True
1410,2026-09-23T22:48:10.808456,False,,,17.14,True
1411,2026-09-23T22:48:10.844867,False,,,16.52,True
1412,2026-09-23T22:48:10.883355,False,,,16.52,True
1413,2026-09-23T22:48:10.916095,False,,,16.71,True
1414,2026-09-23T22:48:10.947154,False,,,16.54,True
1415,2026-09-23T22:48:10.978268,False,,,17.23,True
1416,2026-09-23T22:48:11.008308,False,,,17.02,True
1417,2026-09-23T22:48:11.041152,False,,,17.52,True
1418,2026-09-23T22:48:11.071443,False,,,16.52,True
1419,2026-09-23T22:48:11.100520,False,,,16.52,True
1420,2026-09-23T22:48:11.131549,False,,,17.52,True
1421,2026-09-23T22:48:11.180698,False,,,16.56,True
1422,2026-09-23T22:48:11.209275,False,,,17.07,True
1423,2026-09-23T22:48:11.243427,False,,,16.52,True
1424,2026-09-23T22:48:11.273922,False,,,16.87,True
1425,2026-09-23T22:48:11.309974,False,,,17.04,True
1426,2026-09-23T22:48:11.351770,False,,,16.71,True
1427,2026-09-23T22:48:11.379448,False,,,16.54,True
1428,2026-09-23T22:48:11.411977,False,,,17.01,True
1429,2026-09-23T22:48:11.443546,False,,,17.52,True
1430,2026-09-23T22:48:11.503033,False,,,16.77,True
1431,2026-09-23T22:48:11.535573,True,0.184,0.212,16.52,True
1432,2026-09-23T22:48:11.566644,True,0.184,0.192,17.06,True
1433,2026-09-23T22:48:11.596174,True,0.156,0.167,17.02,True
1434,2026-09-23T22:48:11.628209,True,0.156,0.167,17.02,True
1435,2026-09-23T22:48:11.659749,True,0.246,0.185,17.52,True
1435,2026-09-23T22:48:11.659749,True,0.199,0.188,17.52,True
1436,2026-09-23T22:48:11.691343,True,0.246,0.201,17.02,True
1436,2026-09-23T22:48:11.691343,True,0.199,0.209,17.02,True
1437,2026-09-23T22:48:11.721000,True,0.199,0.218,17.10,True
1437,2026-09-23T22:48:11.721000,True,0.168,0.202,17.10,True
1437,2026-09-23T22:48:11.721000,True,0.156,0.194,17.10,True
1438,2026-09-23T22:48:11.754099,True,0.199,0.184,17.06,True
1438,2026-09-23T22:48:11.754099,True,0.168,0.178,17.06,True
1438,2026-09-23T22:48:11.754099,True,0.156,0.170,17.06,True
1439,2026-09-23T22:48:11.784216,True,0.430,0.222,17.06,True
1439,2026-09-23T22:48:11.785219,True,0.184,0.227,17.06,True
1439,2026-09-23T22:48:11.785219,True,0.156,0.219,17.06,True
1440,2026-09-23T22:48:11.815872,True,0.430,0.271,16.52,True
1440,2026-09-23T22:48:11.815872,True,0.184,0.277,16.52,True
1440,2026-09-23T22:48:11.815872,True,0.156,0.222,16.52,True
1441,2026-09-23T22:48:11.847965,True,0.363,0.258,18.02,True
1441,2026-09-23T22:48:11.847965,True,0.246,0.276,18.02,True
1441,2026-09-23T22:48:11.847965,True,0.211,0.232,18.02,True
1441,2026-09-23T22:48:11.847965,True,0.184,0.232,18.02,True
1442,2026-09-23T22:48:11.875986,True,0.363,0.273,16.52,True
1442,2026-09-23T22:48:11.875986,True,0.246,0.250,16.52,True
1442,2026-09-23T22:48:11.876987,True,0.211,0.243,16.52,True
1442,2026-09-23T22:48:11.876987,True,0.184,0.237,16.52,True
1443,2026-09-23T22:48:11.918597,True,0.387,0.278,17.04,True
1443,2026-09-23T22:48:11.918597,True,0.281,0.262,17.04,True
1443,2026-09-23T22:48:11.918597,True,0.211,0.255,17.04,True
1444,2026-09-23T22:48:11.956140,True,0.387,0.290,17.03,True
1444,2026-09-23T22:48:11.956140,True,0.281,0.309,17.03,True
1444,2026-09-23T22:48:11.956140,True,0.211,0.274,17.03,True
1445,2026-09-23T22:48:11.986070,True,0.320,0.282,17.05,True
1445,2026-09-23T22:48:11.986070,True,0.301,0.300,17.05,True
1445,2026-09-23T22:48:11.986070,True,0.281,0.279,17.05,True
1445,2026-09-23T22:48:11.986070,True,0.168,0.256,17.05,True
1446,2026-09-23T22:48:12.018350,True,0.320,0.278,17.07,True
1446,2026-09-23T22:48:12.018350,True,0.301,0.274,17.07,True
1446,2026-09-23T22:48:12.018350,True,0.281,0.270,17.07,True
1446,2026-09-23T22:48:12.018350,True,0.168,0.248,17.07,True
1447,2026-09-23T22:48:12.050083,True,0.320,0.278,17.22,True
1447,2026-09-23T22:48:12.050083,True,0.301,0.274,17.22,True
1447,2026-09-23T22:48:12.050083,True,0.281,0.270,17.22,True
1447,2026-09-23T22:48:12.050083,True,0.168,0.248,17.22,True
1448,2026-09-23T22:48:12.079894,True,0.301,0.274,16.74,True
1448,2026-09-23T22:48:12.079894,True,0.246,0.259,16.74,True
1448,2026-09-23T22:48:12.079894,True,0.199,0.239,16.74,True
1449,2026-09-23T22:48:12.111246,True,0.230,0.229,17.02,True
1449,2026-09-23T22:48:12.111246,True,0.211,0.237,17.02,True
1450,2026-09-23T22:48:12.141409,True,0.230,0.223,17.01,True
1450,2026-09-23T22:48:12.141409,True,0.211,0.216,17.01,True
1451,2026-09-23T22:48:12.173949,True,0.262,0.229,17.02,True
1451,2026-09-23T22:48:12.173949,True,0.184,0.220,17.02,True
1452,2026-09-23T22:48:12.203272,True,0.262,0.230,17.51,True
1452,2026-09-23T22:48:12.203272,True,0.184,0.220,17.51,True
1453,2026-09-23T22:48:12.238333,True,0.406,0.259,16.90,True
1453,2026-09-23T22:48:12.238333,True,0.211,0.249,16.90,True
1453,2026-09-23T22:48:12.238333,True,0.184,0.249,16.90,True
1454,2026-09-23T22:48:12.263918,True,0.406,0.278,16.57,True
1454,2026-09-23T22:48:12.263918,True,0.211,0.284,16.57,True
1454,2026-09-23T22:48:12.263918,True,0.184,0.239,16.57,True
1455,2026-09-23T22:48:12.318637,True,0.344,0.266,17.02,True
1455,2026-09-23T22:48:12.318637,True,0.199,0.269,17.02,True
1455,2026-09-23T22:48:12.318637,True,0.184,0.224,17.02,True
1456,2026-09-23T22:48:12.360601,True,0.344,0.251,17.44,True
1456,2026-09-23T22:48:12.360601,True,0.199,0.254,17.44,True
1456,2026-09-23T22:48:12.360601,True,0.184,0.222,17.44,True
1457,2026-09-23T22:48:12.391214,True,0.344,0.251,17.01,True
1457,2026-09-23T22:48:12.391214,True,0.262,0.266,17.01,True
1458,2026-09-23T22:48:12.421441,True,0.344,0.266,16.51,True
1458,2026-09-23T22:48:12.421441,True,0.262,0.279,16.51,True
1459,2026-09-23T22:48:12.451535,True,0.344,0.311,16.58,True
1459,2026-09-23T22:48:12.451535,True,0.262,0.295,16.58,True
1460,2026-09-23T22:48:12.484593,True,0.262,0.295,17.52,True
1460,2026-09-23T22:48:12.484593,True,0.199,0.266,17.52,True
1461,2026-09-23T22:48:12.514628,True,0.406,0.295,17.02,True
1461,2026-09-23T22:48:12.514628,True,0.211,0.268,17.02,True
1462,2026-09-23T22:48:12.544156,True,0.406,0.297,17.02,True
1462,2026-09-23T22:48:12.544156,True,0.211,0.287,17.02,True
1463,2026-09-23T22:48:12.575096,True,0.246,0.296,16.73,True
1463,2026-09-23T22:48:12.575096,True,0.199,0.255,16.73,True
1464,2026-09-23T22:48:12.606130,True,0.246,0.262,17.02,True
1464,2026-09-23T22:48:12.606130,True,0.199,0.220,17.02,True
1465,2026-09-23T22:48:12.655368,True,0.199,0.218,18.07,True
1465,2026-09-23T22:48:12.655368,True,0.199,0.209,18.07,True
1465,2026-09-23T22:48:12.655368,True,0.168,0.202,18.07,True
1466,2026-09-23T22:48:12.683985,True,0.199,0.193,17.51,True
1466,2026-09-23T22:48:12.683985,True,0.199,0.193,17.51,True
1466,2026-09-23T22:48:12.683985,True,0.168,0.187,17.51,True
1467,2026-09-23T22:48:12.717262,True,0.246,0.196,16.56,True
1467,2026-09-23T22:48:12.717262,True,0.211,0.205,16.56,True
1468,2026-09-23T22:48:12.745313,True,0.246,0.214,17.03,True
1468,2026-09-23T22:48:12.745313,True,0.211,0.216,17.03,True
1469,2026-09-23T22:48:12.777187,True,0.246,0.232,16.52,True
1469,2026-09-23T22:48:12.777187,True,0.211,0.225,16.52,True
1470,2026-09-23T22:48:12.809219,True,0.344,0.252,17.02,True
1470,2026-09-23T22:48:12.809219,True,0.246,0.252,17.02,True
1470,2026-09-23T22:48:12.809219,True,0.246,0.259,17.02,True
1470,2026-09-23T22:48:12.809219,True,0.199,0.249,17.02,True
1471,2026-09-23T22:48:12.840287,True,0.344,0.276,17.04,True
1471,2026-09-23T22:48:12.840287,True,0.246,0.256,17.04,True
1471,2026-09-23T22:48:12.840287,True,0.246,0.256,17.04,True
1471,2026-09-23T22:48:12.840287,True,0.199,0.247,17.04,True
1472,2026-09-23T22:48:12.871471,True,0.320,0.271,16.51,True
1472,2026-09-23T22:48:12.871471,True,0.230,0.248,16.51,True
1472,2026-09-23T22:48:12.871471,True,0.211,0.241,16.51,True
1473,2026-09-23T22:48:12.911011,True,0.246,0.241,17.03,True
1473,2026-09-23T22:48:12.911011,True,0.184,0.238,17.03,True
1473,2026-09-23T22:48:12.911011,True,0.156,0.205,17.03,True
1474,2026-09-23T22:48:12.949584,True,0.246,0.209,17.52,True
1474,2026-09-23T22:48:12.949584,True,0.184,0.203,17.52,True
1474,2026-09-23T22:48:12.949584,True,0.156,0.185,17.52,True
1475,2026-09-23T22:48:12.980645,True,0.301,0.209,17.54,True
1475,2026-09-23T22:48:12.981147,True,0.230,0.223,17.54,True
1476,2026-09-23T22:48:13.009978,True,0.301,0.234,17.02,True
1476,2026-09-23T22:48:13.009978,True,0.230,0.244,17.02,True
1477,2026-09-23T22:48:13.054555,True,0.156,0.244,17.51,True
1478,2026-09-23T22:48:13.087148,True,0.156,0.215,17.03,True
1479,2026-09-23T22:48:13.120736,False,,,17.52,True
1480,2026-09-23T22:48:13.154280,False,,,17.02,True
1481,2026-09-23T22:48:13.184347,False,,,16.52,True
1482,2026-09-23T22:48:13.216925,False,,,16.56,True
1483,2026-09-23T22:48:13.245539,False,,,16.99,True
1484,2026-09-23T22:48:13.277102,False,,,17.52,True
1485,2026-09-23T22:48:13.310133,False,,,17.02,True
1486,2026-09-23T22:48:13.340225,False,,,19.07,True
1487,2026-09-23T22:48:13.390177,False,,,17.02,True
1488,2026-09-23T22:48:13.417996,False,,,17.53,True
1489,2026-09-23T22:48:13.454261,False,,,17.20,True
1490,2026-09-23T22:48:13.494172,False,,,17.02,True
1491,2026-09-23T22:48:13.526207,False,,,17.02,True
1492,2026-09-23T22:48:13.556879,False,,,17.66,True
1493,2026-09-23T22:48:13.588087,False,,,17.52,True
1494,2026-09-23T22:48:13.617184,False,,,17.56,True
1495,2026-09-23T22:48:13.649736,False,,,16.51,True
1496,2026-09-23T22:48:13.679266,False,,,16.02,True
1497,2026-09-23T22:48:13.711129,False,,,16.79,True
1498,2026-09-23T22:48:13.741192,False,,,17.01,True
1499,2026-09-23T22:48:13.790188,False,,,16.87,True
1500,2026-09-23T22:48:13.821902,False,,,17.01,True
1501,2026-09-23T22:48:13.854005,False,,,17.07,True
1502,2026-09-23T22:48:13.882247,False,,,16.99,True
1503,2026-09-23T22:48:13.911430,False,,,16.52,True
1504,2026-09-23T22:48:13.944460,False,,,17.51,True
1505,2026-09-23T22:48:13.974041,False,,,17.04,True
1506,2026-09-23T22:48:14.006117,False,,,17.06,True
1507,2026-09-23T22:48:14.035167,False,,,17.02,True
1508,2026-09-23T22:48:14.067960,True,0.344,0.237,17.03,True
1509,2026-09-23T22:48:14.126266,True,0.523,0.282,17.19,True
1509,2026-09-23T22:48:14.126266,True,0.156,0.267,17.19,True
1510,2026-09-23T22:48:14.159803,True,0.523,0.341,16.52,True
1510,2026-09-23T22:48:14.160806,True,0.156,0.341,16.52,True
1511,2026-09-23T22:48:14.191344,True,0.406,0.353,17.01,True
1511,2026-09-23T22:48:14.191344,True,0.156,0.280,17.01,True
1512,2026-09-23T22:48:14.221004,True,0.406,0.330,17.12,True
1512,2026-09-23T22:48:14.221004,True,0.156,0.256,17.12,True
1513,2026-09-23T22:48:14.250648,True,0.406,0.306,17.12,True
1513,2026-09-23T22:48:14.250648,True,0.156,0.256,17.12,True
1514,2026-09-23T22:48:14.284277,True,0.387,0.302,17.06,True
1514,2026-09-23T22:48:14.284277,True,0.156,0.252,17.06,True
1515,2026-09-23T22:48:14.317092,True,0.387,0.298,16.52,True
1515,2026-09-23T22:48:14.317092,True,0.156,0.248,16.52,True
1516,2026-09-23T22:48:14.347641,True,0.262,0.270,17.02,True
1517,2026-09-23T22:48:14.378176,True,0.262,0.245,16.52,True
1518,2026-09-23T22:48:14.409218,True,0.387,0.291,17.03,True
1519,2026-09-23T22:48:14.440246,True,0.387,0.291,17.01,True
1520,2026-09-23T22:48:14.469828,True,0.344,0.328,16.53,True
1521,2026-09-23T22:48:14.526685,True,0.344,0.345,16.52,True
1522,2026-09-23T22:48:14.564182,True,0.344,0.361,16.94,True
1523,2026-09-23T22:48:14.596143,True,0.246,0.333,17.02,True
1524,2026-09-23T22:48:14.626192,True,0.246,0.305,17.04,True
1525,2026-09-23T22:48:14.658231,True,0.246,0.285,17.02,True
1526,2026-09-23T22:48:14.688898,True,0.406,0.298,16.52,True
1526,2026-09-23T22:48:14.688898,True,0.168,0.263,16.52,True
1527,2026-09-23T22:48:14.720565,True,0.406,0.295,17.52,True
1527,2026-09-23T22:48:14.720565,True,0.168,0.279,17.52,True
1528,2026-09-23T22:48:14.752110,True,0.211,0.272,17.02,True
1529,2026-09-23T22:48:14.781724,True,0.211,0.233,17.52,True
1530,2026-09-23T22:48:14.813257,True,0.246,0.248,17.01,True
1531,2026-09-23T22:48:14.843870,True,0.246,0.216,16.52,True
1532,2026-09-23T22:48:14.875906,True,0.156,0.214,17.03,True
1533,2026-09-23T22:48:14.926012,True,0.301,0.232,17.06,True
1534,2026-09-23T22:48:14.956102,True,0.301,0.250,17.07,True
1535,2026-09-23T22:48:14.985811,True,0.301,0.261,16.63,True
1536,2026-09-23T22:48:15.018260,False,,,17.56,True
1537,2026-09-23T22:48:15.045305,False,,,17.03,True
1538,2026-09-23T22:48:15.078965,False,,,17.53,True
1539,2026-09-23T22:48:15.110354,False,,,17.52,True
1540,2026-09-23T22:48:15.141574,False,,,16.63,True
1541,2026-09-23T22:48:15.170610,False,,,17.52,True
1542,2026-09-23T22:48:15.202143,False,,,17.01,True
1543,2026-09-23T22:48:15.233316,False,,,16.58,True
1544,2026-09-23T22:48:15.265021,False,,,16.56,True
1545,2026-09-23T22:48:15.327150,False,,,18.03,True
1546,2026-09-23T22:48:15.359188,False,,,18.02,True
1547,2026-09-23T22:48:15.388499,False,,,17.08,True
1548,2026-09-23T22:48:15.420060,False,,,17.04,True
1549,2026-09-23T22:48:15.454152,False,,,17.02,True
1550,2026-09-23T22:48:15.484259,False,,,17.05,True
1551,2026-09-23T22:48:15.517965,False,,,17.56,True
1552,2026-09-23T22:48:15.546438,False,,,17.96,True
1553,2026-09-23T22:48:15.577436,False,,,16.58,True
1554,2026-09-23T22:48:15.609935,False,,,17.02,True
1555,2026-09-23T22:48:15.645543,False,,,21.53,True
1556,2026-09-23T22:48:15.689935,False,,,20.53,True
1557,2026-09-23T22:48:15.725048,False,,,17.11,True
1558,2026-09-23T22:48:15.764649,False,,,17.09,True
1559,2026-09-23T22:48:15.796187,False,,,17.03,True
1560,2026-09-23T22:48:15.828437,False,,,17.52,True
1561,2026-09-23T22:48:15.859147,False,,,17.05,True
1562,2026-09-23T22:48:15.890265,False,,,17.09,True
1563,2026-09-23T22:48:15.921426,False,,,16.42,True
1564,2026-09-23T22:48:15.953930,False,,,17.52,True
1565,2026-09-23T22:48:15.985082,False,,,17.03,True
1566,2026-09-23T22:48:16.015798,False,,,17.02,True
1567,2026-09-23T22:48:16.046323,False,,,17.02,True
1568,2026-09-23T22:48:16.077917,False,,,17.16,True
1569,2026-09-23T22:48:16.109434,False,,,17.52,True
1570,2026-09-23T22:48:16.140125,False,,,17.08,True
1571,2026-09-23T22:48:16.170660,False,,,17.52,True
1572,2026-09-23T22:48:16.202861,False,,,17.68,True
1573,2026-09-23T22:48:16.233158,False,,,17.26,True
1574,2026-09-23T22:48:16.263286,False,,,17.12,True
1575,2026-09-23T22:48:16.296138,False,,,17.79,True
1576,2026-09-23T22:48:16.326203,False,,,17.05,True
1577,2026-09-23T22:48:16.357243,False,,,18.03,True
1578,2026-09-23T22:48:16.398489,False,,,17.52,True
1579,2026-09-23T22:48:16.435100,False,,,17.07,True
1580,2026-09-23T22:48:16.467166,False,,,17.55,True
1581,2026-09-23T22:48:16.495289,False,,,17.03,True
1582,2026-09-23T22:48:16.525938,False,,,17.02,True
1583,2026-09-23T22:48:16.557998,False,,,17.52,True
1584,2026-09-23T22:48:16.589934,False,,,17.01,True
1585,2026-09-23T22:48:16.620490,False,,,17.51,True
1586,2026-09-23T22:48:16.654082,False,,,17.07,True
1587,2026-09-23T22:48:16.681619,False,,,17.02,True
1588,2026-09-23T22:48:16.734305,False,,,18.02,True
1589,2026-09-23T22:48:16.775954,False,,,17.04,True
1590,2026-09-23T22:48:16.808012,False,,,18.09,True
1591,2026-09-23T22:48:16.844775,False,,,21.70,True
1592,2026-09-23T22:48:16.884182,False,,,17.02,True
1593,2026-09-23T22:48:16.914859,False,,,16.64,True
1594,2026-09-23T22:48:16.950406,False,,,18.53,True
1595,2026-09-23T22:48:16.977953,False,,,17.53,True
1596,2026-09-23T22:48:17.008134,False,,,17.02,True
1597,2026-09-23T22:48:17.040202,False,,,17.05,True
1598,2026-09-23T22:48:17.070740,False,,,16.52,True
1599,2026-09-23T22:48:17.102271,False,,,17.01,True
1600,2026-09-23T22:48:17.134333,False,,,17.02,True
1601,2026-09-23T22:48:17.171101,False,,,17.22,True
1602,2026-09-23T22:48:17.197805,False,,,17.02,True
1603,2026-09-23T22:48:17.226335,False,,,17.02,True
1604,2026-09-23T22:48:17.261762,False,,,17.52,True
1605,2026-09-23T22:48:17.303308,False,,,17.01,True
1606,2026-09-23T22:48:17.335160,False,,,17.33,True
1607,2026-09-23T22:48:17.365018,False,,,16.69,True
1608,2026-09-23T22:48:17.398462,False,,,17.53,True
1609,2026-09-23T22:48:17.428036,False,,,17.07,True
1610,2026-09-23T22:48:17.470291,False,,,17.16,True
1611,2026-09-23T22:48:17.503203,False,,,16.88,True
1612,2026-09-23T22:48:17.536248,False,,,17.02,True
1613,2026-09-23T22:48:17.568210,False,,,17.58,True
1614,2026-09-23T22:48:17.600412,False,,,17.69,True
1615,2026-09-23T22:48:17.629463,False,,,16.54,True
1616,2026-09-23T22:48:17.662238,False,,,17.76,True
1617,2026-09-23T22:48:17.691285,False,,,17.02,True
1618,2026-09-23T22:48:17.726327,False,,,17.02,True
1619,2026-09-23T22:48:17.754243,False,,,16.52,True
1620,2026-09-23T22:48:17.790325,False,,,17.02,True
1621,2026-09-23T22:48:17.817384,False,,,17.02,True
1622,2026-09-23T22:48:17.870101,False,,,17.80,True
1623,2026-09-23T22:48:17.909361,False,,,17.22,True
1624,2026-09-23T22:48:17.941927,False,,,19.04,True
1625,2026-09-23T22:48:17.972017,False,,,17.01,True
1626,2026-09-23T22:48:18.003058,False,,,17.01,True
1627,2026-09-23T22:48:18.035170,False,,,17.03,True
1628,2026-09-23T22:48:18.068872,False,,,18.53,True
1629,2026-09-23T22:48:18.094931,False,,,17.55,True
1630,2026-09-23T22:48:18.158213,False,,,45.27,True
1631,2026-09-23T22:48:18.279323,False,,,48.70,True
1632,2026-09-23T22:48:18.425189,False,,,55.16,True
1633,2026-09-23T22:48:18.510422,False,,,47.50,True
1634,2026-09-23T22:48:18.630775,False,,,43.07,True
1635,2026-09-23T22:48:18.720082,False,,,41.08,True
1636,2026-09-23T22:48:18.835993,False,,,62.63,True
1637,2026-09-23T22:48:18.960249,False,,,45.05,True
1638,2026-09-23T22:48:19.072941,False,,,47.66,True
1639,2026-09-23T22:48:19.179304,False,,,16.29,True
1640,2026-09-23T22:48:19.306328,False,,,48.16,True
1641,2026-09-23T22:48:19.430601,False,,,49.72,True
1642,2026-09-23T22:48:19.553304,False,,,45.60,True
1643,2026-09-23T22:48:19.685040,False,,,51.05,True
1644,2026-09-23T22:48:19.813046,False,,,57.14,True
1645,2026-09-23T22:48:19.947537,False,,,49.31,True
1646,2026-09-23T22:48:20.074306,False,,,52.11,True
1647,2026-09-23T22:48:20.181772,False,,,48.69,True
1648,2026-09-23T22:48:20.301221,False,,,47.14,True
1649,2026-09-23T22:48:20.428349,False,,,49.29,True
1650,2026-09-23T22:48:20.545156,False,,,45.38,True
1651,2026-09-23T22:48:20.691360,False,,,52.13,True
1652,2026-09-23T22:48:20.813272,False,,,48.19,True
1653,2026-09-23T22:48:20.927140,False,,,55.12,True
1654,2026-09-23T22:48:21.049054,False,,,51.30,True
1655,2026-09-23T22:48:21.176999,False,,,55.28,True
1656,2026-09-23T22:48:21.264225,False,,,18.03,True
1657,2026-09-23T22:48:21.396097,False,,,54.42,True
1658,2026-09-23T22:48:21.499434,False,,,47.71,True
1659,2026-09-23T22:48:21.620968,False,,,46.04,True
1660,2026-09-23T22:48:21.766045,False,,,49.71,True
1661,2026-09-23T22:48:21.894173,False,,,52.04,True
1662,2026-09-23T22:48:22.027145,False,,,46.18,True
1663,2026-09-23T22:48:22.156984,False,,,50.07,True
1664,2026-09-23T22:48:22.283122,False,,,54.03,True
1665,2026-09-23T22:48:22.403921,False,,,48.75,True
1666,2026-09-23T22:48:22.522927,False,,,43.60,True
1667,2026-09-23T22:48:22.654156,False,,,50.20,True
1668,2026-09-23T22:48:22.775911,False,,,49.02,True
1669,2026-09-23T22:48:22.916651,False,,,62.60,True
1670,2026-09-23T22:48:23.011305,False,,,17.01,True
1671,2026-09-23T22:48:23.047537,False,,,17.05,True
1672,2026-09-23T22:48:23.084267,False,,,17.01,True
1673,2026-09-23T22:48:23.120052,False,,,16.07,True
1674,2026-09-23T22:48:23.162026,False,,,17.04,True
1675,2026-09-23T22:48:23.214640,False,,,17.02,True
1676,2026-09-23T22:48:23.278421,False,,,17.31,True
1677,2026-09-23T22:48:23.317090,False,,,16.56,True
1678,2026-09-23T22:48:23.346137,False,,,17.02,True
1679,2026-09-23T22:48:23.379243,False,,,17.09,True
1680,2026-09-23T22:48:23.424314,False,,,17.02,True
1681,2026-09-23T22:48:23.458918,False,,,17.59,True
1682,2026-09-23T22:48:23.488977,False,,,17.04,True
1683,2026-09-23T22:48:23.516632,False,,,17.02,True
1684,2026-09-23T22:48:23.551416,False,,,17.27,True
1685,2026-09-23T22:48:23.579964,False,,,17.04,True
1686,2026-09-23T22:48:23.614977,False,,,17.65,True
1687,2026-09-23T22:48:23.642024,False,,,17.02,True
1688,2026-09-23T22:48:23.678130,False,,,17.04,True
1689,2026-09-23T22:48:23.723365,False,,,17.02,True
1690,2026-09-23T22:48:23.762985,False,,,17.08,True
1691,2026-09-23T22:48:23.797598,False,,,17.02,True
1692,2026-09-23T22:48:23.825190,False,,,17.08,True
1693,2026-09-23T22:48:23.863224,False,,,17.02,True
1694,2026-09-23T22:48:23.897293,False,,,19.54,True
1695,2026-09-23T22:48:23.923980,False,,,17.03,True
1696,2026-09-23T22:48:23.962037,False,,,18.01,True
1697,2026-09-23T22:48:24.037997,False,,,46.31,True
1698,2026-09-23T22:48:24.165355,False,,,50.19,True
1699,2026-09-23T22:48:24.318827,False,,,62.58,True
1700,2026-09-23T22:48:24.442914,False,,,50.74,True
1701,2026-09-23T22:48:24.589588,False,,,74.67,True
1702,2026-09-23T22:48:24.698445,False,,,43.16,True
1703,2026-09-23T22:48:24.827291,False,,,44.76,True
1704,2026-09-23T22:48:24.936669,False,,,46.19,True
1705,2026-09-23T22:48:25.064232,False,,,51.30,True
1706,2026-09-23T22:48:25.157940,False,,,19.72,True
1707,2026-09-23T22:48:25.294237,False,,,48.57,True
1708,2026-09-23T22:48:25.378970,False,,,24.05,True
1709,2026-09-23T22:48:25.410085,False,,,17.07,True
1710,2026-09-23T22:48:25.441187,False,,,17.02,True
1711,2026-09-23T22:48:25.471803,False,,,17.51,True
1712,2026-09-23T22:48:25.505005,False,,,16.52,True
1713,2026-09-23T22:48:25.536101,False,,,17.07,True
1714,2026-09-23T22:48:25.564651,False,,,17.02,True
1715,2026-09-23T22:48:25.596342,False,,,17.18,True
1716,2026-09-23T22:48:25.630508,False,,,17.58,True
1717,2026-09-23T22:48:25.658099,False,,,17.08,True
1718,2026-09-23T22:48:25.693319,False,,,17.03,True
1719,2026-09-23T22:48:25.740186,False,,,16.54,True
1720,2026-09-23T22:48:25.781952,False,,,17.01,True
1721,2026-09-23T22:48:25.815048,False,,,17.52,True
1722,2026-09-23T22:48:25.845603,False,,,17.52,True
1723,2026-09-23T22:48:25.876194,False,,,17.02,True
1724,2026-09-23T22:48:25.907230,False,,,17.52,True
1725,2026-09-23T22:48:25.940353,True,0.156,0.243,17.08,True
1726,2026-09-23T22:48:25.969939,True,0.156,0.243,17.07,True
1727,2026-09-23T22:48:26.001479,False,,,17.02,True
1728,2026-09-23T22:48:26.033202,False,,,17.16,True
1729,2026-09-23T22:48:26.062922,False,,,16.66,True
1730,2026-09-23T22:48:26.095021,False,,,17.02,True
1731,2026-09-23T22:48:26.125175,False,,,18.04,True
1732,2026-09-23T22:48:26.158211,False,,,17.02,True
1733,2026-09-23T22:48:26.190456,False,,,17.19,True
1734,2026-09-23T22:48:26.224488,False,,,17.51,True
1735,2026-09-23T22:48:26.262896,False,,,17.56,True
1736,2026-09-23T22:48:26.295380,False,,,17.02,True
1737,2026-09-23T22:48:26.326913,False,,,16.52,True
1738,2026-09-23T22:48:26.357451,False,,,16.51,True
1739,2026-09-23T22:48:26.391323,False,,,17.07,True
1740,2026-09-23T22:48:26.423122,False,,,17.09,True
1741,2026-09-23T22:48:26.454162,False,,,17.02,True
1742,2026-09-23T22:48:26.484209,False,,,17.02,True
1743,2026-09-23T22:48:26.516946,False,,,17.56,True
1744,2026-09-23T22:48:26.545488,False,,,17.52,True
1745,2026-09-23T22:48:26.577368,False,,,17.03,True
1746,2026-09-23T22:48:26.608968,False,,,17.52,True
1747,2026-09-23T22:48:26.642088,False,,,18.01,True
1748,2026-09-23T22:48:26.675208,False,,,18.02,True
1749,2026-09-23T22:48:26.707176,False,,,17.89,True
1750,2026-09-23T22:48:26.750303,False,,,17.02,True
1751,2026-09-23T22:48:26.779349,False,,,16.04,True
1752,2026-09-23T22:48:26.811280,False,,,17.02,True
1753,2026-09-23T22:48:26.849659,False,,,17.52,True
1754,2026-09-23T22:48:26.889293,False,,,17.11,True
1755,2026-09-23T22:48:26.918834,False,,,17.03,True
1756,2026-09-23T22:48:26.950419,False,,,17.02,True
1757,2026-09-23T22:48:26.980707,False,,,16.75,True
1758,2026-09-23T22:48:27.012922,False,,,16.55,True
1759,2026-09-23T22:48:27.044016,False,,,17.53,True
1760,2026-09-23T22:48:27.074081,False,,,17.06,True
1761,2026-09-23T22:48:27.107886,False,,,16.52,True
1762,2026-09-23T22:48:27.135025,False,,,17.09,True
1763,2026-09-23T22:48:27.167180,False,,,16.54,True
1764,2026-09-23T22:48:27.197715,False,,,17.01,True
1765,2026-09-23T22:48:27.229264,False,,,16.04,True
1766,2026-09-23T22:48:27.259233,False,,,17.67,True
1767,2026-09-23T22:48:27.295020,False,,,17.73,True
1768,2026-09-23T22:48:27.323576,False,,,16.55,True
1769,2026-09-23T22:48:27.358066,False,,,16.81,True
1770,2026-09-23T22:48:27.391700,False,,,17.52,True
1771,2026-09-23T22:48:27.434313,False,,,17.01,True
1772,2026-09-23T22:48:27.463874,False,,,16.55,True
1773,2026-09-23T22:48:27.501429,False,,,16.52,True
1774,2026-09-23T22:48:27.542027,False,,,19.05,True
1775,2026-09-23T22:48:27.574150,False,,,17.09,True
1776,2026-09-23T22:48:27.601677,False,,,16.52,True
1777,2026-09-23T22:48:27.634220,False,,,17.02,True
1778,2026-09-23T22:48:27.666024,False,,,17.62,True
1779,2026-09-23T22:48:27.697555,False,,,17.02,True
1780,2026-09-23T22:48:27.728601,False,,,16.54,True
1781,2026-09-23T22:48:27.759275,False,,,16.96,True
1782,2026-09-23T22:48:27.790846,False,,,17.55,True
1783,2026-09-23T22:48:27.840484,False,,,17.52,True
1784,2026-09-23T22:48:27.869021,False,,,17.52,True
1785,2026-09-23T22:48:27.903079,False,,,18.02,True
1786,2026-09-23T22:48:27.930670,False,,,17.56,True
1787,2026-09-23T22:48:27.965712,False,,,17.02,True
1788,2026-09-23T22:48:27.994250,False,,,17.03,True
1789,2026-09-23T22:48:28.029482,False,,,16.56,True
1790,2026-09-23T22:48:28.074478,False,,,17.56,True
1791,2026-09-23T22:48:28.108307,False,,,17.02,True
1792,2026-09-23T22:48:28.150446,False,,,17.02,True
1793,2026-09-23T22:48:28.180509,False,,,17.06,True
1794,2026-09-23T22:48:28.213020,False,,,17.87,True
1795,2026-09-23T22:48:28.243090,False,,,17.01,True
1796,2026-09-23T22:48:28.271043,False,,,17.08,True
1797,2026-09-23T22:48:28.307129,False,,,16.52,True
1798,2026-09-23T22:48:28.340161,False,,,17.02,True
1799,2026-09-23T22:48:28.381704,False,,,16.51,True
1800,2026-09-23T22:48:28.414807,False,,,17.58,True
1801,2026-09-23T22:48:28.444344,False,,,17.03,True
1802,2026-09-23T22:48:28.476155,False,,,16.52,True
1803,2026-09-23T22:48:28.509206,False,,,16.52,True
1804,2026-09-23T22:48:28.540299,False,,,17.03,True
1805,2026-09-23T22:48:28.574347,False,,,17.02,True
1806,2026-09-23T22:48:28.615535,False,,,17.02,True
1807,2026-09-23T22:48:28.646118,False,,,17.08,True
1808,2026-09-23T22:48:28.676152,False,,,17.02,True
1809,2026-09-23T22:48:28.709898,False,,,17.02,True
1810,2026-09-23T22:48:28.738127,False,,,17.02,True
1811,2026-09-23T22:48:28.768672,False,,,17.02,True
1812,2026-09-23T22:48:28.800633,False,,,17.43,True
1813,2026-09-23T22:48:28.830725,False,,,17.58,True
1814,2026-09-23T22:48:28.863267,False,,,17.01,True
1815,2026-09-23T22:48:28.893939,False,,,17.01,True
1816,2026-09-23T22:48:28.927087,False,,,18.14,True
1817,2026-09-23T22:48:28.974270,False,,,17.24,True
1818,2026-09-23T22:48:29.001585,False,,,16.52,True
1819,2026-09-23T22:48:29.038538,False,,,17.42,True
1820,2026-09-23T22:48:29.079579,False,,,17.52,True
1821,2026-09-23T22:48:29.110145,False,,,17.02,True
1822,2026-09-23T22:48:29.141511,False,,,16.57,True
1823,2026-09-23T22:48:29.172037,False,,,17.01,True
1824,2026-09-23T22:48:29.204106,False,,,17.03,True
1825,2026-09-23T22:48:29.236208,False,,,17.03,True
1826,2026-09-23T22:48:29.265804,False,,,16.97,True
1827,2026-09-23T22:48:29.299844,False,,,16.52,True
1828,2026-09-23T22:48:29.330927,False,,,17.01,True
1829,2026-09-23T22:48:29.373982,True,0.184,0.220,17.04,True
1830,2026-09-23T22:48:29.408264,True,0.184,0.196,17.26,True
1831,2026-09-23T22:48:29.439304,False,,,17.53,True
1832,2026-09-23T22:48:29.471984,False,,,17.06,True
1833,2026-09-23T22:48:29.501519,False,,,16.52,True
1834,2026-09-23T22:48:29.533149,False,,,17.07,True
1835,2026-09-23T22:48:29.566050,False,,,17.52,True
1836,2026-09-23T22:48:29.596171,False,,,18.09,True
1837,2026-09-23T22:48:29.632864,False,,,19.54,True
1838,2026-09-23T22:48:29.671928,False,,,17.01,True
1839,2026-09-23T22:48:29.709281,False,,,17.15,True
1840,2026-09-23T22:48:29.750749,False,,,17.41,True
1841,2026-09-23T22:48:29.780870,False,,,16.61,True
1842,2026-09-23T22:48:29.811929,False,,,17.02,True
1843,2026-09-23T22:48:29.846414,False,,,19.35,True
1844,2026-09-23T22:48:29.879542,False,,,20.53,True
1845,2026-09-23T22:48:29.909679,False,,,18.68,True
1846,2026-09-23T22:48:29.938229,False,,,17.52,True
1847,2026-09-23T22:48:29.970787,False,,,17.52,True
1848,2026-09-23T22:48:30.003040,False,,,17.73,True
1849,2026-09-23T22:48:30.034441,False,,,18.34,True
1850,2026-09-23T22:48:30.064973,False,,,17.52,True
1851,2026-09-23T22:48:30.110046,False,,,17.02,True
1852,2026-09-23T22:48:30.142122,False,,,18.02,True
1853,2026-09-23T22:48:30.174162,False,,,17.02,True
1854,2026-09-23T22:48:30.204328,False,,,17.15,True
1855,2026-09-23T22:48:30.238024,False,,,17.17,True
1856,2026-09-23T22:48:30.266938,False,,,18.52,True
1857,2026-09-23T22:48:30.301801,False,,,16.52,True
1858,2026-09-23T22:48:30.343868,False,,,17.52,True
1859,2026-09-23T22:48:30.376127,False,,,17.25,True
1860,2026-09-23T22:48:30.406076,False,,,16.94,True
1861,2026-09-23T22:48:30.446273,False,,,18.02,True
1862,2026-09-23T22:48:30.485479,False,,,17.52,True
1863,2026-09-23T22:48:30.516087,False,,,17.52,True
1864,2026-09-23T22:48:30.545316,False,,,17.02,True
1865,2026-09-23T22:48:30.579525,False,,,17.54,True
1866,2026-09-23T22:48:30.608998,False,,,16.77,True
1867,2026-09-23T22:48:30.640080,False,,,17.05,True
1868,2026-09-23T22:48:30.670147,False,,,17.03,True
1869,2026-09-23T22:48:30.701553,False,,,16.37,True
1870,2026-09-23T22:48:30.731621,False,,,17.51,True
1871,2026-09-23T22:48:30.765703,False,,,17.54,True
1872,2026-09-23T22:48:30.798338,False,,,19.13,True
1873,2026-09-23T22:48:30.844976,False,,,17.07,True
1874,2026-09-23T22:48:30.871027,False,,,17.01,True
1875,2026-09-23T22:48:30.919604,False,,,20.03,True
1876,2026-09-23T22:48:30.947635,False,,,17.02,True
1877,2026-09-23T22:48:30.979152,False,,,16.17,True
1878,2026-09-23T22:48:31.008036,False,,,18.19,True
1879,2026-09-23T22:48:31.041935,False,,,17.01,True
1880,2026-09-23T22:48:31.074271,False,,,17.02,True
1881,2026-09-23T22:48:31.106313,False,,,17.03,True
1882,2026-09-23T22:48:31.137347,False,,,17.53,True
1883,2026-09-23T22:48:31.180968,False,,,17.01,True
1884,2026-09-23T22:48:31.216832,False,,,17.33,True
1885,2026-09-23T22:48:31.245982,False,,,17.64,True
1886,2026-09-23T22:48:31.315265,False,,,46.25,True
1887,2026-09-23T22:48:31.453127,False,,,45.07,True
1888,2026-09-23T22:48:31.567992,False,,,49.57,True
1889,2026-09-23T22:48:31.693054,False,,,49.86,True
1890,2026-09-23T22:48:31.813274,False,,,46.07,True
1891,2026-09-23T22:48:31.927415,False,,,50.44,True
1892,2026-09-23T22:48:32.034322,False,,,49.31,True
1893,2026-09-23T22:48:32.159903,False,,,49.63,True
1894,2026-09-23T22:48:32.279089,False,,,45.82,True
1895,2026-09-23T22:48:32.414063,False,,,56.77,True
1896,2026-09-23T22:48:32.531564,False,,,50.14,True
1897,2026-09-23T22:48:32.671136,False,,,66.16,True
1898,2026-09-23T22:48:32.793075,False,,,61.34,True
1899,2026-09-23T22:48:32.929128,False,,,58.14,True
1900,2026-09-23T22:48:33.060079,False,,,49.13,True
1901,2026-09-23T22:48:33.199376,False,,,48.05,True
1902,2026-09-23T22:48:33.325177,False,,,49.11,True
1903,2026-09-23T22:48:33.470702,False,,,55.77,True
1904,2026-09-23T22:48:33.601519,False,,,46.61,True
1905,2026-09-23T22:48:33.758939,False,,,77.19,True
1906,2026-09-23T22:48:33.894176,False,,,58.67,True
1907,2026-09-23T22:48:34.003506,False,,,45.05,True
1908,2026-09-23T22:48:34.158328,False,,,76.21,True
1909,2026-09-23T22:48:34.301504,False,,,77.57,True
1910,2026-09-23T22:48:34.445232,False,,,68.02,True
1911,2026-09-23T22:48:34.566344,False,,,48.97,True
1912,2026-09-23T22:48:34.689213,False,,,49.11,True
1913,2026-09-23T22:48:34.814261,False,,,46.05,True
1914,2026-09-23T22:48:34.922863,False,,,46.86,True
1915,2026-09-23T22:48:35.036427,False,,,48.90,True
1916,2026-09-23T22:48:35.162132,False,,,52.84,True
1917,2026-09-23T22:48:35.301506,False,,,68.58,True
1918,2026-09-23T22:48:35.425946,False,,,52.83,True
1919,2026-09-23T22:48:35.551721,False,,,55.61,True
1920,2026-09-23T22:48:35.652218,False,,,28.91,True
1921,2026-09-23T22:48:35.797157,False,,,61.48,True
1922,2026-09-23T22:48:35.910476,False,,,50.50,True
1923,2026-09-23T22:48:36.018447,False,,,52.20,True
1924,2026-09-23T22:48:36.153015,False,,,61.82,True
1925,2026-09-23T22:48:36.294942,False,,,61.85,True
1926,2026-09-23T22:48:36.479000,False,,,87.83,True
1927,2026-09-23T22:48:36.612290,False,,,50.05,True
1928,2026-09-23T22:48:36.743114,True,0.211,0.178,54.88,True
1929,2026-09-23T22:48:36.824242,False,,,27.03,True
1930,2026-09-23T22:48:36.939417,False,,,51.08,True
1931,2026-09-23T22:48:37.037043,False,,,24.02,True
1932,2026-09-23T22:48:37.151484,False,,,44.19,True
1933,2026-09-23T22:48:37.249547,False,,,18.90,True
1934,2026-09-23T22:48:37.399580,False,,,74.26,True
1935,2026-09-23T22:48:37.517903,False,,,52.60,True
1936,2026-09-23T22:48:37.636077,False,,,45.03,True
1937,2026-09-23T22:48:37.744938,False,,,47.74,True
1938,2026-09-23T22:48:37.894125,False,,,70.84,True
1939,2026-09-23T22:48:38.008364,False,,,48.17,True
1940,2026-09-23T22:48:38.114545,False,,,17.02,True
1941,2026-09-23T22:48:38.144081,False,,,17.03,True
1942,2026-09-23T22:48:38.175609,False,,,17.51,True
1943,2026-09-23T22:48:38.221954,False,,,17.56,True
1944,2026-09-23T22:48:38.265652,False,,,18.15,True
1945,2026-09-23T22:48:38.301630,False,,,17.02,True
1946,2026-09-23T22:48:38.341705,False,,,17.52,True
1947,2026-09-23T22:48:38.398529,True,0.156,0.178,17.78,True
1948,2026-09-23T22:48:38.434589,True,0.156,0.178,17.52,True
1949,2026-09-23T22:48:38.465115,False,,,17.52,True
1950,2026-09-23T22:48:38.498174,False,,,17.53,True
1951,2026-09-23T22:48:38.528929,False,,,16.75,True
1952,2026-09-23T22:48:38.558460,False,,,16.52,True
1953,2026-09-23T22:48:38.606105,False,,,17.02,True
1954,2026-09-23T22:48:38.639956,False,,,17.02,True
1955,2026-09-23T22:48:38.672004,False,,,17.01,True
1956,2026-09-23T22:48:38.704106,False,,,16.51,True
