frame_number,timestamp,detected,raw_score,avg_score,latency_ms,resized
1,2026-09-23T22:24:54.006460,False,,,19.01,False
2,2026-09-23T22:24:54.066505,False,,,18.02,False
3,2026-09-23T22:24:54.097634,False,,,18.11,False
4,2026-09-23T22:24:54.138664,False,,,18.02,False
5,2026-09-23T22:24:54.171244,False,,,17.51,False
6,2026-09-23T22:24:54.203774,False,,,17.01,False
7,2026-09-23T22:24:54.236145,False,,,17.86,False
8,2026-09-23T22:24:54.266672,False,,,18.02,False
9,2026-09-23T22:24:54.295257,False,,,17.58,False
10,2026-09-23T22:24:54.330440,False,,,17.17,False
11,2026-09-23T22:24:54.355631,False,,,18.02,False
12,2026-09-23T22:24:54.394327,False,,,17.68,False
13,2026-09-23T22:24:54.434357,False,,,18.01,False
14,2026-09-23T22:24:54.463875,False,,,18.01,False
15,2026-09-23T22:24:54.496400,False,,,18.02,False
16,2026-09-23T22:24:54.537952,False,,,17.53,False
17,2026-09-23T22:24:54.574493,False,,,18.01,False
18,2026-09-23T22:24:54.607053,False,,,18.55,False
19,2026-09-23T22:24:54.636581,False,,,18.02,False
20,2026-09-23T22:24:54.676623,False,,,27.53,False
21,2026-09-23T22:24:54.711186,False,,,17.52,False
22,2026-09-23T22:24:54.741507,False,,,17.51,False
23,2026-09-23T22:24:54.773620,False,,,18.01,False
24,2026-09-23T22:24:54.803308,False,,,17.66,False
25,2026-09-23T22:24:54.832767,False,,,18.53,False
26,2026-09-23T22:24:54.874311,False,,,18.01,False
27,2026-09-23T22:24:54.910427,False,,,18.11,False
28,2026-09-23T22:24:54.942556,False,,,18.11,False
29,2026-09-23T22:24:54.971590,False,,,18.01,False
30,2026-09-23T22:24:55.002616,False,,,18.01,False
31,2026-09-23T22:24:55.031704,False,,,18.01,False
32,2026-09-23T22:24:55.066650,False,,,18.02,False
33,2026-09-23T22:24:55.108754,False,,,18.08,False
34,2026-09-23T22:24:55.139567,False,,,18.31,False
35,2026-09-23T22:24:55.169590,False,,,18.01,False
36,2026-09-23T22:24:55.200115,False,,,18.52,False
37,2026-09-23T22:24:55.228365,False,,,17.56,False
38,2026-09-23T22:24:55.275300,False,,,19.00,False
39,2026-09-23T22:24:55.307907,False,,,18.53,False
40,2026-09-23T22:24:55.338426,False,,,18.01,False
41,2026-09-23T22:24:55.368592,False,,,17.14,False
42,2026-09-23T22:24:55.402292,False,,,18.01,False
43,2026-09-23T22:24:55.430908,False,,,17.51,False
44,2026-09-23T22:24:55.465576,False,,,18.06,False
45,2026-09-23T22:24:55.493645,False,,,18.01,False
46,2026-09-23T22:24:55.530780,False,,,18.11,False
47,2026-09-23T22:24:55.568501,False,,,17.20,False
48,2026-09-23T22:24:55.610117,False,,,17.55,False
49,2026-09-23T22:24:55.645691,False,,,18.06,False
50,2026-09-23T22:24:55.675716,False,,,18.02,False
51,2026-09-23T22:24:55.705463,False,,,17.73,False
52,2026-09-23T22:24:55.738074,False,,,17.52,False
53,2026-09-23T22:24:55.768635,False,,,20.05,False
54,2026-09-23T22:24:55.801428,False,,,17.71,False
55,2026-09-23T22:24:55.843907,False,,,18.01,False
56,2026-09-23T22:24:55.874509,False,,,18.10,False
57,2026-09-23T22:24:55.905617,False,,,18.10,False
58,2026-09-23T22:24:55.936652,False,,,18.02,False
59,2026-09-23T22:24:55.965697,False,,,18.02,False
60,2026-09-23T22:24:56.009829,False,,,17.58,False
61,2026-09-23T22:24:56.042853,False,,,18.01,False
62,2026-09-23T22:24:56.075373,True,0.344,0.344,19.01,False
63,2026-09-23T22:24:56.104889,True,0.344,0.344,18.01,False
64,2026-09-23T22:24:56.138555,False,,,18.01,False
65,2026-09-23T22:24:56.167578,False,,,18.02,False
66,2026-09-23T22:24:56.201595,False,,,17.50,False
67,2026-09-23T22:24:56.243633,False,,,18.01,False
68,2026-09-23T22:24:56.274029,False,,,18.36,False
69,2026-09-23T22:24:56.305103,False,,,18.56,False
70,2026-09-23T22:24:56.345676,False,,,18.04,False
71,2026-09-23T22:24:56.380722,False,,,17.01,False
72,2026-09-23T22:24:56.410216,False,,,17.52,False
73,2026-09-23T22:24:56.442672,False,,,18.01,False
74,2026-09-23T22:24:56.474708,False,,,18.02,False
75,2026-09-23T22:24:56.517956,False,,,18.23,False
76,2026-09-23T22:24:56.548479,False,,,18.02,False
77,2026-09-23T22:24:56.578996,False,,,17.51,False
78,2026-09-23T22:24:56.611017,False,,,17.50,False
79,2026-09-23T22:24:56.642548,False,,,18.01,False
80,2026-09-23T22:24:56.671581,False,,,18.01,False
81,2026-09-23T22:24:56.702562,False,,,18.01,False
82,2026-09-23T22:24:56.745924,False,,,18.02,False
83,2026-09-23T22:24:56.779360,False,,,17.93,False
84,2026-09-23T22:24:56.810150,False,,,17.78,False
85,2026-09-23T22:24:56.840180,False,,,18.52,False
86,2026-09-23T22:24:56.874709,False,,,18.02,False
87,2026-09-23T22:24:56.916302,False,,,20.58,False
88,2026-09-23T22:24:56.947828,False,,,20.02,False
89,2026-09-23T22:24:56.980357,False,,,19.98,False
90,2026-09-23T22:24:57.009165,False,,,17.62,False
91,2026-09-23T22:24:57.039690,False,,,18.02,False
92,2026-09-23T22:24:57.070353,False,,,17.66,False
93,2026-09-23T22:24:57.100920,False,,,17.56,False
94,2026-09-23T22:24:57.145647,False,,,18.02,False
95,2026-09-23T22:24:57.177670,False,,,18.02,False
96,2026-09-23T22:24:57.210215,False,,,17.54,False
97,2026-09-23T22:24:57.238247,False,,,17.52,False
98,2026-09-23T22:24:57.273869,False,,,17.01,False
99,2026-09-23T22:24:57.315404,False,,,18.02,False
100,2026-09-23T22:24:57.345542,False,,,18.08,False
101,2026-09-23T22:24:57.376568,False,,,18.02,False
102,2026-09-23T22:24:57.405639,False,,,18.02,False
103,2026-09-23T22:24:57.436567,False,,,17.92,False
104,2026-09-23T22:24:57.481175,False,,,17.51,False
105,2026-09-23T22:24:57.513065,False,,,17.35,False
106,2026-09-23T22:24:57.546633,False,,,18.05,False
107,2026-09-23T22:24:57.589546,False,,,17.88,False
108,2026-09-23T22:24:57.620281,False,,,17.70,False
109,2026-09-23T22:24:57.652410,False,,,18.12,False
110,2026-09-23T22:24:57.681594,False,,,18.08,False
111,2026-09-23T22:24:57.711619,False,,,18.01,False
112,2026-09-23T22:24:57.741645,False,,,18.01,False
113,2026-09-23T22:24:57.771188,False,,,17.51,False
114,2026-09-23T22:24:57.803264,False,,,18.56,False
115,2026-09-23T22:24:57.833294,False,,,19.02,False
116,2026-09-23T22:24:57.880936,False,,,17.51,False
117,2026-09-23T22:24:57.911458,False,,,17.99,False
118,2026-09-23T22:24:57.946341,False,,,18.39,False
119,2026-09-23T22:24:57.973973,False,,,17.61,False
120,2026-09-23T22:24:58.004567,False,,,18.09,False
121,2026-09-23T22:24:58.036755,False,,,18.18,False
122,2026-09-23T22:24:58.075389,False,,,20.01,False
123,2026-09-23T22:24:58.114426,False,,,18.13,False
124,2026-09-23T22:24:58.146539,False,,,17.61,False
125,2026-09-23T22:24:58.174728,False,,,18.17,False
126,2026-09-23T22:24:58.218679,False,,,18.41,False
127,2026-09-23T22:24:58.258027,False,,,20.59,False
128,2026-09-23T22:24:58.295892,False,,,18.02,False
129,2026-09-23T22:24:58.325922,False,,,18.02,False
130,2026-09-23T22:24:58.358493,False,,,18.06,False
131,2026-09-23T22:24:58.389122,False,,,17.56,False
132,2026-09-23T22:24:58.421473,False,,,17.01,False
133,2026-09-23T22:24:58.451080,False,,,17.51,False
134,2026-09-23T22:24:58.480931,False,,,17.32,False
135,2026-09-23T22:24:58.513530,False,,,18.07,False
136,2026-09-23T22:24:58.557525,False,,,17.21,False
137,2026-09-23T22:24:58.585323,False,,,17.70,False
138,2026-09-23T22:24:58.618454,False,,,18.02,False
139,2026-09-23T22:24:58.645788,False,,,18.02,False
140,2026-09-23T22:24:58.680770,False,,,17.46,False
141,2026-09-23T22:24:58.716425,False,,,19.11,False
142,2026-09-23T22:24:58.759497,False,,,18.12,False
143,2026-09-23T22:24:58.790537,False,,,17.51,False
144,2026-09-23T22:24:58.820653,False,,,18.02,False
145,2026-09-23T22:24:58.853742,False,,,18.01,False
146,2026-09-23T22:24:58.884261,False,,,18.01,False
147,2026-09-23T22:24:58.915339,False,,,17.94,False
148,2026-09-23T22:24:58.954362,False,,,18.01,False
149,2026-09-23T22:24:58.991542,False,,,18.13,False
150,2026-09-23T22:24:59.021590,False,,,18.01,False
151,2026-09-23T22:24:59.055744,False,,,18.02,False
152,2026-09-23T22:24:59.084266,False,,,18.02,False
153,2026-09-23T22:24:59.115621,True,0.363,0.350,18.35,False
154,2026-09-23T22:24:59.147652,True,0.363,0.354,18.02,False
155,2026-09-23T22:24:59.191523,False,,,17.84,False
156,2026-09-23T22:24:59.223657,False,,,20.02,False
157,2026-09-23T22:24:59.257561,False,,,21.52,False
158,2026-09-23T22:24:59.297989,True,0.262,0.335,18.02,False
159,2026-09-23T22:24:59.330516,True,0.262,0.319,18.01,False
160,2026-09-23T22:24:59.360589,False,,,18.02,False
161,2026-09-23T22:24:59.391361,False,,,18.76,False
162,2026-09-23T22:24:59.420388,False,,,18.02,False
163,2026-09-23T22:24:59.453183,False,,,17.51,False
164,2026-09-23T22:24:59.497255,False,,,17.56,False
165,2026-09-23T22:24:59.528735,False,,,17.85,False
166,2026-09-23T22:24:59.557767,False,,,18.02,False
167,2026-09-23T22:24:59.589581,False,,,18.31,False
168,2026-09-23T22:24:59.621625,False,,,18.01,False
169,2026-09-23T22:24:59.650694,False,,,18.06,False
170,2026-09-23T22:24:59.690245,False,,,17.51,False
171,2026-09-23T22:24:59.725847,False,,,18.06,False
172,2026-09-23T22:24:59.758370,False,,,18.01,False
173,2026-09-23T22:24:59.798004,False,,,24.02,False
174,2026-09-23T22:24:59.837496,False,,,17.14,False
175,2026-09-23T22:24:59.867727,False,,,18.02,False
176,2026-09-23T22:24:59.898752,False,,,18.02,False
177,2026-09-23T22:24:59.929299,False,,,18.02,False
178,2026-09-23T22:24:59.960385,False,,,18.08,False
179,2026-09-23T22:24:59.989901,False,,,17.51,False
180,2026-09-23T22:25:00.021508,False,,,18.01,False
181,2026-09-23T22:25:00.055586,False,,,18.06,False
182,2026-09-23T22:25:00.090701,False,,,17.51,False
183,2026-09-23T22:25:00.129803,False,,,17.56,False
184,2026-09-23T22:25:00.159861,True,0.262,0.302,17.55,False
185,2026-09-23T22:25:00.191381,True,0.262,0.282,17.51,False
186,2026-09-23T22:25:00.222424,True,0.262,0.262,19.01,False
187,2026-09-23T22:25:00.254450,False,,,18.01,False
188,2026-09-23T22:25:00.285500,False,,,18.02,False
189,2026-09-23T22:25:00.317525,False,,,18.02,False
190,2026-09-23T22:25:00.347556,False,,,18.02,False
191,2026-09-23T22:25:00.382464,False,,,20.01,False
192,2026-09-23T22:25:00.432291,False,,,23.12,False
193,2026-09-23T22:25:00.472727,False,,,18.01,False
194,2026-09-23T22:25:00.499749,False,,,17.51,False
195,2026-09-23T22:25:00.532304,False,,,18.04,False
196,2026-09-23T22:25:00.565394,False,,,18.01,False
197,2026-09-23T22:25:00.595560,False,,,18.02,False
198,2026-09-23T22:25:00.624521,False,,,17.96,False
199,2026-09-23T22:25:00.654545,True,0.262,0.262,17.52,False
200,2026-09-23T22:25:00.685063,True,0.262,0.262,17.51,False
201,2026-09-23T22:25:00.716596,True,0.262,0.262,18.03,False
202,2026-09-23T22:25:00.746622,True,0.262,0.262,18.02,False
203,2026-09-23T22:25:00.779917,False,,,17.26,False
204,2026-09-23T22:25:00.808737,False,,,18.31,False
205,2026-09-23T22:25:00.839317,False,,,18.02,False
206,2026-09-23T22:25:00.890306,False,,,17.85,False
207,2026-09-23T22:25:00.932245,False,,,18.51,False
208,2026-09-23T22:25:00.963236,False,,,17.51,False
209,2026-09-23T22:25:00.995761,False,,,18.02,False
210,2026-09-23T22:25:01.026784,False,,,18.01,False
211,2026-09-23T22:25:01.056304,False,,,18.01,False
212,2026-09-23T22:25:01.087309,False,,,17.83,False
213,2026-09-23T22:25:01.117472,False,,,17.90,False
214,2026-09-23T22:25:01.146544,False,,,18.07,False
215,2026-09-23T22:25:01.187342,False,,,23.07,False
216,2026-09-23T22:25:01.226389,False,,,18.53,False
217,2026-09-23T22:25:01.257570,False,,,18.10,False
218,2026-09-23T22:25:01.289593,False,,,18.01,False
219,2026-09-23T22:25:01.332677,False,,,18.03,False
220,2026-09-23T22:25:01.360735,False,,,17.03,False
221,2026-09-23T22:25:01.393259,False,,,18.01,False
222,2026-09-23T22:25:01.423792,False,,,17.52,False
223,2026-09-23T22:25:01.456319,False,,,18.02,False
224,2026-09-23T22:25:01.485379,False,,,18.02,False
225,2026-09-23T22:25:01.516762,False,,,17.88,False
226,2026-09-23T22:25:01.550477,False,,,18.21,False
227,2026-09-23T22:25:01.580492,False,,,18.01,False
228,2026-09-23T22:25:01.612701,False,,,18.17,False
229,2026-09-23T22:25:01.640255,False,,,18.02,False
230,2026-09-23T22:25:01.673675,False,,,18.06,False
231,2026-09-23T22:25:01.716713,False,,,18.02,False
232,2026-09-23T22:25:01.746494,False,,,17.67,False
233,2026-09-23T22:25:01.777020,False,,,17.52,False
234,2026-09-23T22:25:01.811623,False,,,18.05,False
235,2026-09-23T22:25:01.853299,False,,,17.52,False
236,2026-09-23T22:25:01.883454,False,,,18.07,False
237,2026-09-23T22:25:01.915605,False,,,18.06,False
238,2026-09-23T22:25:01.945695,False,,,18.08,False
239,2026-09-23T22:25:01.975715,False,,,18.01,False
240,2026-09-23T22:25:02.005578,False,,,17.85,False
241,2026-09-23T22:25:02.034286,False,,,18.01,False
242,2026-09-23T22:25:02.065971,False,,,18.56,False
243,2026-09-23T22:25:02.096517,False,,,18.04,False
244,2026-09-23T22:25:02.128637,False,,,18.02,False
245,2026-09-23T22:25:02.157872,False,,,18.01,False
246,2026-09-23T22:25:02.190398,False,,,17.52,False
247,2026-09-23T22:25:02.224546,False,,,18.02,False
248,2026-09-23T22:25:02.253533,False,,,17.94,False
249,2026-09-23T22:25:02.300607,False,,,19.05,False
250,2026-09-23T22:25:02.341458,False,,,17.51,False
251,2026-09-23T22:25:02.373577,False,,,18.01,False
252,2026-09-23T22:25:02.405732,False,,,18.10,False
253,2026-09-23T22:25:02.452705,False,,,20.44,False
254,2026-09-23T22:25:02.493241,False,,,17.52,False
255,2026-09-23T22:25:02.525413,False,,,18.13,False
256,2026-09-23T22:25:02.557505,False,,,18.06,False
257,2026-09-23T22:25:02.588528,False,,,18.02,False
258,2026-09-23T22:25:02.617680,False,,,18.02,False
259,2026-09-23T22:25:02.650249,False,,,18.56,False
260,2026-09-23T22:25:02.682359,False,,,20.10,False
261,2026-09-23T22:25:02.713514,False,,,18.02,False
262,2026-09-23T22:25:02.741629,False,,,18.01,False
263,2026-09-23T22:25:02.774654,False,,,18.01,False
264,2026-09-23T22:25:02.804728,False,,,18.07,False
265,2026-09-23T22:25:02.831531,False,,,18.02,False
266,2026-09-23T22:25:02.861570,False,,,18.01,False
267,2026-09-23T22:25:02.892670,False,,,18.06,False
268,2026-09-23T22:25:02.922224,False,,,17.02,False
269,2026-09-23T22:25:02.956255,False,,,18.52,False
270,2026-09-23T22:25:02.985425,False,,,18.02,False
271,2026-09-23T22:25:03.034418,False,,,17.83,False
272,2026-09-23T22:25:03.075742,False,,,18.26,False
273,2026-09-23T22:25:03.106262,False,,,18.01,False
274,2026-09-23T22:25:03.138290,False,,,18.02,False
275,2026-09-23T22:25:03.169438,False,,,18.10,False
276,2026-09-23T22:25:03.211605,False,,,17.82,False
277,2026-09-23T22:25:03.243685,False,,,18.01,False
278,2026-09-23T22:25:03.273709,False,,,18.02,False
279,2026-09-23T22:25:03.303733,False,,,18.01,False
280,2026-09-23T22:25:03.332250,False,,,17.50,False
281,2026-09-23T22:25:03.365364,False,,,17.01,False
282,2026-09-23T22:25:03.395101,False,,,17.52,False
283,2026-09-23T22:25:03.435132,False,,,18.52,False
284,2026-09-23T22:25:03.473153,False,,,18.51,False
285,2026-09-23T22:25:03.505679,False,,,18.02,False
286,2026-09-23T22:25:03.532705,False,,,18.01,False
287,2026-09-23T22:25:03.564501,False,,,18.23,False
288,2026-09-23T22:25:03.595626,False,,,18.01,False
289,2026-09-23T22:25:03.628876,False,,,17.74,False
290,2026-09-23T22:25:03.671523,False,,,18.01,False
291,2026-09-23T22:25:03.702582,False,,,19.02,False
292,2026-09-23T22:25:03.733616,False,,,21.02,False
293,2026-09-23T22:25:03.776173,False,,,17.54,False
294,2026-09-23T22:25:03.806770,False,,,18.09,False
295,2026-09-23T22:25:03.837521,False,,,18.01,False
296,2026-09-23T22:25:03.872542,False,,,18.15,False
297,2026-09-23T22:25:03.915528,False,,,17.79,False
298,2026-09-23T22:25:03.946558,False,,,18.02,False
299,2026-09-23T22:25:03.990692,False,,,18.02,False
300,2026-09-23T22:25:04.019738,False,,,17.02,False
301,2026-09-23T22:25:04.051515,False,,,18.01,False
302,2026-09-23T22:25:04.079783,False,,,18.26,False
303,2026-09-23T22:25:04.111411,False,,,18.01,False
304,2026-09-23T22:25:04.143953,False,,,18.01,False
305,2026-09-23T22:25:04.174495,False,,,18.03,False
306,2026-09-23T22:25:04.205570,False,,,18.02,False
307,2026-09-23T22:25:04.238095,False,,,17.52,False
308,2026-09-23T22:25:04.270634,False,,,18.03,False
309,2026-09-23T22:25:04.299538,False,,,18.52,False
310,2026-09-23T22:25:04.333063,False,,,18.51,False
311,2026-09-23T22:25:04.372589,False,,,17.51,False
312,2026-09-23T22:25:04.404843,False,,,17.74,False
313,2026-09-23T22:25:04.433521,False,,,18.06,False
314,2026-09-23T22:25:04.465707,False,,,18.06,False
315,2026-09-23T22:25:04.506245,False,,,18.52,False
316,2026-09-23T22:25:04.540286,False,,,17.52,False
317,2026-09-23T22:25:04.569558,False,,,17.26,False
318,2026-09-23T22:25:04.601581,False,,,18.01,False
319,2026-09-23T22:25:04.634546,False,,,17.95,False
320,2026-09-23T22:25:04.676570,False,,,18.01,False
321,2026-09-23T22:25:04.706597,False,,,18.02,False
322,2026-09-23T22:25:04.738413,False,,,17.81,False
323,2026-09-23T22:25:04.769633,False,,,18.01,False
324,2026-09-23T22:25:04.798698,False,,,18.06,False
325,2026-09-23T22:25:04.827817,False,,,17.27,False
326,2026-09-23T22:25:04.858335,False,,,18.01,False
327,2026-09-23T22:25:04.906536,False,,,18.09,False
328,2026-09-23T22:25:04.935702,False,,,19.02,False
329,2026-09-23T22:25:04.979473,False,,,26.77,False
330,2026-09-23T22:25:05.014506,False,,,18.02,False
331,2026-09-23T22:25:05.044023,False,,,18.51,False
332,2026-09-23T22:25:05.074087,False,,,17.56,False
333,2026-09-23T22:25:05.106674,False,,,18.08,False
334,2026-09-23T22:25:05.137421,False,,,17.74,False
335,2026-09-23T22:25:05.165635,False,,,18.20,False
336,2026-09-23T22:25:05.196672,False,,,18.03,False
337,2026-09-23T22:25:05.242729,False,,,18.02,False
338,2026-09-23T22:25:05.272247,False,,,18.01,False
339,2026-09-23T22:25:05.305775,False,,,18.02,False
340,2026-09-23T22:25:05.353429,False,,,17.14,False
341,2026-09-23T22:25:05.395449,False,,,17.53,False
342,2026-09-23T22:25:05.425974,False,,,18.01,False
343,2026-09-23T22:25:05.456549,False,,,18.07,False
344,2026-09-23T22:25:05.487095,False,,,17.54,False
345,2026-09-23T22:25:05.520617,False,,,18.01,False
346,2026-09-23T22:25:05.550440,False,,,17.82,False
347,2026-09-23T22:25:05.578477,False,,,17.51,False
348,2026-09-23T22:25:05.612497,False,,,18.01,False
349,2026-09-23T22:25:05.642572,False,,,18.01,False
350,2026-09-23T22:25:05.672592,False,,,18.01,False
351,2026-09-23T22:25:05.706622,False,,,18.52,False
352,2026-09-23T22:25:05.747763,False,,,18.02,False
353,2026-09-23T22:25:05.779848,False,,,17.58,False
354,2026-09-23T22:25:05.811669,False,,,18.02,False
355,2026-09-23T22:25:05.840741,False,,,18.06,False
356,2026-09-23T22:25:05.871372,False,,,18.07,False
357,2026-09-23T22:25:05.903502,False,,,17.01,False
358,2026-09-23T22:25:05.934532,False,,,18.02,False
359,2026-09-23T22:25:05.978642,False,,,18.04,False
360,2026-09-23T22:25:06.009260,False,,,17.56,False
361,2026-09-23T22:25:06.041553,False,,,18.01,False
362,2026-09-23T22:25:06.071663,False,,,18.05,False
363,2026-09-23T22:25:06.106753,False,,,18.06,False
364,2026-09-23T22:25:06.147335,False,,,18.02,False
365,2026-09-23T22:25:06.179663,False,,,18.02,False
366,2026-09-23T22:25:06.208738,False,,,17.56,False
367,2026-09-23T22:25:06.240262,False,,,17.51,False
368,2026-09-23T22:25:06.271441,False,,,18.07,False
369,2026-09-23T22:25:06.302299,False,,,18.58,False
370,2026-09-23T22:25:06.332988,False,,,17.51,False
371,2026-09-23T22:25:06.378597,False,,,18.10,False
372,2026-09-23T22:25:06.412689,False,,,18.02,False
373,2026-09-23T22:25:06.442258,False,,,18.01,False
374,2026-09-23T22:25:06.471642,False,,,18.03,False
375,2026-09-23T22:25:06.505577,False,,,17.66,False
376,2026-09-23T22:25:06.548609,False,,,18.02,False
377,2026-09-23T22:25:06.581149,False,,,18.54,False
378,2026-09-23T22:25:06.623790,False,,,17.10,False
379,2026-09-23T22:25:06.654312,False,,,18.01,False
380,2026-09-23T22:25:06.687162,False,,,17.76,False
381,2026-09-23T22:25:06.716745,False,,,18.07,False
382,2026-09-23T22:25:06.746264,False,,,18.01,False
383,2026-09-23T22:25:06.778394,False,,,18.01,False
384,2026-09-23T22:25:06.812571,False,,,18.66,False
385,2026-09-23T22:25:06.854604,False,,,18.02,False
386,2026-09-23T22:25:06.884244,False,,,17.63,False
387,2026-09-23T22:25:06.915392,False,,,18.04,False
388,2026-09-23T22:25:06.947444,False,,,17.54,False
389,2026-09-23T22:25:06.977569,False,,,18.10,False
390,2026-09-23T22:25:07.008558,False,,,18.11,False
391,2026-09-23T22:25:07.039078,False,,,18.01,False
392,2026-09-23T22:25:07.070655,False,,,18.07,False
393,2026-09-23T22:25:07.114299,False,,,18.01,False
394,2026-09-23T22:25:07.145533,False,,,18.01,False
395,2026-09-23T22:25:07.178558,False,,,18.02,False
396,2026-09-23T22:25:07.221576,False,,,18.01,False
397,2026-09-23T22:25:07.251603,False,,,18.01,False
398,2026-09-23T22:25:07.291718,False,,,28.03,False
399,2026-09-23T22:25:07.329253,False,,,21.01,False
400,2026-09-23T22:25:07.357627,False,,,18.02,False
401,2026-09-23T22:25:07.387011,False,,,17.36,False
402,2026-09-23T22:25:07.418533,False,,,18.02,False
403,2026-09-23T22:25:07.448559,False,,,18.02,False
404,2026-09-23T22:25:07.479580,False,,,18.02,False
405,2026-09-23T22:25:07.514690,False,,,18.09,False
406,2026-09-23T22:25:07.554449,False,,,18.01,False
407,2026-09-23T22:25:07.585078,False,,,17.52,False
408,2026-09-23T22:25:07.616607,False,,,18.02,False
409,2026-09-23T22:25:07.648274,False,,,18.66,False
410,2026-09-23T22:25:07.679797,False,,,17.51,False
411,2026-09-23T22:25:07.709875,False,,,17.55,False
412,2026-09-23T22:25:07.741316,False,,,17.51,False
413,2026-09-23T22:25:07.773468,False,,,18.01,False
414,2026-09-23T22:25:07.803430,False,,,18.02,False
415,2026-09-23T22:25:07.850865,False,,,18.58,False
416,2026-09-23T22:25:07.881540,False,,,18.01,False
417,2026-09-23T22:25:07.914683,False,,,18.03,False
418,2026-09-23T22:25:07.945747,False,,,18.01,False
419,2026-09-23T22:25:07.974293,False,,,18.04,False
420,2026-09-23T22:25:08.006503,False,,,18.04,False
421,2026-09-23T22:25:08.042525,False,,,18.01,False
422,2026-09-23T22:25:08.083582,False,,,18.02,False
423,2026-09-23T22:25:08.113317,False,,,17.70,False
424,2026-09-23T22:25:08.146345,False,,,18.01,False
425,2026-09-23T22:25:08.175389,False,,,18.02,False
426,2026-09-23T22:25:08.204246,False,,,17.52,False
427,2026-09-23T22:25:08.250615,False,,,18.36,False
428,2026-09-23T22:25:08.284649,False,,,19.02,False
429,2026-09-23T22:25:08.314673,False,,,18.01,False
430,2026-09-23T22:25:08.345755,False,,,18.02,False
431,2026-09-23T22:25:08.381279,False,,,17.51,False
432,2026-09-23T22:25:08.422249,False,,,17.56,False
433,2026-09-23T22:25:08.455356,False,,,18.02,False
434,2026-09-23T22:25:08.483880,False,,,18.01,False
435,2026-09-23T22:25:08.516433,False,,,18.01,False
436,2026-09-23T22:25:08.555474,False,,,26.53,False
437,2026-09-23T22:25:08.590867,False,,,17.01,False
438,2026-09-23T22:25:08.623639,False,,,18.02,False
439,2026-09-23T22:25:08.655703,True,0.453,0.300,18.04,False
440,2026-09-23T22:25:08.697949,True,0.453,0.338,18.03,False
441,2026-09-23T22:25:08.730762,True,0.453,0.377,17.30,False
442,2026-09-23T22:25:08.763569,False,,,17.17,False
443,2026-09-23T22:25:08.791205,False,,,17.53,False
444,2026-09-23T22:25:08.821291,False,,,17.57,False
445,2026-09-23T22:25:08.851683,False,,,18.01,False
446,2026-09-23T22:25:08.882509,False,,,18.81,False
447,2026-09-23T22:25:08.912549,False,,,18.03,False
448,2026-09-23T22:25:08.945574,False,,,18.02,False
449,2026-09-23T22:25:08.986171,False,,,17.52,False
450,2026-09-23T22:25:09.020741,False,,,18.06,False
451,2026-09-23T22:25:09.050265,False,,,17.51,False
452,2026-09-23T22:25:09.079877,False,,,17.61,False
453,2026-09-23T22:25:09.113664,False,,,18.01,False
454,2026-09-23T22:25:09.142387,False,,,18.51,False
455,2026-09-23T22:25:09.174075,False,,,18.51,False
456,2026-09-23T22:25:09.204725,False,,,17.15,False
457,2026-09-23T22:25:09.242248,False,,,18.01,False
458,2026-09-23T22:25:09.281671,False,,,18.14,False
459,2026-09-23T22:25:09.320726,False,,,17.01,False
460,2026-09-23T22:25:09.357266,False,,,18.02,False
461,2026-09-23T22:25:09.387953,False,,,18.38,False
462,2026-09-23T22:25:09.420573,False,,,18.12,False
463,2026-09-23T22:25:09.452532,False,,,18.01,False
464,2026-09-23T22:25:09.493413,False,,,17.76,False
465,2026-09-23T22:25:09.523592,False,,,18.01,False
466,2026-09-23T22:25:09.554696,False,,,17.07,False
467,2026-09-23T22:25:09.586734,False,,,20.02,False
468,2026-09-23T22:25:09.614724,False,,,18.02,False
469,2026-09-23T22:25:09.645752,False,,,18.02,False
470,2026-09-23T22:25:09.675946,False,,,17.69,False
471,2026-09-23T22:25:09.722525,False,,,19.00,False
472,2026-09-23T22:25:09.754369,False,,,17.83,False
473,2026-09-23T22:25:09.785727,False,,,17.22,False
474,2026-09-23T22:25:09.821031,False,,,23.81,False
475,2026-09-23T22:25:09.860719,False,,,17.05,False
476,2026-09-23T22:25:09.892256,False,,,18.52,False
477,2026-09-23T22:25:09.921357,False,,,18.01,False
478,2026-09-23T22:25:09.955361,False,,,17.69,False
479,2026-09-23T22:25:09.985658,False,,,18.10,False
480,2026-09-23T22:25:10.016378,False,,,17.71,False
481,2026-09-23T22:25:10.058725,False,,,18.05,False
482,2026-09-23T22:25:10.095754,False,,,17.52,False
483,2026-09-23T22:25:10.139249,False,,,17.91,False
484,2026-09-23T22:25:10.172268,False,,,18.01,False
485,2026-09-23T22:25:10.200791,False,,,17.02,False
486,2026-09-23T22:25:10.232957,False,,,17.65,False
487,2026-09-23T22:25:10.263474,False,,,17.01,False
488,2026-09-23T22:25:10.296506,False,,,17.02,False
489,2026-09-23T22:25:10.324855,False,,,17.32,False
490,2026-09-23T22:25:10.356383,False,,,18.02,False
491,2026-09-23T22:25:10.386722,False,,,17.31,False
492,2026-09-23T22:25:10.417665,True,0.262,0.377,17.02,False
493,2026-09-23T22:25:10.457895,True,0.363,0.397,17.22,False
494,2026-09-23T22:25:10.494488,True,0.363,0.379,17.04,False
495,2026-09-23T22:25:10.526512,False,,,17.02,False
496,2026-09-23T22:25:10.556534,False,,,18.02,False
497,2026-09-23T22:25:10.586730,False,,,17.02,False
498,2026-09-23T22:25:10.616515,False,,,17.19,False
499,2026-09-23T22:25:10.648538,False,,,17.01,False
500,2026-09-23T22:25:10.680558,False,,,17.01,False
501,2026-09-23T22:25:10.707580,False,,,17.51,False
502,2026-09-23T22:25:10.740102,False,,,19.51,False
503,2026-09-23T22:25:10.777375,False,,,25.02,False
504,2026-09-23T22:25:10.815541,False,,,17.15,False
505,2026-09-23T22:25:10.858155,False,,,17.55,False
506,2026-09-23T22:25:10.891557,False,,,17.52,False
507,2026-09-23T22:25:10.920600,False,,,17.01,False
508,2026-09-23T22:25:10.954838,False,,,17.22,False
509,2026-09-23T22:25:10.987514,False,,,17.17,False
510,2026-09-23T22:25:11.028542,False,,,17.01,False
511,2026-09-23T22:25:11.060135,False,,,17.59,False
512,2026-09-23T22:25:11.095241,False,,,17.52,False
513,2026-09-23T22:25:11.142666,False,,,22.02,False
514,2026-09-23T22:25:11.182690,False,,,18.01,False
515,2026-09-23T22:25:11.210722,False,,,17.01,False
516,2026-09-23T22:25:11.244757,False,,,17.02,False
517,2026-09-23T22:25:11.274499,False,,,18.21,False
518,2026-09-23T22:25:11.303453,False,,,17.53,False
519,2026-09-23T22:25:11.334531,False,,,17.02,False
520,2026-09-23T22:25:11.364647,False,,,17.01,False
521,2026-09-23T22:25:11.397163,False,,,17.51,False
522,2026-09-23T22:25:11.429732,False,,,17.06,False
523,2026-09-23T22:25:11.458963,False,,,17.72,False
524,2026-09-23T22:25:11.489485,False,,,16.51,False
525,2026-09-23T22:25:11.520660,False,,,17.05,False
526,2026-09-23T22:25:11.554309,False,,,18.01,False
527,2026-09-23T22:25:11.583469,False,,,18.01,False
528,2026-09-23T22:25:11.614505,False,,,17.01,False
529,2026-09-23T22:25:11.658140,False,,,17.53,False
530,2026-09-23T22:25:11.689664,False,,,18.02,False
531,2026-09-23T22:25:11.721699,False,,,18.01,False
532,2026-09-23T22:25:11.753779,False,,,17.51,False
533,2026-09-23T22:25:11.795376,False,,,18.01,False
534,2026-09-23T22:25:11.829700,False,,,16.98,False
535,2026-09-23T22:25:11.857565,False,,,17.84,False
536,2026-09-23T22:25:11.888582,False,,,19.01,False
537,2026-09-23T22:25:11.924815,False,,,25.19,False
538,2026-09-23T22:25:11.962416,True,0.281,0.345,17.01,False
539,2026-09-23T22:25:11.996502,True,0.281,0.310,17.53,False
540,2026-09-23T22:25:12.029528,True,0.320,0.322,17.01,False
541,2026-09-23T22:25:12.071594,True,0.320,0.313,18.01,False
542,2026-09-23T22:25:12.099677,False,,,17.02,False
543,2026-09-23T22:25:12.130842,False,,,17.14,False
544,2026-09-23T22:25:12.162295,False,,,16.90,False
545,2026-09-23T22:25:12.195721,False,,,17.90,False
546,2026-09-23T22:25:12.230246,False,,,17.51,False
547,2026-09-23T22:25:12.269912,False,,,16.92,False
548,2026-09-23T22:25:12.303519,False,,,17.59,False
549,2026-09-23T22:25:12.333637,False,,,18.01,False
550,2026-09-23T22:25:12.363657,False,,,18.01,False
551,2026-09-23T22:25:12.399868,False,,,22.20,False
552,2026-09-23T22:25:12.437404,False,,,17.02,False
553,2026-09-23T22:25:12.471256,False,,,17.70,False
554,2026-09-23T22:25:12.499979,False,,,17.58,False
555,2026-09-23T22:25:12.531499,False,,,18.01,False
556,2026-09-23T22:25:12.563562,False,,,18.02,False
557,2026-09-23T22:25:12.591694,False,,,18.06,False
558,2026-09-23T22:25:12.621258,False,,,17.51,False
559,2026-09-23T22:25:12.652728,False,,,17.07,False
560,2026-09-23T22:25:12.682294,False,,,18.01,False
561,2026-09-23T22:25:12.712947,False,,,17.55,False
562,2026-09-23T22:25:12.746469,False,,,18.01,False
563,2026-09-23T22:25:12.775086,False,,,17.51,False
564,2026-09-23T22:25:12.807110,False,,,18.52,False
565,2026-09-23T22:25:12.839402,False,,,18.01,False
566,2026-09-23T22:25:12.867653,False,,,18.02,False
567,2026-09-23T22:25:12.899752,False,,,18.09,False
568,2026-09-23T22:25:12.931512,False,,,18.01,False
569,2026-09-23T22:25:12.961128,False,,,17.51,False
570,2026-09-23T22:25:12.990701,False,,,18.06,False
571,2026-09-23T22:25:13.020720,False,,,18.01,False
572,2026-09-23T22:25:13.065263,False,,,17.52,False
573,2026-09-23T22:25:13.097584,False,,,18.02,False
574,2026-09-23T22:25:13.130602,False,,,18.01,False
575,2026-09-23T22:25:13.170696,False,,,18.01,False
576,2026-09-23T22:25:13.204250,False,,,18.01,False
577,2026-09-23T22:25:13.231263,False,,,17.51,False
578,2026-09-23T22:25:13.265706,False,,,18.01,False
579,2026-09-23T22:25:13.295734,False,,,18.02,False
580,2026-09-23T22:25:13.328260,False,,,18.02,False
581,2026-09-23T22:25:13.355282,False,,,17.52,False
582,2026-09-23T22:25:13.401446,False,,,18.01,False
583,2026-09-23T22:25:13.430654,False,,,18.04,False
584,2026-09-23T22:25:13.467733,False,,,18.04,False
585,2026-09-23T22:25:13.509762,False,,,17.51,False
586,2026-09-23T22:25:13.540285,False,,,17.51,False
587,2026-09-23T22:25:13.571365,False,,,18.01,False
588,2026-09-23T22:25:13.602468,False,,,18.09,False
589,2026-09-23T22:25:13.636598,False,,,22.03,False
590,2026-09-23T22:25:13.676105,False,,,16.99,False
591,2026-09-23T22:25:13.708634,False,,,18.02,False
592,2026-09-23T22:25:13.739582,False,,,17.92,False
593,2026-09-23T22:25:13.770653,False,,,18.06,False
594,2026-09-23T22:25:13.802728,False,,,18.02,False
595,2026-09-23T22:25:13.828907,False,,,17.03,False
596,2026-09-23T22:25:13.865442,False,,,17.52,False
597,2026-09-23T22:25:13.897006,False,,,17.56,False
598,2026-09-23T22:25:13.930537,False,,,18.02,False
599,2026-09-23T22:25:13.970733,False,,,17.06,False
600,2026-09-23T22:25:14.002476,True,0.320,0.305,18.22,False
601,2026-09-23T22:25:14.031598,True,0.320,0.312,18.01,False
602,2026-09-23T22:25:14.062663,False,,,18.01,False
603,2026-09-23T22:25:14.092683,False,,,18.01,False
604,2026-09-23T22:25:14.138281,True,0.406,0.338,18.02,False
605,2026-09-23T22:25:14.170306,True,0.406,0.355,18.02,False
606,2026-09-23T22:25:14.206335,True,0.570,0.405,20.01,False
607,2026-09-23T22:25:14.245863,True,0.570,0.455,17.52,False
608,2026-09-23T22:25:14.275887,True,0.320,0.455,18.01,False
609,2026-09-23T22:25:14.306478,True,0.320,0.438,18.08,False
610,2026-09-23T22:25:14.337550,True,0.406,0.438,17.57,False
611,2026-09-23T22:25:14.371578,True,0.406,0.405,18.01,False
612,2026-09-23T22:25:14.400610,False,,,18.02,False
613,2026-09-23T22:25:14.430758,False,,,18.08,False
614,2026-09-23T22:25:14.462878,True,0.320,0.355,17.60,False
614,2026-09-23T22:25:14.462878,True,0.281,0.347,17.60,False
615,2026-09-23T22:25:14.492396,True,0.320,0.347,18.01,False
615,2026-09-23T22:25:14.492396,True,0.281,0.322,18.01,False
616,2026-09-23T22:25:14.538472,True,0.363,0.313,18.02,False
616,2026-09-23T22:25:14.538472,True,0.320,0.313,18.02,False
617,2026-09-23T22:25:14.571628,True,0.363,0.330,18.01,False
617,2026-09-23T22:25:14.571628,True,0.320,0.330,18.01,False
618,2026-09-23T22:25:14.603590,False,,,17.80,False
619,2026-09-23T22:25:14.633698,False,,,18.02,False
620,2026-09-23T22:25:14.667325,False,,,17.60,False
621,2026-09-23T22:25:14.709547,False,,,18.04,False
622,2026-09-23T22:25:14.740712,True,0.363,0.346,19.13,False
623,2026-09-23T22:25:14.772566,True,0.363,0.346,18.32,False
624,2026-09-23T22:25:14.816293,True,0.453,0.373,17.68,False
625,2026-09-23T22:25:14.846379,True,0.453,0.391,18.02,False
626,2026-09-23T22:25:14.876512,False,,,18.12,False
627,2026-09-23T22:25:14.907625,False,,,18.01,False
628,2026-09-23T22:25:14.939653,False,,,17.52,False
629,2026-09-23T22:25:14.971717,False,,,18.01,False
630,2026-09-23T22:25:15.014258,False,,,18.02,False
631,2026-09-23T22:25:15.047490,False,,,18.01,False
632,2026-09-23T22:25:15.074514,False,,,18.02,False
633,2026-09-23T22:25:15.106616,False,,,18.09,False
634,2026-09-23T22:25:15.138677,False,,,18.06,False
635,2026-09-23T22:25:15.166703,False,,,18.02,False
636,2026-09-23T22:25:15.196736,False,,,18.53,False
637,2026-09-23T22:25:15.229817,False,,,17.57,False
638,2026-09-23T22:25:15.274953,False,,,18.02,False
639,2026-09-23T22:25:15.305975,False,,,17.52,False
640,2026-09-23T22:25:15.338497,False,,,18.02,False
641,2026-09-23T22:25:15.372529,False,,,18.02,False
642,2026-09-23T22:25:15.414628,False,,,18.06,False
643,2026-09-23T22:25:15.446659,False,,,18.02,False
644,2026-09-23T22:25:15.489691,False,,,18.01,False
645,2026-09-23T22:25:15.520730,False,,,17.01,False
646,2026-09-23T22:25:15.550753,False,,,17.51,False
647,2026-09-23T22:25:15.579784,False,,,17.52,False
648,2026-09-23T22:25:15.615484,False,,,18.18,False
649,2026-09-23T22:25:15.649522,False,,,18.03,False
650,2026-09-23T22:25:15.692517,False,,,18.01,False
651,2026-09-23T22:25:15.721089,False,,,17.51,False
652,2026-09-23T22:25:15.754620,False,,,18.02,False
653,2026-09-23T22:25:15.782389,False,,,18.00,False
654,2026-09-23T22:25:15.814264,False,,,17.96,False
655,2026-09-23T22:25:15.840793,False,,,17.51,False
656,2026-09-23T22:25:15.875616,False,,,17.80,False
657,2026-09-23T22:25:15.907137,False,,,17.51,False
658,2026-09-23T22:25:15.950246,False,,,17.51,False
659,2026-09-23T22:25:15.979819,False,,,17.57,False
660,2026-09-23T22:25:16.013515,False,,,18.09,False
661,2026-09-23T22:25:16.041029,False,,,17.50,False
662,2026-09-23T22:25:16.073858,False,,,17.32,False
663,2026-09-23T22:25:16.104380,False,,,18.02,False
664,2026-09-23T22:25:16.138571,False,,,18.03,False
665,2026-09-23T22:25:16.180730,False,,,18.43,False
666,2026-09-23T22:25:16.210485,False,,,18.25,False
667,2026-09-23T22:25:16.240534,False,,,18.02,False
668,2026-09-23T22:25:16.271576,False,,,18.01,False
669,2026-09-23T22:25:16.303622,False,,,18.02,False
670,2026-09-23T22:25:16.345777,False,,,17.75,False
671,2026-09-23T22:25:16.377308,False,,,18.52,False
672,2026-09-23T22:25:16.410682,False,,,18.36,False
673,2026-09-23T22:25:16.437763,False,,,18.01,False
674,2026-09-23T22:25:16.481312,False,,,22.53,False
675,2026-09-23T22:25:16.536243,False,,,33.92,False
676,2026-09-23T22:25:16.578788,False,,,18.01,False
677,2026-09-23T22:25:16.613559,False,,,18.01,False
678,2026-09-23T22:25:16.655610,False,,,18.02,False
679,2026-09-23T22:25:16.688419,False,,,17.76,False
680,2026-09-23T22:25:16.717504,False,,,18.05,False
681,2026-09-23T22:25:16.748573,False,,,18.06,False
682,2026-09-23T22:25:16.779777,False,,,17.51,False
683,2026-09-23T22:25:16.813384,False,,,18.09,False
684,2026-09-23T22:25:16.856582,False,,,18.06,False
685,2026-09-23T22:25:16.886105,False,,,17.52,False
686,2026-09-23T22:25:16.920638,False,,,18.02,False
687,2026-09-23T22:25:16.950666,False,,,19.02,False
688,2026-09-23T22:25:16.982847,True,0.406,0.408,20.51,False
689,2026-09-23T22:25:17.012363,True,0.406,0.416,18.01,False
690,2026-09-23T22:25:17.041480,True,0.477,0.439,18.06,False
691,2026-09-23T22:25:17.072595,True,0.477,0.444,18.01,False
692,2026-09-23T22:25:17.107741,True,0.387,0.430,17.02,False
693,2026-09-23T22:25:17.149730,True,0.387,0.427,18.44,False
694,2026-09-23T22:25:17.178951,True,0.500,0.445,17.71,False
695,2026-09-23T22:25:17.211593,True,0.500,0.450,18.01,False
696,2026-09-23T22:25:17.240682,True,0.523,0.459,18.06,False
697,2026-09-23T22:25:17.271102,True,0.523,0.487,17.39,False
698,2026-09-23T22:25:17.301607,False,,,17.51,False
699,2026-09-23T22:25:17.332650,False,,,18.01,False
700,2026-09-23T22:25:17.362698,False,,,18.04,False
701,2026-09-23T22:25:17.392720,False,,,18.01,False
702,2026-09-23T22:25:17.420736,False,,,17.01,False
703,2026-09-23T22:25:17.454264,False,,,18.01,False
704,2026-09-23T22:25:17.484482,False,,,17.96,False
705,2026-09-23T22:25:17.515683,False,,,18.07,False
706,2026-09-23T22:25:17.548248,False,,,17.55,False
707,2026-09-23T22:25:17.591589,False,,,18.01,False
708,2026-09-23T22:25:17.621694,False,,,18.05,False
709,2026-09-23T22:25:17.656244,True,0.301,0.470,20.52,False
710,2026-09-23T22:25:17.700485,False,,,21.01,False
711,2026-09-23T22:25:17.730796,False,,,18.52,False
712,2026-09-23T22:25:17.763332,True,0.406,0.451,18.52,False
713,2026-09-23T22:25:17.791556,True,0.406,0.432,18.01,False
714,2026-09-23T22:25:17.822594,True,0.406,0.409,17.94,False
714,2026-09-23T22:25:17.822594,True,0.281,0.360,17.94,False
715,2026-09-23T22:25:17.854120,True,0.406,0.381,18.01,False
715,2026-09-23T22:25:17.854120,True,0.281,0.356,18.01,False
716,2026-09-23T22:25:17.883652,False,,,18.02,False
717,2026-09-23T22:25:17.914709,False,,,18.04,False
718,2026-09-23T22:25:17.949742,True,0.301,0.335,19.02,False
719,2026-09-23T22:25:17.989819,True,0.301,0.314,17.56,False
720,2026-09-23T22:25:18.022481,True,0.301,0.318,19.01,False
721,2026-09-23T22:25:18.053508,True,0.262,0.289,17.51,False
722,2026-09-23T22:25:18.084037,False,,,17.52,False
723,2026-09-23T22:25:18.114455,False,,,17.91,False
724,2026-09-23T22:25:18.147688,True,0.363,0.305,18.02,False
725,2026-09-23T22:25:18.180731,True,0.363,0.318,18.01,False
726,2026-09-23T22:25:18.220845,True,0.320,0.322,17.51,False
727,2026-09-23T22:25:18.256463,True,0.320,0.326,17.64,False
728,2026-09-23T22:25:18.298602,True,0.262,0.326,18.07,False
729,2026-09-23T22:25:18.330626,True,0.262,0.305,18.01,False
730,2026-09-23T22:25:18.371274,True,0.262,0.285,17.01,False
731,2026-09-23T22:25:18.406472,True,0.262,0.273,18.20,False
732,2026-09-23T22:25:18.437492,True,0.262,0.262,17.52,False
733,2026-09-23T22:25:18.465620,False,,,18.01,False
734,2026-09-23T22:25:18.498173,False,,,17.52,False
735,2026-09-23T22:25:18.528694,False,,,18.01,False
736,2026-09-23T22:25:18.558473,True,0.344,0.278,18.51,False
737,2026-09-23T22:25:18.590499,True,0.344,0.295,17.51,False
738,2026-09-23T22:25:18.622364,True,0.453,0.333,18.51,False
738,2026-09-23T22:25:18.622364,True,0.320,0.345,18.51,False
739,2026-09-23T22:25:18.650405,True,0.453,0.383,17.51,False
739,2026-09-23T22:25:18.650405,True,0.320,0.378,17.51,False
740,2026-09-23T22:25:18.679527,True,0.453,0.400,17.16,False
741,2026-09-23T22:25:18.712556,True,0.453,0.400,18.51,False
742,2026-09-23T22:25:18.745582,True,0.453,0.427,18.02,False
743,2026-09-23T22:25:18.773277,True,0.320,0.400,17.52,False
744,2026-09-23T22:25:18.805623,True,0.320,0.400,18.02,False
745,2026-09-23T22:25:18.835814,True,0.363,0.382,18.02,False
745,2026-09-23T22:25:18.835814,True,0.281,0.348,18.02,False
746,2026-09-23T22:25:18.873977,True,0.320,0.321,18.52,False
747,2026-09-23T22:25:18.926646,True,0.320,0.321,29.15,False
748,2026-09-23T22:25:18.958667,True,0.363,0.330,19.01,False
749,2026-09-23T22:25:18.997747,True,0.363,0.330,28.07,False
750,2026-09-23T22:25:19.036279,True,0.406,0.355,20.02,False
751,2026-09-23T22:25:19.066801,True,0.406,0.372,20.01,False
752,2026-09-23T22:25:19.096321,True,0.406,0.389,18.01,False
753,2026-09-23T22:25:19.129084,True,0.363,0.389,17.68,False
753,2026-09-23T22:25:19.129084,True,0.262,0.369,17.68,False
754,2026-09-23T22:25:19.158600,True,0.363,0.360,18.01,False
754,2026-09-23T22:25:19.158600,True,0.262,0.331,18.01,False
755,2026-09-23T22:25:19.191124,True,0.430,0.336,19.52,False
755,2026-09-23T22:25:19.191124,True,0.262,0.316,19.52,False
756,2026-09-23T22:25:19.230683,True,0.430,0.349,27.02,False
756,2026-09-23T22:25:19.230683,True,0.262,0.329,27.02,False
757,2026-09-23T22:25:19.263707,True,0.453,0.367,17.51,False
757,2026-09-23T22:25:19.263707,True,0.262,0.334,17.51,False
758,2026-09-23T22:25:19.296741,True,0.387,0.359,18.02,False
759,2026-09-23T22:25:19.340291,True,0.387,0.350,17.51,False
760,2026-09-23T22:25:19.370550,True,0.344,0.366,17.52,False
761,2026-09-23T22:25:19.400337,True,0.344,0.345,18.01,False
762,2026-09-23T22:25:19.433713,True,0.281,0.348,18.01,False
763,2026-09-23T22:25:19.463249,True,0.281,0.327,17.51,False
764,2026-09-23T22:25:19.491395,True,0.281,0.306,18.03,False
765,2026-09-23T22:25:19.523981,True,0.344,0.306,17.52,False
766,2026-09-23T22:25:19.556526,True,0.344,0.306,18.04,False
767,2026-09-23T22:25:19.587698,True,0.363,0.323,18.08,False
767,2026-09-23T22:25:19.587698,True,0.262,0.319,18.08,False
768,2026-09-23T22:25:19.615726,True,0.363,0.335,18.02,False
768,2026-09-23T22:25:19.615726,True,0.262,0.319,18.02,False
769,2026-09-23T22:25:19.648821,True,0.477,0.345,18.56,False
769,2026-09-23T22:25:19.648821,True,0.320,0.337,18.56,False
770,2026-09-23T22:25:19.690361,True,0.363,0.357,17.51,False
770,2026-09-23T22:25:19.690361,True,0.320,0.348,17.51,False
771,2026-09-23T22:25:19.724918,True,0.363,0.369,17.52,False
771,2026-09-23T22:25:19.724918,True,0.320,0.338,17.52,False
772,2026-09-23T22:25:19.756532,True,0.406,0.355,18.11,False
773,2026-09-23T22:25:19.789672,True,0.406,0.363,18.11,False
774,2026-09-23T22:25:19.831345,True,0.406,0.380,17.55,False
775,2026-09-23T22:25:19.862362,True,0.281,0.364,18.01,False
776,2026-09-23T22:25:19.895447,True,0.281,0.356,17.93,False
777,2026-09-23T22:25:19.923383,False,,,18.43,False
778,2026-09-23T22:25:19.956410,False,,,20.01,False
779,2026-09-23T22:25:19.988452,True,0.363,0.348,18.02,False
780,2026-09-23T22:25:20.016996,True,0.363,0.339,17.51,False
781,2026-09-23T22:25:20.048606,True,0.301,0.318,17.60,False
782,2026-09-23T22:25:20.091695,True,0.477,0.357,19.07,False
783,2026-09-23T22:25:20.124733,True,0.477,0.396,17.51,False
784,2026-09-23T22:25:20.156261,True,0.406,0.405,18.02,False
785,2026-09-23T22:25:20.186786,True,0.406,0.413,18.02,False
786,2026-09-23T22:25:20.216314,True,0.406,0.434,20.02,False
787,2026-09-23T22:25:20.249842,True,0.430,0.425,17.51,False
788,2026-09-23T22:25:20.279910,True,0.430,0.416,17.56,False
789,2026-09-23T22:25:20.309438,True,0.281,0.391,18.02,False
790,2026-09-23T22:25:20.338565,True,0.281,0.366,18.03,False
791,2026-09-23T22:25:20.372587,True,0.387,0.362,18.01,False
792,2026-09-23T22:25:20.404563,True,0.387,0.353,17.98,False
793,2026-09-23T22:25:20.433635,True,0.387,0.345,18.02,False
794,2026-09-23T22:25:20.490530,True,0.387,0.366,18.01,False
795,2026-09-23T22:25:20.524254,True,0.387,0.387,18.71,False
796,2026-09-23T22:25:20.554414,True,0.387,0.387,18.65,False
797,2026-09-23T22:25:20.587452,False,,,17.77,False
798,2026-09-23T22:25:20.630091,False,,,17.59,False
799,2026-09-23T22:25:20.661706,False,,,18.01,False
800,2026-09-23T22:25:20.690248,False,,,17.53,False
801,2026-09-23T22:25:20.720884,True,0.453,0.400,17.50,False
802,2026-09-23T22:25:20.754315,True,0.453,0.413,18.01,False
803,2026-09-23T22:25:20.783832,False,,,17.01,False
804,2026-09-23T22:25:20.815031,False,,,18.68,False
805,2026-09-23T22:25:20.847933,False,,,17.52,False
806,2026-09-23T22:25:20.889972,False,,,17.52,False
807,2026-09-23T22:25:20.922453,False,,,16.96,False
808,2026-09-23T22:25:20.955274,False,,,19.01,False
809,2026-09-23T22:25:20.983799,True,0.363,0.409,18.02,False
810,2026-09-23T22:25:21.018874,True,0.363,0.404,18.57,False
811,2026-09-23T22:25:21.044455,True,0.453,0.417,17.01,False
812,2026-09-23T22:25:21.077486,True,0.453,0.417,18.02,False
813,2026-09-23T22:25:21.110013,False,,,20.02,False
814,2026-09-23T22:25:21.144736,False,,,25.21,False
815,2026-09-23T22:25:21.172260,True,0.281,0.383,18.01,False
816,2026-09-23T22:25:21.202789,True,0.281,0.366,20.02,False
817,2026-09-23T22:25:21.234821,True,0.281,0.350,20.52,False
818,2026-09-23T22:25:21.290509,True,0.320,0.323,17.52,False
819,2026-09-23T22:25:21.326084,True,0.320,0.297,19.02,False
820,2026-09-23T22:25:21.354607,True,0.320,0.305,18.02,False
821,2026-09-23T22:25:21.385655,False,,,18.02,False
822,2026-09-23T22:25:21.417748,False,,,18.08,False
823,2026-09-23T22:25:21.446284,False,,,18.01,False
824,2026-09-23T22:25:21.475392,False,,,18.01,False
825,2026-09-23T22:25:21.507472,False,,,17.57,False
826,2026-09-23T22:25:21.537399,False,,,17.44,False
827,2026-09-23T22:25:21.569567,False,,,18.04,False
828,2026-09-23T22:25:21.599640,False,,,18.06,False
829,2026-09-23T22:25:21.629209,False,,,17.54,False
830,2026-09-23T22:25:21.659252,False,,,17.53,False
831,2026-09-23T22:25:21.690767,False,,,17.50,False
832,2026-09-23T22:25:21.720830,False,,,17.56,False
833,2026-09-23T22:25:21.754518,False,,,18.16,False
834,2026-09-23T22:25:21.782543,False,,,18.01,False
835,2026-09-23T22:25:21.818030,False,,,17.42,False
836,2026-09-23T22:25:21.858578,False,,,18.02,False
837,2026-09-23T22:25:21.887428,False,,,17.57,False
838,2026-09-23T22:25:21.919492,False,,,18.02,False
839,2026-09-23T22:25:21.962534,False,,,18.01,False
840,2026-09-23T22:25:21.998579,False,,,18.03,False
841,2026-09-23T22:25:22.028114,False,,,18.03,False
842,2026-09-23T22:25:22.058642,False,,,18.02,False
843,2026-09-23T22:25:22.090689,False,,,18.04,False
844,2026-09-23T22:25:22.117708,False,,,17.51,False
845,2026-09-23T22:25:22.154747,False,,,18.02,False
846,2026-09-23T22:25:22.194344,False,,,18.01,False
847,2026-09-23T22:25:22.224867,False,,,18.02,False
848,2026-09-23T22:25:22.258318,False,,,19.52,False
849,2026-09-23T22:25:22.303411,False,,,21.83,False
850,2026-09-23T22:25:22.345733,False,,,17.52,False
851,2026-09-23T22:25:22.376767,False,,,19.02,False
852,2026-09-23T22:25:22.407796,False,,,17.02,False
853,2026-09-23T22:25:22.440305,False,,,18.00,False
854,2026-09-23T22:25:22.469810,False,,,17.51,False
855,2026-09-23T22:25:22.501330,False,,,17.51,False
856,2026-09-23T22:25:22.533861,False,,,17.52,False
857,2026-09-23T22:25:22.563383,False,,,17.01,False
858,2026-09-23T22:25:22.593576,False,,,17.01,False
859,2026-09-23T22:25:22.624599,False,,,18.02,False
860,2026-09-23T22:25:22.654630,False,,,18.01,False
861,2026-09-23T22:25:22.698691,False,,,18.02,False
862,2026-09-23T22:25:22.730766,False,,,17.01,False
863,2026-09-23T22:25:22.761404,False,,,18.01,False
864,2026-09-23T22:25:22.793622,False,,,18.01,False
865,2026-09-23T22:25:22.825896,False,,,18.24,False
866,2026-09-23T22:25:22.853425,False,,,17.51,False
867,2026-09-23T22:25:22.890519,False,,,18.04,False
868,2026-09-23T22:25:22.930087,False,,,17.52,False
869,2026-09-23T22:25:22.960125,False,,,17.53,False
870,2026-09-23T22:25:22.990690,False,,,18.05,False
871,2026-09-23T22:25:23.033752,False,,,18.02,False
872,2026-09-23T22:25:23.066277,False,,,18.01,False
873,2026-09-23T22:25:23.098425,False,,,17.64,False
874,2026-09-23T22:25:23.141521,False,,,18.02,False
875,2026-09-23T22:25:23.172708,False,,,19.01,False
876,2026-09-23T22:25:23.202239,False,,,18.51,False
877,2026-09-23T22:25:23.233780,False,,,17.52,False
878,2026-09-23T22:25:23.264300,False,,,18.01,False
879,2026-09-23T22:25:23.293585,False,,,18.01,False
880,2026-09-23T22:25:23.324606,False,,,18.01,False
881,2026-09-23T22:25:23.354604,False,,,18.52,False
882,2026-09-23T22:25:23.384631,False,,,18.02,False
883,2026-09-23T22:25:23.436886,False,,,19.20,False
884,2026-09-23T22:25:23.475336,False,,,17.52,False
885,2026-09-23T22:25:23.505384,False,,,17.54,False
886,2026-09-23T22:25:23.535304,False,,,17.53,False
887,2026-09-23T22:25:23.568921,False,,,17.60,False
888,2026-09-23T22:25:23.600524,False,,,18.10,False
889,2026-09-23T22:25:23.631701,False,,,18.09,False
890,2026-09-23T22:25:23.660724,False,,,17.01,False
891,2026-09-23T22:25:23.691255,False,,,17.51,False
892,2026-09-23T22:25:23.721381,False,,,18.01,False
893,2026-09-23T22:25:23.770252,False,,,17.51,False
894,2026-09-23T22:25:23.800761,False,,,18.52,False
895,2026-09-23T22:25:23.833320,False,,,16.96,False
896,2026-09-23T22:25:23.876350,False,,,18.02,False
897,2026-09-23T22:25:23.907489,False,,,18.02,False
898,2026-09-23T22:25:23.937640,False,,,17.91,False
899,2026-09-23T22:25:23.967696,False,,,18.05,False
900,2026-09-23T22:25:23.998720,False,,,18.02,False
901,2026-09-23T22:25:24.028752,False,,,18.02,False
902,2026-09-23T22:25:24.059276,False,,,18.01,False
903,2026-09-23T22:25:24.090425,False,,,18.04,False
904,2026-09-23T22:25:24.122398,False,,,18.12,False
905,2026-09-23T22:25:24.170488,False,,,18.07,False
906,2026-09-23T22:25:24.200798,False,,,18.30,False
907,2026-09-23T22:25:24.233676,False,,,17.27,False
908,2026-09-23T22:25:24.276763,False,,,19.02,False
909,2026-09-23T22:25:24.308795,False,,,18.52,False
910,2026-09-23T22:25:24.339838,False,,,18.53,False
911,2026-09-23T22:25:24.371366,False,,,18.52,False
912,2026-09-23T22:25:24.403717,False,,,18.81,False
913,2026-09-23T22:25:24.432249,False,,,18.52,False
914,2026-09-23T22:25:24.465284,False,,,19.02,False
915,2026-09-23T22:25:24.507313,False,,,19.01,False
916,2026-09-23T22:25:24.543836,False,,,21.53,False
917,2026-09-23T22:25:24.590410,False,,,22.55,False
918,2026-09-23T22:25:24.634322,False,,,18.52,False
919,2026-09-23T22:25:24.664847,False,,,20.01,False
920,2026-09-23T22:25:24.694883,False,,,18.53,False
921,2026-09-23T22:25:24.725410,False,,,19.02,False
922,2026-09-23T22:25:24.757436,False,,,18.01,False
923,2026-09-23T22:25:24.789610,False,,,18.01,False
924,2026-09-23T22:25:24.818414,False,,,18.03,False
925,2026-09-23T22:25:24.845528,False,,,17.58,False
926,2026-09-23T22:25:24.878548,False,,,17.01,False
927,2026-09-23T22:25:24.910611,False,,,19.01,False
928,2026-09-23T22:25:24.942663,False,,,20.04,False
929,2026-09-23T22:25:24.971685,False,,,18.01,False
930,2026-09-23T22:25:25.001704,False,,,18.01,False
931,2026-09-23T22:25:25.033543,False,,,17.33,False
932,2026-09-23T22:25:25.064746,False,,,18.19,False
933,2026-09-23T22:25:25.098270,False,,,18.02,False
934,2026-09-23T22:25:25.140575,False,,,18.29,False
935,2026-09-23T22:25:25.170594,False,,,18.01,False
936,2026-09-23T22:25:25.202324,False,,,18.07,False
937,2026-09-23T22:25:25.231110,False,,,18.02,False
938,2026-09-23T22:25:25.263634,False,,,18.01,False
939,2026-09-23T22:25:25.306663,False,,,18.01,False
940,2026-09-23T22:25:25.339691,False,,,18.02,False
941,2026-09-23T22:25:25.370714,False,,,18.01,False
942,2026-09-23T22:25:25.400317,False,,,18.01,False
943,2026-09-23T22:25:25.434445,False,,,18.12,False
944,2026-09-23T22:25:25.462454,False,,,17.50,False
945,2026-09-23T22:25:25.499535,False,,,19.02,False
946,2026-09-23T22:25:25.542573,False,,,22.02,False
947,2026-09-23T22:25:25.583621,False,,,17.51,False
948,2026-09-23T22:25:25.614673,False,,,18.03,False
949,2026-09-23T22:25:25.645270,False,,,17.54,False
950,2026-09-23T22:25:25.674379,False,,,17.02,False
951,2026-09-23T22:25:25.705899,False,,,17.01,False
952,2026-09-23T22:25:25.740644,False,,,20.24,False
953,2026-09-23T22:25:25.785257,False,,,19.52,False
954,2026-09-23T22:25:25.815778,False,,,18.02,False
955,2026-09-23T22:25:25.846592,False,,,17.52,False
956,2026-09-23T22:25:25.878685,False,,,18.09,False
957,2026-09-23T22:25:25.906261,False,,,17.57,False
958,2026-09-23T22:25:25.938386,False,,,18.12,False
959,2026-09-23T22:25:25.967664,False,,,18.02,False
960,2026-09-23T22:25:26.004597,False,,,18.01,False
961,2026-09-23T22:25:26.045612,False,,,17.88,False
962,2026-09-23T22:25:26.075674,False,,,18.05,False
963,2026-09-23T22:25:26.106718,False,,,18.04,False
964,2026-09-23T22:25:26.137746,False,,,18.02,False
965,2026-09-23T22:25:26.170918,False,,,17.50,False
966,2026-09-23T22:25:26.213565,False,,,19.02,False
967,2026-09-23T22:25:26.243904,False,,,17.33,False
968,2026-09-23T22:25:26.274429,False,,,18.02,False
969,2026-09-23T22:25:26.308963,False,,,18.01,False
970,2026-09-23T22:25:26.338413,False,,,17.94,False
971,2026-09-23T22:25:26.378695,False,,,18.02,False
972,2026-09-23T22:25:26.414699,False,,,17.93,False
973,2026-09-23T22:25:26.448732,False,,,17.52,False
974,2026-09-23T22:25:26.490267,False,,,17.51,False
975,2026-09-23T22:25:26.520934,False,,,17.50,False
976,2026-09-23T22:25:26.551065,False,,,17.51,False
977,2026-09-23T22:25:26.581621,False,,,18.01,False
978,2026-09-23T22:25:26.611660,False,,,18.00,False
979,2026-09-23T22:25:26.641470,False,,,17.59,False
980,2026-09-23T22:25:26.674511,False,,,18.03,False
981,2026-09-23T22:25:26.705600,False,,,18.08,False
982,2026-09-23T22:25:26.734624,False,,,18.02,False
983,2026-09-23T22:25:26.778652,False,,,18.02,False
984,2026-09-23T22:25:26.809693,False,,,18.04,False
985,2026-09-23T22:25:26.841572,False,,,17.43,False
986,2026-09-23T22:25:26.870590,False,,,18.01,False
987,2026-09-23T22:25:26.908191,False,,,17.50,False
988,2026-09-23T22:25:26.947768,False,,,18.02,False
989,2026-09-23T22:25:26.995655,False,,,34.38,False
990,2026-09-23T22:25:27.106636,False,,,46.07,False
991,2026-09-23T22:25:27.228625,False,,,47.87,False
992,2026-09-23T22:25:27.350447,False,,,47.59,False
993,2026-09-23T22:25:27.471601,False,,,45.04,False
994,2026-09-23T22:25:27.581458,False,,,34.20,False
995,2026-09-23T22:25:27.689767,False,,,21.52,False
996,2026-09-23T22:25:27.784562,True,0.301,0.309,22.22,False
997,2026-09-23T22:25:27.903542,True,0.301,0.312,49.74,False
998,2026-09-23T22:25:28.022238,False,,,46.08,False
999,2026-09-23T22:25:28.152582,True,0.262,0.301,56.26,False
1000,2026-09-23T22:25:28.262495,False,,,45.05,False
1001,2026-09-23T22:25:28.381503,False,,,57.77,False
1002,2026-09-23T22:25:28.482322,False,,,49.49,False
1003,2026-09-23T22:25:28.609312,False,,,54.58,False
1004,2026-09-23T22:25:28.700703,False,,,24.12,False
1005,2026-09-23T22:25:28.817535,False,,,47.28,False
1006,2026-09-23T22:25:28.944582,False,,,53.87,False
1007,2026-09-23T22:25:29.074301,False,,,58.77,False
1008,2026-09-23T22:25:29.171347,False,,,17.67,False
1009,2026-09-23T22:25:29.304750,False,,,56.18,False
1010,2026-09-23T22:25:29.416519,False,,,45.56,False
1011,2026-09-23T22:25:29.544677,False,,,52.09,False
1012,2026-09-23T22:25:29.667475,False,,,52.58,False
1013,2026-09-23T22:25:29.778293,False,,,24.02,False
1014,2026-09-23T22:25:29.884650,False,,,37.03,False
1015,2026-09-23T22:25:29.983010,False,,,29.54,False
1016,2026-09-23T22:25:30.065458,False,,,20.78,False
1017,2026-09-23T22:25:30.267281,False,,,113.64,False
1018,2026-09-23T22:25:30.412385,False,,,72.80,False
1019,2026-09-23T22:25:30.545826,False,,,54.50,False
1020,2026-09-23T22:25:30.680727,False,,,64.62,False
1021,2026-09-23T22:25:30.806250,False,,,51.74,False
1022,2026-09-23T22:25:30.939731,False,,,49.00,False
1023,2026-09-23T22:25:31.018166,False,,,17.52,False
1024,2026-09-23T22:25:31.049368,False,,,17.69,False
1025,2026-09-23T22:25:31.075426,False,,,17.55,False
1026,2026-09-23T22:25:31.116666,False,,,17.23,False
1027,2026-09-23T22:25:31.147692,False,,,19.02,False
1028,2026-09-23T22:25:31.175830,False,,,18.02,False
1029,2026-09-23T22:25:31.207346,False,,,17.01,False
1030,2026-09-23T22:25:31.239859,False,,,17.49,False
1031,2026-09-23T22:25:31.271308,False,,,17.51,False
1032,2026-09-23T22:25:31.300668,False,,,17.31,False
1033,2026-09-23T22:25:31.332598,False,,,17.51,False
1034,2026-09-23T22:25:31.363703,False,,,18.02,False
1035,2026-09-23T22:25:31.393741,False,,,18.03,False
1036,2026-09-23T22:25:31.423278,False,,,17.53,False
1037,2026-09-23T22:25:31.455316,False,,,18.01,False
1038,2026-09-23T22:25:31.485380,False,,,18.02,False
1039,2026-09-23T22:25:31.517133,False,,,17.68,False
1040,2026-09-23T22:25:31.548723,False,,,18.08,False
1041,2026-09-23T22:25:31.594266,False,,,18.01,False
1042,2026-09-23T22:25:31.660725,False,,,17.51,False
1043,2026-09-23T22:25:31.702265,False,,,18.01,False
1044,2026-09-23T22:25:31.731522,False,,,18.19,False
1045,2026-09-23T22:25:31.762547,False,,,18.01,False
1046,2026-09-23T22:25:31.791511,False,,,17.51,False
1047,2026-09-23T22:25:31.823595,False,,,18.03,False
1048,2026-09-23T22:25:31.849628,False,,,17.11,False
1049,2026-09-23T22:25:31.883707,False,,,18.01,False
1050,2026-09-23T22:25:31.916086,False,,,18.37,False
1051,2026-09-23T22:25:31.959654,False,,,18.05,False
1052,2026-09-23T22:25:31.991180,False,,,18.51,False
1053,2026-09-23T22:25:32.020022,False,,,17.62,False
1054,2026-09-23T22:25:32.050804,False,,,17.24,False
1055,2026-09-23T22:25:32.083351,False,,,18.02,False
1056,2026-09-23T22:25:32.111310,False,,,17.51,False
1057,2026-09-23T22:25:32.144387,False,,,17.53,False
1058,2026-09-23T22:25:32.175815,False,,,18.01,False
1059,2026-09-23T22:25:32.207345,False,,,18.02,False
1060,2026-09-23T22:25:32.238637,False,,,18.02,False
1061,2026-09-23T22:25:32.270677,False,,,18.01,False
1062,2026-09-23T22:25:32.300726,False,,,18.03,False
1063,2026-09-23T22:25:32.329754,False,,,17.02,False
1064,2026-09-23T22:25:32.361377,False,,,18.01,False
1065,2026-09-23T22:25:32.394915,False,,,18.61,False
1066,2026-09-23T22:25:32.426569,False,,,18.08,False
1067,2026-09-23T22:25:32.457591,False,,,17.52,False
1068,2026-09-23T22:25:32.499825,False,,,17.51,False
1069,2026-09-23T22:25:32.530397,False,,,18.07,False
1070,2026-09-23T22:25:32.563504,False,,,18.01,False
1071,2026-09-23T22:25:32.593669,False,,,18.02,False
1072,2026-09-23T22:25:32.624697,False,,,19.02,False
1073,2026-09-23T22:25:32.666765,False,,,19.02,False
1074,2026-09-23T22:25:32.700352,False,,,18.08,False
1075,2026-09-23T22:25:32.732380,False,,,18.01,False
1076,2026-09-23T22:25:32.762346,False,,,18.01,False
1077,2026-09-23T22:25:32.794618,False,,,18.25,False
1078,2026-09-23T22:25:32.823477,False,,,17.80,False
1079,2026-09-23T22:25:32.858796,False,,,17.81,False
1080,2026-09-23T22:25:32.901346,False,,,17.51,False
1081,2026-09-23T22:25:32.930648,False,,,18.08,False
1082,2026-09-23T22:25:32.962695,False,,,19.03,False
1083,2026-09-23T22:25:32.990740,False,,,18.03,False
1084,2026-09-23T22:25:33.022774,False,,,18.52,False
1085,2026-09-23T22:25:33.066319,False,,,16.92,False
1086,2026-09-23T22:25:33.095348,False,,,18.02,False
1087,2026-09-23T22:25:33.130373,False,,,18.02,False
1088,2026-09-23T22:25:33.161685,False,,,17.07,False
1089,2026-09-23T22:25:33.194261,False,,,17.51,False
1090,2026-09-23T22:25:33.236430,False,,,18.01,False
1091,2026-09-23T22:25:33.267551,False,,,18.06,False
1092,2026-09-23T22:25:33.297583,False,,,18.02,False
1093,2026-09-23T22:25:33.327699,False,,,18.02,False
1094,2026-09-23T22:25:33.359725,False,,,18.02,False
1095,2026-09-23T22:25:33.401520,False,,,18.01,False
1096,2026-09-23T22:25:33.434504,False,,,17.97,False
1097,2026-09-23T22:25:33.466537,False,,,18.02,False
1098,2026-09-23T22:25:33.494633,False,,,18.07,False
1099,2026-09-23T22:25:33.530308,False,,,17.67,False
1100,2026-09-23T22:25:33.572316,False,,,18.01,False
1101,2026-09-23T22:25:33.599328,False,,,18.01,False
1102,2026-09-23T22:25:33.634960,False,,,18.02,False
1103,2026-09-23T22:25:33.666656,False,,,18.19,False
1104,2026-09-23T22:25:33.696684,False,,,18.02,False
1105,2026-09-23T22:25:33.725711,False,,,17.02,False
1106,2026-09-23T22:25:33.751247,False,,,17.51,False
1107,2026-09-23T22:25:33.802252,False,,,18.51,False
1108,2026-09-23T22:25:33.835352,False,,,18.04,False
1109,2026-09-23T22:25:33.866013,False,,,18.52,False
1110,2026-09-23T22:25:33.896653,False,,,17.13,False
1111,2026-09-23T22:25:33.930700,False,,,18.02,False
1112,2026-09-23T22:25:33.960719,False,,,17.01,False
1113,2026-09-23T22:25:34.005761,False,,,18.01,False
1114,2026-09-23T22:25:34.034579,False,,,18.31,False
1115,2026-09-23T22:25:34.065670,False,,,18.08,False
1116,2026-09-23T22:25:34.095347,False,,,17.53,False
1117,2026-09-23T22:25:34.137607,False,,,17.56,False
1118,2026-09-23T22:25:34.171627,False,,,18.01,False
1119,2026-09-23T22:25:34.203469,False,,,17.12,False
1120,2026-09-23T22:25:34.232512,False,,,17.01,False
1121,2026-09-23T22:25:34.265663,False,,,17.25,False
1122,2026-09-23T22:25:34.296685,False,,,18.01,False
1123,2026-09-23T22:25:34.330712,False,,,17.02,False
1124,2026-09-23T22:25:34.369750,False,,,17.51,False
1125,2026-09-23T22:25:34.403855,False,,,18.54,False
1126,2026-09-23T22:25:34.430610,False,,,18.02,False
1127,2026-09-23T22:25:34.461699,False,,,18.01,False
1128,2026-09-23T22:25:34.492719,False,,,18.01,False
1129,2026-09-23T22:25:34.538875,False,,,18.02,False
1130,2026-09-23T22:25:34.571485,False,,,18.09,False
1131,2026-09-23T22:25:34.604602,False,,,18.26,False
1132,2026-09-23T22:25:34.645362,False,,,17.53,False
1133,2026-09-23T22:25:34.676885,False,,,17.38,False
1134,2026-09-23T22:25:34.706406,False,,,18.01,False
1135,2026-09-23T22:25:34.740737,False,,,17.01,False
1136,2026-09-23T22:25:34.772257,False,,,18.01,False
1137,2026-09-23T22:25:34.800276,False,,,17.51,False
1138,2026-09-23T22:25:34.831656,False,,,18.11,False
1139,2026-09-23T22:25:34.863700,False,,,18.01,False
1140,2026-09-23T22:25:34.892476,False,,,17.77,False
1141,2026-09-23T22:25:34.937344,False,,,18.02,False
1142,2026-09-23T22:25:34.970962,False,,,18.59,False
1143,2026-09-23T22:25:35.000745,False,,,17.01,False
1144,2026-09-23T22:25:35.035859,False,,,18.02,False
1145,2026-09-23T22:25:35.066383,False,,,18.01,False
1146,2026-09-23T22:25:35.095715,False,,,18.07,False
1147,2026-09-23T22:25:35.132355,False,,,20.11,False
1148,2026-09-23T22:25:35.172651,False,,,18.01,False
1149,2026-09-23T22:25:35.203674,False,,,17.01,False
1150,2026-09-23T22:25:35.231713,False,,,18.01,False
1151,2026-09-23T22:25:35.274261,False,,,18.01,False
1152,2026-09-23T22:25:35.309273,False,,,17.55,False
1153,2026-09-23T22:25:35.338446,False,,,17.77,False
1154,2026-09-23T22:25:35.370584,False,,,17.04,False
1155,2026-09-23T22:25:35.404554,False,,,18.29,False
1156,2026-09-23T22:25:35.447416,False,,,19.02,False
1157,2026-09-23T22:25:35.479488,False,,,18.04,False
1158,2026-09-23T22:25:35.504650,False,,,17.66,False
1159,2026-09-23T22:25:35.536695,False,,,18.01,False
1160,2026-09-23T22:25:35.567260,False,,,17.54,False
1161,2026-09-23T22:25:35.598288,False,,,18.01,False
1162,2026-09-23T22:25:35.628822,False,,,17.52,False
1163,2026-09-23T22:25:35.674477,False,,,18.01,False
1164,2026-09-23T22:25:35.707808,False,,,18.01,False
1165,2026-09-23T22:25:35.742330,False,,,18.01,False
1166,2026-09-23T22:25:35.785744,False,,,18.27,False
1167,2026-09-23T22:25:35.814264,True,0.301,0.297,18.01,False
1168,2026-09-23T22:25:35.844731,True,0.301,0.293,17.69,False
1169,2026-09-23T22:25:35.874253,True,0.262,0.285,18.51,False
1170,2026-09-23T22:25:35.905257,True,0.262,0.277,17.51,False
1171,2026-09-23T22:25:35.935333,False,,,17.52,False
1172,2026-09-23T22:25:35.967571,False,,,18.02,False
1173,2026-09-23T22:25:36.009806,False,,,17.22,False
1174,2026-09-23T22:25:36.046275,False,,,17.95,False
1175,2026-09-23T22:25:36.075525,False,,,18.24,False
1176,2026-09-23T22:25:36.104746,False,,,17.16,False
1177,2026-09-23T22:25:36.141479,False,,,17.22,False
1178,2026-09-23T22:25:36.181583,False,,,18.01,False
1179,2026-09-23T22:25:36.211669,False,,,17.05,False
1180,2026-09-23T22:25:36.241539,False,,,17.51,False
1181,2026-09-23T22:25:36.273678,False,,,18.13,False
1182,2026-09-23T22:25:36.303696,False,,,18.01,False
1183,2026-09-23T22:25:36.332941,False,,,17.21,False
1184,2026-09-23T22:25:36.364465,False,,,18.02,False
1185,2026-09-23T22:25:36.410164,False,,,17.64,False
1186,2026-09-23T22:25:36.440705,False,,,18.01,False
1187,2026-09-23T22:25:36.475760,False,,,20.01,False
1188,2026-09-23T22:25:36.516788,False,,,18.02,False
1189,2026-09-23T22:25:36.548650,True,0.262,0.277,18.13,False
1190,2026-09-23T22:25:36.580595,True,0.262,0.270,18.27,False
1191,2026-09-23T22:25:36.609287,True,0.262,0.262,17.69,False
1192,2026-09-23T22:25:36.642322,True,0.262,0.262,18.01,False
1193,2026-09-23T22:25:36.671271,False,,,17.50,False
1194,2026-09-23T22:25:36.703711,False,,,18.04,False
1195,2026-09-23T22:25:36.746264,False,,,17.52,False
1196,2026-09-23T22:25:36.779520,False,,,18.08,False
1197,2026-09-23T22:25:36.810618,False,,,18.01,False
1198,2026-09-23T22:25:36.839721,False,,,18.08,False
1199,2026-09-23T22:25:36.873757,False,,,18.02,False
1200,2026-09-23T22:25:36.916296,False,,,18.03,False
1201,2026-09-23T22:25:36.947325,False,,,18.02,False
1202,2026-09-23T22:25:36.976842,False,,,18.01,False
1203,2026-09-23T22:25:37.008596,False,,,17.25,False
1204,2026-09-23T22:25:37.040752,False,,,18.02,False
1205,2026-09-23T22:25:37.069896,False,,,17.64,False
1206,2026-09-23T22:25:37.100521,False,,,18.12,False
1207,2026-09-23T22:25:37.146694,False,,,18.12,False
1208,2026-09-23T22:25:37.176803,False,,,18.10,False
1209,2026-09-23T22:25:37.210436,False,,,18.12,False
1210,2026-09-23T22:25:37.238350,False,,,17.77,False
1211,2026-09-23T22:25:37.273492,False,,,17.51,False
1212,2026-09-23T22:25:37.315629,False,,,18.01,False
1213,2026-09-23T22:25:37.345695,False,,,18.02,False
1214,2026-09-23T22:25:37.375720,False,,,18.02,False
1215,2026-09-23T22:25:37.405756,False,,,18.03,False
1216,2026-09-23T22:25:37.437777,False,,,17.01,False
1217,2026-09-23T22:25:37.480899,False,,,17.51,False
1218,2026-09-23T22:25:37.515541,False,,,18.01,False
1219,2026-09-23T22:25:37.546652,False,,,18.10,False
1220,2026-09-23T22:25:37.575674,False,,,18.01,False
1221,2026-09-23T22:25:37.605697,False,,,18.02,False
1222,2026-09-23T22:25:37.635733,False,,,18.53,False
1223,2026-09-23T22:25:37.673457,True,0.281,0.266,17.70,False
1224,2026-09-23T22:25:37.711558,True,0.281,0.270,18.01,False
1225,2026-09-23T22:25:37.742663,False,,,18.04,False
1226,2026-09-23T22:25:37.770740,False,,,17.05,False
1227,2026-09-23T22:25:37.804272,False,,,18.01,False
1228,2026-09-23T22:25:37.832444,False,,,17.15,False
1229,2026-09-23T22:25:37.882517,False,,,18.01,False
1230,2026-09-23T22:25:37.924428,False,,,17.60,False
1231,2026-09-23T22:25:37.957979,False,,,20.04,False
1232,2026-09-23T22:25:37.988529,False,,,18.05,False
1233,2026-09-23T22:25:38.016688,False,,,17.02,False
1234,2026-09-23T22:25:38.048263,False,,,17.56,False
1235,2026-09-23T22:25:38.079274,False,,,17.56,False
1236,2026-09-23T22:25:38.110612,False,,,17.12,False
1237,2026-09-23T22:25:38.140644,False,,,18.01,False
1238,2026-09-23T22:25:38.170672,False,,,18.02,False
1239,2026-09-23T22:25:38.220720,True,0.262,0.270,18.02,False
1240,2026-09-23T22:25:38.262327,True,0.262,0.270,17.51,False
1241,2026-09-23T22:25:38.292413,False,,,18.52,False
1242,2026-09-23T22:25:38.323549,False,,,18.02,False
1243,2026-09-23T22:25:38.353761,False,,,18.20,False
1244,2026-09-23T22:25:38.390287,False,,,17.51,False
1245,2026-09-23T22:25:38.429458,False,,,18.52,False
1246,2026-09-23T22:25:38.460552,False,,,18.07,False
1247,2026-09-23T22:25:38.494586,False,,,18.52,False
1248,2026-09-23T22:25:38.523629,False,,,18.03,False
1249,2026-09-23T22:25:38.552661,False,,,18.02,False
1250,2026-09-23T22:25:38.582733,False,,,19.04,False
1251,2026-09-23T22:25:38.619470,False,,,18.73,False
1252,2026-09-23T22:25:38.657532,False,,,18.01,False
1253,2026-09-23T22:25:38.688201,False,,,17.61,False
1254,2026-09-23T22:25:38.719236,False,,,18.53,False
1255,2026-09-23T22:25:38.749884,False,,,18.65,False
1256,2026-09-23T22:25:38.785506,False,,,23.12,False
1257,2026-09-23T22:25:38.826233,False,,,17.71,False
1258,2026-09-23T22:25:38.857757,True,0.363,0.290,18.01,False
1259,2026-09-23T22:25:38.889795,True,0.344,0.302,18.53,False
1260,2026-09-23T22:25:38.920875,True,0.344,0.315,18.58,False
1261,2026-09-23T22:25:38.953532,True,0.320,0.327,18.01,False
1262,2026-09-23T22:25:38.982556,True,0.320,0.338,18.01,False
1263,2026-09-23T22:25:39.018577,False,,,18.01,False
1264,2026-09-23T22:25:39.058272,False,,,18.52,False
1265,2026-09-23T22:25:39.087795,False,,,18.01,False
1266,2026-09-23T22:25:39.120362,False,,,18.06,False
1267,2026-09-23T22:25:39.151654,False,,,18.01,False
1268,2026-09-23T22:25:39.184187,False,,,21.52,False
1269,2026-09-23T22:25:39.212700,False,,,18.01,False
1270,2026-09-23T22:25:39.243969,False,,,17.69,False
1271,2026-09-23T22:25:39.274488,False,,,18.01,False
1272,2026-09-23T22:25:39.305567,False,,,18.02,False
1273,2026-09-23T22:25:39.354658,False,,,18.01,False
1274,2026-09-23T22:25:39.395893,False,,,18.02,False
1275,2026-09-23T22:25:39.428357,False,,,17.96,False
1276,2026-09-23T22:25:39.457805,False,,,18.00,False
1277,2026-09-23T22:25:39.490327,False,,,17.51,False
1278,2026-09-23T22:25:39.520964,False,,,17.61,False
1279,2026-09-23T22:25:39.552425,False,,,18.72,False
1280,2026-09-23T22:25:39.582412,False,,,18.92,False
1281,2026-09-23T22:25:39.610874,False,,,17.44,False
1282,2026-09-23T22:25:39.642406,False,,,18.01,False
1283,2026-09-23T22:25:39.674585,False,,,18.11,False
1284,2026-09-23T22:25:39.704677,False,,,18.09,False
1285,2026-09-23T22:25:39.753677,False,,,18.10,False
1286,2026-09-23T22:25:39.796275,False,,,18.52,False
1287,2026-09-23T22:25:39.827673,False,,,18.08,False
1288,2026-09-23T22:25:39.858256,False,,,18.55,False
1289,2026-09-23T22:25:39.888147,False,,,18.52,False
1290,2026-09-23T22:25:39.919178,False,,,18.53,False
1291,2026-09-23T22:25:39.952710,False,,,21.02,False
1292,2026-09-23T22:25:39.994253,False,,,18.52,False
1293,2026-09-23T22:25:40.025314,False,,,18.04,False
1294,2026-09-23T22:25:40.056315,False,,,18.00,False
1295,2026-09-23T22:25:40.091358,False,,,18.51,False
1296,2026-09-23T22:25:40.134302,False,,,18.70,False
1297,2026-09-23T22:25:40.163454,False,,,18.04,False
1298,2026-09-23T22:25:40.196746,False,,,19.09,False
1299,2026-09-23T22:25:40.225777,False,,,17.52,False
1300,2026-09-23T22:25:40.256309,False,,,18.02,False
1301,2026-09-23T22:25:40.288196,False,,,18.52,False
1302,2026-09-23T22:25:40.318727,False,,,18.02,False
1303,2026-09-23T22:25:40.349450,False,,,18.01,False
1304,2026-09-23T22:25:40.380582,False,,,18.02,False
1305,2026-09-23T22:25:40.410561,False,,,17.82,False
1306,2026-09-23T22:25:40.446765,False,,,19.09,False
1307,2026-09-23T22:25:40.490637,False,,,18.07,False
1308,2026-09-23T22:25:40.532511,False,,,18.77,False
1309,2026-09-23T22:25:40.564748,False,,,18.08,False
1310,2026-09-23T22:25:40.594265,False,,,18.01,False
1311,2026-09-23T22:25:40.625291,False,,,18.52,False
1312,2026-09-23T22:25:40.657440,False,,,18.01,False
1313,2026-09-23T22:25:40.687574,False,,,18.02,False
1314,2026-09-23T22:25:40.719098,False,,,18.01,False
1315,2026-09-23T22:25:40.748688,False,,,18.08,False
1316,2026-09-23T22:25:40.779796,False,,,19.10,False
1317,2026-09-23T22:25:40.810874,False,,,18.57,False
1318,2026-09-23T22:25:40.839336,False,,,18.45,False
1319,2026-09-23T22:25:40.890918,False,,,18.57,False
1320,2026-09-23T22:25:40.932348,False,,,18.37,False
1321,2026-09-23T22:25:40.963807,False,,,17.95,False
1322,2026-09-23T22:25:40.994324,False,,,18.01,False
1323,2026-09-23T22:25:41.026272,False,,,18.52,False
1324,2026-09-23T22:25:41.055381,False,,,17.60,False
1325,2026-09-23T22:25:41.090436,False,,,21.55,False
1326,2026-09-23T22:25:41.122591,False,,,21.12,False
1327,2026-09-23T22:25:41.164748,False,,,18.02,False
1328,2026-09-23T22:25:41.197978,False,,,17.72,False
1329,2026-09-23T22:25:41.241055,False,,,18.51,False
1330,2026-09-23T22:25:41.271311,False,,,17.51,False
1331,2026-09-23T22:25:41.303574,False,,,18.01,False
1332,2026-09-23T22:25:41.331654,False,,,18.01,False
1333,2026-09-23T22:25:41.363317,False,,,17.65,False
1334,2026-09-23T22:25:41.393755,False,,,18.02,False
1335,2026-09-23T22:25:41.424782,False,,,18.52,False
1336,2026-09-23T22:25:41.454307,False,,,18.02,False
1337,2026-09-23T22:25:41.486340,False,,,18.53,False
1338,2026-09-23T22:25:41.515438,False,,,18.02,False
1339,2026-09-23T22:25:41.563278,False,,,34.83,False
1340,2026-09-23T22:25:41.593631,False,,,18.02,False
1341,2026-09-23T22:25:41.624732,False,,,17.07,False
1342,2026-09-23T22:25:41.653257,False,,,17.51,False
1343,2026-09-23T22:25:41.684586,False,,,17.82,False
1344,2026-09-23T22:25:41.715756,False,,,18.10,False
1345,2026-09-23T22:25:41.746332,False,,,18.02,False
1346,2026-09-23T22:25:41.779858,False,,,19.02,False
1347,2026-09-23T22:25:41.808386,False,,,18.02,False
1348,2026-09-23T22:25:41.840659,False,,,18.26,False
1349,2026-09-23T22:25:41.869745,False,,,17.03,False
1350,2026-09-23T22:25:41.900571,False,,,17.31,False
1351,2026-09-23T22:25:41.932605,False,,,18.02,False
1352,2026-09-23T22:25:41.961662,False,,,18.01,False
1353,2026-09-23T22:25:41.992377,False,,,18.52,False
1354,2026-09-23T22:25:42.024545,False,,,17.53,False
1355,2026-09-23T22:25:42.052704,False,,,17.00,False
1356,2026-09-23T22:25:42.090257,False,,,17.51,False
1357,2026-09-23T22:25:42.129334,False,,,17.07,False
1358,2026-09-23T22:25:42.160852,False,,,18.51,False
1359,2026-09-23T22:25:42.191475,False,,,18.08,False
1360,2026-09-23T22:25:42.222556,False,,,19.56,False
1361,2026-09-23T22:25:42.253585,False,,,18.02,False
1362,2026-09-23T22:25:42.299365,False,,,19.05,False
1363,2026-09-23T22:25:42.329300,False,,,17.03,False
1364,2026-09-23T22:25:42.361317,False,,,17.51,False
1365,2026-09-23T22:25:42.390919,False,,,17.51,False
1366,2026-09-23T22:25:42.426434,False,,,17.99,False
1367,2026-09-23T22:25:42.470526,False,,,18.01,False
1368,2026-09-23T22:25:42.500551,False,,,17.51,False
1369,2026-09-23T22:25:42.528137,False,,,17.58,False
1370,2026-09-23T22:25:42.561434,False,,,17.50,False
1371,2026-09-23T22:25:42.590574,False,,,17.01,False
1372,2026-09-23T22:25:42.622595,False,,,18.01,False
1373,2026-09-23T22:25:42.652620,False,,,18.01,False
1374,2026-09-23T22:25:42.698661,False,,,18.52,False
1375,2026-09-23T22:25:42.727726,False,,,18.03,False
1376,2026-09-23T22:25:42.761262,False,,,17.51,False
1377,2026-09-23T22:25:42.802476,False,,,17.01,False
1378,2026-09-23T22:25:42.833715,False,,,18.02,False
1379,2026-09-23T22:25:42.864743,False,,,18.02,False
1380,2026-09-23T22:25:42.893422,False,,,17.67,False
1381,2026-09-23T22:25:42.925528,False,,,17.02,False
1382,2026-09-23T22:25:42.955607,False,,,18.02,False
1383,2026-09-23T22:25:42.985131,False,,,17.52,False
1384,2026-09-23T22:25:43.034692,False,,,18.02,False
1385,2026-09-23T22:25:43.075745,False,,,18.02,False
1386,2026-09-23T22:25:43.105292,False,,,17.54,False
1387,2026-09-23T22:25:43.136655,False,,,17.07,False
1388,2026-09-23T22:25:43.167655,False,,,17.51,False
1389,2026-09-23T22:25:43.197578,False,,,17.57,False
1390,2026-09-23T22:25:43.227630,False,,,17.05,False
1391,2026-09-23T22:25:43.257702,False,,,17.06,False
1392,2026-09-23T22:25:43.290725,False,,,18.01,False
1393,2026-09-23T22:25:43.318252,False,,,17.52,False
1394,2026-09-23T22:25:43.354479,False,,,18.01,False
1395,2026-09-23T22:25:43.394800,False,,,19.01,False
1396,2026-09-23T22:25:43.433432,False,,,18.01,False
1397,2026-09-23T22:25:43.470953,False,,,16.51,False
1398,2026-09-23T22:25:43.503753,False,,,18.02,False
1399,2026-09-23T22:25:43.534277,False,,,18.02,False
1400,2026-09-23T22:25:43.564352,False,,,17.57,False
1401,2026-09-23T22:25:43.591363,False,,,17.51,False
1402,2026-09-23T22:25:43.626682,False,,,19.01,False
1403,2026-09-23T22:25:43.726297,False,,,35.56,False
1404,2026-09-23T22:25:43.858267,False,,,58.66,False
1405,2026-09-23T22:25:44.002696,False,,,63.94,False
1406,2026-09-23T22:25:44.127879,False,,,51.17,False
1407,2026-09-23T22:25:44.264716,False,,,48.06,False
1408,2026-09-23T22:25:44.391711,False,,,50.21,False
1409,2026-09-23T22:25:44.512743,False,,,52.60,False
1410,2026-09-23T22:25:44.616586,False,,,21.01,False
1411,2026-09-23T22:25:44.735686,False,,,49.94,False
1412,2026-09-23T22:25:44.852412,False,,,44.15,False
1413,2026-09-23T22:25:44.976410,False,,,45.80,False
1414,2026-09-23T22:25:45.117419,False,,,47.78,False
1415,2026-09-23T22:25:45.260801,False,,,69.10,False
1416,2026-09-23T22:25:45.393738,False,,,63.13,False
1417,2026-09-23T22:25:45.507611,False,,,56.65,False
1418,2026-09-23T22:25:45.643165,False,,,52.71,False
1419,2026-09-23T22:25:45.755593,False,,,45.84,False
1420,2026-09-23T22:25:45.874608,False,,,58.06,False
1421,2026-09-23T22:25:45.990622,False,,,50.29,False
1422,2026-09-23T22:25:46.124407,False,,,47.70,False
1423,2026-09-23T22:25:46.252827,False,,,53.25,False
1424,2026-09-23T22:25:46.361567,False,,,53.10,False
1425,2026-09-23T22:25:46.488749,False,,,58.19,False
1426,2026-09-23T22:25:46.627721,False,,,56.17,False
1427,2026-09-23T22:25:46.769551,False,,,62.91,False
1428,2026-09-23T22:25:46.814596,False,,,18.14,False
1429,2026-09-23T22:25:46.846125,False,,,19.52,False
1430,2026-09-23T22:25:46.884674,False,,,18.53,False
1431,2026-09-23T22:25:46.913768,False,,,17.08,False
1432,2026-09-23T22:25:46.949002,False,,,17.56,False
1433,2026-09-23T22:25:46.991578,False,,,17.01,False
1434,2026-09-23T22:25:47.022756,False,,,17.01,False
1435,2026-09-23T22:25:47.057396,False,,,16.62,False
1436,2026-09-23T22:25:47.096460,False,,,17.52,False
1437,2026-09-23T22:25:47.128593,False,,,17.02,False
1438,2026-09-23T22:25:47.159737,False,,,18.04,False
1439,2026-09-23T22:25:47.194268,False,,,17.52,False
1440,2026-09-23T22:25:47.235300,False,,,17.51,False
1441,2026-09-23T22:25:47.268929,False,,,17.02,False
1442,2026-09-23T22:25:47.302574,False,,,18.14,False
1443,2026-09-23T22:25:47.346032,False,,,18.02,False
1444,2026-09-23T22:25:47.375883,False,,,17.35,False
1445,2026-09-23T22:25:47.405657,False,,,17.26,False
1446,2026-09-23T22:25:47.440680,False,,,19.02,False
1447,2026-09-23T22:25:47.466799,False,,,17.52,False
1448,2026-09-23T22:25:47.500868,False,,,18.56,False
1449,2026-09-23T22:25:47.534400,False,,,17.51,False
1450,2026-09-23T22:25:47.563620,False,,,17.05,False
1451,2026-09-23T22:25:47.595574,False,,,17.52,False
1452,2026-09-23T22:25:47.625608,False,,,18.02,False
1453,2026-09-23T22:25:47.654688,False,,,18.02,False
1454,2026-09-23T22:25:47.688723,False,,,18.02,False
1455,2026-09-23T22:25:47.729767,False,,,17.51,False
1456,2026-09-23T22:25:47.766395,False,,,18.04,False
1457,2026-09-23T22:25:47.810990,False,,,17.57,False
1458,2026-09-23T22:25:47.855853,False,,,18.08,False
1459,2026-09-23T22:25:47.897879,False,,,17.01,False
1460,2026-09-23T22:25:47.932406,False,,,17.56,False
1461,2026-09-23T22:25:47.978052,False,,,17.57,False
1462,2026-09-23T22:25:48.042724,False,,,19.10,False
1463,2026-09-23T22:25:48.086005,False,,,17.51,False
1464,2026-09-23T22:25:48.114647,False,,,18.14,False
1465,2026-09-23T22:25:48.148263,False,,,17.61,False
1466,2026-09-23T22:25:48.190789,False,,,17.51,False
1467,2026-09-23T22:25:48.227572,False,,,18.01,False
1468,2026-09-23T22:25:48.269321,False,,,18.01,False
1469,2026-09-23T22:25:48.319600,False,,,31.08,False
1470,2026-09-23T22:25:48.360637,False,,,18.02,False
1471,2026-09-23T22:25:48.388662,False,,,17.02,False
1472,2026-09-23T22:25:48.421260,False,,,17.57,False
1473,2026-09-23T22:25:48.449463,False,,,17.19,False
1474,2026-09-23T22:25:48.481549,False,,,17.24,False
1475,2026-09-23T22:25:48.511352,False,,,17.03,False
1476,2026-09-23T22:25:48.541334,False,,,17.51,False
1477,2026-09-23T22:25:48.573671,False,,,18.01,False
1478,2026-09-23T22:25:48.603752,False,,,18.07,False
1479,2026-09-23T22:25:48.634075,False,,,17.82,False
1480,2026-09-23T22:25:48.665654,False,,,18.07,False
1481,2026-09-23T22:25:48.697750,False,,,18.09,False
1482,2026-09-23T22:25:48.728274,False,,,18.02,False
1483,2026-09-23T22:25:48.761619,False,,,18.02,False
1484,2026-09-23T22:25:48.801721,False,,,18.01,False
1485,2026-09-23T22:25:48.836259,False,,,17.52,False
1486,2026-09-23T22:25:48.876586,False,,,17.52,False
1487,2026-09-23T22:25:48.907714,False,,,17.12,False
1488,2026-09-23T22:25:48.940272,False,,,18.02,False
1489,2026-09-23T22:25:48.966736,False,,,17.46,False
1490,2026-09-23T22:25:49.004265,False,,,18.01,False
1491,2026-09-23T22:25:49.046973,False,,,17.55,False
1492,2026-09-23T22:25:49.078504,False,,,18.02,False
1493,2026-09-23T22:25:49.106708,False,,,17.01,False
1494,2026-09-23T22:25:49.143731,False,,,20.01,False
1495,2026-09-23T22:25:49.188690,False,,,21.51,False
1496,2026-09-23T22:25:49.229826,False,,,17.57,False
1497,2026-09-23T22:25:49.259594,False,,,17.26,False
1498,2026-09-23T22:25:49.288730,False,,,17.13,False
1499,2026-09-23T22:25:49.321255,False,,,17.51,False
1500,2026-09-23T22:25:49.351283,False,,,18.02,False
1501,2026-09-23T22:25:49.384811,False,,,17.51,False
1502,2026-09-23T22:25:49.428959,False,,,17.63,False
1503,2026-09-23T22:25:49.458677,False,,,17.21,False
1504,2026-09-23T22:25:49.515308,False,,,17.53,False
1505,2026-09-23T22:25:49.549811,False,,,17.47,False
1506,2026-09-23T22:25:49.582427,False,,,18.03,False
1507,2026-09-23T22:25:49.641403,False,,,17.01,False
1508,2026-09-23T22:25:49.675474,False,,,17.66,False
1509,2026-09-23T22:25:49.720757,False,,,17.06,False
1510,2026-09-23T22:25:49.751183,False,,,17.51,False
1511,2026-09-23T22:25:49.790741,False,,,18.01,False
1512,2026-09-23T22:25:49.827277,False,,,19.02,False
1513,2026-09-23T22:25:49.857802,False,,,16.88,False
1514,2026-09-23T22:25:49.890825,False,,,17.52,False
1515,2026-09-23T22:25:49.920588,False,,,17.23,False
1516,2026-09-23T22:25:49.949118,False,,,17.52,False
1517,2026-09-23T22:25:49.981643,False,,,17.02,False
1518,2026-09-23T22:25:50.024563,False,,,18.01,False
1519,2026-09-23T22:25:50.057592,False,,,17.02,False
1520,2026-09-23T22:25:50.087613,False,,,18.02,False
1521,2026-09-23T22:25:50.120808,False,,,16.49,False
1522,2026-09-23T22:25:50.160748,False,,,17.01,False
1523,2026-09-23T22:25:50.192788,False,,,16.51,False
1524,2026-09-23T22:25:50.222304,False,,,17.01,False
1525,2026-09-23T22:25:50.256334,False,,,20.02,False
1526,2026-09-23T22:25:50.362870,False,,,24.02,False
1527,2026-09-23T22:25:50.495743,False,,,66.10,False
1528,2026-09-23T22:25:50.592584,False,,,26.03,False
1529,2026-09-23T22:25:50.737700,False,,,63.25,False
1530,2026-09-23T22:25:50.829767,False,,,18.05,False
1531,2026-09-23T22:25:50.961334,False,,,55.90,False
1532,2026-09-23T22:25:51.045707,False,,,18.07,False
1533,2026-09-23T22:25:51.075295,False,,,17.52,False
1534,2026-09-23T22:25:51.112746,False,,,17.51,False
1535,2026-09-23T22:25:51.143283,False,,,17.01,False
1536,2026-09-23T22:25:51.195818,False,,,17.36,False
1537,2026-09-23T22:25:51.258422,False,,,17.02,False
1538,2026-09-23T22:25:51.299957,False,,,17.57,False
1539,2026-09-23T22:25:51.326582,False,,,17.12,False
1540,2026-09-23T22:25:51.359605,False,,,18.02,False
1541,2026-09-23T22:25:51.389692,False,,,18.02,False
1542,2026-09-23T22:25:51.419819,False,,,17.51,False
1543,2026-09-23T22:25:51.453347,False,,,19.01,False
1544,2026-09-23T22:25:51.495886,False,,,17.52,False
1545,2026-09-23T22:25:51.525409,False,,,17.02,False
1546,2026-09-23T22:25:51.556430,False,,,17.51,False
1547,2026-09-23T22:25:51.589357,False,,,16.90,False
1548,2026-09-23T22:25:51.619887,False,,,17.51,False
1549,2026-09-23T22:25:51.657577,False,,,17.11,False
1550,2026-09-23T22:25:51.698091,False,,,18.02,False
1551,2026-09-23T22:25:51.728153,False,,,17.56,False
1552,2026-09-23T22:25:51.758673,False,,,18.01,False
1553,2026-09-23T22:25:51.787727,False,,,17.05,False
1554,2026-09-23T22:25:51.817505,False,,,18.02,False
1555,2026-09-23T22:25:51.848994,False,,,17.29,False
1556,2026-09-23T22:25:51.879652,False,,,18.06,False
1557,2026-09-23T22:25:51.908776,False,,,17.07,False
1558,2026-09-23T22:25:51.940306,False,,,17.51,False
1559,2026-09-23T22:25:51.969825,False,,,17.51,False
1560,2026-09-23T22:25:52.000853,False,,,18.02,False
1561,2026-09-23T22:25:52.033680,False,,,17.39,False
1562,2026-09-23T22:25:52.062690,False,,,17.51,False
1563,2026-09-23T22:25:52.092711,False,,,17.01,False
1564,2026-09-23T22:25:52.124741,False,,,18.02,False
1565,2026-09-23T22:25:52.153262,False,,,17.51,False
1566,2026-09-23T22:25:52.185780,False,,,18.01,False
1567,2026-09-23T22:25:52.216323,False,,,18.02,False
1568,2026-09-23T22:25:52.251609,False,,,17.27,False
1569,2026-09-23T22:25:52.293401,False,,,17.65,False
1570,2026-09-23T22:25:52.330890,False,,,18.46,False
1571,2026-09-23T22:25:52.369684,False,,,17.06,False
1572,2026-09-23T22:25:52.400219,False,,,17.52,False
1573,2026-09-23T22:25:52.432383,False,,,17.66,False
1574,2026-09-23T22:25:52.463899,False,,,18.01,False
1575,2026-09-23T22:25:52.493448,False,,,17.03,False
1576,2026-09-23T22:25:52.525614,False,,,18.04,False
1577,2026-09-23T22:25:52.554736,False,,,17.12,False
1578,2026-09-23T22:25:52.587261,False,,,17.52,False
1579,2026-09-23T22:25:52.614847,False,,,17.93,False
1580,2026-09-23T22:25:52.665632,False,,,18.15,False
1581,2026-09-23T22:25:52.707527,False,,,17.15,False
1582,2026-09-23T22:25:52.739669,False,,,17.13,False
1583,2026-09-23T22:25:52.770730,False,,,17.05,False
1584,2026-09-23T22:25:52.799769,False,,,17.02,False
1585,2026-09-23T22:25:52.829469,False,,,17.19,False
1586,2026-09-23T22:25:52.860270,False,,,17.54,False
1587,2026-09-23T22:25:52.892538,False,,,17.01,False
1588,2026-09-23T22:25:52.922573,False,,,18.02,False
1589,2026-09-23T22:25:52.956664,False,,,18.08,False
1590,2026-09-23T22:25:52.997264,False,,,17.52,False
1591,2026-09-23T22:25:53.028489,False,,,17.01,False
1592,2026-09-23T22:25:53.065978,False,,,17.31,False
1593,2026-09-23T22:25:53.103507,False,,,17.52,False
1594,2026-09-23T22:25:53.134289,False,,,17.76,False
1595,2026-09-23T22:25:53.162311,False,,,17.01,False
1596,2026-09-23T22:25:53.195503,False,,,18.01,False
1597,2026-09-23T22:25:53.226957,False,,,17.43,False
1598,2026-09-23T22:25:53.259064,False,,,17.60,False
1599,2026-09-23T22:25:53.287587,False,,,17.02,False
1600,2026-09-23T22:25:53.322339,False,,,18.01,False
1601,2026-09-23T22:25:53.352416,False,,,18.07,False
1602,2026-09-23T22:25:53.385389,False,,,17.95,False
1603,2026-09-23T22:25:53.428496,False,,,17.02,False
1604,2026-09-23T22:25:53.466303,False,,,18.01,False
1605,2026-09-23T22:25:53.505676,False,,,18.02,False
1606,2026-09-23T22:25:53.537262,False,,,17.54,False
1607,2026-09-23T22:25:53.567522,False,,,18.02,False
1608,2026-09-23T22:25:53.597099,False,,,17.57,False
1609,2026-09-23T22:25:53.627627,False,,,17.02,False
1610,2026-09-23T22:25:53.659713,False,,,18.02,False
1611,2026-09-23T22:25:53.692271,False,,,18.01,False
1612,2026-09-23T22:25:53.722308,False,,,18.01,False
1613,2026-09-23T22:25:53.754339,False,,,18.02,False
1614,2026-09-23T22:25:53.800887,False,,,17.02,False
1615,2026-09-23T22:25:53.830544,False,,,18.14,False
1616,2026-09-23T22:25:53.865028,False,,,17.62,False
1617,2026-09-23T22:25:53.894551,False,,,17.02,False
1618,2026-09-23T22:25:53.943625,False,,,18.01,False
1619,2026-09-23T22:25:53.982719,False,,,17.02,False
1620,2026-09-23T22:25:54.014804,False,,,18.30,False
1621,2026-09-23T22:25:54.044305,False,,,17.99,False
1622,2026-09-23T22:25:54.077405,False,,,20.09,False
1623,2026-09-23T22:25:54.106452,False,,,19.53,False
1624,2026-09-23T22:25:54.138789,False,,,19.02,False
1625,2026-09-23T22:25:54.167322,False,,,17.02,False
1626,2026-09-23T22:25:54.200840,False,,,17.00,False
1627,2026-09-23T22:25:54.229923,False,,,17.57,False
1628,2026-09-23T22:25:54.265950,False,,,18.01,False
1629,2026-09-23T22:25:54.307428,False,,,17.69,False
1630,2026-09-23T22:25:54.339033,False,,,17.60,False
1631,2026-09-23T22:25:54.369556,False,,,18.01,False
1632,2026-09-23T22:25:54.400245,False,,,18.68,False
1633,2026-09-23T22:25:54.429812,False,,,17.32,False
1634,2026-09-23T22:25:54.461505,False,,,18.13,False
1635,2026-09-23T22:25:54.491588,False,,,18.01,False
1636,2026-09-23T22:25:54.539392,False,,,18.71,False
1637,2026-09-23T22:25:54.567001,False,,,17.52,False
1638,2026-09-23T22:25:54.601030,False,,,17.01,False
1639,2026-09-23T22:25:54.643568,False,,,17.02,False
1640,2026-09-23T22:25:54.675608,False,,,18.02,False
1641,2026-09-23T22:25:54.705638,False,,,18.02,False
1642,2026-09-23T22:25:54.735666,False,,,18.02,False
1643,2026-09-23T22:25:54.765760,False,,,18.07,False
1644,2026-09-23T22:25:54.796280,False,,,18.01,False
1645,2026-09-23T22:25:54.825308,False,,,17.01,False
1646,2026-09-23T22:25:54.859383,False,,,17.57,False
1647,2026-09-23T22:25:54.886675,False,,,17.08,False
1648,2026-09-23T22:25:54.938453,False,,,18.02,False
1649,2026-09-23T22:25:54.979701,False,,,18.02,False
1650,2026-09-23T22:25:55.010767,False,,,19.06,False
1651,2026-09-23T22:25:55.041540,False,,,18.01,False
1652,2026-09-23T22:25:55.071663,False,,,18.01,False
1653,2026-09-23T22:25:55.100864,False,,,17.01,False
1654,2026-09-23T22:25:55.134555,False,,,21.02,False
1655,2026-09-23T22:25:55.178592,False,,,18.02,False
1656,2026-09-23T22:25:55.209681,False,,,18.02,False
1657,2026-09-23T22:25:55.240731,False,,,17.04,False
1658,2026-09-23T22:25:55.273264,False,,,17.52,False
1659,2026-09-23T22:25:55.316275,False,,,18.02,False
1660,2026-09-23T22:25:55.347532,False,,,18.01,False
1661,2026-09-23T22:25:55.377325,False,,,17.51,False
1662,2026-09-23T22:25:55.408357,False,,,18.52,False
1663,2026-09-23T22:25:55.439302,False,,,17.86,False
1664,2026-09-23T22:25:55.469991,False,,,17.57,False
1665,2026-09-23T22:25:55.501029,False,,,18.02,False
1666,2026-09-23T22:25:55.533655,False,,,19.11,False
1667,2026-09-23T22:25:55.561719,False,,,18.00,False
1668,2026-09-23T22:25:55.593757,False,,,18.02,False
1669,2026-09-23T22:25:55.624539,False,,,17.73,False
1670,2026-09-23T22:25:55.675597,False,,,18.02,False
1671,2026-09-23T22:25:55.713368,False,,,17.52,False
1672,2026-09-23T22:25:55.745747,False,,,18.28,False
1673,2026-09-23T22:25:55.775773,False,,,18.02,False
1674,2026-09-23T22:25:55.806510,False,,,18.23,False
1675,2026-09-23T22:25:55.835813,False,,,17.30,False
1676,2026-09-23T22:25:55.866322,False,,,18.93,False
1677,2026-09-23T22:25:55.896698,False,,,17.37,False
1678,2026-09-23T22:25:55.930747,False,,,17.02,False
1679,2026-09-23T22:25:55.972324,False,,,16.97,False
1680,2026-09-23T22:25:56.010474,False,,,18.02,False
1681,2026-09-23T22:25:56.050949,False,,,17.51,False
1682,2026-09-23T22:25:56.084506,False,,,18.54,False
1683,2026-09-23T22:25:56.115631,False,,,18.06,False
1684,2026-09-23T22:25:56.145383,False,,,17.60,False
1685,2026-09-23T22:25:56.175905,False,,,18.02,False
1686,2026-09-23T22:25:56.206497,False,,,18.08,False
1687,2026-09-23T22:25:56.237689,False,,,18.02,False
1688,2026-09-23T22:25:56.270891,False,,,20.02,False
1689,2026-09-23T22:25:56.303435,False,,,22.04,False
1690,2026-09-23T22:25:56.346977,False,,,18.52,False
1691,2026-09-23T22:25:56.374062,False,,,17.57,False
1692,2026-09-23T22:25:56.411124,False,,,18.54,False
1693,2026-09-23T22:25:56.454300,False,,,18.01,False
1694,2026-09-23T22:25:56.483935,False,,,18.54,False
1695,2026-09-23T22:25:56.513962,False,,,17.52,False
1696,2026-09-23T22:25:56.546551,False,,,18.08,False
1697,2026-09-23T22:25:56.575585,False,,,17.52,False
1698,2026-09-23T22:25:56.606614,False,,,18.02,False
1699,2026-09-23T22:25:56.636275,False,,,18.52,False
1700,2026-09-23T22:25:56.667418,False,,,18.01,False
1701,2026-09-23T22:25:56.697586,False,,,17.02,False
1702,2026-09-23T22:25:56.745709,False,,,18.08,False
1703,2026-09-23T22:25:56.773731,False,,,18.02,False
1704,2026-09-23T22:25:56.809766,False,,,17.02,False
1705,2026-09-23T22:25:56.848995,False,,,17.69,False
1706,2026-09-23T22:25:56.876958,False,,,18.02,False
1707,2026-09-23T22:25:56.910968,False,,,17.45,False
1708,2026-09-23T22:25:56.942610,False,,,18.02,False
1709,2026-09-23T22:25:56.971653,False,,,17.03,False
1710,2026-09-23T22:25:57.002675,False,,,18.01,False
1711,2026-09-23T22:25:57.030773,False,,,17.52,False
1712,2026-09-23T22:25:57.065814,False,,,17.50,False
1713,2026-09-23T22:25:57.095462,False,,,17.14,False
1714,2026-09-23T22:25:57.145949,False,,,18.02,False
1715,2026-09-23T22:25:57.187591,False,,,17.02,False
1716,2026-09-23T22:25:57.218214,False,,,18.52,False
1717,2026-09-23T22:25:57.248749,False,,,18.02,False
1718,2026-09-23T22:25:57.278319,False,,,17.56,False
1719,2026-09-23T22:25:57.309838,False,,,17.51,False
1720,2026-09-23T22:25:57.340875,False,,,18.51,False
1721,2026-09-23T22:25:57.371317,False,,,17.51,False
1722,2026-09-23T22:25:57.401408,False,,,17.51,False
1723,2026-09-23T22:25:57.436486,False,,,20.55,False
1724,2026-09-23T22:25:57.509642,False,,,45.06,False
1725,2026-09-23T22:25:57.611270,False,,,49.01,False
1726,2026-09-23T22:25:57.733910,False,,,46.63,False
1727,2026-09-23T22:25:57.839325,False,,,46.78,False
1728,2026-09-23T22:25:57.943589,False,,,27.73,False
1729,2026-09-23T22:25:58.053069,False,,,46.84,False
1730,2026-09-23T22:25:58.159761,False,,,46.08,False
1731,2026-09-23T22:25:58.284535,False,,,50.79,False
1732,2026-09-23T22:25:58.405938,False,,,49.30,False
1733,2026-09-23T22:25:58.528458,False,,,50.61,False
1734,2026-09-23T22:25:58.645449,False,,,45.54,False
1735,2026-09-23T22:25:58.674659,False,,,17.07,False
1736,2026-09-23T22:25:58.703734,False,,,17.03,False
1737,2026-09-23T22:25:58.747595,False,,,17.52,False
1738,2026-09-23T22:25:58.810356,False,,,17.72,False
1739,2026-09-23T22:25:58.877323,False,,,18.12,False
1740,2026-09-23T22:25:58.916156,False,,,17.67,False
1741,2026-09-23T22:25:58.942674,False,,,17.01,False
1742,2026-09-23T22:25:58.970724,False,,,18.01,False
1743,2026-09-23T22:25:59.017848,False,,,17.52,False
1744,2026-09-23T22:25:59.053526,False,,,17.15,False
1745,2026-09-23T22:25:59.085547,False,,,17.02,False
1746,2026-09-23T22:25:59.115345,False,,,18.52,False
1747,2026-09-23T22:25:59.145620,False,,,17.02,False
1748,2026-09-23T22:25:59.175685,False,,,18.06,False
1749,2026-09-23T22:25:59.205313,False,,,17.62,False
1750,2026-09-23T22:25:59.235341,False,,,18.02,False
1751,2026-09-23T22:25:59.275640,False,,,19.02,False
1752,2026-09-23T22:25:59.337358,False,,,42.30,False
1753,2026-09-23T22:25:59.482396,False,,,72.12,False
1754,2026-09-23T22:25:59.616872,False,,,65.50,False
1755,2026-09-23T22:25:59.748355,False,,,44.03,False
1756,2026-09-23T22:25:59.890680,False,,,49.93,False
1757,2026-09-23T22:26:00.030817,False,,,53.04,False
1758,2026-09-23T22:26:00.196574,False,,,78.91,False
1759,2026-09-23T22:26:00.319737,False,,,51.08,False
1760,2026-09-23T22:26:00.440196,False,,,47.89,False
1761,2026-09-23T22:26:00.539772,False,,,28.06,False
1762,2026-09-23T22:26:00.657285,False,,,50.61,False
1763,2026-09-23T22:26:00.773296,False,,,45.62,False
1764,2026-09-23T22:26:00.897859,False,,,45.48,False
1765,2026-09-23T22:26:01.056518,False,,,66.75,False
1766,2026-09-23T22:26:01.179426,False,,,50.87,False
1767,2026-09-23T22:26:01.308592,False,,,58.92,False
1768,2026-09-23T22:26:01.422736,False,,,33.52,False
1769,2026-09-23T22:26:01.548656,False,,,40.08,False
1770,2026-09-23T22:26:01.666285,False,,,51.55,False
1771,2026-09-23T22:26:01.785289,False,,,49.54,False
1772,2026-09-23T22:26:01.878318,False,,,19.96,False
1773,2026-09-23T22:26:01.910198,False,,,17.53,False
1774,2026-09-23T22:26:01.937744,False,,,18.02,False
1775,2026-09-23T22:26:01.975277,False,,,17.52,False
1776,2026-09-23T22:26:02.006980,False,,,19.69,False
1777,2026-09-23T22:26:02.035614,False,,,17.12,False
1778,2026-09-23T22:26:02.067699,False,,,18.01,False
1779,2026-09-23T22:26:02.097740,False,,,17.02,False
1780,2026-09-23T22:26:02.129764,False,,,17.01,False
1781,2026-09-23T22:26:02.159788,False,,,17.51,False
1782,2026-09-23T22:26:02.190803,False,,,17.01,False
1783,2026-09-23T22:26:02.220559,False,,,17.21,False
1784,2026-09-23T22:26:02.253754,False,,,18.02,False
1785,2026-09-23T22:26:02.298798,False,,,17.03,False
1786,2026-09-23T22:26:02.329880,False,,,17.58,False
1787,2026-09-23T22:26:02.360510,True,0.281,0.322,17.01,False
1788,2026-09-23T22:26:02.393731,True,0.281,0.309,18.02,False
1789,2026-09-23T22:26:02.424335,True,0.387,0.318,17.08,False
1790,2026-09-23T22:26:02.455345,True,0.387,0.331,17.73,False
1791,2026-09-23T22:26:02.490454,True,0.477,0.362,18.02,False
1792,2026-09-23T22:26:02.517286,True,0.477,0.402,17.56,False
1793,2026-09-23T22:26:02.554631,False,,,18.06,False
1794,2026-09-23T22:26:02.595574,False,,,17.86,False
1795,2026-09-23T22:26:02.623649,True,0.453,0.436,17.07,False
1796,2026-09-23T22:26:02.654674,True,0.453,0.449,18.02,False
1797,2026-09-23T22:26:02.699720,True,0.387,0.449,19.03,False
1798,2026-09-23T22:26:02.730752,True,0.387,0.431,18.02,False
1799,2026-09-23T22:26:02.760777,True,0.301,0.396,17.01,False
1800,2026-09-23T22:26:02.790304,True,0.301,0.366,18.01,False
1801,2026-09-23T22:26:02.824952,False,,,17.51,False
1802,2026-09-23T22:26:02.867607,False,,,18.12,False
1803,2026-09-23T22:26:02.897636,False,,,18.02,False
1804,2026-09-23T22:26:02.928701,False,,,18.06,False
1805,2026-09-23T22:26:02.957591,False,,,17.52,False
1806,2026-09-23T22:26:02.987367,False,,,17.52,False
1807,2026-09-23T22:26:03.018533,False,,,18.02,False
1808,2026-09-23T22:26:03.049718,False,,,18.07,False
1809,2026-09-23T22:26:03.098533,False,,,17.77,False
1810,2026-09-23T22:26:03.139564,False,,,18.02,False
1811,2026-09-23T22:26:03.168632,False,,,17.06,False
1812,2026-09-23T22:26:03.200664,False,,,18.02,False
1813,2026-09-23T22:26:03.232688,False,,,17.01,False
1814,2026-09-23T22:26:03.260754,False,,,17.01,False
1815,2026-09-23T22:26:03.291286,False,,,17.51,False
1816,2026-09-23T22:26:03.321304,False,,,17.51,False
1817,2026-09-23T22:26:03.354823,False,,,17.06,False
1818,2026-09-23T22:26:03.383888,False,,,17.56,False
1819,2026-09-23T22:26:03.433773,False,,,17.02,False
1820,2026-09-23T22:26:03.476304,False,,,18.02,False
1821,2026-09-23T22:26:03.503850,False,,,17.01,False
1822,2026-09-23T22:26:03.538514,False,,,17.16,False
1823,2026-09-23T22:26:03.567609,False,,,17.09,False
1824,2026-09-23T22:26:03.598632,False,,,18.01,False
1825,2026-09-23T22:26:03.628650,False,,,17.01,False
1826,2026-09-23T22:26:03.660749,False,,,17.09,False
1827,2026-09-23T22:26:03.689895,False,,,17.63,False
1828,2026-09-23T22:26:03.720923,False,,,17.51,False
1829,2026-09-23T22:26:03.755525,False,,,18.04,False
1830,2026-09-23T22:26:03.795671,False,,,18.02,False
1831,2026-09-23T22:26:03.833760,True,0.262,0.327,17.02,False
1832,2026-09-23T22:26:03.871320,True,0.262,0.302,17.55,False
1833,2026-09-23T22:26:03.902349,False,,,18.01,False
1834,2026-09-23T22:26:03.932520,False,,,18.01,False
1835,2026-09-23T22:26:03.964686,False,,,18.01,False
1836,2026-09-23T22:26:03.993724,False,,,18.02,False
1837,2026-09-23T22:26:04.025449,False,,,16.72,False
1838,2026-09-23T22:26:04.054580,False,,,18.13,False
1839,2026-09-23T22:26:04.090113,False,,,17.52,False
1840,2026-09-23T22:26:04.130705,False,,,17.08,False
1841,2026-09-23T22:26:04.169779,False,,,17.06,False
1842,2026-09-23T22:26:04.206312,False,,,18.01,False
1843,2026-09-23T22:26:04.238341,False,,,17.52,False
1844,2026-09-23T22:26:04.266578,False,,,17.04,False
1845,2026-09-23T22:26:04.298606,False,,,17.52,False
1846,2026-09-23T22:26:04.330677,False,,,17.51,False
1847,2026-09-23T22:26:04.361201,False,,,16.51,False
1848,2026-09-23T22:26:04.390896,False,,,17.18,False
1849,2026-09-23T22:26:04.425668,False,,,17.74,False
1850,2026-09-23T22:26:04.467773,False,,,18.07,False
1851,2026-09-23T22:26:04.497316,False,,,17.53,False
1852,2026-09-23T22:26:04.529555,False,,,18.01,False
1853,2026-09-23T22:26:04.569921,False,,,17.56,False
1854,2026-09-23T22:26:04.610517,False,,,18.04,False
1855,2026-09-23T22:26:04.637545,True,0.262,0.277,17.52,False
1856,2026-09-23T22:26:04.667904,True,0.262,0.270,18.02,False
1857,2026-09-23T22:26:04.697513,False,,,17.10,False
1858,2026-09-23T22:26:04.732292,False,,,18.62,False
1859,2026-09-23T22:26:04.773698,True,0.406,0.291,17.23,False
1860,2026-09-23T22:26:04.805735,True,0.406,0.320,18.52,False
1861,2026-09-23T22:26:04.833768,True,0.453,0.358,18.02,False
1862,2026-09-23T22:26:04.864539,True,0.453,0.396,18.75,False
1863,2026-09-23T22:26:04.907614,True,0.281,0.400,17.52,False
1864,2026-09-23T22:26:04.939658,True,0.281,0.375,18.52,False
1865,2026-09-23T22:26:04.971680,False,,,18.01,False
1866,2026-09-23T22:26:05.001730,False,,,18.01,False
1867,2026-09-23T22:26:05.033772,False,,,17.02,False
1868,2026-09-23T22:26:05.063803,False,,,18.02,False
1869,2026-09-23T22:26:05.098340,False,,,18.02,False
1870,2026-09-23T22:26:05.132249,False,,,19.52,False
1871,2026-09-23T22:26:05.169283,False,,,17.02,False
1872,2026-09-23T22:26:05.200880,False,,,18.58,False
1873,2026-09-23T22:26:05.230870,False,,,17.40,False
1874,2026-09-23T22:26:05.269448,False,,,19.02,False
1875,2026-09-23T22:26:05.308593,False,,,17.51,False
1876,2026-09-23T22:26:05.339755,False,,,18.02,False
1877,2026-09-23T22:26:05.371281,False,,,19.01,False
1878,2026-09-23T22:26:05.399768,False,,,17.02,False
1879,2026-09-23T22:26:05.433744,False,,,17.46,False
1880,2026-09-23T22:26:05.478280,False,,,20.52,False
1881,2026-09-23T22:26:05.508833,False,,,20.02,False
1882,2026-09-23T22:26:05.538603,False,,,18.24,False
1883,2026-09-23T22:26:05.569667,False,,,18.03,False
1884,2026-09-23T22:26:05.600768,False,,,18.01,False
1885,2026-09-23T22:26:05.640650,False,,,17.01,False
1886,2026-09-23T22:26:05.676705,False,,,18.52,False
1887,2026-09-23T22:26:05.705800,False,,,18.06,False
1888,2026-09-23T22:26:05.737906,False,,,17.60,False
1889,2026-09-23T22:26:05.769952,False,,,17.54,False
1890,2026-09-23T22:26:05.802451,False,,,18.52,False
1891,2026-09-23T22:26:05.834349,False,,,16.88,False
1892,2026-09-23T22:26:05.863484,False,,,18.08,False
1893,2026-09-23T22:26:05.898327,False,,,17.60,False
1894,2026-09-23T22:26:05.942335,False,,,18.00,False
1895,2026-09-23T22:26:05.970754,False,,,17.01,False
1896,2026-09-23T22:26:06.003792,False,,,17.52,False
1897,2026-09-23T22:26:06.042247,False,,,18.52,False
1898,2026-09-23T22:26:06.080273,False,,,18.01,False
1899,2026-09-23T22:26:06.110807,False,,,17.51,False
1900,2026-09-23T22:26:06.143706,False,,,19.01,False
1901,2026-09-23T22:26:06.170750,False,,,17.01,False
1902,2026-09-23T22:26:06.204792,False,,,18.52,False
1903,2026-09-23T22:26:06.234479,False,,,18.18,False
1904,2026-09-23T22:26:06.265634,False,,,18.02,False
1905,2026-09-23T22:26:06.298329,False,,,17.60,False
1906,2026-09-23T22:26:06.340861,False,,,17.22,False
1907,2026-09-23T22:26:06.377594,False,,,17.02,False
1908,2026-09-23T22:26:06.417626,False,,,18.00,False
1909,2026-09-23T22:26:06.448649,False,,,18.01,False
1910,2026-09-23T22:26:06.478007,False,,,18.02,False
1911,2026-09-23T22:26:06.508582,False,,,17.05,False
1912,2026-09-23T22:26:06.539609,False,,,18.02,False
1913,2026-09-23T22:26:06.574644,False,,,18.02,False
1914,2026-09-23T22:26:06.615731,False,,,18.03,False
1915,2026-09-23T22:26:06.646496,False,,,19.01,False
1916,2026-09-23T22:26:06.676872,False,,,18.90,False
1917,2026-09-23T22:26:06.707457,False,,,17.57,False
1918,2026-09-23T22:26:06.737742,False,,,18.06,False
1919,2026-09-23T22:26:06.778275,False,,,17.52,False
1920,2026-09-23T22:26:06.814322,False,,,18.02,False
1921,2026-09-23T22:26:06.845631,False,,,18.07,False
1922,2026-09-23T22:26:06.875662,False,,,18.00,False
1923,2026-09-23T22:26:06.907257,False,,,18.54,False
1924,2026-09-23T22:26:06.937028,False,,,17.52,False
1925,2026-09-23T22:26:06.970550,False,,,18.01,False
1926,2026-09-23T22:26:07.011190,False,,,17.51,False
1927,2026-09-23T22:26:07.042326,False,,,18.51,False
1928,2026-09-23T22:26:07.074345,False,,,18.01,False
1929,2026-09-23T22:26:07.114530,False,,,18.03,False
1930,2026-09-23T22:26:07.149737,False,,,18.09,False
1931,2026-09-23T22:26:07.179778,False,,,17.53,False
1932,2026-09-23T22:26:07.210533,False,,,18.15,False
1933,2026-09-23T22:26:07.242558,False,,,18.01,False
1934,2026-09-23T22:26:07.270641,False,,,18.04,False
1935,2026-09-23T22:26:07.306931,False,,,18.58,False
1936,2026-09-23T22:26:07.346968,False,,,18.02,False
1937,2026-09-23T22:26:07.379490,False,,,17.01,False
1938,2026-09-23T22:26:07.411047,False,,,17.51,False
1939,2026-09-23T22:26:07.440578,False,,,17.52,False
1940,2026-09-23T22:26:07.472659,False,,,18.06,False
1941,2026-09-23T22:26:07.513514,False,,,17.52,False
1942,2026-09-23T22:26:07.548547,False,,,17.52,False
1943,2026-09-23T22:26:07.577704,False,,,17.07,False
1944,2026-09-23T22:26:07.608768,False,,,18.04,False
1945,2026-09-23T22:26:07.642290,False,,,18.01,False
1946,2026-09-23T22:26:07.684941,False,,,18.66,False
1947,2026-09-23T22:26:07.716481,False,,,18.02,False
1948,2026-09-23T22:26:07.747278,False,,,17.75,False
1949,2026-09-23T22:26:07.779496,False,,,20.01,False
1950,2026-09-23T22:26:07.811580,False,,,19.01,False
1951,2026-09-23T22:26:07.840634,False,,,19.02,False
1952,2026-09-23T22:26:07.870492,False,,,17.84,False
1953,2026-09-23T22:26:07.914686,False,,,18.05,False
1954,2026-09-23T22:26:07.944411,False,,,18.55,False
1955,2026-09-23T22:26:07.977521,False,,,18.01,False
1956,2026-09-23T22:26:08.008648,False,,,18.51,False
1957,2026-09-23T22:26:08.042677,False,,,18.01,False
1958,2026-09-23T22:26:08.080741,False,,,18.04,False
1959,2026-09-23T22:26:08.112289,False,,,17.51,False
1960,2026-09-23T22:26:08.144166,False,,,18.52,False
1961,2026-09-23T22:26:08.174694,False,,,18.02,False
1962,2026-09-23T22:26:08.216339,False,,,17.62,False
1963,2026-09-23T22:26:08.250462,False,,,18.06,False
1964,2026-09-23T22:26:08.282540,False,,,18.01,False
1965,2026-09-23T22:26:08.313446,False,,,18.01,False
1966,2026-09-23T22:26:08.343766,False,,,18.02,False
1967,2026-09-23T22:26:08.374427,False,,,18.16,False
1968,2026-09-23T22:26:08.404972,False,,,18.52,False
1969,2026-09-23T22:26:08.442655,False,,,18.01,False
1970,2026-09-23T22:26:08.483187,False,,,19.51,False
1971,2026-09-23T22:26:08.512715,False,,,17.02,False
1972,2026-09-23T22:26:08.542746,False,,,17.51,False
1973,2026-09-23T22:26:08.573277,False,,,17.52,False
1974,2026-09-23T22:26:08.603795,False,,,18.01,False
1975,2026-09-23T22:26:08.650463,True,0.262,0.346,18.15,False
1976,2026-09-23T22:26:08.680543,True,0.262,0.308,18.05,False
1977,2026-09-23T22:26:08.712685,True,0.363,0.290,17.06,False
1978,2026-09-23T22:26:08.740277,True,0.363,0.306,17.58,False
1979,2026-09-23T22:26:08.770861,True,0.363,0.323,17.51,False
1980,2026-09-23T22:26:08.802289,False,,,18.51,False
1981,2026-09-23T22:26:08.841379,False,,,17.51,False
1982,2026-09-23T22:26:08.877397,False,,,17.66,False
1983,2026-09-23T22:26:08.907468,False,,,17.56,False
1984,2026-09-23T22:26:08.939315,False,,,18.84,False
1985,2026-09-23T22:26:08.986708,False,,,18.01,False
1986,2026-09-23T22:26:09.015768,False,,,18.02,False
1987,2026-09-23T22:26:09.049803,False,,,17.52,False
1988,2026-09-23T22:26:09.078376,False,,,18.07,False
1989,2026-09-23T22:26:09.109900,False,,,17.52,False
1990,2026-09-23T22:26:09.141535,True,0.301,0.330,18.01,False
1991,2026-09-23T22:26:09.171640,True,0.301,0.338,17.01,False
1992,2026-09-23T22:26:09.202428,False,,,18.06,False
1993,2026-09-23T22:26:09.241669,False,,,17.51,False
1994,2026-09-23T22:26:09.277750,False,,,18.02,False
1995,2026-09-23T22:26:09.307283,False,,,17.52,False
1996,2026-09-23T22:26:09.337340,False,,,18.05,False
1997,2026-09-23T22:26:09.385535,False,,,18.02,False
1998,2026-09-23T22:26:09.417619,False,,,18.07,False
1999,2026-09-23T22:26:09.500327,False,,,63.68,False
2000,2026-09-23T22:26:09.628278,False,,,49.61,False
2001,2026-09-23T22:26:09.729156,False,,,46.89,False
2002,2026-09-23T22:26:09.866561,False,,,44.71,False
2003,2026-09-23T22:26:09.997337,False,,,52.85,False
2004,2026-09-23T22:26:10.115681,False,,,47.95,False
2005,2026-09-23T22:26:10.242704,False,,,54.09,False
2006,2026-09-23T22:26:10.362650,False,,,51.35,False
2007,2026-09-23T22:26:10.483273,False,,,49.70,False
2008,2026-09-23T22:26:10.615780,False,,,60.08,False
2009,2026-09-23T22:26:10.740376,False,,,47.04,False
2010,2026-09-23T22:26:10.876646,False,,,61.06,False
2011,2026-09-23T22:26:10.983707,False,,,47.11,False
2012,2026-09-23T22:26:11.128583,False,,,54.05,False
2013,2026-09-23T22:26:11.238429,False,,,43.66,False
2014,2026-09-23T22:26:11.364767,False,,,62.06,False
2015,2026-09-23T22:26:11.492364,False,,,48.70,False
2016,2026-09-23T22:26:11.603742,False,,,38.09,False
2017,2026-09-23T22:26:11.735628,False,,,50.98,False
2018,2026-09-23T22:26:11.874712,False,,,51.30,False
2019,2026-09-23T22:26:12.003591,False,,,44.13,False
2020,2026-09-23T22:26:12.135415,False,,,51.14,False
2021,2026-09-23T22:26:12.237597,False,,,47.09,False
2022,2026-09-23T22:26:12.366672,False,,,53.82,False
2023,2026-09-23T22:26:12.484742,False,,,47.55,False
2024,2026-09-23T22:26:12.622638,False,,,62.12,False
2025,2026-09-23T22:26:12.760011,False,,,63.72,False
2026,2026-09-23T22:26:12.882761,False,,,50.07,False
2027,2026-09-23T22:26:13.004615,False,,,50.12,False
2028,2026-09-23T22:26:13.144776,False,,,52.08,False
2029,2026-09-23T22:26:13.279566,False,,,49.28,False
2030,2026-09-23T22:26:13.372766,False,,,22.04,False
2031,2026-09-23T22:26:13.510810,False,,,67.97,False
2032,2026-09-23T22:26:13.633478,False,,,50.75,False
2033,2026-09-23T22:26:13.756767,False,,,50.09,False
2034,2026-09-23T22:26:13.879285,False,,,50.68,False
2035,2026-09-23T22:26:14.007887,False,,,55.54,False
2036,2026-09-23T22:26:14.152435,False,,,59.90,False
2037,2026-09-23T22:26:14.282352,False,,,53.09,False
2038,2026-09-23T22:26:14.405517,False,,,50.96,False
2039,2026-09-23T22:26:14.545614,False,,,54.28,False
2040,2026-09-23T22:26:14.679662,False,,,50.87,False
2041,2026-09-23T22:26:14.813506,False,,,46.56,False
2042,2026-09-23T22:26:14.938419,False,,,47.64,False
2043,2026-09-23T22:26:15.078681,False,,,49.58,False
2044,2026-09-23T22:26:15.230929,False,,,65.19,False
2045,2026-09-23T22:26:15.355668,False,,,51.07,False
2046,2026-09-23T22:26:15.480338,False,,,54.49,False
2047,2026-09-23T22:26:15.617969,False,,,53.49,False
2048,2026-09-23T22:26:15.750821,False,,,46.30,False
2049,2026-09-23T22:26:15.874790,False,,,47.94,False
2050,2026-09-23T22:26:16.011303,False,,,47.61,False
2051,2026-09-23T22:26:16.150551,False,,,46.65,False
2052,2026-09-23T22:26:16.270754,False,,,44.09,False
2053,2026-09-23T22:26:16.411363,False,,,48.83,False
2054,2026-09-23T22:26:16.546507,False,,,45.86,False
2055,2026-09-23T22:26:16.688729,False,,,52.60,False
2056,2026-09-23T22:26:16.834330,False,,,56.66,False
2057,2026-09-23T22:26:16.948578,False,,,49.81,False
2058,2026-09-23T22:26:17.098713,False,,,66.04,False
2059,2026-09-23T22:26:17.182306,False,,,28.01,False
2060,2026-09-23T22:26:17.300008,False,,,52.45,False
2061,2026-09-23T22:26:17.388779,False,,,19.96,False
2062,2026-09-23T22:26:17.513545,False,,,50.18,False
2063,2026-09-23T22:26:17.632487,False,,,47.72,False
2064,2026-09-23T22:26:17.751729,False,,,45.13,False
2065,2026-09-23T22:26:17.876948,False,,,46.58,False
2066,2026-09-23T22:26:17.999279,False,,,47.58,False
2067,2026-09-23T22:26:18.118956,False,,,46.31,False
2068,2026-09-23T22:26:18.239628,False,,,45.05,False
2069,2026-09-23T22:26:18.369434,False,,,49.99,False
2070,2026-09-23T22:26:18.484640,False,,,43.21,False
2071,2026-09-23T22:26:18.617724,False,,,54.22,False
2072,2026-09-23T22:26:18.735586,False,,,50.81,False
2073,2026-09-23T22:26:18.857771,False,,,52.06,False
2074,2026-09-23T22:26:18.975293,False,,,47.61,False
2075,2026-09-23T22:26:19.098513,False,,,49.16,False
2076,2026-09-23T22:26:19.218766,False,,,47.57,False
2077,2026-09-23T22:26:19.357547,False,,,48.61,False
2078,2026-09-23T22:26:19.465056,False,,,18.16,False
2079,2026-09-23T22:26:19.498583,False,,,20.02,False
2080,2026-09-23T22:26:19.528499,False,,,17.76,False
2081,2026-09-23T22:26:19.555823,False,,,18.00,False
2082,2026-09-23T22:26:19.585377,False,,,17.55,False
2083,2026-09-23T22:26:19.628852,False,,,17.52,False
2084,2026-09-23T22:26:19.677304,True,0.281,0.322,17.76,False
2085,2026-09-23T22:26:19.719533,True,0.281,0.305,17.02,False
2086,2026-09-23T22:26:19.754298,False,,,18.01,False
2087,2026-09-23T22:26:19.782321,False,,,17.01,False
2088,2026-09-23T22:26:19.818651,False,,,18.06,False
2089,2026-09-23T22:26:19.856751,False,,,17.06,False
2090,2026-09-23T22:26:19.887410,False,,,17.59,False
2091,2026-09-23T22:26:19.918342,False,,,17.69,False
2092,2026-09-23T22:26:19.946544,False,,,17.57,False
2093,2026-09-23T22:26:19.978648,False,,,17.10,False
2094,2026-09-23T22:26:20.006749,False,,,17.09,False
2095,2026-09-23T22:26:20.039281,False,,,17.52,False
2096,2026-09-23T22:26:20.090547,False,,,18.02,False
2097,2026-09-23T22:26:20.128757,False,,,17.17,False
2098,2026-09-23T22:26:20.160832,False,,,17.51,False
2099,2026-09-23T22:26:20.190505,False,,,17.06,False
2100,2026-09-23T22:26:20.220676,False,,,17.05,False
2101,2026-09-23T22:26:20.255760,False,,,17.01,False
